post,image_url,expected_path
/12-muse-of-the-brighton-bathhouse/,https://www.flowersinagun.com/wp-content/uploads/2013/11/Bathhouse-236x300.jpg,public/wp-content/uploads/2013/11/Bathhouse-236x300.jpg
/12-muse-of-the-brighton-bathhouse/,https://www.flowersinagun.com/wp-content/uploads/2013/11/Bathhouse-236x3001.jpg,public/wp-content/uploads/2013/11/Bathhouse-236x3001.jpg
/12-muse-of-the-brighton-bathhouse/,https://www.flowersinagun.com/wp-content/uploads/2013/11/Bathhouse.jpg,public/wp-content/uploads/2013/11/Bathhouse.jpg
/30-years-sepultura-webster-hall/,http://www.flowersinagun.com/wp-content/uploads/2015/06/IMG_0008.jpg,public/wp-content/uploads/2015/06/IMG_0008.jpg
/30-years-sepultura-webster-hall/,http://www.flowersinagun.com/wp-content/uploads/2015/06/IMG_0012.jpg,public/wp-content/uploads/2015/06/IMG_0012.jpg
/30-years-sepultura-webster-hall/,http://www.flowersinagun.com/wp-content/uploads/2015/06/IMG_0018.jpg,public/wp-content/uploads/2015/06/IMG_0018.jpg
/30-years-sepultura-webster-hall/,http://www.flowersinagun.com/wp-content/uploads/2015/06/IMG_0023.jpg,public/wp-content/uploads/2015/06/IMG_0023.jpg
/30-years-sepultura-webster-hall/,http://www.flowersinagun.com/wp-content/uploads/2015/06/IMG_0024.jpg,public/wp-content/uploads/2015/06/IMG_0024.jpg
/30-years-sepultura-webster-hall/,http://www.flowersinagun.com/wp-content/uploads/2015/06/IMG_0027.jpg,public/wp-content/uploads/2015/06/IMG_0027.jpg
/30-years-sepultura-webster-hall/,http://www.flowersinagun.com/wp-content/uploads/2015/06/IMG_0063.jpg,public/wp-content/uploads/2015/06/IMG_0063.jpg
/30-years-sepultura-webster-hall/,http://www.flowersinagun.com/wp-content/uploads/2015/06/IMG_0064.jpg,public/wp-content/uploads/2015/06/IMG_0064.jpg
/30-years-sepultura-webster-hall/,http://www.flowersinagun.com/wp-content/uploads/2015/06/IMG_0075.jpg,public/wp-content/uploads/2015/06/IMG_0075.jpg
/30-years-sepultura-webster-hall/,http://www.flowersinagun.com/wp-content/uploads/2015/06/IMG_0083.jpg,public/wp-content/uploads/2015/06/IMG_0083.jpg
/30-years-sepultura-webster-hall/,http://www.flowersinagun.com/wp-content/uploads/2015/06/IMG_0084.jpg,public/wp-content/uploads/2015/06/IMG_0084.jpg
/30-years-sepultura-webster-hall/,http://www.flowersinagun.com/wp-content/uploads/2015/06/IMG_0089.jpg,public/wp-content/uploads/2015/06/IMG_0089.jpg
/30-years-sepultura-webster-hall/,http://www.flowersinagun.com/wp-content/uploads/2015/06/IMG_0090.jpg,public/wp-content/uploads/2015/06/IMG_0090.jpg
/30-years-sepultura-webster-hall/,http://www.flowersinagun.com/wp-content/uploads/2015/06/IMG_0096.jpg,public/wp-content/uploads/2015/06/IMG_0096.jpg
/30-years-sepultura-webster-hall/,http://www.flowersinagun.com/wp-content/uploads/2015/06/IMG_0101.jpg,public/wp-content/uploads/2015/06/IMG_0101.jpg
/30-years-sepultura-webster-hall/,http://www.flowersinagun.com/wp-content/uploads/2015/06/IMG_0102.jpg,public/wp-content/uploads/2015/06/IMG_0102.jpg
/30-years-sepultura-webster-hall/,http://www.flowersinagun.com/wp-content/uploads/2015/06/IMG_0104.jpg,public/wp-content/uploads/2015/06/IMG_0104.jpg
/a-moment-with-spirit-of/,https://www.flowersinagun.com/wp-content/uploads/2018/02/DSC_0237-1-150x150.jpg,public/wp-content/uploads/2018/02/DSC_0237-1-150x150.jpg
/alice-sungurov-releases-debut-video/,http://www.flowersinagun.com/wp-content/uploads/2014/10/361E2D373C2CC816F896266826B7CBCA201417785756525.jpeg,public/wp-content/uploads/2014/10/361E2D373C2CC816F896266826B7CBCA201417785756525.jpeg
/alzheimers-association-rita-hayworth-gala-30th-anniversary-at-waldorf-astoria/,http://www.flowersinagun.com/wp-content/uploads/2013/10/Alzheimers_Association_New_York_Rita_Hayworth-Gala-05.jpg,public/wp-content/uploads/2013/10/Alzheimers_Association_New_York_Rita_Hayworth-Gala-05.jpg
/alzheimers-association-rita-hayworth-gala-30th-anniversary-at-waldorf-astoria/,http://www.flowersinagun.com/wp-content/uploads/2013/10/Alzheimers_Association_New_York_Rita_Hayworth-Gala-08.jpg,public/wp-content/uploads/2013/10/Alzheimers_Association_New_York_Rita_Hayworth-Gala-08.jpg
/alzheimers-association-rita-hayworth-gala-30th-anniversary-at-waldorf-astoria/,http://www.flowersinagun.com/wp-content/uploads/2013/10/Alzheimers_Association_New_York_Rita_Hayworth-Gala-09.jpg,public/wp-content/uploads/2013/10/Alzheimers_Association_New_York_Rita_Hayworth-Gala-09.jpg
/alzheimers-association-rita-hayworth-gala-30th-anniversary-at-waldorf-astoria/,http://www.flowersinagun.com/wp-content/uploads/2013/10/Alzheimers_Association_New_York_Rita_Hayworth-Gala-10.jpg,public/wp-content/uploads/2013/10/Alzheimers_Association_New_York_Rita_Hayworth-Gala-10.jpg
/alzheimers-association-rita-hayworth-gala-30th-anniversary-at-waldorf-astoria/,http://www.flowersinagun.com/wp-content/uploads/2013/10/Alzheimers_Association_New_York_Rita_Hayworth-Gala-13.jpg,public/wp-content/uploads/2013/10/Alzheimers_Association_New_York_Rita_Hayworth-Gala-13.jpg
/alzheimers-association-rita-hayworth-gala-30th-anniversary-at-waldorf-astoria/,http://www.flowersinagun.com/wp-content/uploads/2013/10/Alzheimers_Association_New_York_Rita_Hayworth-Gala-14.jpg,public/wp-content/uploads/2013/10/Alzheimers_Association_New_York_Rita_Hayworth-Gala-14.jpg
/alzheimers-association-rita-hayworth-gala-30th-anniversary-at-waldorf-astoria/,http://www.flowersinagun.com/wp-content/uploads/2013/10/Alzheimers_Association_New_York_Rita_Hayworth-Gala-141.jpg,public/wp-content/uploads/2013/10/Alzheimers_Association_New_York_Rita_Hayworth-Gala-141.jpg
/autumn-in-central-park/,http://www.flowersinagun.com/wp-content/uploads/2012/11/IMG_3056-150x150.jpg,public/wp-content/uploads/2012/11/IMG_3056-150x150.jpg
/autumn-in-central-park/,http://www.flowersinthebarrelofagun.com/wp-content/uploads/2012/11/23-682x1024.jpg,public/wp-content/uploads/2012/11/23-682x1024.jpg
/autumn-in-central-park/,http://www.flowersinthebarrelofagun.com/wp-content/uploads/2012/11/23.jpg,public/wp-content/uploads/2012/11/23.jpg
/autumn-in-central-park/,http://www.flowersinthebarrelofagun.com/wp-content/uploads/2012/11/IMG_2979-682x1024.jpg,public/wp-content/uploads/2012/11/IMG_2979-682x1024.jpg
/autumn-in-central-park/,http://www.flowersinthebarrelofagun.com/wp-content/uploads/2012/11/IMG_2979.jpg,public/wp-content/uploads/2012/11/IMG_2979.jpg
/autumn-in-central-park/,http://www.flowersinthebarrelofagun.com/wp-content/uploads/2012/11/IMG_2980-682x1024.jpg,public/wp-content/uploads/2012/11/IMG_2980-682x1024.jpg
/autumn-in-central-park/,http://www.flowersinthebarrelofagun.com/wp-content/uploads/2012/11/IMG_2980.jpg,public/wp-content/uploads/2012/11/IMG_2980.jpg
/autumn-in-central-park/,http://www.flowersinthebarrelofagun.com/wp-content/uploads/2012/11/IMG_2981.jpg,public/wp-content/uploads/2012/11/IMG_2981.jpg
/autumn-in-central-park/,http://www.flowersinthebarrelofagun.com/wp-content/uploads/2012/11/IMG_2988.jpg,public/wp-content/uploads/2012/11/IMG_2988.jpg
/autumn-in-central-park/,http://www.flowersinthebarrelofagun.com/wp-content/uploads/2012/11/IMG_2990.jpg,public/wp-content/uploads/2012/11/IMG_2990.jpg
/autumn-in-central-park/,http://www.flowersinthebarrelofagun.com/wp-content/uploads/2012/11/IMG_2995.jpg,public/wp-content/uploads/2012/11/IMG_2995.jpg
/autumn-in-central-park/,http://www.flowersinthebarrelofagun.com/wp-content/uploads/2012/11/IMG_3005.jpg,public/wp-content/uploads/2012/11/IMG_3005.jpg
/autumn-in-central-park/,http://www.flowersinthebarrelofagun.com/wp-content/uploads/2012/11/IMG_3007.jpg,public/wp-content/uploads/2012/11/IMG_3007.jpg
/autumn-in-central-park/,http://www.flowersinthebarrelofagun.com/wp-content/uploads/2012/11/IMG_3012.jpg,public/wp-content/uploads/2012/11/IMG_3012.jpg
/autumn-in-central-park/,http://www.flowersinthebarrelofagun.com/wp-content/uploads/2012/11/IMG_3014.jpg,public/wp-content/uploads/2012/11/IMG_3014.jpg
/autumn-in-central-park/,http://www.flowersinthebarrelofagun.com/wp-content/uploads/2012/11/IMG_3015.jpg,public/wp-content/uploads/2012/11/IMG_3015.jpg
/autumn-in-central-park/,http://www.flowersinthebarrelofagun.com/wp-content/uploads/2012/11/IMG_3027-682x1024.jpg,public/wp-content/uploads/2012/11/IMG_3027-682x1024.jpg
/autumn-in-central-park/,http://www.flowersinthebarrelofagun.com/wp-content/uploads/2012/11/IMG_3027.jpg,public/wp-content/uploads/2012/11/IMG_3027.jpg
/autumn-in-central-park/,http://www.flowersinthebarrelofagun.com/wp-content/uploads/2012/11/IMG_3028.jpg,public/wp-content/uploads/2012/11/IMG_3028.jpg
/autumn-in-central-park/,http://www.flowersinthebarrelofagun.com/wp-content/uploads/2012/11/IMG_3030.jpg,public/wp-content/uploads/2012/11/IMG_3030.jpg
/autumn-in-central-park/,http://www.flowersinthebarrelofagun.com/wp-content/uploads/2012/11/IMG_3032-682x1024.jpg,public/wp-content/uploads/2012/11/IMG_3032-682x1024.jpg
/autumn-in-central-park/,http://www.flowersinthebarrelofagun.com/wp-content/uploads/2012/11/IMG_3032.jpg,public/wp-content/uploads/2012/11/IMG_3032.jpg
/autumn-in-central-park/,http://www.flowersinthebarrelofagun.com/wp-content/uploads/2012/11/IMG_3033.jpg,public/wp-content/uploads/2012/11/IMG_3033.jpg
/autumn-in-central-park/,http://www.flowersinthebarrelofagun.com/wp-content/uploads/2012/11/IMG_3034-682x1024.jpg,public/wp-content/uploads/2012/11/IMG_3034-682x1024.jpg
/autumn-in-central-park/,http://www.flowersinthebarrelofagun.com/wp-content/uploads/2012/11/IMG_3034.jpg,public/wp-content/uploads/2012/11/IMG_3034.jpg
/autumn-in-central-park/,http://www.flowersinthebarrelofagun.com/wp-content/uploads/2012/11/IMG_3037.jpg,public/wp-content/uploads/2012/11/IMG_3037.jpg
/autumn-in-central-park/,http://www.flowersinthebarrelofagun.com/wp-content/uploads/2012/11/IMG_3056.jpg,public/wp-content/uploads/2012/11/IMG_3056.jpg
/autumn-in-central-park/,http://www.flowersinthebarrelofagun.com/wp-content/uploads/2012/11/autumn.jpg,public/wp-content/uploads/2012/11/autumn.jpg
/azar-lawrence-plays-a-love-supreme-at-jazz-standard/,http://www.flowersinagun.com/wp-content/uploads/2014/12/untitled-12.jpg,public/wp-content/uploads/2014/12/untitled-12.jpg
/azar-lawrence-plays-a-love-supreme-at-jazz-standard/,http://www.flowersinagun.com/wp-content/uploads/2014/12/untitled-2-682x1024.jpg,public/wp-content/uploads/2014/12/untitled-2-682x1024.jpg
/azar-lawrence-plays-a-love-supreme-at-jazz-standard/,http://www.flowersinagun.com/wp-content/uploads/2014/12/untitled-2.jpg,public/wp-content/uploads/2014/12/untitled-2.jpg
/azar-lawrence-plays-a-love-supreme-at-jazz-standard/,http://www.flowersinagun.com/wp-content/uploads/2014/12/untitled-4.jpg,public/wp-content/uploads/2014/12/untitled-4.jpg
/azar-lawrence-plays-a-love-supreme-at-jazz-standard/,http://www.flowersinagun.com/wp-content/uploads/2014/12/untitled-8.jpg,public/wp-content/uploads/2014/12/untitled-8.jpg
/band-of-the-week-sweet-fix/,http://www.flowersinagun.com/wp-content/uploads/2014/11/0002075821_10-300x225.jpg,public/wp-content/uploads/2014/11/0002075821_10-300x225.jpg
/band-of-the-week-sweet-fix/,http://www.flowersinagun.com/wp-content/uploads/2014/11/0002075821_10.jpg,public/wp-content/uploads/2014/11/0002075821_10.jpg
/band-of-the-week-sweet-fix/,http://www.flowersinagun.com/wp-content/uploads/2014/11/Five-Robins-1-300x194.jpg,public/wp-content/uploads/2014/11/Five-Robins-1-300x194.jpg
/band-of-the-week-sweet-fix/,http://www.flowersinagun.com/wp-content/uploads/2014/11/Five-Robins-1.jpg,public/wp-content/uploads/2014/11/Five-Robins-1.jpg
/band-of-the-week-sweet-fix/,http://www.flowersinagun.com/wp-content/uploads/2014/11/Group-shot-1-300x200.png,public/wp-content/uploads/2014/11/Group-shot-1-300x200.png
/band-of-the-week-sweet-fix/,http://www.flowersinagun.com/wp-content/uploads/2014/11/Group-shot-1.png,public/wp-content/uploads/2014/11/Group-shot-1.png
/band-of-the-week-sweet-fix/,http://www.flowersinagun.com/wp-content/uploads/2014/11/SWEET-FIX-NJ-1-300x300.jpg,public/wp-content/uploads/2014/11/SWEET-FIX-NJ-1-300x300.jpg
/band-of-the-week-sweet-fix/,http://www.flowersinagun.com/wp-content/uploads/2014/11/SWEET-FIX-NJ-1.jpg,public/wp-content/uploads/2014/11/SWEET-FIX-NJ-1.jpg
/band-of-the-week-sweet-fix/,http://www.flowersinagun.com/wp-content/uploads/2014/11/SWEET-FIX-at-Mercury-Lounge-III-1-300x200.jpg,public/wp-content/uploads/2014/11/SWEET-FIX-at-Mercury-Lounge-III-1-300x200.jpg
/band-of-the-week-sweet-fix/,http://www.flowersinagun.com/wp-content/uploads/2014/11/SWEET-FIX-at-Mercury-Lounge-III-1.jpg,public/wp-content/uploads/2014/11/SWEET-FIX-at-Mercury-Lounge-III-1.jpg
/band-of-the-week-sweet-fix/,http://www.flowersinagun.com/wp-content/uploads/2014/11/That-Time-Again-copy-1-300x199.jpg,public/wp-content/uploads/2014/11/That-Time-Again-copy-1-300x199.jpg
/band-of-the-week-sweet-fix/,http://www.flowersinagun.com/wp-content/uploads/2014/11/That-Time-Again-copy-1.jpg,public/wp-content/uploads/2014/11/That-Time-Again-copy-1.jpg
/band-of-the-week/,http://www.flowersinagun.com/wp-content/uploads/2014/01/bandofthweek.jpg,public/wp-content/uploads/2014/01/bandofthweek.jpg
/ben-frost-brings-violent-darkness-to-the-wick/,http://www.flowersinagun.com/wp-content/uploads/2014/10/Ben-Frost-11-1024x682.jpg,public/wp-content/uploads/2014/10/Ben-Frost-11-1024x682.jpg
/ben-frost-brings-violent-darkness-to-the-wick/,http://www.flowersinagun.com/wp-content/uploads/2014/10/Ben-Frost-11.jpg,public/wp-content/uploads/2014/10/Ben-Frost-11.jpg
/ben-frost-brings-violent-darkness-to-the-wick/,http://www.flowersinagun.com/wp-content/uploads/2014/10/Ben-Frost-2-1024x682.jpg,public/wp-content/uploads/2014/10/Ben-Frost-2-1024x682.jpg
/ben-frost-brings-violent-darkness-to-the-wick/,http://www.flowersinagun.com/wp-content/uploads/2014/10/Ben-Frost-2.jpg,public/wp-content/uploads/2014/10/Ben-Frost-2.jpg
/ben-frost-brings-violent-darkness-to-the-wick/,http://www.flowersinagun.com/wp-content/uploads/2014/10/Ben-Frost-3-1024x682.jpg,public/wp-content/uploads/2014/10/Ben-Frost-3-1024x682.jpg
/ben-frost-brings-violent-darkness-to-the-wick/,http://www.flowersinagun.com/wp-content/uploads/2014/10/Ben-Frost-3.jpg,public/wp-content/uploads/2014/10/Ben-Frost-3.jpg
/ben-frost-brings-violent-darkness-to-the-wick/,http://www.flowersinagun.com/wp-content/uploads/2014/10/Ben-Frost-5-1024x682.jpg,public/wp-content/uploads/2014/10/Ben-Frost-5-1024x682.jpg
/ben-frost-brings-violent-darkness-to-the-wick/,http://www.flowersinagun.com/wp-content/uploads/2014/10/Ben-Frost-5.jpg,public/wp-content/uploads/2014/10/Ben-Frost-5.jpg
/ben-frost-brings-violent-darkness-to-the-wick/,http://www.flowersinagun.com/wp-content/uploads/2014/10/Ben-Frost-6-1024x682.jpg,public/wp-content/uploads/2014/10/Ben-Frost-6-1024x682.jpg
/ben-frost-brings-violent-darkness-to-the-wick/,http://www.flowersinagun.com/wp-content/uploads/2014/10/Ben-Frost-6.jpg,public/wp-content/uploads/2014/10/Ben-Frost-6.jpg
/ben-frost-brings-violent-darkness-to-the-wick/,http://www.flowersinagun.com/wp-content/uploads/2014/10/Ben-Frost-7-1024x682.jpg,public/wp-content/uploads/2014/10/Ben-Frost-7-1024x682.jpg
/ben-frost-brings-violent-darkness-to-the-wick/,http://www.flowersinagun.com/wp-content/uploads/2014/10/Ben-Frost-7.jpg,public/wp-content/uploads/2014/10/Ben-Frost-7.jpg
/ben-frost-brings-violent-darkness-to-the-wick/,http://www.flowersinagun.com/wp-content/uploads/2014/10/Ben-Frost-9-1024x682.jpg,public/wp-content/uploads/2014/10/Ben-Frost-9-1024x682.jpg
/ben-frost-brings-violent-darkness-to-the-wick/,http://www.flowersinagun.com/wp-content/uploads/2014/10/Ben-Frost-9.jpg,public/wp-content/uploads/2014/10/Ben-Frost-9.jpg
/bette-midlers-hulaween-party-at-waldorf-astoria/,http://www.flowersinagun.com/wp-content/uploads/2013/11/Midler-Hulaween-Gala-0004-682x1024.jpg,public/wp-content/uploads/2013/11/Midler-Hulaween-Gala-0004-682x1024.jpg
/bette-midlers-hulaween-party-at-waldorf-astoria/,http://www.flowersinagun.com/wp-content/uploads/2013/11/Midler-Hulaween-Gala-0004.jpg,public/wp-content/uploads/2013/11/Midler-Hulaween-Gala-0004.jpg
/bette-midlers-hulaween-party-at-waldorf-astoria/,http://www.flowersinagun.com/wp-content/uploads/2013/11/Midler-Hulaween-Gala-0058-682x1024.jpg,public/wp-content/uploads/2013/11/Midler-Hulaween-Gala-0058-682x1024.jpg
/bette-midlers-hulaween-party-at-waldorf-astoria/,http://www.flowersinagun.com/wp-content/uploads/2013/11/Midler-Hulaween-Gala-0058.jpg,public/wp-content/uploads/2013/11/Midler-Hulaween-Gala-0058.jpg
/bette-midlers-hulaween-party-at-waldorf-astoria/,http://www.flowersinagun.com/wp-content/uploads/2013/11/Midler-Hulaween-Gala-0154-682x1024.jpg,public/wp-content/uploads/2013/11/Midler-Hulaween-Gala-0154-682x1024.jpg
/bette-midlers-hulaween-party-at-waldorf-astoria/,http://www.flowersinagun.com/wp-content/uploads/2013/11/Midler-Hulaween-Gala-0154.jpg,public/wp-content/uploads/2013/11/Midler-Hulaween-Gala-0154.jpg
/bette-midlers-hulaween-party-at-waldorf-astoria/,http://www.flowersinagun.com/wp-content/uploads/2013/11/Midler-Hulaween-Gala-0202-682x1024.jpg,public/wp-content/uploads/2013/11/Midler-Hulaween-Gala-0202-682x1024.jpg
/bette-midlers-hulaween-party-at-waldorf-astoria/,http://www.flowersinagun.com/wp-content/uploads/2013/11/Midler-Hulaween-Gala-0202.jpg,public/wp-content/uploads/2013/11/Midler-Hulaween-Gala-0202.jpg
/bette-midlers-hulaween-party-at-waldorf-astoria/,http://www.flowersinagun.com/wp-content/uploads/2013/11/Midler-Hulaween-Gala-0395-682x1024.jpg,public/wp-content/uploads/2013/11/Midler-Hulaween-Gala-0395-682x1024.jpg
/bette-midlers-hulaween-party-at-waldorf-astoria/,http://www.flowersinagun.com/wp-content/uploads/2013/11/Midler-Hulaween-Gala-0395.jpg,public/wp-content/uploads/2013/11/Midler-Hulaween-Gala-0395.jpg
/bieber-or-morbid-angel-first/,http://www.flowersinthebarrelofagun.com/wp-content/uploads/2012/07/versus-hand.jpg,public/wp-content/uploads/2012/07/versus-hand.jpg
/bitters-kiss-captivating-female-vocals-from-new-jersey/,http://www.flowersinagun.com/wp-content/uploads/2015/08/11010517_1591045451181527_7927379709005872434_n.jpg,public/wp-content/uploads/2015/08/11010517_1591045451181527_7927379709005872434_n.jpg
/bitters-kiss-captivating-female-vocals-from-new-jersey/,http://www.flowersinagun.com/wp-content/uploads/2015/08/11391272_1618011628484909_6068226273398775242_n.jpg,public/wp-content/uploads/2015/08/11391272_1618011628484909_6068226273398775242_n.jpg
/blonde-redhead-bowery-ballroom/,http://www.flowersinagun.com/wp-content/uploads/2014/11/untitled-1.jpg,public/wp-content/uploads/2014/11/untitled-1.jpg
/blonde-redhead-bowery-ballroom/,http://www.flowersinagun.com/wp-content/uploads/2014/11/untitled-2.jpg,public/wp-content/uploads/2014/11/untitled-2.jpg
/blonde-redhead-bowery-ballroom/,http://www.flowersinagun.com/wp-content/uploads/2014/11/untitled-3.jpg,public/wp-content/uploads/2014/11/untitled-3.jpg
/blonde-redhead-bowery-ballroom/,http://www.flowersinagun.com/wp-content/uploads/2014/11/untitled-4.jpg,public/wp-content/uploads/2014/11/untitled-4.jpg
/blonde-redhead-bowery-ballroom/,http://www.flowersinagun.com/wp-content/uploads/2014/11/untitled-5.jpg,public/wp-content/uploads/2014/11/untitled-5.jpg
/blonde-redhead-bowery-ballroom/,http://www.flowersinagun.com/wp-content/uploads/2014/11/untitled-7.jpg,public/wp-content/uploads/2014/11/untitled-7.jpg
/blonde-redhead-bowery-ballroom/,http://www.flowersinagun.com/wp-content/uploads/2014/11/untitled-8.jpg,public/wp-content/uploads/2014/11/untitled-8.jpg
/blonde-redhead-bowery-ballroom/,http://www.flowersinagun.com/wp-content/uploads/2014/11/untitled-9.jpg,public/wp-content/uploads/2014/11/untitled-9.jpg
/bushwick-burlesque-bizarre-and-wildly-entertaining/,http://www.flowersinagun.com/wp-content/uploads/2013/10/1.jpg,public/wp-content/uploads/2013/10/1.jpg
/bushwick-burlesque-bizarre-and-wildly-entertaining/,http://www.flowersinagun.com/wp-content/uploads/2013/10/10.jpg,public/wp-content/uploads/2013/10/10.jpg
/bushwick-burlesque-bizarre-and-wildly-entertaining/,http://www.flowersinagun.com/wp-content/uploads/2013/10/3.jpg,public/wp-content/uploads/2013/10/3.jpg
/bushwick-burlesque-bizarre-and-wildly-entertaining/,http://www.flowersinagun.com/wp-content/uploads/2013/10/4.jpg,public/wp-content/uploads/2013/10/4.jpg
/bushwick-burlesque-bizarre-and-wildly-entertaining/,http://www.flowersinagun.com/wp-content/uploads/2013/10/6.jpg,public/wp-content/uploads/2013/10/6.jpg
/bushwick-burlesque-bizarre-and-wildly-entertaining/,http://www.flowersinagun.com/wp-content/uploads/2013/10/7.jpg,public/wp-content/uploads/2013/10/7.jpg
/bushwick-burlesque-bizarre-and-wildly-entertaining/,http://www.flowersinagun.com/wp-content/uploads/2013/10/8.jpg,public/wp-content/uploads/2013/10/8.jpg
/bushwick-burlesque-bizarre-and-wildly-entertaining/,http://www.flowersinagun.com/wp-content/uploads/2013/10/9.jpg,public/wp-content/uploads/2013/10/9.jpg
/bushwick-burlesque-bizarre-and-wildly-entertaining/,http://www.flowersinagun.com/wp-content/uploads/2013/10/970312_10200925247760766_132896392_n.jpg,public/wp-content/uploads/2013/10/970312_10200925247760766_132896392_n.jpg
/captain-squeegee-defeats-evil-with-music-in-new-video-dually-noted/,http://www.flowersinagun.com/wp-content/uploads/2016/10/DSC_3921.jpg,public/wp-content/uploads/2016/10/DSC_3921.jpg
/captain-squeegee-defeats-evil-with-music-in-new-video-dually-noted/,http://www.flowersinagun.com/wp-content/uploads/2016/10/DSC_4211.jpg,public/wp-content/uploads/2016/10/DSC_4211.jpg
/caravan-palace-hits-nyc-electric-swing-madness/,https://www.flowersinagun.com/wp-content/uploads/2014/04/Caravan-Palace-1-2-1024x682.jpg,public/wp-content/uploads/2014/04/Caravan-Palace-1-2-1024x682.jpg
/caravan-palace-hits-nyc-electric-swing-madness/,https://www.flowersinagun.com/wp-content/uploads/2014/04/Caravan-Palace-1-2.jpg,public/wp-content/uploads/2014/04/Caravan-Palace-1-2.jpg
/caravan-palace-hits-nyc-electric-swing-madness/,https://www.flowersinagun.com/wp-content/uploads/2014/04/Caravan-Palace-1-3-1024x682.jpg,public/wp-content/uploads/2014/04/Caravan-Palace-1-3-1024x682.jpg
/caravan-palace-hits-nyc-electric-swing-madness/,https://www.flowersinagun.com/wp-content/uploads/2014/04/Caravan-Palace-1-3.jpg,public/wp-content/uploads/2014/04/Caravan-Palace-1-3.jpg
/caravan-palace-hits-nyc-electric-swing-madness/,https://www.flowersinagun.com/wp-content/uploads/2014/04/Caravan-Palace-11-2-1024x682.jpg,public/wp-content/uploads/2014/04/Caravan-Palace-11-2-1024x682.jpg
/caravan-palace-hits-nyc-electric-swing-madness/,https://www.flowersinagun.com/wp-content/uploads/2014/04/Caravan-Palace-11-2.jpg,public/wp-content/uploads/2014/04/Caravan-Palace-11-2.jpg
/caravan-palace-hits-nyc-electric-swing-madness/,https://www.flowersinagun.com/wp-content/uploads/2014/04/Caravan-Palace-3-2-1024x682.jpg,public/wp-content/uploads/2014/04/Caravan-Palace-3-2-1024x682.jpg
/caravan-palace-hits-nyc-electric-swing-madness/,https://www.flowersinagun.com/wp-content/uploads/2014/04/Caravan-Palace-3-2.jpg,public/wp-content/uploads/2014/04/Caravan-Palace-3-2.jpg
/caravan-palace-hits-nyc-electric-swing-madness/,https://www.flowersinagun.com/wp-content/uploads/2014/04/Caravan-Palace-7-2-1024x682.jpg,public/wp-content/uploads/2014/04/Caravan-Palace-7-2-1024x682.jpg
/caravan-palace-hits-nyc-electric-swing-madness/,https://www.flowersinagun.com/wp-content/uploads/2014/04/Caravan-Palace-7-2.jpg,public/wp-content/uploads/2014/04/Caravan-Palace-7-2.jpg
/charlie-parker-festival-celebrates-the-legacy-of-bird/,http://www.flowersinagun.com/wp-content/uploads/2014/09/CP-fest-2014-13-1024x682.jpg,public/wp-content/uploads/2014/09/CP-fest-2014-13-1024x682.jpg
/charlie-parker-festival-celebrates-the-legacy-of-bird/,http://www.flowersinagun.com/wp-content/uploads/2014/09/CP-fest-2014-13.jpg,public/wp-content/uploads/2014/09/CP-fest-2014-13.jpg
/charlie-parker-festival-celebrates-the-legacy-of-bird/,http://www.flowersinagun.com/wp-content/uploads/2014/09/CP-fest-2014-17-682x1024.jpg,public/wp-content/uploads/2014/09/CP-fest-2014-17-682x1024.jpg
/charlie-parker-festival-celebrates-the-legacy-of-bird/,http://www.flowersinagun.com/wp-content/uploads/2014/09/CP-fest-2014-17.jpg,public/wp-content/uploads/2014/09/CP-fest-2014-17.jpg
/charlie-parker-festival-celebrates-the-legacy-of-bird/,http://www.flowersinagun.com/wp-content/uploads/2014/09/CP-fest-2014-18-1024x682.jpg,public/wp-content/uploads/2014/09/CP-fest-2014-18-1024x682.jpg
/charlie-parker-festival-celebrates-the-legacy-of-bird/,http://www.flowersinagun.com/wp-content/uploads/2014/09/CP-fest-2014-18.jpg,public/wp-content/uploads/2014/09/CP-fest-2014-18.jpg
/charlie-parker-festival-celebrates-the-legacy-of-bird/,http://www.flowersinagun.com/wp-content/uploads/2014/09/CP-fest-2014-21-1024x682.jpg,public/wp-content/uploads/2014/09/CP-fest-2014-21-1024x682.jpg
/charlie-parker-festival-celebrates-the-legacy-of-bird/,http://www.flowersinagun.com/wp-content/uploads/2014/09/CP-fest-2014-21.jpg,public/wp-content/uploads/2014/09/CP-fest-2014-21.jpg
/charlie-parker-festival-celebrates-the-legacy-of-bird/,http://www.flowersinagun.com/wp-content/uploads/2014/09/CP-fest-2014-23-1024x682.jpg,public/wp-content/uploads/2014/09/CP-fest-2014-23-1024x682.jpg
/charlie-parker-festival-celebrates-the-legacy-of-bird/,http://www.flowersinagun.com/wp-content/uploads/2014/09/CP-fest-2014-23.jpg,public/wp-content/uploads/2014/09/CP-fest-2014-23.jpg
/charlie-parker-festival-celebrates-the-legacy-of-bird/,http://www.flowersinagun.com/wp-content/uploads/2014/09/CP-fest-2014-24-1024x682.jpg,public/wp-content/uploads/2014/09/CP-fest-2014-24-1024x682.jpg
/charlie-parker-festival-celebrates-the-legacy-of-bird/,http://www.flowersinagun.com/wp-content/uploads/2014/09/CP-fest-2014-24.jpg,public/wp-content/uploads/2014/09/CP-fest-2014-24.jpg
/charlie-parker-festival-celebrates-the-legacy-of-bird/,http://www.flowersinagun.com/wp-content/uploads/2014/09/CP-fest-2014-25-1024x682.jpg,public/wp-content/uploads/2014/09/CP-fest-2014-25-1024x682.jpg
/charlie-parker-festival-celebrates-the-legacy-of-bird/,http://www.flowersinagun.com/wp-content/uploads/2014/09/CP-fest-2014-25.jpg,public/wp-content/uploads/2014/09/CP-fest-2014-25.jpg
/charlie-parker-festival-celebrates-the-legacy-of-bird/,http://www.flowersinagun.com/wp-content/uploads/2014/09/CP-fest-2014-26-1024x682.jpg,public/wp-content/uploads/2014/09/CP-fest-2014-26-1024x682.jpg
/charlie-parker-festival-celebrates-the-legacy-of-bird/,http://www.flowersinagun.com/wp-content/uploads/2014/09/CP-fest-2014-26.jpg,public/wp-content/uploads/2014/09/CP-fest-2014-26.jpg
/charlie-parker-festival-celebrates-the-legacy-of-bird/,http://www.flowersinagun.com/wp-content/uploads/2014/09/CP-fest-2014-28-1024x682.jpg,public/wp-content/uploads/2014/09/CP-fest-2014-28-1024x682.jpg
/charlie-parker-festival-celebrates-the-legacy-of-bird/,http://www.flowersinagun.com/wp-content/uploads/2014/09/CP-fest-2014-28.jpg,public/wp-content/uploads/2014/09/CP-fest-2014-28.jpg
/charlie-parker-festival-celebrates-the-legacy-of-bird/,http://www.flowersinagun.com/wp-content/uploads/2014/09/CP-fest-2014-30-1024x682.jpg,public/wp-content/uploads/2014/09/CP-fest-2014-30-1024x682.jpg
/charlie-parker-festival-celebrates-the-legacy-of-bird/,http://www.flowersinagun.com/wp-content/uploads/2014/09/CP-fest-2014-30.jpg,public/wp-content/uploads/2014/09/CP-fest-2014-30.jpg
/charlie-parker-festival-celebrates-the-legacy-of-bird/,http://www.flowersinagun.com/wp-content/uploads/2014/09/CP-fest-2014-31-1024x682.jpg,public/wp-content/uploads/2014/09/CP-fest-2014-31-1024x682.jpg
/charlie-parker-festival-celebrates-the-legacy-of-bird/,http://www.flowersinagun.com/wp-content/uploads/2014/09/CP-fest-2014-31.jpg,public/wp-content/uploads/2014/09/CP-fest-2014-31.jpg
/charlie-parker-festival-celebrates-the-legacy-of-bird/,http://www.flowersinagun.com/wp-content/uploads/2014/09/CP-fest-2014-32-1024x682.jpg,public/wp-content/uploads/2014/09/CP-fest-2014-32-1024x682.jpg
/charlie-parker-festival-celebrates-the-legacy-of-bird/,http://www.flowersinagun.com/wp-content/uploads/2014/09/CP-fest-2014-32.jpg,public/wp-content/uploads/2014/09/CP-fest-2014-32.jpg
/charlie-parker-festival-celebrates-the-legacy-of-bird/,http://www.flowersinagun.com/wp-content/uploads/2014/09/CP-fest-2014-35-682x1024.jpg,public/wp-content/uploads/2014/09/CP-fest-2014-35-682x1024.jpg
/charlie-parker-festival-celebrates-the-legacy-of-bird/,http://www.flowersinagun.com/wp-content/uploads/2014/09/CP-fest-2014-35.jpg,public/wp-content/uploads/2014/09/CP-fest-2014-35.jpg
/charlie-parker-festival-celebrates-the-legacy-of-bird/,http://www.flowersinagun.com/wp-content/uploads/2014/09/CP-fest-2014-9-1024x682.jpg,public/wp-content/uploads/2014/09/CP-fest-2014-9-1024x682.jpg
/charlie-parker-festival-celebrates-the-legacy-of-bird/,http://www.flowersinagun.com/wp-content/uploads/2014/09/CP-fest-2014-9.jpg,public/wp-content/uploads/2014/09/CP-fest-2014-9.jpg
/christian-scott-at-the-blue-note-intereview/,http://www.flowersinagun.com/wp-content/uploads/2014/01/Braxton-e1390535046878-707x1024.jpg,public/wp-content/uploads/2014/01/Braxton-e1390535046878-707x1024.jpg
/christian-scott-at-the-blue-note-intereview/,http://www.flowersinagun.com/wp-content/uploads/2014/01/Braxton.jpg,public/wp-content/uploads/2014/01/Braxton.jpg
/christian-scott-at-the-blue-note-intereview/,http://www.flowersinagun.com/wp-content/uploads/2014/01/CS1-668x1024.jpg,public/wp-content/uploads/2014/01/CS1-668x1024.jpg
/christian-scott-at-the-blue-note-intereview/,http://www.flowersinagun.com/wp-content/uploads/2014/01/CS1.jpg,public/wp-content/uploads/2014/01/CS1.jpg
/christian-scott-at-the-blue-note-intereview/,http://www.flowersinagun.com/wp-content/uploads/2014/01/CS3.jpg,public/wp-content/uploads/2014/01/CS3.jpg
/christian-scott-at-the-blue-note-intereview/,http://www.flowersinagun.com/wp-content/uploads/2014/01/IMG_1336-1024x682.jpg,public/wp-content/uploads/2014/01/IMG_1336-1024x682.jpg
/christian-scott-at-the-blue-note-intereview/,http://www.flowersinagun.com/wp-content/uploads/2014/01/IMG_1336.jpg,public/wp-content/uploads/2014/01/IMG_1336.jpg
/christian-scott-at-the-blue-note-intereview/,http://www.flowersinagun.com/wp-content/uploads/2014/01/bassplayer-682x1024.jpg,public/wp-content/uploads/2014/01/bassplayer-682x1024.jpg
/christian-scott-at-the-blue-note-intereview/,http://www.flowersinagun.com/wp-content/uploads/2014/01/bassplayer.jpg,public/wp-content/uploads/2014/01/bassplayer.jpg
/christian-scott-at-the-blue-note-intereview/,http://www.flowersinagun.com/wp-content/uploads/2014/01/isadora-682x1024.jpg,public/wp-content/uploads/2014/01/isadora-682x1024.jpg
/christian-scott-at-the-blue-note-intereview/,http://www.flowersinagun.com/wp-content/uploads/2014/01/isadora.jpg,public/wp-content/uploads/2014/01/isadora.jpg
/chvrches-shows-out-in-nyc-opener-potty-mouth-nearly-stole-the-show/,http://www.flowersinagun.com/wp-content/uploads/2016/10/chvrches-at-terminal-5-papeo-2-500x333.jpg,public/wp-content/uploads/2016/10/chvrches-at-terminal-5-papeo-2-500x333.jpg
/clayton-brothers-quintet-notes-for-the-love-of-music/,http://www.flowersinagun.com/wp-content/uploads/2015/06/untitled-1-1024x682.jpg,public/wp-content/uploads/2015/06/untitled-1-1024x682.jpg
/clayton-brothers-quintet-notes-for-the-love-of-music/,http://www.flowersinagun.com/wp-content/uploads/2015/06/untitled-1.jpg,public/wp-content/uploads/2015/06/untitled-1.jpg
/clayton-brothers-quintet-notes-for-the-love-of-music/,http://www.flowersinagun.com/wp-content/uploads/2015/06/untitled-2-1024x682.jpg,public/wp-content/uploads/2015/06/untitled-2-1024x682.jpg
/clayton-brothers-quintet-notes-for-the-love-of-music/,http://www.flowersinagun.com/wp-content/uploads/2015/06/untitled-2.jpg,public/wp-content/uploads/2015/06/untitled-2.jpg
/clayton-brothers-quintet-notes-for-the-love-of-music/,http://www.flowersinagun.com/wp-content/uploads/2015/06/untitled-4-682x1024.jpg,public/wp-content/uploads/2015/06/untitled-4-682x1024.jpg
/clayton-brothers-quintet-notes-for-the-love-of-music/,http://www.flowersinagun.com/wp-content/uploads/2015/06/untitled-4.jpg,public/wp-content/uploads/2015/06/untitled-4.jpg
/clayton-brothers-quintet-notes-for-the-love-of-music/,http://www.flowersinagun.com/wp-content/uploads/2015/06/untitled-7-1024x682.jpg,public/wp-content/uploads/2015/06/untitled-7-1024x682.jpg
/clayton-brothers-quintet-notes-for-the-love-of-music/,http://www.flowersinagun.com/wp-content/uploads/2015/06/untitled-7.jpg,public/wp-content/uploads/2015/06/untitled-7.jpg
/clayton-brothers-quintet-notes-for-the-love-of-music/,http://www.flowersinagun.com/wp-content/uploads/2015/06/untitled-9-682x1024.jpg,public/wp-content/uploads/2015/06/untitled-9-682x1024.jpg
/clayton-brothers-quintet-notes-for-the-love-of-music/,http://www.flowersinagun.com/wp-content/uploads/2015/06/untitled-9.jpg,public/wp-content/uploads/2015/06/untitled-9.jpg
/daniel-morrow-the-bedford-green-project/,http://www.flowersinagun.com/wp-content/uploads/2014/12/DSC_0076.jpg,public/wp-content/uploads/2014/12/DSC_0076.jpg
/daniel-morrow-the-bedford-green-project/,http://www.flowersinagun.com/wp-content/uploads/2014/12/amy-alex-bg.jpg,public/wp-content/uploads/2014/12/amy-alex-bg.jpg
/daniel-morrow-the-bedford-green-project/,http://www.flowersinagun.com/wp-content/uploads/2014/12/audience-edit-1.jpg,public/wp-content/uploads/2014/12/audience-edit-1.jpg
/daniel-morrow-the-bedford-green-project/,http://www.flowersinagun.com/wp-content/uploads/2014/12/audience-edit-4.jpg,public/wp-content/uploads/2014/12/audience-edit-4.jpg
/daniel-morrow-the-bedford-green-project/,http://www.flowersinagun.com/wp-content/uploads/2014/12/varia0027.jpg,public/wp-content/uploads/2014/12/varia0027.jpg
/daniel-morrow-the-bedford-green-project/,http://www.flowersinagun.com/wp-content/uploads/2014/12/varia0030.jpg,public/wp-content/uploads/2014/12/varia0030.jpg
/dave-strykers-cd-release-jazz-standard-interview-for-flowers-in-a-gun/,https://www.flowersinagun.com/wp-content/uploads/2014/08/untitled-10-200x300.jpg,public/wp-content/uploads/2014/08/untitled-10-200x300.jpg
/dave-strykers-cd-release-jazz-standard-interview-for-flowers-in-a-gun/,https://www.flowersinagun.com/wp-content/uploads/2014/08/untitled-10.jpg,public/wp-content/uploads/2014/08/untitled-10.jpg
/dave-strykers-cd-release-jazz-standard-interview-for-flowers-in-a-gun/,https://www.flowersinagun.com/wp-content/uploads/2014/08/untitled-34-150x150.jpg,public/wp-content/uploads/2014/08/untitled-34-150x150.jpg
/dave-strykers-cd-release-jazz-standard-interview-for-flowers-in-a-gun/,https://www.flowersinagun.com/wp-content/uploads/2014/08/untitled-34-300x200.jpg,public/wp-content/uploads/2014/08/untitled-34-300x200.jpg
/dave-strykers-cd-release-jazz-standard-interview-for-flowers-in-a-gun/,https://www.flowersinagun.com/wp-content/uploads/2014/08/untitled-34.jpg,public/wp-content/uploads/2014/08/untitled-34.jpg
/dave-strykers-cd-release-jazz-standard-interview-for-flowers-in-a-gun/,https://www.flowersinagun.com/wp-content/uploads/2014/08/untitled-38-300x200.jpg,public/wp-content/uploads/2014/08/untitled-38-300x200.jpg
/dave-strykers-cd-release-jazz-standard-interview-for-flowers-in-a-gun/,https://www.flowersinagun.com/wp-content/uploads/2014/08/untitled-38.jpg,public/wp-content/uploads/2014/08/untitled-38.jpg
/dave-strykers-cd-release-jazz-standard-interview-for-flowers-in-a-gun/,https://www.flowersinagun.com/wp-content/uploads/2014/08/untitled-39-300x200.jpg,public/wp-content/uploads/2014/08/untitled-39-300x200.jpg
/dave-strykers-cd-release-jazz-standard-interview-for-flowers-in-a-gun/,https://www.flowersinagun.com/wp-content/uploads/2014/08/untitled-39.jpg,public/wp-content/uploads/2014/08/untitled-39.jpg
/dave-strykers-cd-release-jazz-standard-interview-for-flowers-in-a-gun/,https://www.flowersinagun.com/wp-content/uploads/2014/08/untitled-63-300x200.jpg,public/wp-content/uploads/2014/08/untitled-63-300x200.jpg
/dave-strykers-cd-release-jazz-standard-interview-for-flowers-in-a-gun/,https://www.flowersinagun.com/wp-content/uploads/2014/08/untitled-63.jpg,public/wp-content/uploads/2014/08/untitled-63.jpg
/dave-strykers-cd-release-jazz-standard-interview-for-flowers-in-a-gun/,https://www.flowersinagun.com/wp-content/uploads/2014/08/untitled-77-300x200.jpg,public/wp-content/uploads/2014/08/untitled-77-300x200.jpg
/dave-strykers-cd-release-jazz-standard-interview-for-flowers-in-a-gun/,https://www.flowersinagun.com/wp-content/uploads/2014/08/untitled-77.jpg,public/wp-content/uploads/2014/08/untitled-77.jpg
/david-bowie-r-i-p/,http://www.flowersinagun.com/wp-content/uploads/2016/01/1401x788-GettyImages-71087851.jpg,public/wp-content/uploads/2016/01/1401x788-GettyImages-71087851.jpg
/david-bowie-r-i-p/,http://www.flowersinagun.com/wp-content/uploads/2016/01/160111-bowie-performance-jpo-525a_ee370ad8ea1477f061dcfb578d643dbf.nbcnews-ux-2880-1000.jpg,public/wp-content/uploads/2016/01/160111-bowie-performance-jpo-525a_ee370ad8ea1477f061dcfb578d643dbf.nbcnews-ux-2880-1000.jpg
/david-bowie-r-i-p/,http://www.flowersinagun.com/wp-content/uploads/2016/01/Screen-Shot-2013-02-06-at-5.02.47-PM.png,public/wp-content/uploads/2016/01/Screen-Shot-2013-02-06-at-5.02.47-PM.png
/farrah-burns-speaks-fluent-hip-hop-in-harlem/,http://www.flowersinagun.com/wp-content/uploads/2014/04/Farrah-Burns-1-682x1024.jpg,public/wp-content/uploads/2014/04/Farrah-Burns-1-682x1024.jpg
/farrah-burns-speaks-fluent-hip-hop-in-harlem/,http://www.flowersinagun.com/wp-content/uploads/2014/04/Farrah-Burns-1.jpg,public/wp-content/uploads/2014/04/Farrah-Burns-1.jpg
/farrah-burns-speaks-fluent-hip-hop-in-harlem/,http://www.flowersinagun.com/wp-content/uploads/2014/04/Farrah-Burns-4-1024x682.jpg,public/wp-content/uploads/2014/04/Farrah-Burns-4-1024x682.jpg
/farrah-burns-speaks-fluent-hip-hop-in-harlem/,http://www.flowersinagun.com/wp-content/uploads/2014/04/Farrah-Burns-4.jpg,public/wp-content/uploads/2014/04/Farrah-Burns-4.jpg
/financial-district-looking-like-a-ghost-town-on-halloween-after-hurricane-sandy/,http://www.flowersinagun.com/wp-content/uploads/2012/11/24-part-150x150.jpg,public/wp-content/uploads/2012/11/24-part-150x150.jpg
/financial-district-looking-like-a-ghost-town-on-halloween-after-hurricane-sandy/,http://www.flowersinthebarrelofagun.com/wp-content/uploads/2012/11/10-168x300.jpg,public/wp-content/uploads/2012/11/10-168x300.jpg
/financial-district-looking-like-a-ghost-town-on-halloween-after-hurricane-sandy/,http://www.flowersinthebarrelofagun.com/wp-content/uploads/2012/11/10.jpg,public/wp-content/uploads/2012/11/10.jpg
/financial-district-looking-like-a-ghost-town-on-halloween-after-hurricane-sandy/,http://www.flowersinthebarrelofagun.com/wp-content/uploads/2012/11/11.jpg,public/wp-content/uploads/2012/11/11.jpg
/financial-district-looking-like-a-ghost-town-on-halloween-after-hurricane-sandy/,http://www.flowersinthebarrelofagun.com/wp-content/uploads/2012/11/12-168x300.jpg,public/wp-content/uploads/2012/11/12-168x300.jpg
/financial-district-looking-like-a-ghost-town-on-halloween-after-hurricane-sandy/,http://www.flowersinthebarrelofagun.com/wp-content/uploads/2012/11/12.jpg,public/wp-content/uploads/2012/11/12.jpg
/financial-district-looking-like-a-ghost-town-on-halloween-after-hurricane-sandy/,http://www.flowersinthebarrelofagun.com/wp-content/uploads/2012/11/13-168x300.jpg,public/wp-content/uploads/2012/11/13-168x300.jpg
/financial-district-looking-like-a-ghost-town-on-halloween-after-hurricane-sandy/,http://www.flowersinthebarrelofagun.com/wp-content/uploads/2012/11/13.jpg,public/wp-content/uploads/2012/11/13.jpg
/financial-district-looking-like-a-ghost-town-on-halloween-after-hurricane-sandy/,http://www.flowersinthebarrelofagun.com/wp-content/uploads/2012/11/14.jpg,public/wp-content/uploads/2012/11/14.jpg
/financial-district-looking-like-a-ghost-town-on-halloween-after-hurricane-sandy/,http://www.flowersinthebarrelofagun.com/wp-content/uploads/2012/11/15.jpg,public/wp-content/uploads/2012/11/15.jpg
/financial-district-looking-like-a-ghost-town-on-halloween-after-hurricane-sandy/,http://www.flowersinthebarrelofagun.com/wp-content/uploads/2012/11/16.jpg,public/wp-content/uploads/2012/11/16.jpg
/financial-district-looking-like-a-ghost-town-on-halloween-after-hurricane-sandy/,http://www.flowersinthebarrelofagun.com/wp-content/uploads/2012/11/17.jpg,public/wp-content/uploads/2012/11/17.jpg
/financial-district-looking-like-a-ghost-town-on-halloween-after-hurricane-sandy/,http://www.flowersinthebarrelofagun.com/wp-content/uploads/2012/11/19-168x300.jpg,public/wp-content/uploads/2012/11/19-168x300.jpg
/financial-district-looking-like-a-ghost-town-on-halloween-after-hurricane-sandy/,http://www.flowersinthebarrelofagun.com/wp-content/uploads/2012/11/19.jpg,public/wp-content/uploads/2012/11/19.jpg
/financial-district-looking-like-a-ghost-town-on-halloween-after-hurricane-sandy/,http://www.flowersinthebarrelofagun.com/wp-content/uploads/2012/11/2-168x300.jpg,public/wp-content/uploads/2012/11/2-168x300.jpg
/financial-district-looking-like-a-ghost-town-on-halloween-after-hurricane-sandy/,http://www.flowersinthebarrelofagun.com/wp-content/uploads/2012/11/2.jpg,public/wp-content/uploads/2012/11/2.jpg
/financial-district-looking-like-a-ghost-town-on-halloween-after-hurricane-sandy/,http://www.flowersinthebarrelofagun.com/wp-content/uploads/2012/11/20.jpg,public/wp-content/uploads/2012/11/20.jpg
/financial-district-looking-like-a-ghost-town-on-halloween-after-hurricane-sandy/,http://www.flowersinthebarrelofagun.com/wp-content/uploads/2012/11/21.jpg,public/wp-content/uploads/2012/11/21.jpg
/financial-district-looking-like-a-ghost-town-on-halloween-after-hurricane-sandy/,http://www.flowersinthebarrelofagun.com/wp-content/uploads/2012/11/22.jpg,public/wp-content/uploads/2012/11/22.jpg
/financial-district-looking-like-a-ghost-town-on-halloween-after-hurricane-sandy/,http://www.flowersinthebarrelofagun.com/wp-content/uploads/2012/11/24-part-168x300.jpg,public/wp-content/uploads/2012/11/24-part-168x300.jpg
/financial-district-looking-like-a-ghost-town-on-halloween-after-hurricane-sandy/,http://www.flowersinthebarrelofagun.com/wp-content/uploads/2012/11/24-part.jpg,public/wp-content/uploads/2012/11/24-part.jpg
/financial-district-looking-like-a-ghost-town-on-halloween-after-hurricane-sandy/,http://www.flowersinthebarrelofagun.com/wp-content/uploads/2012/11/31-168x300.jpg,public/wp-content/uploads/2012/11/31-168x300.jpg
/financial-district-looking-like-a-ghost-town-on-halloween-after-hurricane-sandy/,http://www.flowersinthebarrelofagun.com/wp-content/uploads/2012/11/31.jpg,public/wp-content/uploads/2012/11/31.jpg
/financial-district-looking-like-a-ghost-town-on-halloween-after-hurricane-sandy/,http://www.flowersinthebarrelofagun.com/wp-content/uploads/2012/11/4-168x300.jpg,public/wp-content/uploads/2012/11/4-168x300.jpg
/financial-district-looking-like-a-ghost-town-on-halloween-after-hurricane-sandy/,http://www.flowersinthebarrelofagun.com/wp-content/uploads/2012/11/4.jpg,public/wp-content/uploads/2012/11/4.jpg
/financial-district-looking-like-a-ghost-town-on-halloween-after-hurricane-sandy/,http://www.flowersinthebarrelofagun.com/wp-content/uploads/2012/11/5-168x300.jpg,public/wp-content/uploads/2012/11/5-168x300.jpg
/financial-district-looking-like-a-ghost-town-on-halloween-after-hurricane-sandy/,http://www.flowersinthebarrelofagun.com/wp-content/uploads/2012/11/5.jpg,public/wp-content/uploads/2012/11/5.jpg
/financial-district-looking-like-a-ghost-town-on-halloween-after-hurricane-sandy/,http://www.flowersinthebarrelofagun.com/wp-content/uploads/2012/11/7-168x300.jpg,public/wp-content/uploads/2012/11/7-168x300.jpg
/financial-district-looking-like-a-ghost-town-on-halloween-after-hurricane-sandy/,http://www.flowersinthebarrelofagun.com/wp-content/uploads/2012/11/7.jpg,public/wp-content/uploads/2012/11/7.jpg
/financial-district-looking-like-a-ghost-town-on-halloween-after-hurricane-sandy/,http://www.flowersinthebarrelofagun.com/wp-content/uploads/2012/11/8-168x300.jpg,public/wp-content/uploads/2012/11/8-168x300.jpg
/financial-district-looking-like-a-ghost-town-on-halloween-after-hurricane-sandy/,http://www.flowersinthebarrelofagun.com/wp-content/uploads/2012/11/8.jpg,public/wp-content/uploads/2012/11/8.jpg
/financial-district-looking-like-a-ghost-town-on-halloween-after-hurricane-sandy/,http://www.flowersinthebarrelofagun.com/wp-content/uploads/2012/11/9-1024x575.jpg,public/wp-content/uploads/2012/11/9-1024x575.jpg
/financial-district-looking-like-a-ghost-town-on-halloween-after-hurricane-sandy/,http://www.flowersinthebarrelofagun.com/wp-content/uploads/2012/11/9.jpg,public/wp-content/uploads/2012/11/9.jpg
/financial-district-looking-like-a-ghost-town-on-halloween-after-hurricane-sandy/,http://www.flowersinthebarrelofagun.com/wp-content/uploads/2012/11/world-trade-center1-168x300.jpg,public/wp-content/uploads/2012/11/world-trade-center1-168x300.jpg
/financial-district-looking-like-a-ghost-town-on-halloween-after-hurricane-sandy/,http://www.flowersinthebarrelofagun.com/wp-content/uploads/2012/11/world-trade-center1.jpg,public/wp-content/uploads/2012/11/world-trade-center1.jpg
/fixe-magazine-party-tammany-hall/,https://www.flowersinagun.com/wp-content/uploads/2014/08/10488913_10202586348799240_1377219624_n.jpg,public/wp-content/uploads/2014/08/10488913_10202586348799240_1377219624_n.jpg
/fixe-magazine-party-tammany-hall/,https://www.flowersinagun.com/wp-content/uploads/2014/08/10578876_10202586613445856_1376524988_n.jpg,public/wp-content/uploads/2014/08/10578876_10202586613445856_1376524988_n.jpg
/fixe-magazine-party-tammany-hall/,https://www.flowersinagun.com/wp-content/uploads/2014/08/10613869_10202586470402280_95837085_n.jpg,public/wp-content/uploads/2014/08/10613869_10202586470402280_95837085_n.jpg
/fixe-magazine-party-tammany-hall/,https://www.flowersinagun.com/wp-content/uploads/2014/08/10621104_10202586229516258_1139782172_n.jpg,public/wp-content/uploads/2014/08/10621104_10202586229516258_1139782172_n.jpg
/fixe-magazine-party-tammany-hall/,https://www.flowersinagun.com/wp-content/uploads/2014/08/10638060_10202586540444031_1004745066_n.jpg,public/wp-content/uploads/2014/08/10638060_10202586540444031_1004745066_n.jpg
/franz-ferdinand-manhattan-centers-hammerstein-ballroom/,http://www.flowersinagun.com/wp-content/uploads/2013/10/Franz_Ferdinand_HammersteinHall_New_York-04.jpg,public/wp-content/uploads/2013/10/Franz_Ferdinand_HammersteinHall_New_York-04.jpg
/franz-ferdinand-manhattan-centers-hammerstein-ballroom/,http://www.flowersinagun.com/wp-content/uploads/2013/10/Franz_Ferdinand_HammersteinHall_New_York-09.jpg,public/wp-content/uploads/2013/10/Franz_Ferdinand_HammersteinHall_New_York-09.jpg
/from-the-south-of-spain-to-the-west-village-alberta-alabreda-and-noemi-perez-flamenco-fusion/,http://www.flowersinagun.com/wp-content/uploads/2015/08/Sister-2-300x199.jpg,public/wp-content/uploads/2015/08/Sister-2-300x199.jpg
/from-the-south-of-spain-to-the-west-village-alberta-alabreda-and-noemi-perez-flamenco-fusion/,http://www.flowersinagun.com/wp-content/uploads/2015/08/Sister-2.jpg,public/wp-content/uploads/2015/08/Sister-2.jpg
/from-the-south-of-spain-to-the-west-village-alberta-alabreda-and-noemi-perez-flamenco-fusion/,http://www.flowersinagun.com/wp-content/uploads/2015/08/Sister-3-300x199.jpg,public/wp-content/uploads/2015/08/Sister-3-300x199.jpg
/from-the-south-of-spain-to-the-west-village-alberta-alabreda-and-noemi-perez-flamenco-fusion/,http://www.flowersinagun.com/wp-content/uploads/2015/08/Sister-3.jpg,public/wp-content/uploads/2015/08/Sister-3.jpg
/from-the-south-of-spain-to-the-west-village-alberta-alabreda-and-noemi-perez-flamenco-fusion/,http://www.flowersinagun.com/wp-content/uploads/2015/08/Sister-6-300x199.jpg,public/wp-content/uploads/2015/08/Sister-6-300x199.jpg
/from-the-south-of-spain-to-the-west-village-alberta-alabreda-and-noemi-perez-flamenco-fusion/,http://www.flowersinagun.com/wp-content/uploads/2015/08/Sister-6.jpg,public/wp-content/uploads/2015/08/Sister-6.jpg
/gloria-petkova-tits-and-phones-vice-volume-9-number-3-fuck-yes-x-1000/,http://flowersinthebarrelofagun.files.wordpress.com/2012/05/d0bcd0b5.jpg,public/wp-content/uploads/2012/05/d0bcd0b5.jpg
/gloria-petkova-tits-and-phones-vice-volume-9-number-3-fuck-yes-x-1000/,http://flowersinthebarrelofagun.files.wordpress.com/2012/05/nokia-c3-00.jpg,public/wp-content/uploads/2012/05/nokia-c3-00.jpg
/gogol-bordellos-new-years-eve-bash-interview-with-eugene-hutz/,http://www.flowersinagun.com/wp-content/uploads/2016/01/0301c440-e545-4c78-bb19-ad26605bf125.jpg,public/wp-content/uploads/2016/01/0301c440-e545-4c78-bb19-ad26605bf125.jpg
/gogol-bordellos-new-years-eve-bash-interview-with-eugene-hutz/,http://www.flowersinagun.com/wp-content/uploads/2016/01/3676d3b5-9a00-462b-9924-c663af94a75f.png,public/wp-content/uploads/2016/01/3676d3b5-9a00-462b-9924-c663af94a75f.png
/gogol-bordellos-new-years-eve-bash-interview-with-eugene-hutz/,http://www.flowersinagun.com/wp-content/uploads/2016/01/88846a54-3313-4aa1-b86f-fe92124d744b.jpg,public/wp-content/uploads/2016/01/88846a54-3313-4aa1-b86f-fe92124d744b.jpg
/gogol-bordellos-new-years-eve-bash-interview-with-eugene-hutz/,http://www.flowersinagun.com/wp-content/uploads/2016/01/8a5e24c3-8735-44f8-bc48-827137c579f9.png,public/wp-content/uploads/2016/01/8a5e24c3-8735-44f8-bc48-827137c579f9.png
/gogol-bordellos-new-years-eve-bash-interview-with-eugene-hutz/,http://www.flowersinagun.com/wp-content/uploads/2016/01/d9bc1880-b6c5-4611-9756-38dadc7465c7.jpg,public/wp-content/uploads/2016/01/d9bc1880-b6c5-4611-9756-38dadc7465c7.jpg
/guided-by-voices-irving-plaza-07112014/,http://www.flowersinagun.com/wp-content/uploads/2014/07/IMG_0449.jpg,public/wp-content/uploads/2014/07/IMG_0449.jpg
/guided-by-voices-irving-plaza-07112014/,http://www.flowersinagun.com/wp-content/uploads/2014/07/IMG_0450.jpg,public/wp-content/uploads/2014/07/IMG_0450.jpg
/guided-by-voices-irving-plaza-07112014/,http://www.flowersinagun.com/wp-content/uploads/2014/07/IMG_0455.jpg,public/wp-content/uploads/2014/07/IMG_0455.jpg
/guided-by-voices-irving-plaza-07112014/,http://www.flowersinagun.com/wp-content/uploads/2014/07/IMG_0457.jpg,public/wp-content/uploads/2014/07/IMG_0457.jpg
/guided-by-voices-irving-plaza-07112014/,http://www.flowersinagun.com/wp-content/uploads/2014/07/IMG_0459.jpg,public/wp-content/uploads/2014/07/IMG_0459.jpg
/guided-by-voices-irving-plaza-07112014/,http://www.flowersinagun.com/wp-content/uploads/2014/07/IMG_0465.jpg,public/wp-content/uploads/2014/07/IMG_0465.jpg
/guided-by-voices-irving-plaza-07112014/,http://www.flowersinagun.com/wp-content/uploads/2014/07/IMG_0466.jpg,public/wp-content/uploads/2014/07/IMG_0466.jpg
/guided-by-voices-irving-plaza-07112014/,http://www.flowersinagun.com/wp-content/uploads/2014/07/IMG_0469.jpg,public/wp-content/uploads/2014/07/IMG_0469.jpg
/guided-by-voices-irving-plaza-07112014/,http://www.flowersinagun.com/wp-content/uploads/2014/07/IMG_0475.jpg,public/wp-content/uploads/2014/07/IMG_0475.jpg
/guided-by-voices-irving-plaza-07112014/,http://www.flowersinagun.com/wp-content/uploads/2014/07/IMG_0490.jpg,public/wp-content/uploads/2014/07/IMG_0490.jpg
/guided-by-voices-irving-plaza-07112014/,http://www.flowersinagun.com/wp-content/uploads/2014/07/IMG_0491.jpg,public/wp-content/uploads/2014/07/IMG_0491.jpg
/guided-by-voices-irving-plaza-07112014/,http://www.flowersinagun.com/wp-content/uploads/2014/07/IMG_0492.jpg,public/wp-content/uploads/2014/07/IMG_0492.jpg
/guided-by-voices-irving-plaza-07112014/,http://www.flowersinagun.com/wp-content/uploads/2014/07/IMG_0499.jpg,public/wp-content/uploads/2014/07/IMG_0499.jpg
/guided-by-voices-irving-plaza-07112014/,http://www.flowersinagun.com/wp-content/uploads/2014/07/IMG_0502.jpg,public/wp-content/uploads/2014/07/IMG_0502.jpg
/guided-by-voices-irving-plaza-07112014/,http://www.flowersinagun.com/wp-content/uploads/2014/07/IMG_0506.jpg,public/wp-content/uploads/2014/07/IMG_0506.jpg
/guided-by-voices-irving-plaza-07112014/,http://www.flowersinagun.com/wp-content/uploads/2014/07/IMG_0508.jpg,public/wp-content/uploads/2014/07/IMG_0508.jpg
/highly-suspect-london-2016/,http://www.flowersinagun.com/wp-content/uploads/2016/02/DSCF0144-1024x683.jpg,public/wp-content/uploads/2016/02/DSCF0144-1024x683.jpg
/highly-suspect-london-2016/,http://www.flowersinagun.com/wp-content/uploads/2016/02/DSCF0144.jpg,public/wp-content/uploads/2016/02/DSCF0144.jpg
/highly-suspect-london-2016/,http://www.flowersinagun.com/wp-content/uploads/2016/02/DSCF0558-300x200.jpg,public/wp-content/uploads/2016/02/DSCF0558-300x200.jpg
/highly-suspect-london-2016/,http://www.flowersinagun.com/wp-content/uploads/2016/02/DSCF0558.jpg,public/wp-content/uploads/2016/02/DSCF0558.jpg
/highly-suspect-london-2016/,http://www.flowersinagun.com/wp-content/uploads/2016/02/DSCF0583-300x200.jpg,public/wp-content/uploads/2016/02/DSCF0583-300x200.jpg
/highly-suspect-london-2016/,http://www.flowersinagun.com/wp-content/uploads/2016/02/DSCF0583.jpg,public/wp-content/uploads/2016/02/DSCF0583.jpg
/highly-suspect-london-2016/,http://www.flowersinagun.com/wp-content/uploads/2016/02/DSCF0622-300x200.jpg,public/wp-content/uploads/2016/02/DSCF0622-300x200.jpg
/highly-suspect-london-2016/,http://www.flowersinagun.com/wp-content/uploads/2016/02/DSCF0622.jpg,public/wp-content/uploads/2016/02/DSCF0622.jpg
/highly-suspect-london-2016/,http://www.flowersinagun.com/wp-content/uploads/2016/02/thumb_DSCF0596_1024.jpg,public/wp-content/uploads/2016/02/thumb_DSCF0596_1024.jpg
/honeychrome-glasslands/,http://www.flowersinagun.com/wp-content/uploads/2014/02/IMG_2282.jpg,public/wp-content/uploads/2014/02/IMG_2282.jpg
/honeychrome-glasslands/,http://www.flowersinagun.com/wp-content/uploads/2014/02/IMG_2286.jpg,public/wp-content/uploads/2014/02/IMG_2286.jpg
/honeychrome-glasslands/,http://www.flowersinagun.com/wp-content/uploads/2014/02/IMG_2292.jpg,public/wp-content/uploads/2014/02/IMG_2292.jpg
/honeychrome-glasslands/,http://www.flowersinagun.com/wp-content/uploads/2014/02/IMG_2299.jpg,public/wp-content/uploads/2014/02/IMG_2299.jpg
/honeychrome-glasslands/,http://www.flowersinagun.com/wp-content/uploads/2014/02/IMG_2300.jpg,public/wp-content/uploads/2014/02/IMG_2300.jpg
/honeychrome-glasslands/,http://www.flowersinagun.com/wp-content/uploads/2014/02/IMG_2304.jpg,public/wp-content/uploads/2014/02/IMG_2304.jpg
/honeychrome-glasslands/,http://www.flowersinagun.com/wp-content/uploads/2014/02/IMG_2306.jpg,public/wp-content/uploads/2014/02/IMG_2306.jpg
/honeychrome-glasslands/,http://www.flowersinagun.com/wp-content/uploads/2014/02/IMG_2308.jpg,public/wp-content/uploads/2014/02/IMG_2308.jpg
/honeychrome-glasslands/,http://www.flowersinagun.com/wp-content/uploads/2014/02/IMG_2313.jpg,public/wp-content/uploads/2014/02/IMG_2313.jpg
/honeychrome-glasslands/,http://www.flowersinagun.com/wp-content/uploads/2014/02/IMG_2316.jpg,public/wp-content/uploads/2014/02/IMG_2316.jpg
/honeychrome-glasslands/,http://www.flowersinagun.com/wp-content/uploads/2014/02/IMG_2317.jpg,public/wp-content/uploads/2014/02/IMG_2317.jpg
/honeychrome-glasslands/,http://www.flowersinagun.com/wp-content/uploads/2014/02/IMG_2324.jpg,public/wp-content/uploads/2014/02/IMG_2324.jpg
/honeychrome-glasslands/,http://www.flowersinagun.com/wp-content/uploads/2014/02/IMG_2334.jpg,public/wp-content/uploads/2014/02/IMG_2334.jpg
/honeychrome-glasslands/,http://www.flowersinagun.com/wp-content/uploads/2014/02/IMG_2344.jpg,public/wp-content/uploads/2014/02/IMG_2344.jpg
/honeychrome-glasslands/,http://www.flowersinagun.com/wp-content/uploads/2014/02/anna2.jpg,public/wp-content/uploads/2014/02/anna2.jpg
/honeychrome-glasslands/,http://www.flowersinagun.com/wp-content/uploads/2014/02/anna3.jpg,public/wp-content/uploads/2014/02/anna3.jpg
/honeychrome-glasslands/,http://www.flowersinagun.com/wp-content/uploads/2014/02/anna4.jpg,public/wp-content/uploads/2014/02/anna4.jpg
/honeychrome-glasslands/,http://www.flowersinagun.com/wp-content/uploads/2014/02/http-makeagif.com-media-2-21-2014-TBrEuH-1.gif,public/wp-content/uploads/2014/02/http-makeagif.com-media-2-21-2014-TBrEuH-1.gif
/im-having-a-great-time-in-sofia/,http://www.flowersinagun.com/wp-content/uploads/2012/09/http-__makeagif.com_media_9-01-2012_Ag9TJM-150x150.gif,public/wp-content/uploads/2012/09/http-__makeagif.com_media_9-01-2012_Ag9TJM-150x150.gif
/im-having-a-great-time-in-sofia/,http://www.flowersinthebarrelofagun.com/wp-content/uploads/2012/09/http-__makeagif.com_media_9-01-2012_Ag9TJM.gif,public/wp-content/uploads/2012/09/http-__makeagif.com_media_9-01-2012_Ag9TJM.gif
/in-remembrance-of-erik-petersen-the-punk-poet-of-pennsylvania/,http://www.flowersinagun.com/wp-content/uploads/2016/07/12377638_776450079126811_5421134697667537252_o-1.jpg,public/wp-content/uploads/2016/07/12377638_776450079126811_5421134697667537252_o-1.jpg
/in-remembrance-of-erik-petersen-the-punk-poet-of-pennsylvania/,http://www.flowersinagun.com/wp-content/uploads/2016/07/12593739_793964970708655_108408866774034511_o-1.jpg,public/wp-content/uploads/2016/07/12593739_793964970708655_108408866774034511_o-1.jpg
/interview-with-avant-garde-musician-yumiko-tanaka-at-japan-society/,http://www.flowersinagun.com/wp-content/uploads/2014/11/yumiko-tanaka-1-1024x682.jpg,public/wp-content/uploads/2014/11/yumiko-tanaka-1-1024x682.jpg
/interview-with-avant-garde-musician-yumiko-tanaka-at-japan-society/,http://www.flowersinagun.com/wp-content/uploads/2014/11/yumiko-tanaka-1.jpg,public/wp-content/uploads/2014/11/yumiko-tanaka-1.jpg
/interview-with-bassist-composer-ben-wolfe/,http://www.flowersinagun.com/wp-content/uploads/2014/09/Ben-Wolfe-1-1024x682.jpg,public/wp-content/uploads/2014/09/Ben-Wolfe-1-1024x682.jpg
/interview-with-bassist-composer-ben-wolfe/,http://www.flowersinagun.com/wp-content/uploads/2014/09/Ben-Wolfe-1.jpg,public/wp-content/uploads/2014/09/Ben-Wolfe-1.jpg
/interview-with-bassist-composer-ben-wolfe/,http://www.flowersinagun.com/wp-content/uploads/2014/09/Ben-Wolfe-2-1024x682.jpg,public/wp-content/uploads/2014/09/Ben-Wolfe-2-1024x682.jpg
/interview-with-bassist-composer-ben-wolfe/,http://www.flowersinagun.com/wp-content/uploads/2014/09/Ben-Wolfe-2.jpg,public/wp-content/uploads/2014/09/Ben-Wolfe-2.jpg
/interview-with-bassist-composer-ben-wolfe/,http://www.flowersinagun.com/wp-content/uploads/2014/09/Ben-Wolfe-4-1024x682.jpg,public/wp-content/uploads/2014/09/Ben-Wolfe-4-1024x682.jpg
/interview-with-bassist-composer-ben-wolfe/,http://www.flowersinagun.com/wp-content/uploads/2014/09/Ben-Wolfe-4.jpg,public/wp-content/uploads/2014/09/Ben-Wolfe-4.jpg
/interview-with-bassist-composer-ben-wolfe/,http://www.flowersinagun.com/wp-content/uploads/2014/09/Ben-Wolfe-5-682x1024.jpg,public/wp-content/uploads/2014/09/Ben-Wolfe-5-682x1024.jpg
/interview-with-bassist-composer-ben-wolfe/,http://www.flowersinagun.com/wp-content/uploads/2014/09/Ben-Wolfe-5.jpg,public/wp-content/uploads/2014/09/Ben-Wolfe-5.jpg
/interview-with-bassist-composer-ben-wolfe/,http://www.flowersinagun.com/wp-content/uploads/2014/09/Ben-Wolfe-6-682x1024.jpg,public/wp-content/uploads/2014/09/Ben-Wolfe-6-682x1024.jpg
/interview-with-bassist-composer-ben-wolfe/,http://www.flowersinagun.com/wp-content/uploads/2014/09/Ben-Wolfe-6.jpg,public/wp-content/uploads/2014/09/Ben-Wolfe-6.jpg
/interview-with-ches-smith-at-the-stone/,http://www.flowersinagun.com/wp-content/uploads/2014/10/Ches-Smith-10-1024x682.jpg,public/wp-content/uploads/2014/10/Ches-Smith-10-1024x682.jpg
/interview-with-ches-smith-at-the-stone/,http://www.flowersinagun.com/wp-content/uploads/2014/10/Ches-Smith-10.jpg,public/wp-content/uploads/2014/10/Ches-Smith-10.jpg
/interview-with-ches-smith-at-the-stone/,http://www.flowersinagun.com/wp-content/uploads/2014/10/Ches-Smith-11-1024x682.jpg,public/wp-content/uploads/2014/10/Ches-Smith-11-1024x682.jpg
/interview-with-ches-smith-at-the-stone/,http://www.flowersinagun.com/wp-content/uploads/2014/10/Ches-Smith-11.jpg,public/wp-content/uploads/2014/10/Ches-Smith-11.jpg
/interview-with-ches-smith-at-the-stone/,http://www.flowersinagun.com/wp-content/uploads/2014/10/Ches-Smith-12-1024x682.jpg,public/wp-content/uploads/2014/10/Ches-Smith-12-1024x682.jpg
/interview-with-ches-smith-at-the-stone/,http://www.flowersinagun.com/wp-content/uploads/2014/10/Ches-Smith-12.jpg,public/wp-content/uploads/2014/10/Ches-Smith-12.jpg
/interview-with-ches-smith-at-the-stone/,http://www.flowersinagun.com/wp-content/uploads/2014/10/Ches-Smith-4-1024x682.jpg,public/wp-content/uploads/2014/10/Ches-Smith-4-1024x682.jpg
/interview-with-ches-smith-at-the-stone/,http://www.flowersinagun.com/wp-content/uploads/2014/10/Ches-Smith-4.jpg,public/wp-content/uploads/2014/10/Ches-Smith-4.jpg
/interview-with-ches-smith-at-the-stone/,http://www.flowersinagun.com/wp-content/uploads/2014/10/Ches-Smith-8-682x1024.jpg,public/wp-content/uploads/2014/10/Ches-Smith-8-682x1024.jpg
/interview-with-ches-smith-at-the-stone/,http://www.flowersinagun.com/wp-content/uploads/2014/10/Ches-Smith-8.jpg,public/wp-content/uploads/2014/10/Ches-Smith-8.jpg
/interview-with-indaze-brooklyn-bowl-the-english-beat/,http://www.flowersinagun.com/wp-content/uploads/2014/09/Brooklyn-Bowl-09-18-1.jpg,public/wp-content/uploads/2014/09/Brooklyn-Bowl-09-18-1.jpg
/interview-with-indaze-brooklyn-bowl-the-english-beat/,http://www.flowersinagun.com/wp-content/uploads/2014/09/Brooklyn-Bowl-09-18-10.jpg,public/wp-content/uploads/2014/09/Brooklyn-Bowl-09-18-10.jpg
/interview-with-indaze-brooklyn-bowl-the-english-beat/,http://www.flowersinagun.com/wp-content/uploads/2014/09/Brooklyn-Bowl-09-18-11.jpg,public/wp-content/uploads/2014/09/Brooklyn-Bowl-09-18-11.jpg
/interview-with-indaze-brooklyn-bowl-the-english-beat/,http://www.flowersinagun.com/wp-content/uploads/2014/09/Brooklyn-Bowl-09-18-12.jpg,public/wp-content/uploads/2014/09/Brooklyn-Bowl-09-18-12.jpg
/interview-with-indaze-brooklyn-bowl-the-english-beat/,http://www.flowersinagun.com/wp-content/uploads/2014/09/Brooklyn-Bowl-09-18-16.jpg,public/wp-content/uploads/2014/09/Brooklyn-Bowl-09-18-16.jpg
/interview-with-indaze-brooklyn-bowl-the-english-beat/,http://www.flowersinagun.com/wp-content/uploads/2014/09/Brooklyn-Bowl-09-18-19.jpg,public/wp-content/uploads/2014/09/Brooklyn-Bowl-09-18-19.jpg
/interview-with-indaze-brooklyn-bowl-the-english-beat/,http://www.flowersinagun.com/wp-content/uploads/2014/09/Brooklyn-Bowl-09-18-20.jpg,public/wp-content/uploads/2014/09/Brooklyn-Bowl-09-18-20.jpg
/interview-with-indaze-brooklyn-bowl-the-english-beat/,http://www.flowersinagun.com/wp-content/uploads/2014/09/Brooklyn-Bowl-09-18-21.jpg,public/wp-content/uploads/2014/09/Brooklyn-Bowl-09-18-21.jpg
/interview-with-indaze-brooklyn-bowl-the-english-beat/,http://www.flowersinagun.com/wp-content/uploads/2014/09/Brooklyn-Bowl-09-18-22.jpg,public/wp-content/uploads/2014/09/Brooklyn-Bowl-09-18-22.jpg
/interview-with-indaze-brooklyn-bowl-the-english-beat/,http://www.flowersinagun.com/wp-content/uploads/2014/09/Brooklyn-Bowl-09-18-25.jpg,public/wp-content/uploads/2014/09/Brooklyn-Bowl-09-18-25.jpg
/interview-with-indaze-brooklyn-bowl-the-english-beat/,http://www.flowersinagun.com/wp-content/uploads/2014/09/Brooklyn-Bowl-09-18-26.jpg,public/wp-content/uploads/2014/09/Brooklyn-Bowl-09-18-26.jpg
/interview-with-indaze-brooklyn-bowl-the-english-beat/,http://www.flowersinagun.com/wp-content/uploads/2014/09/Brooklyn-Bowl-09-18-27.jpg,public/wp-content/uploads/2014/09/Brooklyn-Bowl-09-18-27.jpg
/interview-with-indaze-brooklyn-bowl-the-english-beat/,http://www.flowersinagun.com/wp-content/uploads/2014/09/Brooklyn-Bowl-09-18-5.jpg,public/wp-content/uploads/2014/09/Brooklyn-Bowl-09-18-5.jpg
/interview-with-indaze-brooklyn-bowl-the-english-beat/,http://www.flowersinagun.com/wp-content/uploads/2014/09/Brooklyn-Bowl-09-18-6.jpg,public/wp-content/uploads/2014/09/Brooklyn-Bowl-09-18-6.jpg
/interview-with-indaze-brooklyn-bowl-the-english-beat/,http://www.flowersinagun.com/wp-content/uploads/2014/09/Brooklyn-Bowl-09-18-9.jpg,public/wp-content/uploads/2014/09/Brooklyn-Bowl-09-18-9.jpg
/interview-with-jazz-violinist-scott-tixier/,http://www.flowersinagun.com/wp-content/uploads/2014/05/Scott-Tixier-3.jpg,public/wp-content/uploads/2014/05/Scott-Tixier-3.jpg
/interview-with-jazz-violinist-scott-tixier/,http://www.flowersinagun.com/wp-content/uploads/2014/05/Scott-Tixier-4.jpg,public/wp-content/uploads/2014/05/Scott-Tixier-4.jpg
/interview-with-jazz-violinist-scott-tixier/,http://www.flowersinagun.com/wp-content/uploads/2014/05/Scott-Tixier-6.jpg,public/wp-content/uploads/2014/05/Scott-Tixier-6.jpg
/interview-with-la-industrial-pop-duo-vowws-show-avid-bk/,http://www.flowersinagun.com/wp-content/uploads/2015/08/Vowws-1.jpg,public/wp-content/uploads/2015/08/Vowws-1.jpg
/interview-with-la-industrial-pop-duo-vowws-show-avid-bk/,http://www.flowersinagun.com/wp-content/uploads/2015/08/Vowws-10.jpg,public/wp-content/uploads/2015/08/Vowws-10.jpg
/interview-with-la-industrial-pop-duo-vowws-show-avid-bk/,http://www.flowersinagun.com/wp-content/uploads/2015/08/Vowws-11.jpg,public/wp-content/uploads/2015/08/Vowws-11.jpg
/interview-with-la-industrial-pop-duo-vowws-show-avid-bk/,http://www.flowersinagun.com/wp-content/uploads/2015/08/Vowws-2.jpg,public/wp-content/uploads/2015/08/Vowws-2.jpg
/interview-with-la-industrial-pop-duo-vowws-show-avid-bk/,http://www.flowersinagun.com/wp-content/uploads/2015/08/Vowws-3.jpg,public/wp-content/uploads/2015/08/Vowws-3.jpg
/interview-with-la-industrial-pop-duo-vowws-show-avid-bk/,http://www.flowersinagun.com/wp-content/uploads/2015/08/Vowws-4.jpg,public/wp-content/uploads/2015/08/Vowws-4.jpg
/interview-with-la-industrial-pop-duo-vowws-show-avid-bk/,http://www.flowersinagun.com/wp-content/uploads/2015/08/Vowws-7.jpg,public/wp-content/uploads/2015/08/Vowws-7.jpg
/interview-with-la-industrial-pop-duo-vowws-show-avid-bk/,http://www.flowersinagun.com/wp-content/uploads/2015/08/Vowws-8.jpg,public/wp-content/uploads/2015/08/Vowws-8.jpg
/interview-with-la-industrial-pop-duo-vowws-show-avid-bk/,http://www.flowersinagun.com/wp-content/uploads/2015/08/Vowws-9.jpg,public/wp-content/uploads/2015/08/Vowws-9.jpg
/interview-with-michael-gira-from-swans/,http://www.flowersinthebarrelofagun.com/wp-content/uploads/2013/01/phoca_thumb_l_mgira_lb_1.jpg,public/wp-content/uploads/2013/01/phoca_thumb_l_mgira_lb_1.jpg
/interview-with-michael-gira-from-swans/,http://www.flowersinthebarrelofagun.com/wp-content/uploads/2013/01/phoca_thumb_l_mgumma.jpg,public/wp-content/uploads/2013/01/phoca_thumb_l_mgumma.jpg
/interview-with-michael-gira-from-swans/,http://www.flowersinthebarrelofagun.com/wp-content/uploads/2013/01/phoca_thumb_l_swans_pool_1.jpg,public/wp-content/uploads/2013/01/phoca_thumb_l_swans_pool_1.jpg
/interview-with-rachel-ann-weiss-the-rockwood-music-hall/,http://www.flowersinagun.com/wp-content/uploads/2014/09/Rachel-Weiss-Rockwood-1-1024x682.jpg,public/wp-content/uploads/2014/09/Rachel-Weiss-Rockwood-1-1024x682.jpg
/interview-with-rachel-ann-weiss-the-rockwood-music-hall/,http://www.flowersinagun.com/wp-content/uploads/2014/09/Rachel-Weiss-Rockwood-1.jpg,public/wp-content/uploads/2014/09/Rachel-Weiss-Rockwood-1.jpg
/interview-with-rachel-ann-weiss-the-rockwood-music-hall/,http://www.flowersinagun.com/wp-content/uploads/2014/09/Rachel-Weiss-Rockwood-5-1024x682.jpg,public/wp-content/uploads/2014/09/Rachel-Weiss-Rockwood-5-1024x682.jpg
/interview-with-rachel-ann-weiss-the-rockwood-music-hall/,http://www.flowersinagun.com/wp-content/uploads/2014/09/Rachel-Weiss-Rockwood-5.jpg,public/wp-content/uploads/2014/09/Rachel-Weiss-Rockwood-5.jpg
/interview-with-rachel-ann-weiss-the-rockwood-music-hall/,http://www.flowersinagun.com/wp-content/uploads/2014/09/Rachel-Weiss-Rockwood-6-1024x682.jpg,public/wp-content/uploads/2014/09/Rachel-Weiss-Rockwood-6-1024x682.jpg
/interview-with-rachel-ann-weiss-the-rockwood-music-hall/,http://www.flowersinagun.com/wp-content/uploads/2014/09/Rachel-Weiss-Rockwood-6.jpg,public/wp-content/uploads/2014/09/Rachel-Weiss-Rockwood-6.jpg
/interview-with-rachel-ann-weiss-the-rockwood-music-hall/,http://www.flowersinagun.com/wp-content/uploads/2014/09/Rachel-Weiss-Rockwood-7-1024x682.jpg,public/wp-content/uploads/2014/09/Rachel-Weiss-Rockwood-7-1024x682.jpg
/interview-with-rachel-ann-weiss-the-rockwood-music-hall/,http://www.flowersinagun.com/wp-content/uploads/2014/09/Rachel-Weiss-Rockwood-7.jpg,public/wp-content/uploads/2014/09/Rachel-Weiss-Rockwood-7.jpg
/jacob-metcalf-live-at-the-kessler-theatre/,http://www.flowersinagun.com/wp-content/uploads/2016/02/Balcony-Singers.jpg,public/wp-content/uploads/2016/02/Balcony-Singers.jpg
/jacob-metcalf-live-at-the-kessler-theatre/,http://www.flowersinagun.com/wp-content/uploads/2016/02/IMG_0541-1024x768.jpg,public/wp-content/uploads/2016/02/IMG_0541-1024x768.jpg
/jacob-metcalf-live-at-the-kessler-theatre/,http://www.flowersinagun.com/wp-content/uploads/2016/02/IMG_0541.jpg,public/wp-content/uploads/2016/02/IMG_0541.jpg
/james-carter-plays-tribute-to-john-coltrane-at-the-philadelphia-clef-club-of-jazz/,https://www.flowersinagun.com/wp-content/uploads/2014/02/GB-and-LS.jpg,public/wp-content/uploads/2014/02/GB-and-LS.jpg
/james-carter-plays-tribute-to-john-coltrane-at-the-philadelphia-clef-club-of-jazz/,https://www.flowersinagun.com/wp-content/uploads/2014/02/JC2.jpg,public/wp-content/uploads/2014/02/JC2.jpg
/james-carter-plays-tribute-to-john-coltrane-at-the-philadelphia-clef-club-of-jazz/,https://www.flowersinagun.com/wp-content/uploads/2014/02/JC4.jpg,public/wp-content/uploads/2014/02/JC4.jpg
/james-carter-plays-tribute-to-john-coltrane-at-the-philadelphia-clef-club-of-jazz/,https://www.flowersinagun.com/wp-content/uploads/2014/02/JCQ11.jpg,public/wp-content/uploads/2014/02/JCQ11.jpg
/james-carter-plays-tribute-to-john-coltrane-at-the-philadelphia-clef-club-of-jazz/,https://www.flowersinagun.com/wp-content/uploads/2014/02/JCQ6.jpg,public/wp-content/uploads/2014/02/JCQ6.jpg
/jazz-at-zinc-bar/,http://www.flowersinagun.com/wp-content/uploads/2016/10/IMG_8837.jpg,public/wp-content/uploads/2016/10/IMG_8837.jpg
/kcas-black-ball-hosted-by-alicia-keys-raises-money-to-fight-aids/,http://www.flowersinagun.com/wp-content/uploads/2013/10/182949765.jpg,public/wp-content/uploads/2013/10/182949765.jpg
/kcas-black-ball-hosted-by-alicia-keys-raises-money-to-fight-aids/,http://www.flowersinagun.com/wp-content/uploads/2013/10/182949859.jpg,public/wp-content/uploads/2013/10/182949859.jpg
/khromozomes/,http://www.flowersinagun.com/wp-content/uploads/2013/11/khromozomes+ruvane+schwartz++kristin+mainh.jpg,public/wp-content/uploads/2013/11/khromozomes+ruvane+schwartz++kristin+mainh.jpg
/le-butcherettes-the-dead-ships-and-eureka-the-butcher-rough-trade/,http://www.flowersinagun.com/wp-content/uploads/2016/03/IMG_9667.jpg,public/wp-content/uploads/2016/03/IMG_9667.jpg
/le-butcherettes-the-dead-ships-and-eureka-the-butcher-rough-trade/,http://www.flowersinagun.com/wp-content/uploads/2016/03/IMG_9670.jpg,public/wp-content/uploads/2016/03/IMG_9670.jpg
/le-butcherettes-the-dead-ships-and-eureka-the-butcher-rough-trade/,http://www.flowersinagun.com/wp-content/uploads/2016/03/IMG_9672.jpg,public/wp-content/uploads/2016/03/IMG_9672.jpg
/le-butcherettes-the-dead-ships-and-eureka-the-butcher-rough-trade/,http://www.flowersinagun.com/wp-content/uploads/2016/03/IMG_9679.jpg,public/wp-content/uploads/2016/03/IMG_9679.jpg
/le-butcherettes-the-dead-ships-and-eureka-the-butcher-rough-trade/,http://www.flowersinagun.com/wp-content/uploads/2016/03/IMG_9687.jpg,public/wp-content/uploads/2016/03/IMG_9687.jpg
/le-butcherettes-the-dead-ships-and-eureka-the-butcher-rough-trade/,http://www.flowersinagun.com/wp-content/uploads/2016/03/IMG_9689.jpg,public/wp-content/uploads/2016/03/IMG_9689.jpg
/le-butcherettes-the-dead-ships-and-eureka-the-butcher-rough-trade/,http://www.flowersinagun.com/wp-content/uploads/2016/03/IMG_9690.jpg,public/wp-content/uploads/2016/03/IMG_9690.jpg
/le-butcherettes-the-dead-ships-and-eureka-the-butcher-rough-trade/,http://www.flowersinagun.com/wp-content/uploads/2016/03/IMG_9693.jpg,public/wp-content/uploads/2016/03/IMG_9693.jpg
/le-butcherettes-the-dead-ships-and-eureka-the-butcher-rough-trade/,http://www.flowersinagun.com/wp-content/uploads/2016/03/IMG_9696.jpg,public/wp-content/uploads/2016/03/IMG_9696.jpg
/le-butcherettes-the-dead-ships-and-eureka-the-butcher-rough-trade/,http://www.flowersinagun.com/wp-content/uploads/2016/03/IMG_9698.jpg,public/wp-content/uploads/2016/03/IMG_9698.jpg
/le-butcherettes-the-dead-ships-and-eureka-the-butcher-rough-trade/,http://www.flowersinagun.com/wp-content/uploads/2016/03/IMG_9703.jpg,public/wp-content/uploads/2016/03/IMG_9703.jpg
/le-butcherettes-the-dead-ships-and-eureka-the-butcher-rough-trade/,http://www.flowersinagun.com/wp-content/uploads/2016/03/IMG_9704.jpg,public/wp-content/uploads/2016/03/IMG_9704.jpg
/le-butcherettes-the-dead-ships-and-eureka-the-butcher-rough-trade/,http://www.flowersinagun.com/wp-content/uploads/2016/03/IMG_9706.jpg,public/wp-content/uploads/2016/03/IMG_9706.jpg
/le-butcherettes-the-dead-ships-and-eureka-the-butcher-rough-trade/,http://www.flowersinagun.com/wp-content/uploads/2016/03/IMG_9708.jpg,public/wp-content/uploads/2016/03/IMG_9708.jpg
/le-butcherettes-the-dead-ships-and-eureka-the-butcher-rough-trade/,http://www.flowersinagun.com/wp-content/uploads/2016/03/IMG_9712.jpg,public/wp-content/uploads/2016/03/IMG_9712.jpg
/le-butcherettes-the-dead-ships-and-eureka-the-butcher-rough-trade/,http://www.flowersinagun.com/wp-content/uploads/2016/03/IMG_9720.jpg,public/wp-content/uploads/2016/03/IMG_9720.jpg
/le-butcherettes-the-dead-ships-and-eureka-the-butcher-rough-trade/,http://www.flowersinagun.com/wp-content/uploads/2016/03/IMG_9721.jpg,public/wp-content/uploads/2016/03/IMG_9721.jpg
/le-butcherettes-the-dead-ships-and-eureka-the-butcher-rough-trade/,http://www.flowersinagun.com/wp-content/uploads/2016/03/IMG_9723.jpg,public/wp-content/uploads/2016/03/IMG_9723.jpg
/le-butcherettes-the-dead-ships-and-eureka-the-butcher-rough-trade/,http://www.flowersinagun.com/wp-content/uploads/2016/03/IMG_9725.jpg,public/wp-content/uploads/2016/03/IMG_9725.jpg
/le-butcherettes-the-dead-ships-and-eureka-the-butcher-rough-trade/,http://www.flowersinagun.com/wp-content/uploads/2016/03/IMG_9728.jpg,public/wp-content/uploads/2016/03/IMG_9728.jpg
/le-butcherettes-the-dead-ships-and-eureka-the-butcher-rough-trade/,http://www.flowersinagun.com/wp-content/uploads/2016/03/IMG_9731.jpg,public/wp-content/uploads/2016/03/IMG_9731.jpg
/le-butcherettes-the-dead-ships-and-eureka-the-butcher-rough-trade/,http://www.flowersinagun.com/wp-content/uploads/2016/03/IMG_9737.jpg,public/wp-content/uploads/2016/03/IMG_9737.jpg
/le-butcherettes-the-dead-ships-and-eureka-the-butcher-rough-trade/,http://www.flowersinagun.com/wp-content/uploads/2016/03/IMG_9741.jpg,public/wp-content/uploads/2016/03/IMG_9741.jpg
/le-butcherettes-the-dead-ships-and-eureka-the-butcher-rough-trade/,http://www.flowersinagun.com/wp-content/uploads/2016/03/IMG_9747.jpg,public/wp-content/uploads/2016/03/IMG_9747.jpg
/le-butcherettes-the-dead-ships-and-eureka-the-butcher-rough-trade/,http://www.flowersinagun.com/wp-content/uploads/2016/03/IMG_9750.jpg,public/wp-content/uploads/2016/03/IMG_9750.jpg
/le-butcherettes-the-dead-ships-and-eureka-the-butcher-rough-trade/,http://www.flowersinagun.com/wp-content/uploads/2016/03/IMG_9759.jpg,public/wp-content/uploads/2016/03/IMG_9759.jpg
/le-butcherettes-the-dead-ships-and-eureka-the-butcher-rough-trade/,http://www.flowersinagun.com/wp-content/uploads/2016/03/IMG_9760.jpg,public/wp-content/uploads/2016/03/IMG_9760.jpg
/le-butcherettes-the-dead-ships-and-eureka-the-butcher-rough-trade/,http://www.flowersinagun.com/wp-content/uploads/2016/03/IMG_9761.jpg,public/wp-content/uploads/2016/03/IMG_9761.jpg
/le-butcherettes-the-dead-ships-and-eureka-the-butcher-rough-trade/,http://www.flowersinagun.com/wp-content/uploads/2016/03/IMG_9766.jpg,public/wp-content/uploads/2016/03/IMG_9766.jpg
/le-butcherettes-the-dead-ships-and-eureka-the-butcher-rough-trade/,http://www.flowersinagun.com/wp-content/uploads/2016/03/IMG_9767.jpg,public/wp-content/uploads/2016/03/IMG_9767.jpg
/life-along-the-borderline-a-tribute-to-nico-curated-by-john-cale-at-bam/,http://www.flowersinthebarrelofagun.com/wp-content/uploads/2013/01/NICO__Alison-Mosshart-BER4120-1.jpg,public/wp-content/uploads/2013/01/NICO__Alison-Mosshart-BER4120-1.jpg
/luscious-jackson-the-bell-house/,http://www.flowersinagun.com/wp-content/uploads/2014/11/Lucsious-Jackson-1.jpg,public/wp-content/uploads/2014/11/Lucsious-Jackson-1.jpg
/luscious-jackson-the-bell-house/,http://www.flowersinagun.com/wp-content/uploads/2014/11/Lucsious-Jackson-10.jpg,public/wp-content/uploads/2014/11/Lucsious-Jackson-10.jpg
/luscious-jackson-the-bell-house/,http://www.flowersinagun.com/wp-content/uploads/2014/11/Lucsious-Jackson-11.jpg,public/wp-content/uploads/2014/11/Lucsious-Jackson-11.jpg
/luscious-jackson-the-bell-house/,http://www.flowersinagun.com/wp-content/uploads/2014/11/Lucsious-Jackson-12.jpg,public/wp-content/uploads/2014/11/Lucsious-Jackson-12.jpg
/luscious-jackson-the-bell-house/,http://www.flowersinagun.com/wp-content/uploads/2014/11/Lucsious-Jackson-2.jpg,public/wp-content/uploads/2014/11/Lucsious-Jackson-2.jpg
/luscious-jackson-the-bell-house/,http://www.flowersinagun.com/wp-content/uploads/2014/11/Lucsious-Jackson-4.jpg,public/wp-content/uploads/2014/11/Lucsious-Jackson-4.jpg
/luscious-jackson-the-bell-house/,http://www.flowersinagun.com/wp-content/uploads/2014/11/Lucsious-Jackson-6.jpg,public/wp-content/uploads/2014/11/Lucsious-Jackson-6.jpg
/luscious-jackson-the-bell-house/,http://www.flowersinagun.com/wp-content/uploads/2014/11/Lucsious-Jackson-7.jpg,public/wp-content/uploads/2014/11/Lucsious-Jackson-7.jpg
/luscious-jackson-the-bell-house/,http://www.flowersinagun.com/wp-content/uploads/2014/11/Lucsious-Jackson-8.jpg,public/wp-content/uploads/2014/11/Lucsious-Jackson-8.jpg
/luscious-jackson-the-bell-house/,http://www.flowersinagun.com/wp-content/uploads/2014/11/Lucsious-Jackson-9.jpg,public/wp-content/uploads/2014/11/Lucsious-Jackson-9.jpg
/lydia-lunch-doomsday-student-trans-pecos-queens/,http://www.flowersinagun.com/wp-content/uploads/2014/07/IMG_0153.jpg,public/wp-content/uploads/2014/07/IMG_0153.jpg
/lydia-lunch-doomsday-student-trans-pecos-queens/,http://www.flowersinagun.com/wp-content/uploads/2014/07/IMG_0154.jpg,public/wp-content/uploads/2014/07/IMG_0154.jpg
/lydia-lunch-doomsday-student-trans-pecos-queens/,http://www.flowersinagun.com/wp-content/uploads/2014/07/IMG_0155.jpg,public/wp-content/uploads/2014/07/IMG_0155.jpg
/lydia-lunch-doomsday-student-trans-pecos-queens/,http://www.flowersinagun.com/wp-content/uploads/2014/07/IMG_0161.jpg,public/wp-content/uploads/2014/07/IMG_0161.jpg
/lydia-lunch-doomsday-student-trans-pecos-queens/,http://www.flowersinagun.com/wp-content/uploads/2014/07/IMG_0163.jpg,public/wp-content/uploads/2014/07/IMG_0163.jpg
/lydia-lunch-doomsday-student-trans-pecos-queens/,http://www.flowersinagun.com/wp-content/uploads/2014/07/IMG_0165.jpg,public/wp-content/uploads/2014/07/IMG_0165.jpg
/lydia-lunch-doomsday-student-trans-pecos-queens/,http://www.flowersinagun.com/wp-content/uploads/2014/07/IMG_0166.jpg,public/wp-content/uploads/2014/07/IMG_0166.jpg
/lydia-lunch-doomsday-student-trans-pecos-queens/,http://www.flowersinagun.com/wp-content/uploads/2014/07/IMG_01681.jpg,public/wp-content/uploads/2014/07/IMG_01681.jpg
/lydia-lunch-doomsday-student-trans-pecos-queens/,http://www.flowersinagun.com/wp-content/uploads/2014/07/IMG_0174.jpg,public/wp-content/uploads/2014/07/IMG_0174.jpg
/lydia-lunch-doomsday-student-trans-pecos-queens/,http://www.flowersinagun.com/wp-content/uploads/2014/07/IMG_0176.jpg,public/wp-content/uploads/2014/07/IMG_0176.jpg
/lydia-lunch-doomsday-student-trans-pecos-queens/,http://www.flowersinagun.com/wp-content/uploads/2014/07/IMG_0178.jpg,public/wp-content/uploads/2014/07/IMG_0178.jpg
/lydia-lunch-doomsday-student-trans-pecos-queens/,http://www.flowersinagun.com/wp-content/uploads/2014/07/IMG_0185.jpg,public/wp-content/uploads/2014/07/IMG_0185.jpg
/lydia-lunch-doomsday-student-trans-pecos-queens/,http://www.flowersinagun.com/wp-content/uploads/2014/07/IMG_0192.jpg,public/wp-content/uploads/2014/07/IMG_0192.jpg
/lydia-lunch-doomsday-student-trans-pecos-queens/,http://www.flowersinagun.com/wp-content/uploads/2014/07/IMG_0193.jpg,public/wp-content/uploads/2014/07/IMG_0193.jpg
/lydia-lunch-doomsday-student-trans-pecos-queens/,http://www.flowersinagun.com/wp-content/uploads/2014/07/IMG_0195.jpg,public/wp-content/uploads/2014/07/IMG_0195.jpg
/lydia-lunch-doomsday-student-trans-pecos-queens/,http://www.flowersinagun.com/wp-content/uploads/2014/07/IMG_0196.jpg,public/wp-content/uploads/2014/07/IMG_0196.jpg
/lydia-lunch-doomsday-student-trans-pecos-queens/,http://www.flowersinagun.com/wp-content/uploads/2014/07/IMG_0197.jpg,public/wp-content/uploads/2014/07/IMG_0197.jpg
/lydia-lunch-doomsday-student-trans-pecos-queens/,http://www.flowersinagun.com/wp-content/uploads/2014/07/IMG_0201.jpg,public/wp-content/uploads/2014/07/IMG_0201.jpg
/lydia-lunch-doomsday-student-trans-pecos-queens/,http://www.flowersinagun.com/wp-content/uploads/2014/07/IMG_0203.jpg,public/wp-content/uploads/2014/07/IMG_0203.jpg
/lydia-lunch-doomsday-student-trans-pecos-queens/,http://www.flowersinagun.com/wp-content/uploads/2014/07/IMG_0205.jpg,public/wp-content/uploads/2014/07/IMG_0205.jpg
/lydia-lunch-doomsday-student-trans-pecos-queens/,http://www.flowersinagun.com/wp-content/uploads/2014/07/IMG_0206.jpg,public/wp-content/uploads/2014/07/IMG_0206.jpg
/lydia-lunch-doomsday-student-trans-pecos-queens/,http://www.flowersinagun.com/wp-content/uploads/2014/07/IMG_0209.jpg,public/wp-content/uploads/2014/07/IMG_0209.jpg
/lydia-lunch-doomsday-student-trans-pecos-queens/,http://www.flowersinagun.com/wp-content/uploads/2014/07/IMG_0211.jpg,public/wp-content/uploads/2014/07/IMG_0211.jpg
/lydia-lunch-doomsday-student-trans-pecos-queens/,http://www.flowersinagun.com/wp-content/uploads/2014/07/IMG_0213.jpg,public/wp-content/uploads/2014/07/IMG_0213.jpg
/lydia-lunch-doomsday-student-trans-pecos-queens/,http://www.flowersinagun.com/wp-content/uploads/2014/07/IMG_0214.jpg,public/wp-content/uploads/2014/07/IMG_0214.jpg
/lydia-lunch-doomsday-student-trans-pecos-queens/,http://www.flowersinagun.com/wp-content/uploads/2014/07/IMG_0215.jpg,public/wp-content/uploads/2014/07/IMG_0215.jpg
/lydia-lunch-doomsday-student-trans-pecos-queens/,http://www.flowersinagun.com/wp-content/uploads/2014/07/IMG_0216.jpg,public/wp-content/uploads/2014/07/IMG_0216.jpg
/lydia-lunch-doomsday-student-trans-pecos-queens/,http://www.flowersinagun.com/wp-content/uploads/2014/07/IMG_0217.jpg,public/wp-content/uploads/2014/07/IMG_0217.jpg
/lydia-lunch-doomsday-student-trans-pecos-queens/,http://www.flowersinagun.com/wp-content/uploads/2014/07/IMG_0222.jpg,public/wp-content/uploads/2014/07/IMG_0222.jpg
/lydia-lunch-doomsday-student-trans-pecos-queens/,http://www.flowersinagun.com/wp-content/uploads/2014/07/IMG_0223.jpg,public/wp-content/uploads/2014/07/IMG_0223.jpg
/lydia-lunch-doomsday-student-trans-pecos-queens/,http://www.flowersinagun.com/wp-content/uploads/2014/07/IMG_0228.jpg,public/wp-content/uploads/2014/07/IMG_0228.jpg
/lydia-lunch-doomsday-student-trans-pecos-queens/,http://www.flowersinagun.com/wp-content/uploads/2014/07/IMG_0232.jpg,public/wp-content/uploads/2014/07/IMG_0232.jpg
/lydia-lunch-doomsday-student-trans-pecos-queens/,http://www.flowersinagun.com/wp-content/uploads/2014/07/IMG_0239.jpg,public/wp-content/uploads/2014/07/IMG_0239.jpg
/lydia-lunch-doomsday-student-trans-pecos-queens/,http://www.flowersinagun.com/wp-content/uploads/2014/07/IMG_0243.jpg,public/wp-content/uploads/2014/07/IMG_0243.jpg
/lydia-lunch-doomsday-student-trans-pecos-queens/,http://www.flowersinagun.com/wp-content/uploads/2014/07/IMG_0249.jpg,public/wp-content/uploads/2014/07/IMG_0249.jpg
/lydia-lunch-doomsday-student-trans-pecos-queens/,http://www.flowersinagun.com/wp-content/uploads/2014/07/IMG_0253.jpg,public/wp-content/uploads/2014/07/IMG_0253.jpg
/lydia-lunch-doomsday-student-trans-pecos-queens/,http://www.flowersinagun.com/wp-content/uploads/2014/07/IMG_0257.jpg,public/wp-content/uploads/2014/07/IMG_0257.jpg
/lydia-lunch-doomsday-student-trans-pecos-queens/,http://www.flowersinagun.com/wp-content/uploads/2014/07/IMG_0263.jpg,public/wp-content/uploads/2014/07/IMG_0263.jpg
/lydia-lunch-queen-of-siam/,http://flowersinthebarrelofagun.files.wordpress.com/2012/02/20080912053830-lydia-lunch-queen-of-siam.jpg,public/wp-content/uploads/2012/02/20080912053830-lydia-lunch-queen-of-siam.jpg
/lydia-lunch-queen-of-siam/,http://flowersinthebarrelofagun.files.wordpress.com/2012/02/lidyalunch_2.jpg,public/wp-content/uploads/2012/02/lidyalunch_2.jpg
/lydia-lunch-queen-of-siam/,http://flowersinthebarrelofagun.files.wordpress.com/2012/02/siam1.jpg,public/wp-content/uploads/2012/02/siam1.jpg
/matt-wilsons-christmas-tree-o-15-jazz-standard/,http://www.flowersinagun.com/wp-content/uploads/2015/12/Jazz-Standard-1.jpg,public/wp-content/uploads/2015/12/Jazz-Standard-1.jpg
/matt-wilsons-christmas-tree-o-15-jazz-standard/,http://www.flowersinagun.com/wp-content/uploads/2015/12/Jazz-Standard-11.jpg,public/wp-content/uploads/2015/12/Jazz-Standard-11.jpg
/matt-wilsons-christmas-tree-o-15-jazz-standard/,http://www.flowersinagun.com/wp-content/uploads/2015/12/Jazz-Standard-13.jpg,public/wp-content/uploads/2015/12/Jazz-Standard-13.jpg
/matt-wilsons-christmas-tree-o-15-jazz-standard/,http://www.flowersinagun.com/wp-content/uploads/2015/12/Jazz-Standard-14.jpg,public/wp-content/uploads/2015/12/Jazz-Standard-14.jpg
/matt-wilsons-christmas-tree-o-15-jazz-standard/,http://www.flowersinagun.com/wp-content/uploads/2015/12/Jazz-Standard-15.jpg,public/wp-content/uploads/2015/12/Jazz-Standard-15.jpg
/matt-wilsons-christmas-tree-o-15-jazz-standard/,http://www.flowersinagun.com/wp-content/uploads/2015/12/Jazz-Standard-17.jpg,public/wp-content/uploads/2015/12/Jazz-Standard-17.jpg
/matt-wilsons-christmas-tree-o-15-jazz-standard/,http://www.flowersinagun.com/wp-content/uploads/2015/12/Jazz-Standard-18.jpg,public/wp-content/uploads/2015/12/Jazz-Standard-18.jpg
/matt-wilsons-christmas-tree-o-15-jazz-standard/,http://www.flowersinagun.com/wp-content/uploads/2015/12/Jazz-Standard-19.jpg,public/wp-content/uploads/2015/12/Jazz-Standard-19.jpg
/matt-wilsons-christmas-tree-o-15-jazz-standard/,http://www.flowersinagun.com/wp-content/uploads/2015/12/Jazz-Standard-20.jpg,public/wp-content/uploads/2015/12/Jazz-Standard-20.jpg
/matt-wilsons-christmas-tree-o-15-jazz-standard/,http://www.flowersinagun.com/wp-content/uploads/2015/12/Jazz-Standard-21.jpg,public/wp-content/uploads/2015/12/Jazz-Standard-21.jpg
/matt-wilsons-christmas-tree-o-15-jazz-standard/,http://www.flowersinagun.com/wp-content/uploads/2015/12/Jazz-Standard-23.jpg,public/wp-content/uploads/2015/12/Jazz-Standard-23.jpg
/matt-wilsons-christmas-tree-o-15-jazz-standard/,http://www.flowersinagun.com/wp-content/uploads/2015/12/Jazz-Standard-3.jpg,public/wp-content/uploads/2015/12/Jazz-Standard-3.jpg
/matt-wilsons-christmas-tree-o-15-jazz-standard/,http://www.flowersinagun.com/wp-content/uploads/2015/12/Jazz-Standard-6.jpg,public/wp-content/uploads/2015/12/Jazz-Standard-6.jpg
/matt-wilsons-christmas-tree-o-15-jazz-standard/,http://www.flowersinagun.com/wp-content/uploads/2015/12/Jazz-Standard-7.jpg,public/wp-content/uploads/2015/12/Jazz-Standard-7.jpg
/matt-wilsons-christmas-tree-o-15-jazz-standard/,http://www.flowersinagun.com/wp-content/uploads/2015/12/Jazz-Standard-8.jpg,public/wp-content/uploads/2015/12/Jazz-Standard-8.jpg
/matt-wilsons-christmas-tree-o-15-jazz-standard/,http://www.flowersinagun.com/wp-content/uploads/2015/12/Jazz-Standard-9.jpg,public/wp-content/uploads/2015/12/Jazz-Standard-9.jpg
/my-favourite-valentines-card/,http://flowersinthebarrelofagun.files.wordpress.com/2012/02/425588_10151264095660346_405922250345_22348965_1111355078_n.jpg,public/wp-content/uploads/2012/02/425588_10151264095660346_405922250345_22348965_1111355078_n.jpg
/nickel-and-dime-ops-album-release-party-killing/,https://www.flowersinagun.com/wp-content/uploads/2013/11/IMG_8151-300x200.jpg,public/wp-content/uploads/2013/11/IMG_8151-300x200.jpg
/nickel-and-dime-ops-album-release-party-killing/,https://www.flowersinagun.com/wp-content/uploads/2013/11/IMG_8151.jpg,public/wp-content/uploads/2013/11/IMG_8151.jpg
/nickel-and-dime-ops-album-release-party-killing/,https://www.flowersinagun.com/wp-content/uploads/2013/11/IMG_8153-300x200.jpg,public/wp-content/uploads/2013/11/IMG_8153-300x200.jpg
/nickel-and-dime-ops-album-release-party-killing/,https://www.flowersinagun.com/wp-content/uploads/2013/11/IMG_8153.jpg,public/wp-content/uploads/2013/11/IMG_8153.jpg
/nickel-and-dime-ops-album-release-party-killing/,https://www.flowersinagun.com/wp-content/uploads/2013/11/IMG_8180-300x200.jpg,public/wp-content/uploads/2013/11/IMG_8180-300x200.jpg
/nickel-and-dime-ops-album-release-party-killing/,https://www.flowersinagun.com/wp-content/uploads/2013/11/IMG_8180.jpg,public/wp-content/uploads/2013/11/IMG_8180.jpg
/nickel-and-dime-ops-album-release-party-killing/,https://www.flowersinagun.com/wp-content/uploads/2013/11/IMG_8195-200x300.jpg,public/wp-content/uploads/2013/11/IMG_8195-200x300.jpg
/nickel-and-dime-ops-album-release-party-killing/,https://www.flowersinagun.com/wp-content/uploads/2013/11/IMG_8195.jpg,public/wp-content/uploads/2013/11/IMG_8195.jpg
/nickel-and-dime-ops-album-release-party-killing/,https://www.flowersinagun.com/wp-content/uploads/2013/11/IMG_8209-200x300.jpg,public/wp-content/uploads/2013/11/IMG_8209-200x300.jpg
/nickel-and-dime-ops-album-release-party-killing/,https://www.flowersinagun.com/wp-content/uploads/2013/11/IMG_8209.jpg,public/wp-content/uploads/2013/11/IMG_8209.jpg
/nickel-and-dime-ops-album-release-party-killing/,https://www.flowersinagun.com/wp-content/uploads/2013/11/IMG_8283-200x300.jpg,public/wp-content/uploads/2013/11/IMG_8283-200x300.jpg
/nickel-and-dime-ops-album-release-party-killing/,https://www.flowersinagun.com/wp-content/uploads/2013/11/IMG_8283.jpg,public/wp-content/uploads/2013/11/IMG_8283.jpg
/nickel-and-dime-ops-album-release-party-killing/,https://www.flowersinagun.com/wp-content/uploads/2013/11/IMG_8322-200x300.jpg,public/wp-content/uploads/2013/11/IMG_8322-200x300.jpg
/nickel-and-dime-ops-album-release-party-killing/,https://www.flowersinagun.com/wp-content/uploads/2013/11/IMG_8322.jpg,public/wp-content/uploads/2013/11/IMG_8322.jpg
/nickel-and-dime-ops-album-release-party-killing/,https://www.flowersinagun.com/wp-content/uploads/2013/11/IMG_8388-200x300.jpg,public/wp-content/uploads/2013/11/IMG_8388-200x300.jpg
/nickel-and-dime-ops-album-release-party-killing/,https://www.flowersinagun.com/wp-content/uploads/2013/11/IMG_8388.jpg,public/wp-content/uploads/2013/11/IMG_8388.jpg
/nickel-and-dime-ops-album-release-party-killing/,https://www.flowersinagun.com/wp-content/uploads/2013/11/IMG_8421-200x300.jpg,public/wp-content/uploads/2013/11/IMG_8421-200x300.jpg
/nickel-and-dime-ops-album-release-party-killing/,https://www.flowersinagun.com/wp-content/uploads/2013/11/IMG_8421.jpg,public/wp-content/uploads/2013/11/IMG_8421.jpg
/nocarrier-wisdom-failure/,http://www.flowersinagun.com/wp-content/uploads/2014/03/nocarrier_2014_Confession_1_CMYK_300dpi.jpg,public/wp-content/uploads/2014/03/nocarrier_2014_Confession_1_CMYK_300dpi.jpg
/okkyung-lee-at-the-stone-6-nights-12-shows-1-interview/,http://www.flowersinagun.com/wp-content/uploads/2014/05/Smalls-04-29-11-1024x682.jpg,public/wp-content/uploads/2014/05/Smalls-04-29-11-1024x682.jpg
/okkyung-lee-at-the-stone-6-nights-12-shows-1-interview/,http://www.flowersinagun.com/wp-content/uploads/2014/05/Smalls-04-29-11.jpg,public/wp-content/uploads/2014/05/Smalls-04-29-11.jpg
/okkyung-lee-at-the-stone-6-nights-12-shows-1-interview/,http://www.flowersinagun.com/wp-content/uploads/2014/05/Smalls-04-29-12-1024x682.jpg,public/wp-content/uploads/2014/05/Smalls-04-29-12-1024x682.jpg
/okkyung-lee-at-the-stone-6-nights-12-shows-1-interview/,http://www.flowersinagun.com/wp-content/uploads/2014/05/Smalls-04-29-12.jpg,public/wp-content/uploads/2014/05/Smalls-04-29-12.jpg
/okkyung-lee-at-the-stone-6-nights-12-shows-1-interview/,http://www.flowersinagun.com/wp-content/uploads/2014/05/Smalls-04-29-16.jpg,public/wp-content/uploads/2014/05/Smalls-04-29-16.jpg
/okkyung-lee-at-the-stone-6-nights-12-shows-1-interview/,http://www.flowersinagun.com/wp-content/uploads/2014/05/Smalls-04-29-17.jpg,public/wp-content/uploads/2014/05/Smalls-04-29-17.jpg
/okkyung-lee-at-the-stone-6-nights-12-shows-1-interview/,http://www.flowersinagun.com/wp-content/uploads/2014/05/Smalls-04-29-5-682x1024.jpg,public/wp-content/uploads/2014/05/Smalls-04-29-5-682x1024.jpg
/okkyung-lee-at-the-stone-6-nights-12-shows-1-interview/,http://www.flowersinagun.com/wp-content/uploads/2014/05/Smalls-04-29-5.jpg,public/wp-content/uploads/2014/05/Smalls-04-29-5.jpg
/okkyung-lee-at-the-stone-6-nights-12-shows-1-interview/,http://www.flowersinagun.com/wp-content/uploads/2014/05/Smalls-04-29-7.jpg,public/wp-content/uploads/2014/05/Smalls-04-29-7.jpg
/photos-from-bulgaria-2013/,http://www.flowersinagun.com/wp-content/uploads/2013/06/SAM_1578-150x150.jpg,public/wp-content/uploads/2013/06/SAM_1578-150x150.jpg
/photos-from-bulgaria-2013/,http://www.flowersinthebarrelofagun.com/wp-content/uploads/2013/06/SAM_1578-1024x682.jpg,public/wp-content/uploads/2013/06/SAM_1578-1024x682.jpg
/photos-from-bulgaria-2013/,http://www.flowersinthebarrelofagun.com/wp-content/uploads/2013/06/SAM_1578.jpg,public/wp-content/uploads/2013/06/SAM_1578.jpg
/photos-from-bulgaria-2013/,http://www.flowersinthebarrelofagun.com/wp-content/uploads/2013/06/SAM_1599-1024x682.jpg,public/wp-content/uploads/2013/06/SAM_1599-1024x682.jpg
/photos-from-bulgaria-2013/,http://www.flowersinthebarrelofagun.com/wp-content/uploads/2013/06/SAM_1599.jpg,public/wp-content/uploads/2013/06/SAM_1599.jpg
/photos-from-bulgaria-2013/,http://www.flowersinthebarrelofagun.com/wp-content/uploads/2013/06/ailqk-1024x682.jpg,public/wp-content/uploads/2013/06/ailqk-1024x682.jpg
/photos-from-bulgaria-2013/,http://www.flowersinthebarrelofagun.com/wp-content/uploads/2013/06/ailqk.jpg,public/wp-content/uploads/2013/06/ailqk.jpg
/photos-from-bulgaria-2013/,http://www.flowersinthebarrelofagun.com/wp-content/uploads/2013/06/ailqk2-1024x682.jpg,public/wp-content/uploads/2013/06/ailqk2-1024x682.jpg
/photos-from-bulgaria-2013/,http://www.flowersinthebarrelofagun.com/wp-content/uploads/2013/06/ailqk2.jpg,public/wp-content/uploads/2013/06/ailqk2.jpg
/photos-from-bulgaria-2013/,http://www.flowersinthebarrelofagun.com/wp-content/uploads/2013/06/flag-1024x682.jpg,public/wp-content/uploads/2013/06/flag-1024x682.jpg
/photos-from-bulgaria-2013/,http://www.flowersinthebarrelofagun.com/wp-content/uploads/2013/06/flag.jpg,public/wp-content/uploads/2013/06/flag.jpg
/photos-from-bulgaria-2013/,http://www.flowersinthebarrelofagun.com/wp-content/uploads/2013/06/gypsy-1024x682.jpg,public/wp-content/uploads/2013/06/gypsy-1024x682.jpg
/photos-from-bulgaria-2013/,http://www.flowersinthebarrelofagun.com/wp-content/uploads/2013/06/gypsy.jpg,public/wp-content/uploads/2013/06/gypsy.jpg
/photos-from-bulgaria-2013/,http://www.flowersinthebarrelofagun.com/wp-content/uploads/2013/06/hh.jpg,public/wp-content/uploads/2013/06/hh.jpg
/photos-from-bulgaria-2013/,http://www.flowersinthebarrelofagun.com/wp-content/uploads/2013/06/kid-1024x682.jpg,public/wp-content/uploads/2013/06/kid-1024x682.jpg
/photos-from-bulgaria-2013/,http://www.flowersinthebarrelofagun.com/wp-content/uploads/2013/06/kid.jpg,public/wp-content/uploads/2013/06/kid.jpg
/photos-from-bulgaria-2013/,http://www.flowersinthebarrelofagun.com/wp-content/uploads/2013/06/lovers-1024x682.jpg,public/wp-content/uploads/2013/06/lovers-1024x682.jpg
/photos-from-bulgaria-2013/,http://www.flowersinthebarrelofagun.com/wp-content/uploads/2013/06/lovers.jpg,public/wp-content/uploads/2013/06/lovers.jpg
/photos-from-bulgaria-2013/,http://www.flowersinthebarrelofagun.com/wp-content/uploads/2013/06/narodno-1024x682.jpg,public/wp-content/uploads/2013/06/narodno-1024x682.jpg
/photos-from-bulgaria-2013/,http://www.flowersinthebarrelofagun.com/wp-content/uploads/2013/06/narodno.jpg,public/wp-content/uploads/2013/06/narodno.jpg
/photos-from-bulgaria-2013/,http://www.flowersinthebarrelofagun.com/wp-content/uploads/2013/06/pes-1024x682.jpg,public/wp-content/uploads/2013/06/pes-1024x682.jpg
/photos-from-bulgaria-2013/,http://www.flowersinthebarrelofagun.com/wp-content/uploads/2013/06/pes.jpg,public/wp-content/uploads/2013/06/pes.jpg
/photos-from-bulgaria-2013/,http://www.flowersinthebarrelofagun.com/wp-content/uploads/2013/06/piano-1024x682.jpg,public/wp-content/uploads/2013/06/piano-1024x682.jpg
/photos-from-bulgaria-2013/,http://www.flowersinthebarrelofagun.com/wp-content/uploads/2013/06/piano.jpg,public/wp-content/uploads/2013/06/piano.jpg
/photos-from-bulgaria-2013/,http://www.flowersinthebarrelofagun.com/wp-content/uploads/2013/06/rihanna-1024x682.jpg,public/wp-content/uploads/2013/06/rihanna-1024x682.jpg
/photos-from-bulgaria-2013/,http://www.flowersinthebarrelofagun.com/wp-content/uploads/2013/06/rihanna.jpg,public/wp-content/uploads/2013/06/rihanna.jpg
/photos-from-bulgaria-2013/,http://www.flowersinthebarrelofagun.com/wp-content/uploads/2013/06/shtastie-1024x682.jpg,public/wp-content/uploads/2013/06/shtastie-1024x682.jpg
/photos-from-bulgaria-2013/,http://www.flowersinthebarrelofagun.com/wp-content/uploads/2013/06/shtastie.jpg,public/wp-content/uploads/2013/06/shtastie.jpg
/photos-from-bulgaria-2013/,http://www.flowersinthebarrelofagun.com/wp-content/uploads/2013/06/sky-1024x682.jpg,public/wp-content/uploads/2013/06/sky-1024x682.jpg
/photos-from-bulgaria-2013/,http://www.flowersinthebarrelofagun.com/wp-content/uploads/2013/06/sky.jpg,public/wp-content/uploads/2013/06/sky.jpg
/photos-from-bulgaria-2013/,http://www.flowersinthebarrelofagun.com/wp-content/uploads/2013/06/smokebw-1024x682.jpg,public/wp-content/uploads/2013/06/smokebw-1024x682.jpg
/photos-from-bulgaria-2013/,http://www.flowersinthebarrelofagun.com/wp-content/uploads/2013/06/smokebw.jpg,public/wp-content/uploads/2013/06/smokebw.jpg
/pulp-radio-city-music-hall/,http://flowersinthebarrelofagun.files.wordpress.com/2012/04/2012-04-10-21-54-21.jpg,public/wp-content/uploads/2012/04/2012-04-10-21-54-21.jpg
/pulp-radio-city-music-hall/,http://flowersinthebarrelofagun.files.wordpress.com/2012/04/2012-04-10-22-41-44.jpg,public/wp-content/uploads/2012/04/2012-04-10-22-41-44.jpg
/s-residency-at-union-pool-dancing-is-the-best-revenge/,http://www.flowersinagun.com/wp-content/uploads/2016/11/DSC_0017.jpg,public/wp-content/uploads/2016/11/DSC_0017.jpg
/s-residency-at-union-pool-dancing-is-the-best-revenge/,http://www.flowersinagun.com/wp-content/uploads/2016/11/DSC_0044.jpg,public/wp-content/uploads/2016/11/DSC_0044.jpg
/s-residency-at-union-pool-dancing-is-the-best-revenge/,http://www.flowersinagun.com/wp-content/uploads/2016/11/DSC_0075.jpg,public/wp-content/uploads/2016/11/DSC_0075.jpg
/s-residency-at-union-pool-dancing-is-the-best-revenge/,http://www.flowersinagun.com/wp-content/uploads/2016/11/DSC_0084.jpg,public/wp-content/uploads/2016/11/DSC_0084.jpg
/s-residency-at-union-pool-dancing-is-the-best-revenge/,http://www.flowersinagun.com/wp-content/uploads/2016/11/DSC_0087.jpg,public/wp-content/uploads/2016/11/DSC_0087.jpg
/s-residency-at-union-pool-dancing-is-the-best-revenge/,http://www.flowersinagun.com/wp-content/uploads/2016/11/DSC_0099.jpg,public/wp-content/uploads/2016/11/DSC_0099.jpg
/s-residency-at-union-pool-dancing-is-the-best-revenge/,http://www.flowersinagun.com/wp-content/uploads/2016/11/DSC_9982.jpg,public/wp-content/uploads/2016/11/DSC_9982.jpg
/s-residency-at-union-pool-dancing-is-the-best-revenge/,http://www.flowersinagun.com/wp-content/uploads/2016/11/DSC_9985.jpg,public/wp-content/uploads/2016/11/DSC_9985.jpg
/s-residency-at-union-pool-dancing-is-the-best-revenge/,http://www.flowersinagun.com/wp-content/uploads/2016/11/DSC_9987.jpg,public/wp-content/uploads/2016/11/DSC_9987.jpg
/simon-field-with-a-new-vocal-house-track-gravity/,http://www.flowersinagun.com/wp-content/uploads/2014/12/Gravity-Single-CD-Cover.jpg,public/wp-content/uploads/2014/12/Gravity-Single-CD-Cover.jpg
/st-patricks-parade-nyc-2013/,http://www.flowersinagun.com/wp-content/uploads/2013/03/st23-150x150.jpg,public/wp-content/uploads/2013/03/st23-150x150.jpg
/st-patricks-parade-nyc-2013/,http://www.flowersinthebarrelofagun.com/wp-content/uploads/2013/03/st1-1024x682.jpg,public/wp-content/uploads/2013/03/st1-1024x682.jpg
/st-patricks-parade-nyc-2013/,http://www.flowersinthebarrelofagun.com/wp-content/uploads/2013/03/st1.jpg,public/wp-content/uploads/2013/03/st1.jpg
/st-patricks-parade-nyc-2013/,http://www.flowersinthebarrelofagun.com/wp-content/uploads/2013/03/st10-1024x682.jpg,public/wp-content/uploads/2013/03/st10-1024x682.jpg
/st-patricks-parade-nyc-2013/,http://www.flowersinthebarrelofagun.com/wp-content/uploads/2013/03/st10.jpg,public/wp-content/uploads/2013/03/st10.jpg
/st-patricks-parade-nyc-2013/,http://www.flowersinthebarrelofagun.com/wp-content/uploads/2013/03/st11-1024x682.jpg,public/wp-content/uploads/2013/03/st11-1024x682.jpg
/st-patricks-parade-nyc-2013/,http://www.flowersinthebarrelofagun.com/wp-content/uploads/2013/03/st11.jpg,public/wp-content/uploads/2013/03/st11.jpg
/st-patricks-parade-nyc-2013/,http://www.flowersinthebarrelofagun.com/wp-content/uploads/2013/03/st12-1024x682.jpg,public/wp-content/uploads/2013/03/st12-1024x682.jpg
/st-patricks-parade-nyc-2013/,http://www.flowersinthebarrelofagun.com/wp-content/uploads/2013/03/st12.jpg,public/wp-content/uploads/2013/03/st12.jpg
/st-patricks-parade-nyc-2013/,http://www.flowersinthebarrelofagun.com/wp-content/uploads/2013/03/st13-1024x682.jpg,public/wp-content/uploads/2013/03/st13-1024x682.jpg
/st-patricks-parade-nyc-2013/,http://www.flowersinthebarrelofagun.com/wp-content/uploads/2013/03/st13.jpg,public/wp-content/uploads/2013/03/st13.jpg
/st-patricks-parade-nyc-2013/,http://www.flowersinthebarrelofagun.com/wp-content/uploads/2013/03/st14-1024x682.jpg,public/wp-content/uploads/2013/03/st14-1024x682.jpg
/st-patricks-parade-nyc-2013/,http://www.flowersinthebarrelofagun.com/wp-content/uploads/2013/03/st14.jpg,public/wp-content/uploads/2013/03/st14.jpg
/st-patricks-parade-nyc-2013/,http://www.flowersinthebarrelofagun.com/wp-content/uploads/2013/03/st15-1024x682.jpg,public/wp-content/uploads/2013/03/st15-1024x682.jpg
/st-patricks-parade-nyc-2013/,http://www.flowersinthebarrelofagun.com/wp-content/uploads/2013/03/st15.jpg,public/wp-content/uploads/2013/03/st15.jpg
/st-patricks-parade-nyc-2013/,http://www.flowersinthebarrelofagun.com/wp-content/uploads/2013/03/st16-1024x682.jpg,public/wp-content/uploads/2013/03/st16-1024x682.jpg
/st-patricks-parade-nyc-2013/,http://www.flowersinthebarrelofagun.com/wp-content/uploads/2013/03/st16.jpg,public/wp-content/uploads/2013/03/st16.jpg
/st-patricks-parade-nyc-2013/,http://www.flowersinthebarrelofagun.com/wp-content/uploads/2013/03/st17-1024x682.jpg,public/wp-content/uploads/2013/03/st17-1024x682.jpg
/st-patricks-parade-nyc-2013/,http://www.flowersinthebarrelofagun.com/wp-content/uploads/2013/03/st17.jpg,public/wp-content/uploads/2013/03/st17.jpg
/st-patricks-parade-nyc-2013/,http://www.flowersinthebarrelofagun.com/wp-content/uploads/2013/03/st18-1024x682.jpg,public/wp-content/uploads/2013/03/st18-1024x682.jpg
/st-patricks-parade-nyc-2013/,http://www.flowersinthebarrelofagun.com/wp-content/uploads/2013/03/st18.jpg,public/wp-content/uploads/2013/03/st18.jpg
/st-patricks-parade-nyc-2013/,http://www.flowersinthebarrelofagun.com/wp-content/uploads/2013/03/st19-1024x682.jpg,public/wp-content/uploads/2013/03/st19-1024x682.jpg
/st-patricks-parade-nyc-2013/,http://www.flowersinthebarrelofagun.com/wp-content/uploads/2013/03/st19.jpg,public/wp-content/uploads/2013/03/st19.jpg
/st-patricks-parade-nyc-2013/,http://www.flowersinthebarrelofagun.com/wp-content/uploads/2013/03/st2-1024x682.jpg,public/wp-content/uploads/2013/03/st2-1024x682.jpg
/st-patricks-parade-nyc-2013/,http://www.flowersinthebarrelofagun.com/wp-content/uploads/2013/03/st2.jpg,public/wp-content/uploads/2013/03/st2.jpg
/st-patricks-parade-nyc-2013/,http://www.flowersinthebarrelofagun.com/wp-content/uploads/2013/03/st20-1024x682.jpg,public/wp-content/uploads/2013/03/st20-1024x682.jpg
/st-patricks-parade-nyc-2013/,http://www.flowersinthebarrelofagun.com/wp-content/uploads/2013/03/st20.jpg,public/wp-content/uploads/2013/03/st20.jpg
/st-patricks-parade-nyc-2013/,http://www.flowersinthebarrelofagun.com/wp-content/uploads/2013/03/st21-1024x682.jpg,public/wp-content/uploads/2013/03/st21-1024x682.jpg
/st-patricks-parade-nyc-2013/,http://www.flowersinthebarrelofagun.com/wp-content/uploads/2013/03/st21.jpg,public/wp-content/uploads/2013/03/st21.jpg
/st-patricks-parade-nyc-2013/,http://www.flowersinthebarrelofagun.com/wp-content/uploads/2013/03/st22-1024x682.jpg,public/wp-content/uploads/2013/03/st22-1024x682.jpg
/st-patricks-parade-nyc-2013/,http://www.flowersinthebarrelofagun.com/wp-content/uploads/2013/03/st22.jpg,public/wp-content/uploads/2013/03/st22.jpg
/st-patricks-parade-nyc-2013/,http://www.flowersinthebarrelofagun.com/wp-content/uploads/2013/03/st23-1024x682.jpg,public/wp-content/uploads/2013/03/st23-1024x682.jpg
/st-patricks-parade-nyc-2013/,http://www.flowersinthebarrelofagun.com/wp-content/uploads/2013/03/st23.jpg,public/wp-content/uploads/2013/03/st23.jpg
/st-patricks-parade-nyc-2013/,http://www.flowersinthebarrelofagun.com/wp-content/uploads/2013/03/st3-1024x682.jpg,public/wp-content/uploads/2013/03/st3-1024x682.jpg
/st-patricks-parade-nyc-2013/,http://www.flowersinthebarrelofagun.com/wp-content/uploads/2013/03/st3.jpg,public/wp-content/uploads/2013/03/st3.jpg
/st-patricks-parade-nyc-2013/,http://www.flowersinthebarrelofagun.com/wp-content/uploads/2013/03/st4-1024x682.jpg,public/wp-content/uploads/2013/03/st4-1024x682.jpg
/st-patricks-parade-nyc-2013/,http://www.flowersinthebarrelofagun.com/wp-content/uploads/2013/03/st4.jpg,public/wp-content/uploads/2013/03/st4.jpg
/st-patricks-parade-nyc-2013/,http://www.flowersinthebarrelofagun.com/wp-content/uploads/2013/03/st5-1024x682.jpg,public/wp-content/uploads/2013/03/st5-1024x682.jpg
/st-patricks-parade-nyc-2013/,http://www.flowersinthebarrelofagun.com/wp-content/uploads/2013/03/st5.jpg,public/wp-content/uploads/2013/03/st5.jpg
/st-patricks-parade-nyc-2013/,http://www.flowersinthebarrelofagun.com/wp-content/uploads/2013/03/st6-1024x682.jpg,public/wp-content/uploads/2013/03/st6-1024x682.jpg
/st-patricks-parade-nyc-2013/,http://www.flowersinthebarrelofagun.com/wp-content/uploads/2013/03/st6.jpg,public/wp-content/uploads/2013/03/st6.jpg
/st-patricks-parade-nyc-2013/,http://www.flowersinthebarrelofagun.com/wp-content/uploads/2013/03/st7-1024x682.jpg,public/wp-content/uploads/2013/03/st7-1024x682.jpg
/st-patricks-parade-nyc-2013/,http://www.flowersinthebarrelofagun.com/wp-content/uploads/2013/03/st7.jpg,public/wp-content/uploads/2013/03/st7.jpg
/st-patricks-parade-nyc-2013/,http://www.flowersinthebarrelofagun.com/wp-content/uploads/2013/03/st8-1024x682.jpg,public/wp-content/uploads/2013/03/st8-1024x682.jpg
/st-patricks-parade-nyc-2013/,http://www.flowersinthebarrelofagun.com/wp-content/uploads/2013/03/st8.jpg,public/wp-content/uploads/2013/03/st8.jpg
/st-patricks-parade-nyc-2013/,http://www.flowersinthebarrelofagun.com/wp-content/uploads/2013/03/st9-1024x682.jpg,public/wp-content/uploads/2013/03/st9-1024x682.jpg
/st-patricks-parade-nyc-2013/,http://www.flowersinthebarrelofagun.com/wp-content/uploads/2013/03/st9.jpg,public/wp-content/uploads/2013/03/st9.jpg
/swinging-holiday-party-with-vince-giordano-the-nighthawks-at-the-town-hall/,http://www.flowersinagun.com/wp-content/uploads/2014/12/holiday-swing-1-1024x682.jpg,public/wp-content/uploads/2014/12/holiday-swing-1-1024x682.jpg
/swinging-holiday-party-with-vince-giordano-the-nighthawks-at-the-town-hall/,http://www.flowersinagun.com/wp-content/uploads/2014/12/holiday-swing-1.jpg,public/wp-content/uploads/2014/12/holiday-swing-1.jpg
/swinging-holiday-party-with-vince-giordano-the-nighthawks-at-the-town-hall/,http://www.flowersinagun.com/wp-content/uploads/2014/12/holiday-swing-10-1024x682.jpg,public/wp-content/uploads/2014/12/holiday-swing-10-1024x682.jpg
/swinging-holiday-party-with-vince-giordano-the-nighthawks-at-the-town-hall/,http://www.flowersinagun.com/wp-content/uploads/2014/12/holiday-swing-10.jpg,public/wp-content/uploads/2014/12/holiday-swing-10.jpg
/swinging-holiday-party-with-vince-giordano-the-nighthawks-at-the-town-hall/,http://www.flowersinagun.com/wp-content/uploads/2014/12/holiday-swing-17-1024x682.jpg,public/wp-content/uploads/2014/12/holiday-swing-17-1024x682.jpg
/swinging-holiday-party-with-vince-giordano-the-nighthawks-at-the-town-hall/,http://www.flowersinagun.com/wp-content/uploads/2014/12/holiday-swing-17.jpg,public/wp-content/uploads/2014/12/holiday-swing-17.jpg
/swinging-holiday-party-with-vince-giordano-the-nighthawks-at-the-town-hall/,http://www.flowersinagun.com/wp-content/uploads/2014/12/holiday-swing-18-1024x682.jpg,public/wp-content/uploads/2014/12/holiday-swing-18-1024x682.jpg
/swinging-holiday-party-with-vince-giordano-the-nighthawks-at-the-town-hall/,http://www.flowersinagun.com/wp-content/uploads/2014/12/holiday-swing-18.jpg,public/wp-content/uploads/2014/12/holiday-swing-18.jpg
/swinging-holiday-party-with-vince-giordano-the-nighthawks-at-the-town-hall/,http://www.flowersinagun.com/wp-content/uploads/2014/12/holiday-swing-2-1024x682.jpg,public/wp-content/uploads/2014/12/holiday-swing-2-1024x682.jpg
/swinging-holiday-party-with-vince-giordano-the-nighthawks-at-the-town-hall/,http://www.flowersinagun.com/wp-content/uploads/2014/12/holiday-swing-2.jpg,public/wp-content/uploads/2014/12/holiday-swing-2.jpg
/swinging-holiday-party-with-vince-giordano-the-nighthawks-at-the-town-hall/,http://www.flowersinagun.com/wp-content/uploads/2014/12/holiday-swing-3-1024x682.jpg,public/wp-content/uploads/2014/12/holiday-swing-3-1024x682.jpg
/swinging-holiday-party-with-vince-giordano-the-nighthawks-at-the-town-hall/,http://www.flowersinagun.com/wp-content/uploads/2014/12/holiday-swing-3.jpg,public/wp-content/uploads/2014/12/holiday-swing-3.jpg
/swinging-holiday-party-with-vince-giordano-the-nighthawks-at-the-town-hall/,http://www.flowersinagun.com/wp-content/uploads/2014/12/holiday-swing-4-1024x682.jpg,public/wp-content/uploads/2014/12/holiday-swing-4-1024x682.jpg
/swinging-holiday-party-with-vince-giordano-the-nighthawks-at-the-town-hall/,http://www.flowersinagun.com/wp-content/uploads/2014/12/holiday-swing-4.jpg,public/wp-content/uploads/2014/12/holiday-swing-4.jpg
/swinging-holiday-party-with-vince-giordano-the-nighthawks-at-the-town-hall/,http://www.flowersinagun.com/wp-content/uploads/2014/12/holiday-swing-5-1024x682.jpg,public/wp-content/uploads/2014/12/holiday-swing-5-1024x682.jpg
/swinging-holiday-party-with-vince-giordano-the-nighthawks-at-the-town-hall/,http://www.flowersinagun.com/wp-content/uploads/2014/12/holiday-swing-5.jpg,public/wp-content/uploads/2014/12/holiday-swing-5.jpg
/swinging-holiday-party-with-vince-giordano-the-nighthawks-at-the-town-hall/,http://www.flowersinagun.com/wp-content/uploads/2014/12/holiday-swing-6-1024x682.jpg,public/wp-content/uploads/2014/12/holiday-swing-6-1024x682.jpg
/swinging-holiday-party-with-vince-giordano-the-nighthawks-at-the-town-hall/,http://www.flowersinagun.com/wp-content/uploads/2014/12/holiday-swing-6.jpg,public/wp-content/uploads/2014/12/holiday-swing-6.jpg
/swinging-holiday-party-with-vince-giordano-the-nighthawks-at-the-town-hall/,http://www.flowersinagun.com/wp-content/uploads/2014/12/holiday-swing-8-1024x682.jpg,public/wp-content/uploads/2014/12/holiday-swing-8-1024x682.jpg
/swinging-holiday-party-with-vince-giordano-the-nighthawks-at-the-town-hall/,http://www.flowersinagun.com/wp-content/uploads/2014/12/holiday-swing-8.jpg,public/wp-content/uploads/2014/12/holiday-swing-8.jpg
/tap-fever-with-michela-marino-lerman-group-at-dizzys-coca-cola-club/,http://www.flowersinagun.com/wp-content/uploads/2014/03/1.jpg,public/wp-content/uploads/2014/03/1.jpg
/tap-fever-with-michela-marino-lerman-group-at-dizzys-coca-cola-club/,http://www.flowersinagun.com/wp-content/uploads/2014/03/10.jpg,public/wp-content/uploads/2014/03/10.jpg
/tap-fever-with-michela-marino-lerman-group-at-dizzys-coca-cola-club/,http://www.flowersinagun.com/wp-content/uploads/2014/03/12.jpg,public/wp-content/uploads/2014/03/12.jpg
/tap-fever-with-michela-marino-lerman-group-at-dizzys-coca-cola-club/,http://www.flowersinagun.com/wp-content/uploads/2014/03/13.jpg,public/wp-content/uploads/2014/03/13.jpg
/tap-fever-with-michela-marino-lerman-group-at-dizzys-coca-cola-club/,http://www.flowersinagun.com/wp-content/uploads/2014/03/14.jpg,public/wp-content/uploads/2014/03/14.jpg
/tap-fever-with-michela-marino-lerman-group-at-dizzys-coca-cola-club/,http://www.flowersinagun.com/wp-content/uploads/2014/03/41.jpg,public/wp-content/uploads/2014/03/41.jpg
/tap-fever-with-michela-marino-lerman-group-at-dizzys-coca-cola-club/,http://www.flowersinagun.com/wp-content/uploads/2014/03/7.jpg,public/wp-content/uploads/2014/03/7.jpg
/the-bad-plus-at-the-jazz-standard-dark-and-beautiful/,http://www.flowersinagun.com/wp-content/uploads/2014/04/The-Bad-Plus-10.jpg,public/wp-content/uploads/2014/04/The-Bad-Plus-10.jpg
/the-bad-plus-at-the-jazz-standard-dark-and-beautiful/,http://www.flowersinagun.com/wp-content/uploads/2014/04/The-Bad-Plus-11.jpg,public/wp-content/uploads/2014/04/The-Bad-Plus-11.jpg
/the-bad-plus-at-the-jazz-standard-dark-and-beautiful/,http://www.flowersinagun.com/wp-content/uploads/2014/04/The-Bad-Plus-8.jpg,public/wp-content/uploads/2014/04/The-Bad-Plus-8.jpg
/the-book-of-esther-cd-release-party-at-steinway-hall/,http://www.flowersinagun.com/wp-content/uploads/2014/10/David-Homan-09-30-1-1024x682.jpg,public/wp-content/uploads/2014/10/David-Homan-09-30-1-1024x682.jpg
/the-book-of-esther-cd-release-party-at-steinway-hall/,http://www.flowersinagun.com/wp-content/uploads/2014/10/David-Homan-09-30-1.jpg,public/wp-content/uploads/2014/10/David-Homan-09-30-1.jpg
/the-book-of-esther-cd-release-party-at-steinway-hall/,http://www.flowersinagun.com/wp-content/uploads/2014/10/David-Homan-09-30-3-1024x682.jpg,public/wp-content/uploads/2014/10/David-Homan-09-30-3-1024x682.jpg
/the-book-of-esther-cd-release-party-at-steinway-hall/,http://www.flowersinagun.com/wp-content/uploads/2014/10/David-Homan-09-30-3.jpg,public/wp-content/uploads/2014/10/David-Homan-09-30-3.jpg
/the-book-of-esther-cd-release-party-at-steinway-hall/,http://www.flowersinagun.com/wp-content/uploads/2014/10/David-Homan-09-30-5-1024x682.jpg,public/wp-content/uploads/2014/10/David-Homan-09-30-5-1024x682.jpg
/the-book-of-esther-cd-release-party-at-steinway-hall/,http://www.flowersinagun.com/wp-content/uploads/2014/10/David-Homan-09-30-5.jpg,public/wp-content/uploads/2014/10/David-Homan-09-30-5.jpg
/the-book-of-esther-cd-release-party-at-steinway-hall/,http://www.flowersinagun.com/wp-content/uploads/2014/10/David-Homan-09-30-9-1024x682.jpg,public/wp-content/uploads/2014/10/David-Homan-09-30-9-1024x682.jpg
/the-book-of-esther-cd-release-party-at-steinway-hall/,http://www.flowersinagun.com/wp-content/uploads/2014/10/David-Homan-09-30-9.jpg,public/wp-content/uploads/2014/10/David-Homan-09-30-9.jpg
/the-horrors-release-new-album-v/,http://www.flowersinagun.com/wp-content/uploads/2017/10/unnamed-1.jpg,public/wp-content/uploads/2017/10/unnamed-1.jpg
/the-impecable-insanity-of-the-liza-colby-sound-arlenes-grocery/,http://www.flowersinagun.com/wp-content/uploads/2014/07/IMG_0347.jpg,public/wp-content/uploads/2014/07/IMG_0347.jpg
/the-impecable-insanity-of-the-liza-colby-sound-arlenes-grocery/,http://www.flowersinagun.com/wp-content/uploads/2014/07/IMG_0350.jpg,public/wp-content/uploads/2014/07/IMG_0350.jpg
/the-impecable-insanity-of-the-liza-colby-sound-arlenes-grocery/,http://www.flowersinagun.com/wp-content/uploads/2014/07/IMG_0353.jpg,public/wp-content/uploads/2014/07/IMG_0353.jpg
/the-impecable-insanity-of-the-liza-colby-sound-arlenes-grocery/,http://www.flowersinagun.com/wp-content/uploads/2014/07/IMG_0354.jpg,public/wp-content/uploads/2014/07/IMG_0354.jpg
/the-impecable-insanity-of-the-liza-colby-sound-arlenes-grocery/,http://www.flowersinagun.com/wp-content/uploads/2014/07/IMG_0355.jpg,public/wp-content/uploads/2014/07/IMG_0355.jpg
/the-impecable-insanity-of-the-liza-colby-sound-arlenes-grocery/,http://www.flowersinagun.com/wp-content/uploads/2014/07/IMG_0358.jpg,public/wp-content/uploads/2014/07/IMG_0358.jpg
/the-impecable-insanity-of-the-liza-colby-sound-arlenes-grocery/,http://www.flowersinagun.com/wp-content/uploads/2014/07/IMG_0359.jpg,public/wp-content/uploads/2014/07/IMG_0359.jpg
/the-impecable-insanity-of-the-liza-colby-sound-arlenes-grocery/,http://www.flowersinagun.com/wp-content/uploads/2014/07/IMG_0365.jpg,public/wp-content/uploads/2014/07/IMG_0365.jpg
/the-impecable-insanity-of-the-liza-colby-sound-arlenes-grocery/,http://www.flowersinagun.com/wp-content/uploads/2014/07/IMG_0380.jpg,public/wp-content/uploads/2014/07/IMG_0380.jpg
/the-impecable-insanity-of-the-liza-colby-sound-arlenes-grocery/,http://www.flowersinagun.com/wp-content/uploads/2014/07/IMG_0381.jpg,public/wp-content/uploads/2014/07/IMG_0381.jpg
/the-impecable-insanity-of-the-liza-colby-sound-arlenes-grocery/,http://www.flowersinagun.com/wp-content/uploads/2014/07/IMG_0386.jpg,public/wp-content/uploads/2014/07/IMG_0386.jpg
/the-impecable-insanity-of-the-liza-colby-sound-arlenes-grocery/,http://www.flowersinagun.com/wp-content/uploads/2014/07/IMG_0389.jpg,public/wp-content/uploads/2014/07/IMG_0389.jpg
/the-impecable-insanity-of-the-liza-colby-sound-arlenes-grocery/,http://www.flowersinagun.com/wp-content/uploads/2014/07/IMG_0390.jpg,public/wp-content/uploads/2014/07/IMG_0390.jpg
/the-impecable-insanity-of-the-liza-colby-sound-arlenes-grocery/,http://www.flowersinagun.com/wp-content/uploads/2014/07/IMG_0396.jpg,public/wp-content/uploads/2014/07/IMG_0396.jpg
/the-impecable-insanity-of-the-liza-colby-sound-arlenes-grocery/,http://www.flowersinagun.com/wp-content/uploads/2014/07/IMG_0406.jpg,public/wp-content/uploads/2014/07/IMG_0406.jpg
/the-impecable-insanity-of-the-liza-colby-sound-arlenes-grocery/,http://www.flowersinagun.com/wp-content/uploads/2014/07/IMG_0410.jpg,public/wp-content/uploads/2014/07/IMG_0410.jpg
/the-impecable-insanity-of-the-liza-colby-sound-arlenes-grocery/,http://www.flowersinagun.com/wp-content/uploads/2014/07/IMG_0412.jpg,public/wp-content/uploads/2014/07/IMG_0412.jpg
/the-impecable-insanity-of-the-liza-colby-sound-arlenes-grocery/,http://www.flowersinagun.com/wp-content/uploads/2014/07/IMG_0413.jpg,public/wp-content/uploads/2014/07/IMG_0413.jpg
/the-insurance-salesmen/,http://www.flowersinagun.com/wp-content/uploads/2014/03/unnamed-2.jpg,public/wp-content/uploads/2014/03/unnamed-2.jpg
/the-jeremy-pelt-show-presents-face-forward-jeremy-at-the-jazz-standard/,http://www.flowersinagun.com/wp-content/uploads/2014/04/Jeremy-Pelt-Show-1.jpg,public/wp-content/uploads/2014/04/Jeremy-Pelt-Show-1.jpg
/the-jeremy-pelt-show-presents-face-forward-jeremy-at-the-jazz-standard/,http://www.flowersinagun.com/wp-content/uploads/2014/04/Jeremy-Pelt-Show-11.jpg,public/wp-content/uploads/2014/04/Jeremy-Pelt-Show-11.jpg
/the-jeremy-pelt-show-presents-face-forward-jeremy-at-the-jazz-standard/,http://www.flowersinagun.com/wp-content/uploads/2014/04/Jeremy-Pelt-Show-23.jpg,public/wp-content/uploads/2014/04/Jeremy-Pelt-Show-23.jpg
/the-jeremy-pelt-show-presents-face-forward-jeremy-at-the-jazz-standard/,http://www.flowersinagun.com/wp-content/uploads/2014/04/Jeremy-Pelt-Show-3.jpg,public/wp-content/uploads/2014/04/Jeremy-Pelt-Show-3.jpg
/the-last-city-2/,http://www.flowersinagun.com/wp-content/uploads/2013/10/Album-Cover1.jpg,public/wp-content/uploads/2013/10/Album-Cover1.jpg
/the-legal-aid-society-second-annual-winter-benefit-012816/,http://www.flowersinagun.com/wp-content/uploads/2016/02/Legal-Aid-Society-Benefit-1.jpg,public/wp-content/uploads/2016/02/Legal-Aid-Society-Benefit-1.jpg
/the-legal-aid-society-second-annual-winter-benefit-012816/,http://www.flowersinagun.com/wp-content/uploads/2016/02/Legal-Aid-Society-Benefit-10.jpg,public/wp-content/uploads/2016/02/Legal-Aid-Society-Benefit-10.jpg
/the-legal-aid-society-second-annual-winter-benefit-012816/,http://www.flowersinagun.com/wp-content/uploads/2016/02/Legal-Aid-Society-Benefit-12.jpg,public/wp-content/uploads/2016/02/Legal-Aid-Society-Benefit-12.jpg
/the-legal-aid-society-second-annual-winter-benefit-012816/,http://www.flowersinagun.com/wp-content/uploads/2016/02/Legal-Aid-Society-Benefit-13.jpg,public/wp-content/uploads/2016/02/Legal-Aid-Society-Benefit-13.jpg
/the-legal-aid-society-second-annual-winter-benefit-012816/,http://www.flowersinagun.com/wp-content/uploads/2016/02/Legal-Aid-Society-Benefit-14.jpg,public/wp-content/uploads/2016/02/Legal-Aid-Society-Benefit-14.jpg
/the-legal-aid-society-second-annual-winter-benefit-012816/,http://www.flowersinagun.com/wp-content/uploads/2016/02/Legal-Aid-Society-Benefit-15.jpg,public/wp-content/uploads/2016/02/Legal-Aid-Society-Benefit-15.jpg
/the-legal-aid-society-second-annual-winter-benefit-012816/,http://www.flowersinagun.com/wp-content/uploads/2016/02/Legal-Aid-Society-Benefit-16.jpg,public/wp-content/uploads/2016/02/Legal-Aid-Society-Benefit-16.jpg
/the-legal-aid-society-second-annual-winter-benefit-012816/,http://www.flowersinagun.com/wp-content/uploads/2016/02/Legal-Aid-Society-Benefit-18.jpg,public/wp-content/uploads/2016/02/Legal-Aid-Society-Benefit-18.jpg
/the-legal-aid-society-second-annual-winter-benefit-012816/,http://www.flowersinagun.com/wp-content/uploads/2016/02/Legal-Aid-Society-Benefit-2.jpg,public/wp-content/uploads/2016/02/Legal-Aid-Society-Benefit-2.jpg
/the-legal-aid-society-second-annual-winter-benefit-012816/,http://www.flowersinagun.com/wp-content/uploads/2016/02/Legal-Aid-Society-Benefit-3.jpg,public/wp-content/uploads/2016/02/Legal-Aid-Society-Benefit-3.jpg
/the-legal-aid-society-second-annual-winter-benefit-012816/,http://www.flowersinagun.com/wp-content/uploads/2016/02/Legal-Aid-Society-Benefit-4.jpg,public/wp-content/uploads/2016/02/Legal-Aid-Society-Benefit-4.jpg
/the-legal-aid-society-second-annual-winter-benefit-012816/,http://www.flowersinagun.com/wp-content/uploads/2016/02/Legal-Aid-Society-Benefit-5.jpg,public/wp-content/uploads/2016/02/Legal-Aid-Society-Benefit-5.jpg
/the-legal-aid-society-second-annual-winter-benefit-012816/,http://www.flowersinagun.com/wp-content/uploads/2016/02/Legal-Aid-Society-Benefit-6.jpg,public/wp-content/uploads/2016/02/Legal-Aid-Society-Benefit-6.jpg
/the-legal-aid-society-second-annual-winter-benefit-012816/,http://www.flowersinagun.com/wp-content/uploads/2016/02/Legal-Aid-Society-Benefit-7.jpg,public/wp-content/uploads/2016/02/Legal-Aid-Society-Benefit-7.jpg
/the-legal-aid-society-second-annual-winter-benefit-012816/,http://www.flowersinagun.com/wp-content/uploads/2016/02/Legal-Aid-Society-Benefit-8.jpg,public/wp-content/uploads/2016/02/Legal-Aid-Society-Benefit-8.jpg
/the-legal-aid-society-second-annual-winter-benefit-012816/,http://www.flowersinagun.com/wp-content/uploads/2016/02/Legal-Aid-Society-Benefit-9.jpg,public/wp-content/uploads/2016/02/Legal-Aid-Society-Benefit-9.jpg
/the-new-winner-of-band-of-the-week-radio-radio-from-south-london/,http://www.flowersinagun.com/wp-content/uploads/2014/01/traffic.jpg,public/wp-content/uploads/2014/01/traffic.jpg
/the-ny-hot-jazz-festival-sets-players-club-on-fire-opa/,http://www.flowersinagun.com/wp-content/uploads/2014/05/NY-Hot-Jazz-Festival-2014-10-1024x682.jpg,public/wp-content/uploads/2014/05/NY-Hot-Jazz-Festival-2014-10-1024x682.jpg
/the-ny-hot-jazz-festival-sets-players-club-on-fire-opa/,http://www.flowersinagun.com/wp-content/uploads/2014/05/NY-Hot-Jazz-Festival-2014-10.jpg,public/wp-content/uploads/2014/05/NY-Hot-Jazz-Festival-2014-10.jpg
/the-ny-hot-jazz-festival-sets-players-club-on-fire-opa/,http://www.flowersinagun.com/wp-content/uploads/2014/05/NY-Hot-Jazz-Festival-2014-12-1024x682.jpg,public/wp-content/uploads/2014/05/NY-Hot-Jazz-Festival-2014-12-1024x682.jpg
/the-ny-hot-jazz-festival-sets-players-club-on-fire-opa/,http://www.flowersinagun.com/wp-content/uploads/2014/05/NY-Hot-Jazz-Festival-2014-12.jpg,public/wp-content/uploads/2014/05/NY-Hot-Jazz-Festival-2014-12.jpg
/the-ny-hot-jazz-festival-sets-players-club-on-fire-opa/,http://www.flowersinagun.com/wp-content/uploads/2014/05/NY-Hot-Jazz-Festival-2014-13-1024x682.jpg,public/wp-content/uploads/2014/05/NY-Hot-Jazz-Festival-2014-13-1024x682.jpg
/the-ny-hot-jazz-festival-sets-players-club-on-fire-opa/,http://www.flowersinagun.com/wp-content/uploads/2014/05/NY-Hot-Jazz-Festival-2014-13.jpg,public/wp-content/uploads/2014/05/NY-Hot-Jazz-Festival-2014-13.jpg
/the-ny-hot-jazz-festival-sets-players-club-on-fire-opa/,http://www.flowersinagun.com/wp-content/uploads/2014/05/NY-Hot-Jazz-Festival-2014-141-1024x682.jpg,public/wp-content/uploads/2014/05/NY-Hot-Jazz-Festival-2014-141-1024x682.jpg
/the-ny-hot-jazz-festival-sets-players-club-on-fire-opa/,http://www.flowersinagun.com/wp-content/uploads/2014/05/NY-Hot-Jazz-Festival-2014-141.jpg,public/wp-content/uploads/2014/05/NY-Hot-Jazz-Festival-2014-141.jpg
/the-ny-hot-jazz-festival-sets-players-club-on-fire-opa/,http://www.flowersinagun.com/wp-content/uploads/2014/05/NY-Hot-Jazz-Festival-2014-15-1024x682.jpg,public/wp-content/uploads/2014/05/NY-Hot-Jazz-Festival-2014-15-1024x682.jpg
/the-ny-hot-jazz-festival-sets-players-club-on-fire-opa/,http://www.flowersinagun.com/wp-content/uploads/2014/05/NY-Hot-Jazz-Festival-2014-15.jpg,public/wp-content/uploads/2014/05/NY-Hot-Jazz-Festival-2014-15.jpg
/the-ny-hot-jazz-festival-sets-players-club-on-fire-opa/,http://www.flowersinagun.com/wp-content/uploads/2014/05/NY-Hot-Jazz-Festival-2014-17-1024x682.jpg,public/wp-content/uploads/2014/05/NY-Hot-Jazz-Festival-2014-17-1024x682.jpg
/the-ny-hot-jazz-festival-sets-players-club-on-fire-opa/,http://www.flowersinagun.com/wp-content/uploads/2014/05/NY-Hot-Jazz-Festival-2014-17.jpg,public/wp-content/uploads/2014/05/NY-Hot-Jazz-Festival-2014-17.jpg
/the-ny-hot-jazz-festival-sets-players-club-on-fire-opa/,http://www.flowersinagun.com/wp-content/uploads/2014/05/NY-Hot-Jazz-Festival-2014-20-1024x682.jpg,public/wp-content/uploads/2014/05/NY-Hot-Jazz-Festival-2014-20-1024x682.jpg
/the-ny-hot-jazz-festival-sets-players-club-on-fire-opa/,http://www.flowersinagun.com/wp-content/uploads/2014/05/NY-Hot-Jazz-Festival-2014-20.jpg,public/wp-content/uploads/2014/05/NY-Hot-Jazz-Festival-2014-20.jpg
/the-ny-hot-jazz-festival-sets-players-club-on-fire-opa/,http://www.flowersinagun.com/wp-content/uploads/2014/05/NY-Hot-Jazz-Festival-2014-28-1024x682.jpg,public/wp-content/uploads/2014/05/NY-Hot-Jazz-Festival-2014-28-1024x682.jpg
/the-ny-hot-jazz-festival-sets-players-club-on-fire-opa/,http://www.flowersinagun.com/wp-content/uploads/2014/05/NY-Hot-Jazz-Festival-2014-28.jpg,public/wp-content/uploads/2014/05/NY-Hot-Jazz-Festival-2014-28.jpg
/the-ny-hot-jazz-festival-sets-players-club-on-fire-opa/,http://www.flowersinagun.com/wp-content/uploads/2014/05/NY-Hot-Jazz-Festival-2014-29-1024x682.jpg,public/wp-content/uploads/2014/05/NY-Hot-Jazz-Festival-2014-29-1024x682.jpg
/the-ny-hot-jazz-festival-sets-players-club-on-fire-opa/,http://www.flowersinagun.com/wp-content/uploads/2014/05/NY-Hot-Jazz-Festival-2014-29.jpg,public/wp-content/uploads/2014/05/NY-Hot-Jazz-Festival-2014-29.jpg
/the-ny-hot-jazz-festival-sets-players-club-on-fire-opa/,http://www.flowersinagun.com/wp-content/uploads/2014/05/NY-Hot-Jazz-Festival-2014-31-1024x682.jpg,public/wp-content/uploads/2014/05/NY-Hot-Jazz-Festival-2014-31-1024x682.jpg
/the-ny-hot-jazz-festival-sets-players-club-on-fire-opa/,http://www.flowersinagun.com/wp-content/uploads/2014/05/NY-Hot-Jazz-Festival-2014-31.jpg,public/wp-content/uploads/2014/05/NY-Hot-Jazz-Festival-2014-31.jpg
/the-ny-hot-jazz-festival-sets-players-club-on-fire-opa/,http://www.flowersinagun.com/wp-content/uploads/2014/05/NY-Hot-Jazz-Festival-2014-34-1024x682.jpg,public/wp-content/uploads/2014/05/NY-Hot-Jazz-Festival-2014-34-1024x682.jpg
/the-ny-hot-jazz-festival-sets-players-club-on-fire-opa/,http://www.flowersinagun.com/wp-content/uploads/2014/05/NY-Hot-Jazz-Festival-2014-34.jpg,public/wp-content/uploads/2014/05/NY-Hot-Jazz-Festival-2014-34.jpg
/the-ny-hot-jazz-festival-sets-players-club-on-fire-opa/,http://www.flowersinagun.com/wp-content/uploads/2014/05/NY-Hot-Jazz-Festival-2014-35-1024x682.jpg,public/wp-content/uploads/2014/05/NY-Hot-Jazz-Festival-2014-35-1024x682.jpg
/the-ny-hot-jazz-festival-sets-players-club-on-fire-opa/,http://www.flowersinagun.com/wp-content/uploads/2014/05/NY-Hot-Jazz-Festival-2014-35.jpg,public/wp-content/uploads/2014/05/NY-Hot-Jazz-Festival-2014-35.jpg
/the-ny-hot-jazz-festival-sets-players-club-on-fire-opa/,http://www.flowersinagun.com/wp-content/uploads/2014/05/NY-Hot-Jazz-Festival-2014-36-1024x682.jpg,public/wp-content/uploads/2014/05/NY-Hot-Jazz-Festival-2014-36-1024x682.jpg
/the-ny-hot-jazz-festival-sets-players-club-on-fire-opa/,http://www.flowersinagun.com/wp-content/uploads/2014/05/NY-Hot-Jazz-Festival-2014-36.jpg,public/wp-content/uploads/2014/05/NY-Hot-Jazz-Festival-2014-36.jpg
/the-ny-hot-jazz-festival-sets-players-club-on-fire-opa/,http://www.flowersinagun.com/wp-content/uploads/2014/05/NY-Hot-Jazz-Festival-2014-37-1024x682.jpg,public/wp-content/uploads/2014/05/NY-Hot-Jazz-Festival-2014-37-1024x682.jpg
/the-ny-hot-jazz-festival-sets-players-club-on-fire-opa/,http://www.flowersinagun.com/wp-content/uploads/2014/05/NY-Hot-Jazz-Festival-2014-37.jpg,public/wp-content/uploads/2014/05/NY-Hot-Jazz-Festival-2014-37.jpg
/the-ny-hot-jazz-festival-sets-players-club-on-fire-opa/,http://www.flowersinagun.com/wp-content/uploads/2014/05/NY-Hot-Jazz-Festival-2014-38-1024x682.jpg,public/wp-content/uploads/2014/05/NY-Hot-Jazz-Festival-2014-38-1024x682.jpg
/the-ny-hot-jazz-festival-sets-players-club-on-fire-opa/,http://www.flowersinagun.com/wp-content/uploads/2014/05/NY-Hot-Jazz-Festival-2014-38.jpg,public/wp-content/uploads/2014/05/NY-Hot-Jazz-Festival-2014-38.jpg
/the-ny-hot-jazz-festival-sets-players-club-on-fire-opa/,http://www.flowersinagun.com/wp-content/uploads/2014/05/NY-Hot-Jazz-Festival-2014-40-1024x682.jpg,public/wp-content/uploads/2014/05/NY-Hot-Jazz-Festival-2014-40-1024x682.jpg
/the-ny-hot-jazz-festival-sets-players-club-on-fire-opa/,http://www.flowersinagun.com/wp-content/uploads/2014/05/NY-Hot-Jazz-Festival-2014-40.jpg,public/wp-content/uploads/2014/05/NY-Hot-Jazz-Festival-2014-40.jpg
/the-ny-hot-jazz-festival-sets-players-club-on-fire-opa/,http://www.flowersinagun.com/wp-content/uploads/2014/05/NY-Hot-Jazz-Festival-2014-43-1024x682.jpg,public/wp-content/uploads/2014/05/NY-Hot-Jazz-Festival-2014-43-1024x682.jpg
/the-ny-hot-jazz-festival-sets-players-club-on-fire-opa/,http://www.flowersinagun.com/wp-content/uploads/2014/05/NY-Hot-Jazz-Festival-2014-43.jpg,public/wp-content/uploads/2014/05/NY-Hot-Jazz-Festival-2014-43.jpg
/the-ny-hot-jazz-festival-sets-players-club-on-fire-opa/,http://www.flowersinagun.com/wp-content/uploads/2014/05/NY-Hot-Jazz-Festival-2014-46-1024x682.jpg,public/wp-content/uploads/2014/05/NY-Hot-Jazz-Festival-2014-46-1024x682.jpg
/the-ny-hot-jazz-festival-sets-players-club-on-fire-opa/,http://www.flowersinagun.com/wp-content/uploads/2014/05/NY-Hot-Jazz-Festival-2014-46.jpg,public/wp-content/uploads/2014/05/NY-Hot-Jazz-Festival-2014-46.jpg
/the-ny-hot-jazz-festival-sets-players-club-on-fire-opa/,http://www.flowersinagun.com/wp-content/uploads/2014/05/NY-Hot-Jazz-Festival-2014-47-1024x682.jpg,public/wp-content/uploads/2014/05/NY-Hot-Jazz-Festival-2014-47-1024x682.jpg
/the-ny-hot-jazz-festival-sets-players-club-on-fire-opa/,http://www.flowersinagun.com/wp-content/uploads/2014/05/NY-Hot-Jazz-Festival-2014-47.jpg,public/wp-content/uploads/2014/05/NY-Hot-Jazz-Festival-2014-47.jpg
/the-ny-hot-jazz-festival-sets-players-club-on-fire-opa/,http://www.flowersinagun.com/wp-content/uploads/2014/05/NY-Hot-Jazz-Festival-2014-8-1024x682.jpg,public/wp-content/uploads/2014/05/NY-Hot-Jazz-Festival-2014-8-1024x682.jpg
/the-ny-hot-jazz-festival-sets-players-club-on-fire-opa/,http://www.flowersinagun.com/wp-content/uploads/2014/05/NY-Hot-Jazz-Festival-2014-8.jpg,public/wp-content/uploads/2014/05/NY-Hot-Jazz-Festival-2014-8.jpg
/the-smallest-creature-release-reboot-album-comes-out-soon/,http://www.flowersinagun.com/wp-content/uploads/2016/09/Group2-300x218.jpg,public/wp-content/uploads/2016/09/Group2-300x218.jpg
/the-smallest-creature-release-reboot-album-comes-out-soon/,http://www.flowersinagun.com/wp-content/uploads/2016/09/Group2.jpg,public/wp-content/uploads/2016/09/Group2.jpg
/the-smallest-creature-release-reboot-album-comes-out-soon/,http://www.flowersinagun.com/wp-content/uploads/2016/09/Jack-300x300.jpg,public/wp-content/uploads/2016/09/Jack-300x300.jpg
/the-smallest-creature-release-reboot-album-comes-out-soon/,http://www.flowersinagun.com/wp-content/uploads/2016/09/Jack.jpg,public/wp-content/uploads/2016/09/Jack.jpg
/the-smallest-creature-release-reboot-album-comes-out-soon/,http://www.flowersinagun.com/wp-content/uploads/2016/09/Stef-300x300.jpg,public/wp-content/uploads/2016/09/Stef-300x300.jpg
/the-smallest-creature-release-reboot-album-comes-out-soon/,http://www.flowersinagun.com/wp-content/uploads/2016/09/Stef.jpg,public/wp-content/uploads/2016/09/Stef.jpg
/the-smallest-creature-release-reboot-album-comes-out-soon/,http://www.flowersinagun.com/wp-content/uploads/2016/09/Steph-300x300.jpg,public/wp-content/uploads/2016/09/Steph-300x300.jpg
/the-smallest-creature-release-reboot-album-comes-out-soon/,http://www.flowersinagun.com/wp-content/uploads/2016/09/Steph.jpg,public/wp-content/uploads/2016/09/Steph.jpg
/the-smallest-creature-release-reboot-album-comes-out-soon/,http://www.flowersinagun.com/wp-content/uploads/2016/09/TsC_Sqr_Blck_Text-300x300.jpg,public/wp-content/uploads/2016/09/TsC_Sqr_Blck_Text-300x300.jpg
/the-smallest-creature-release-reboot-album-comes-out-soon/,http://www.flowersinagun.com/wp-content/uploads/2016/09/TsC_Sqr_Blck_Text.jpg,public/wp-content/uploads/2016/09/TsC_Sqr_Blck_Text.jpg
/the-smallest-creature-release-reboot-album-comes-out-soon/,http://www.flowersinagun.com/wp-content/uploads/2016/09/TsC_Wide_Wht-300x120.jpg,public/wp-content/uploads/2016/09/TsC_Wide_Wht-300x120.jpg
/the-smallest-creature-release-reboot-album-comes-out-soon/,http://www.flowersinagun.com/wp-content/uploads/2016/09/TsC_Wide_Wht.jpg,public/wp-content/uploads/2016/09/TsC_Wide_Wht.jpg
/the-society-islands-the-big-sleep/,http://www.flowersinagun.com/wp-content/uploads/2014/11/The-Society-Islands-CD-Cover.jpg,public/wp-content/uploads/2014/11/The-Society-Islands-CD-Cover.jpg
/the-society-islands-the-big-sleep/,http://www.flowersinagun.com/wp-content/uploads/2014/11/mirror.jpg,public/wp-content/uploads/2014/11/mirror.jpg
/thelvnguagethe-textiles-at-pianos/,http://www.flowersinagun.com/wp-content/uploads/2017/02/IMG_0124-1.jpg,public/wp-content/uploads/2017/02/IMG_0124-1.jpg
/thelvnguagethe-textiles-at-pianos/,http://www.flowersinagun.com/wp-content/uploads/2017/02/IMG_0126-1.jpg,public/wp-content/uploads/2017/02/IMG_0126-1.jpg
/thelvnguagethe-textiles-at-pianos/,http://www.flowersinagun.com/wp-content/uploads/2017/02/IMG_0132-1.jpg,public/wp-content/uploads/2017/02/IMG_0132-1.jpg
/thelvnguagethe-textiles-at-pianos/,http://www.flowersinagun.com/wp-content/uploads/2017/02/IMG_0134-1.jpg,public/wp-content/uploads/2017/02/IMG_0134-1.jpg
/thelvnguagethe-textiles-at-pianos/,http://www.flowersinagun.com/wp-content/uploads/2017/02/IMG_0137-1.jpg,public/wp-content/uploads/2017/02/IMG_0137-1.jpg
/thelvnguagethe-textiles-at-pianos/,http://www.flowersinagun.com/wp-content/uploads/2017/02/IMG_0141.jpg,public/wp-content/uploads/2017/02/IMG_0141.jpg
/thelvnguagethe-textiles-at-pianos/,http://www.flowersinagun.com/wp-content/uploads/2017/02/IMG_0143.jpg,public/wp-content/uploads/2017/02/IMG_0143.jpg
/thelvnguagethe-textiles-at-pianos/,http://www.flowersinagun.com/wp-content/uploads/2017/02/IMG_0146.jpg,public/wp-content/uploads/2017/02/IMG_0146.jpg
/thelvnguagethe-textiles-at-pianos/,http://www.flowersinagun.com/wp-content/uploads/2017/02/IMG_0149.jpg,public/wp-content/uploads/2017/02/IMG_0149.jpg
/tonights-flick-graphic-sexual-terror/,http://flowersinthebarrelofagun.files.wordpress.com/2012/04/10.png,public/wp-content/uploads/2012/04/10.png
/tonights-flick-graphic-sexual-terror/,http://flowersinthebarrelofagun.files.wordpress.com/2012/04/11.png,public/wp-content/uploads/2012/04/11.png
/tonights-flick-graphic-sexual-terror/,http://flowersinthebarrelofagun.files.wordpress.com/2012/04/beg.png,public/wp-content/uploads/2012/04/beg.png
/tonights-flick-graphic-sexual-terror/,http://flowersinthebarrelofagun.files.wordpress.com/2012/04/f.png,public/wp-content/uploads/2012/04/f.png
/tonights-flick-graphic-sexual-terror/,http://flowersinthebarrelofagun.files.wordpress.com/2012/04/untitled.png,public/wp-content/uploads/2012/04/untitled.png
/urban-saints/,http://www.flowersinagun.com/wp-content/uploads/2012/11/meow-150x150.jpg,public/wp-content/uploads/2012/11/meow-150x150.jpg
/urban-saints/,http://www.flowersinthebarrelofagun.com/wp-content/uploads/2012/11/231170_374857112605087_1047934489_n-180x300.jpg,public/wp-content/uploads/2012/11/231170_374857112605087_1047934489_n-180x300.jpg
/urban-saints/,http://www.flowersinthebarrelofagun.com/wp-content/uploads/2012/11/231170_374857112605087_1047934489_n.jpg,public/wp-content/uploads/2012/11/231170_374857112605087_1047934489_n.jpg
/urban-saints/,http://www.flowersinthebarrelofagun.com/wp-content/uploads/2012/11/3549_361693427254789_1535507300_n-180x300.jpg,public/wp-content/uploads/2012/11/3549_361693427254789_1535507300_n-180x300.jpg
/urban-saints/,http://www.flowersinthebarrelofagun.com/wp-content/uploads/2012/11/3549_361693427254789_1535507300_n.jpg,public/wp-content/uploads/2012/11/3549_361693427254789_1535507300_n.jpg
/urban-saints/,http://www.flowersinthebarrelofagun.com/wp-content/uploads/2012/11/383490_361693440588121_507476671_n-180x300.jpg,public/wp-content/uploads/2012/11/383490_361693440588121_507476671_n-180x300.jpg
/urban-saints/,http://www.flowersinthebarrelofagun.com/wp-content/uploads/2012/11/383490_361693440588121_507476671_n.jpg,public/wp-content/uploads/2012/11/383490_361693440588121_507476671_n.jpg
/urban-saints/,http://www.flowersinthebarrelofagun.com/wp-content/uploads/2012/11/403654_361693220588143_762583475_n-180x300.jpg,public/wp-content/uploads/2012/11/403654_361693220588143_762583475_n-180x300.jpg
/urban-saints/,http://www.flowersinthebarrelofagun.com/wp-content/uploads/2012/11/403654_361693220588143_762583475_n.jpg,public/wp-content/uploads/2012/11/403654_361693220588143_762583475_n.jpg
/urban-saints/,http://www.flowersinthebarrelofagun.com/wp-content/uploads/2012/11/420928_361693270588138_1603383700_n-180x300.jpg,public/wp-content/uploads/2012/11/420928_361693270588138_1603383700_n-180x300.jpg
/urban-saints/,http://www.flowersinthebarrelofagun.com/wp-content/uploads/2012/11/420928_361693270588138_1603383700_n.jpg,public/wp-content/uploads/2012/11/420928_361693270588138_1603383700_n.jpg
/urban-saints/,http://www.flowersinthebarrelofagun.com/wp-content/uploads/2012/11/421072_361692847254847_708299083_n-180x300.jpg,public/wp-content/uploads/2012/11/421072_361692847254847_708299083_n-180x300.jpg
/urban-saints/,http://www.flowersinthebarrelofagun.com/wp-content/uploads/2012/11/421072_361692847254847_708299083_n.jpg,public/wp-content/uploads/2012/11/421072_361692847254847_708299083_n.jpg
/urban-saints/,http://www.flowersinthebarrelofagun.com/wp-content/uploads/2012/11/557637_361693587254773_154350012_n-180x300.jpg,public/wp-content/uploads/2012/11/557637_361693587254773_154350012_n-180x300.jpg
/urban-saints/,http://www.flowersinthebarrelofagun.com/wp-content/uploads/2012/11/557637_361693587254773_154350012_n.jpg,public/wp-content/uploads/2012/11/557637_361693587254773_154350012_n.jpg
/urban-saints/,http://www.flowersinthebarrelofagun.com/wp-content/uploads/2012/11/579083_361698003920998_1015104850_n-180x300.jpg,public/wp-content/uploads/2012/11/579083_361698003920998_1015104850_n-180x300.jpg
/urban-saints/,http://www.flowersinthebarrelofagun.com/wp-content/uploads/2012/11/579083_361698003920998_1015104850_n.jpg,public/wp-content/uploads/2012/11/579083_361698003920998_1015104850_n.jpg
/urban-saints/,http://www.flowersinthebarrelofagun.com/wp-content/uploads/2012/11/581556_361693200588145_180284650_n-180x300.jpg,public/wp-content/uploads/2012/11/581556_361693200588145_180284650_n-180x300.jpg
/urban-saints/,http://www.flowersinthebarrelofagun.com/wp-content/uploads/2012/11/581556_361693200588145_180284650_n.jpg,public/wp-content/uploads/2012/11/581556_361693200588145_180284650_n.jpg
/urban-saints/,http://www.flowersinthebarrelofagun.com/wp-content/uploads/2012/11/meow.jpg,public/wp-content/uploads/2012/11/meow.jpg
/video-interview-with-danish-band-fortress-for-flowers-in-a-gun/,http://www.flowersinagun.com/wp-content/uploads/2014/04/fortress.jpg,public/wp-content/uploads/2014/04/fortress.jpg
/warren-wolf-the-wolfpack-at-smoke-jazz-club/,http://www.flowersinagun.com/wp-content/uploads/2014/09/Warren-Wolf-1-682x1024.jpg,public/wp-content/uploads/2014/09/Warren-Wolf-1-682x1024.jpg
/warren-wolf-the-wolfpack-at-smoke-jazz-club/,http://www.flowersinagun.com/wp-content/uploads/2014/09/Warren-Wolf-1.jpg,public/wp-content/uploads/2014/09/Warren-Wolf-1.jpg
/warren-wolf-the-wolfpack-at-smoke-jazz-club/,http://www.flowersinagun.com/wp-content/uploads/2014/09/Warren-Wolf-2-1024x682.jpg,public/wp-content/uploads/2014/09/Warren-Wolf-2-1024x682.jpg
/warren-wolf-the-wolfpack-at-smoke-jazz-club/,http://www.flowersinagun.com/wp-content/uploads/2014/09/Warren-Wolf-2.jpg,public/wp-content/uploads/2014/09/Warren-Wolf-2.jpg
/warren-wolf-the-wolfpack-at-smoke-jazz-club/,http://www.flowersinagun.com/wp-content/uploads/2014/09/Warren-Wolf-3-1024x682.jpg,public/wp-content/uploads/2014/09/Warren-Wolf-3-1024x682.jpg
/warren-wolf-the-wolfpack-at-smoke-jazz-club/,http://www.flowersinagun.com/wp-content/uploads/2014/09/Warren-Wolf-3.jpg,public/wp-content/uploads/2014/09/Warren-Wolf-3.jpg
/warren-wolf-the-wolfpack-at-smoke-jazz-club/,http://www.flowersinagun.com/wp-content/uploads/2014/09/Warren-Wolf-5-682x1024.jpg,public/wp-content/uploads/2014/09/Warren-Wolf-5-682x1024.jpg
/warren-wolf-the-wolfpack-at-smoke-jazz-club/,http://www.flowersinagun.com/wp-content/uploads/2014/09/Warren-Wolf-5.jpg,public/wp-content/uploads/2014/09/Warren-Wolf-5.jpg
/william-parkers-yes-i-dream-of-freedom-in-memory-of-martin-luther-king/,https://www.flowersinagun.com/wp-content/uploads/2015/01/William-Parker-1-1024x682.jpg,public/wp-content/uploads/2015/01/William-Parker-1-1024x682.jpg
/william-parkers-yes-i-dream-of-freedom-in-memory-of-martin-luther-king/,https://www.flowersinagun.com/wp-content/uploads/2015/01/William-Parker-1.jpg,public/wp-content/uploads/2015/01/William-Parker-1.jpg
/william-parkers-yes-i-dream-of-freedom-in-memory-of-martin-luther-king/,https://www.flowersinagun.com/wp-content/uploads/2015/01/William-Parker-11-682x1024.jpg,public/wp-content/uploads/2015/01/William-Parker-11-682x1024.jpg
/william-parkers-yes-i-dream-of-freedom-in-memory-of-martin-luther-king/,https://www.flowersinagun.com/wp-content/uploads/2015/01/William-Parker-11.jpg,public/wp-content/uploads/2015/01/William-Parker-11.jpg
/william-parkers-yes-i-dream-of-freedom-in-memory-of-martin-luther-king/,https://www.flowersinagun.com/wp-content/uploads/2015/01/William-Parker-12-1024x682.jpg,public/wp-content/uploads/2015/01/William-Parker-12-1024x682.jpg
/william-parkers-yes-i-dream-of-freedom-in-memory-of-martin-luther-king/,https://www.flowersinagun.com/wp-content/uploads/2015/01/William-Parker-12.jpg,public/wp-content/uploads/2015/01/William-Parker-12.jpg
/william-parkers-yes-i-dream-of-freedom-in-memory-of-martin-luther-king/,https://www.flowersinagun.com/wp-content/uploads/2015/01/William-Parker-15-1024x682.jpg,public/wp-content/uploads/2015/01/William-Parker-15-1024x682.jpg
/william-parkers-yes-i-dream-of-freedom-in-memory-of-martin-luther-king/,https://www.flowersinagun.com/wp-content/uploads/2015/01/William-Parker-15.jpg,public/wp-content/uploads/2015/01/William-Parker-15.jpg
/william-parkers-yes-i-dream-of-freedom-in-memory-of-martin-luther-king/,https://www.flowersinagun.com/wp-content/uploads/2015/01/William-Parker-18-1024x682.jpg,public/wp-content/uploads/2015/01/William-Parker-18-1024x682.jpg
/william-parkers-yes-i-dream-of-freedom-in-memory-of-martin-luther-king/,https://www.flowersinagun.com/wp-content/uploads/2015/01/William-Parker-18.jpg,public/wp-content/uploads/2015/01/William-Parker-18.jpg
/william-parkers-yes-i-dream-of-freedom-in-memory-of-martin-luther-king/,https://www.flowersinagun.com/wp-content/uploads/2015/01/William-Parker-19-1024x682.jpg,public/wp-content/uploads/2015/01/William-Parker-19-1024x682.jpg
/william-parkers-yes-i-dream-of-freedom-in-memory-of-martin-luther-king/,https://www.flowersinagun.com/wp-content/uploads/2015/01/William-Parker-19.jpg,public/wp-content/uploads/2015/01/William-Parker-19.jpg
/william-parkers-yes-i-dream-of-freedom-in-memory-of-martin-luther-king/,https://www.flowersinagun.com/wp-content/uploads/2015/01/William-Parker-6-1024x682.jpg,public/wp-content/uploads/2015/01/William-Parker-6-1024x682.jpg
/william-parkers-yes-i-dream-of-freedom-in-memory-of-martin-luther-king/,https://www.flowersinagun.com/wp-content/uploads/2015/01/William-Parker-6.jpg,public/wp-content/uploads/2015/01/William-Parker-6.jpg
/william-parkers-yes-i-dream-of-freedom-in-memory-of-martin-luther-king/,https://www.flowersinagun.com/wp-content/uploads/2015/01/William-Parker-9-1024x682.jpg,public/wp-content/uploads/2015/01/William-Parker-9-1024x682.jpg
/william-parkers-yes-i-dream-of-freedom-in-memory-of-martin-luther-king/,https://www.flowersinagun.com/wp-content/uploads/2015/01/William-Parker-9.jpg,public/wp-content/uploads/2015/01/William-Parker-9.jpg
/winter-jazzfest-2015/,http://www.flowersinagun.com/wp-content/uploads/2015/01/NYCWJF-1.jpg,public/wp-content/uploads/2015/01/NYCWJF-1.jpg
/winter-jazzfest-2015/,http://www.flowersinagun.com/wp-content/uploads/2015/01/NYCWJF-12-2.jpg,public/wp-content/uploads/2015/01/NYCWJF-12-2.jpg
/winter-jazzfest-2015/,http://www.flowersinagun.com/wp-content/uploads/2015/01/NYCWJF-13.jpg,public/wp-content/uploads/2015/01/NYCWJF-13.jpg
/winter-jazzfest-2015/,http://www.flowersinagun.com/wp-content/uploads/2015/01/NYCWJF-14.jpg,public/wp-content/uploads/2015/01/NYCWJF-14.jpg
/winter-jazzfest-2015/,http://www.flowersinagun.com/wp-content/uploads/2015/01/NYCWJF-15.jpg,public/wp-content/uploads/2015/01/NYCWJF-15.jpg
/winter-jazzfest-2015/,http://www.flowersinagun.com/wp-content/uploads/2015/01/NYCWJF-17-2.jpg,public/wp-content/uploads/2015/01/NYCWJF-17-2.jpg
/winter-jazzfest-2015/,http://www.flowersinagun.com/wp-content/uploads/2015/01/NYCWJF-17.jpg,public/wp-content/uploads/2015/01/NYCWJF-17.jpg
/winter-jazzfest-2015/,http://www.flowersinagun.com/wp-content/uploads/2015/01/NYCWJF-19-2.jpg,public/wp-content/uploads/2015/01/NYCWJF-19-2.jpg
/winter-jazzfest-2015/,http://www.flowersinagun.com/wp-content/uploads/2015/01/NYCWJF-19.jpg,public/wp-content/uploads/2015/01/NYCWJF-19.jpg
/winter-jazzfest-2015/,http://www.flowersinagun.com/wp-content/uploads/2015/01/NYCWJF-20-2.jpg,public/wp-content/uploads/2015/01/NYCWJF-20-2.jpg
/winter-jazzfest-2015/,http://www.flowersinagun.com/wp-content/uploads/2015/01/NYCWJF-20.jpg,public/wp-content/uploads/2015/01/NYCWJF-20.jpg
/winter-jazzfest-2015/,http://www.flowersinagun.com/wp-content/uploads/2015/01/NYCWJF-21.jpg,public/wp-content/uploads/2015/01/NYCWJF-21.jpg
/winter-jazzfest-2015/,http://www.flowersinagun.com/wp-content/uploads/2015/01/NYCWJF-23-2.jpg,public/wp-content/uploads/2015/01/NYCWJF-23-2.jpg
/winter-jazzfest-2015/,http://www.flowersinagun.com/wp-content/uploads/2015/01/NYCWJF-23.jpg,public/wp-content/uploads/2015/01/NYCWJF-23.jpg
/winter-jazzfest-2015/,http://www.flowersinagun.com/wp-content/uploads/2015/01/NYCWJF-24-2.jpg,public/wp-content/uploads/2015/01/NYCWJF-24-2.jpg
/winter-jazzfest-2015/,http://www.flowersinagun.com/wp-content/uploads/2015/01/NYCWJF-25-2.jpg,public/wp-content/uploads/2015/01/NYCWJF-25-2.jpg
/winter-jazzfest-2015/,http://www.flowersinagun.com/wp-content/uploads/2015/01/NYCWJF-25.jpg,public/wp-content/uploads/2015/01/NYCWJF-25.jpg
/winter-jazzfest-2015/,http://www.flowersinagun.com/wp-content/uploads/2015/01/NYCWJF-26.jpg,public/wp-content/uploads/2015/01/NYCWJF-26.jpg
/winter-jazzfest-2015/,http://www.flowersinagun.com/wp-content/uploads/2015/01/NYCWJF-27-2.jpg,public/wp-content/uploads/2015/01/NYCWJF-27-2.jpg
/winter-jazzfest-2015/,http://www.flowersinagun.com/wp-content/uploads/2015/01/NYCWJF-27.jpg,public/wp-content/uploads/2015/01/NYCWJF-27.jpg
/winter-jazzfest-2015/,http://www.flowersinagun.com/wp-content/uploads/2015/01/NYCWJF-28.jpg,public/wp-content/uploads/2015/01/NYCWJF-28.jpg
/winter-jazzfest-2015/,http://www.flowersinagun.com/wp-content/uploads/2015/01/NYCWJF-33.jpg,public/wp-content/uploads/2015/01/NYCWJF-33.jpg
/winter-jazzfest-2015/,http://www.flowersinagun.com/wp-content/uploads/2015/01/NYCWJF-38.jpg,public/wp-content/uploads/2015/01/NYCWJF-38.jpg
/winter-jazzfest-2015/,http://www.flowersinagun.com/wp-content/uploads/2015/01/NYCWJF-42.jpg,public/wp-content/uploads/2015/01/NYCWJF-42.jpg
/winter-jazzfest-2015/,http://www.flowersinagun.com/wp-content/uploads/2015/01/NYCWJF-47.jpg,public/wp-content/uploads/2015/01/NYCWJF-47.jpg
/winter-jazzfest-2015/,http://www.flowersinagun.com/wp-content/uploads/2015/01/NYCWJF-49.jpg,public/wp-content/uploads/2015/01/NYCWJF-49.jpg
/winter-jazzfest-2015/,http://www.flowersinagun.com/wp-content/uploads/2015/01/NYCWJF-8-2.jpg,public/wp-content/uploads/2015/01/NYCWJF-8-2.jpg
/winter-jazzfest-2015/,http://www.flowersinagun.com/wp-content/uploads/2015/01/NYCWJF-8.jpg,public/wp-content/uploads/2015/01/NYCWJF-8.jpg
/winter-jazzfest-2015/,http://www.flowersinagun.com/wp-content/uploads/2015/01/NYCWJF-9-2.jpg,public/wp-content/uploads/2015/01/NYCWJF-9-2.jpg
/winter-jazzfest-2015/,http://www.flowersinagun.com/wp-content/uploads/2015/01/untitled-1.jpg,public/wp-content/uploads/2015/01/untitled-1.jpg
/winter-jazzfest-2015/,http://www.flowersinagun.com/wp-content/uploads/2015/01/untitled-2.jpg,public/wp-content/uploads/2015/01/untitled-2.jpg
/winter-jazzfest-2015/,http://www.flowersinagun.com/wp-content/uploads/2015/01/untitled-3.jpg,public/wp-content/uploads/2015/01/untitled-3.jpg
