key,type,original,mimetype,captures,first_ts,last_ts,candidates
flowersinagun.com/10yr-cleansing-tour-prison-upon-a-burning-body-suicide-silence-at-brooklyn-bazaar,article_or_page,http://www.flowersinagun.com:80/10yr-cleansing-tour-prison-upon-a-burning-body-suicide-silence-at-brooklyn-bazaar/,text/html,1,20171226085102,20171226085102,20171226085102
flowersinagun.com/12-muse-of-the-brighton-bathhouse,article_or_page,https://www.flowersinagun.com/12-muse-of-the-brighton-bathhouse/,text/html,3,20150713225558,20230627042202,20230627042202 20160324091220 20150713225558
flowersinagun.com/30-years-sepultura-webster-hall,article_or_page,http://www.flowersinagun.com/30-years-sepultura-webster-hall/,text/html,1,20150922034633,20150922034633,20150922034633
flowersinagun.com/5-songs-of-2014,article_or_page,http://www.flowersinagun.com:80/5-songs-of-2014/,text/html,1,20150310114005,20150310114005,20150310114005
flowersinagun.com/a-moment-with-spirit-of,article_or_page,https://www.flowersinagun.com/a-moment-with-spirit-of/,text/html,2,20190516091643,20190623083648,20190623083648 20190516091643
flowersinagun.com/about,article_or_page,https://www.flowersinagun.com/about/,text/html,38,20130930065616,20240409203707,20240409203707 20231223233723 20231204192244 20230605133840 20230519042257 20211019122943 20190809193350 20190623085549 20190603154439 20190516120855 20190403140521 20190201080246 20181202003934 20181130211407 20180930000015
flowersinagun.com/ajay-mathurs-world-americana-in-9-to-3,article_or_page,http://www.flowersinagun.com/ajay-mathurs-world-americana-in-9-to-3/,text/html,1,20161107053947,20161107053947,20161107053947
flowersinagun.com/alice-sungurov-releases-debut-video,article_or_page,http://www.flowersinagun.com/alice-sungurov-releases-debut-video/,text/html,2,20150212182629,20151017040857,20151017040857 20150212182629
flowersinagun.com/alt-j-dissolve-me-song-review,article_or_page,http://www.flowersinagun.com/alt-j-dissolve-me-song-review/,text/html,1,20160310200955,20160310200955,20160310200955
flowersinagun.com/alzheimers-association-rita-hayworth-gala-30th-anniversary-at-waldorf-astoria,article_or_page,http://www.flowersinagun.com:80/alzheimers-association-rita-hayworth-gala-30th-anniversary-at-waldorf-astoria/,text/html,1,20131114003112,20131114003112,20131114003112
flowersinagun.com/andrea-remordini,article_or_page,http://www.flowersinagun.com/andrea-remordini/,text/html,1,20160310133759,20160310133759,20160310133759
flowersinagun.com/andy-michaels-eclectic-revisited-has-bits-for-every-music-fan,article_or_page,https://www.flowersinagun.com/andy-michaels-eclectic-revisited-has-bits-for-every-music-fan/,text/html,2,20190516092437,20190623083548,20190623083548 20190516092437
flowersinagun.com/austeya,article_or_page,http://www.flowersinagun.com/austeya/,text/html,1,20130926232344,20130926232344,20130926232344
flowersinagun.com/autoktronix-noise-from-the-dessert,article_or_page,https://www.flowersinagun.com/autoktronix-noise-from-the-dessert/,text/html,10,20141105175624,20230812211611,20230812211611 20230605133841 20211019175122 20200614034242 20200318195346 20181119063145 20170909142031 20170210222431 20160307062604 20141105175624
flowersinagun.com/autumn-in-central-park,article_or_page,http://www.flowersinagun.com:80/autumn-in-central-park/,text/html,2,20131114003118,20150713013408,20150713013408 20131114003118
flowersinagun.com/azar-lawrence-plays-a-love-supreme-at-jazz-standard,article_or_page,http://www.flowersinagun.com/azar-lawrence-plays-a-love-supreme-at-jazz-standard/,text/html,2,20150310114011,20160811105312,20160811105312 20150310114011
flowersinagun.com/balkansky-brat,article_or_page,http://www.flowersinagun.com:80/balkansky-brat/,text/html,1,20150713013256,20150713013256,20150713013256
flowersinagun.com/band-of-the-week,article_or_page,http://www.flowersinagun.com/band-of-the-week/,text/html,1,20160828124049,20160828124049,20160828124049
flowersinagun.com/band-of-the-week-hall-of-fame,article_or_page,https://www.flowersinagun.com/band-of-the-week-hall-of-fame/,text/html,26,20140203095754,20230606042939,20230606042939 20211019185924 20190809195122 20190623085928 20190603154233 20190516104532 20190403140741 20190201075720 20181202003155 20181130212350 20180930000025 20180126163842 20180103072246 20171103022424 20160822153419
flowersinagun.com/band-of-the-week-sweet-fix,article_or_page,http://www.flowersinagun.com/band-of-the-week-sweet-fix/,text/html,1,20150212130532,20150212130532,20150212130532
flowersinagun.com/ben-frost-brings-violent-darkness-to-the-wick,article_or_page,http://www.flowersinagun.com/ben-frost-brings-violent-darkness-to-the-wick/,text/html,1,20150212180346,20150212180346,20150212180346
flowersinagun.com/bette-midlers-hulaween-party-at-waldorf-astoria,article_or_page,http://www.flowersinagun.com:80/bette-midlers-hulaween-party-at-waldorf-astoria/,text/html,4,20131114003123,20151031092253,20151031092253 20151001044010 20150929194300 20131114003123
flowersinagun.com/bieber-or-morbid-angel-first,article_or_page,http://www.flowersinagun.com:80/bieber-or-morbid-angel-first/,text/html,2,20170804112524,20171019105946,20171019105946 20170804112524
flowersinagun.com/billy-roberts-and-the-rough-riders-takes-alternatively-country-on-the-last-of-the-originals,article_or_page,http://www.flowersinagun.com:80/billy-roberts-and-the-rough-riders-takes-alternatively-country-on-the-last-of-the-originals/,text/html,2,20150212170609,20150310114026,20150310114026 20150212170609
flowersinagun.com/bitters-kiss-captivating-female-vocals-from-new-jersey,article_or_page,http://www.flowersinagun.com:80/bitters-kiss-captivating-female-vocals-from-new-jersey/,text/html,1,20150912075435,20150912075435,20150912075435
flowersinagun.com/blonde-redhead-bowery-ballroom,article_or_page,http://www.flowersinagun.com:80/blonde-redhead-bowery-ballroom/,text/html,2,20150212180449,20150310115611,20150310115611 20150212180449
flowersinagun.com/braddock-station-garrison,article_or_page,http://www.flowersinagun.com:80/braddock-station-garrison/,text/html,2,20131206125034,20140206063119,20140206063119 20131206125034
flowersinagun.com/britney-spears-work-bitch-sm-getting-way-too-commercialized,article_or_page,http://www.flowersinagun.com/britney-spears-work-bitch-sm-getting-way-too-commercialized/,text/html,1,20180203062439,20180203062439,20180203062439
flowersinagun.com/bushwick-burlesque-bizarre-and-wildly-entertaining,article_or_page,http://www.flowersinagun.com:80/bushwick-burlesque-bizarre-and-wildly-entertaining/,text/html,3,20131012150225,20141126025333,20141126025333 20141113051402 20131012150225
flowersinagun.com/captain-squeegee-defeats-evil-with-music-in-new-video-dually-noted,article_or_page,http://www.flowersinagun.com/captain-squeegee-defeats-evil-with-music-in-new-video-dually-noted/,text/html,2,20170227233550,20171125000351,20171125000351 20170227233550
flowersinagun.com/caravan-palace-hits-nyc-electric-swing-madness,article_or_page,http://www.flowersinagun.com:80/caravan-palace-hits-nyc-electric-swing-madness/,text/html,13,20141125135728,20190910195130,20190910195130 20190810223229 20190709235341 20190709140844 20190507000203 20190404211020 20190304114920 20190130133119 20181229211946 20181128215700 20181030141556 20181028165024 20141125135728
flowersinagun.com/charlie-parker-festival-celebrates-the-legacy-of-bird,article_or_page,http://www.flowersinagun.com:80/charlie-parker-festival-celebrates-the-legacy-of-bird/,text/html,2,20140904012606,20140906004844,20140906004844 20140904012606
flowersinagun.com/christian-scott-at-the-blue-note-intereview,article_or_page,http://www.flowersinagun.com/christian-scott-at-the-blue-note-intereview/,text/html,6,20140131193952,20170825215400,20170825215400 20170710221130 20140205080857 20140203233438 20140202224525 20140131193952
flowersinagun.com/christmas-and-video-game-cheats-2,article_or_page,http://www.flowersinagun.com/christmas-and-video-game-cheats-2/,text/html,1,20160828132737,20160828132737,20160828132737
flowersinagun.com/chvrches-shows-out-in-nyc-opener-potty-mouth-nearly-stole-the-show,article_or_page,http://www.flowersinagun.com:80/chvrches-shows-out-in-nyc-opener-potty-mouth-nearly-stole-the-show/,text/html,9,20170109021041,20180508012513,20180508012513 20180406064235 20180201165237 20180101183731 20171201195158 20171107025237 20171102041852 20171031161219 20170109021041
flowersinagun.com/clayton-brothers-quintet-notes-for-the-love-of-music,article_or_page,http://www.flowersinagun.com/clayton-brothers-quintet-notes-for-the-love-of-music/,text/html,1,20160811111354,20160811111354,20160811111354
flowersinagun.com/daniel-morrow-the-bedford-green-project,article_or_page,http://www.flowersinagun.com:80/daniel-morrow-the-bedford-green-project/,text/html,2,20150212200111,20150310114031,20150310114031 20150212200111
flowersinagun.com/darkness-falls-with-the-new-record-of-unfanthomed-of-abyss,article_or_page,http://www.flowersinagun.com:80/darkness-falls-with-the-new-record-of-unfanthomed-of-abyss/,text/html,2,20150212163013,20150310114036,20150310114036 20150212163013
flowersinagun.com/dave-strykers-cd-release-jazz-standard-interview-for-flowers-in-a-gun,article_or_page,https://www.flowersinagun.com/dave-strykers-cd-release-jazz-standard-interview-for-flowers-in-a-gun/,text/html,1,20190809193614,20190809193614,20190809193614
flowersinagun.com/david-bowie-r-i-p,article_or_page,http://www.flowersinagun.com/david-bowie-r-i-p/,text/html,1,20160904014241,20160904014241,20160904014241
flowersinagun.com/dk5600,article_or_page,http://www.flowersinagun.com/dk5600/,text/html,1,20141130151758,20141130151758,20141130151758
flowersinagun.com/dolls-from-uk-is-the-new-band-of-the-week-winner,article_or_page,http://www.flowersinagun.com/dolls-from-uk-is-the-new-band-of-the-week-winner/,text/html,1,20141125103906,20141125103906,20141125103906
flowersinagun.com/double-album-cd-release-party-at-shapeshifter-lab-matthew-shipp-darius-jones-gerald-cleaver-william-parker-craig-taborn,article_or_page,https://www.flowersinagun.com/double-album-cd-release-party-at-shapeshifter-lab-matthew-shipp-darius-jones-gerald-cleaver-william-parker-craig-taborn/,text/html,2,20140905072227,20190809193316,20190809193316 20140905072227
flowersinagun.com/dream-08-23-12,article_or_page,http://www.flowersinagun.com:80/dream-08-23-12/,text/html,2,20170804115701,20171019103802,20171019103802 20170804115701
flowersinagun.com/ducati-james-president-trump,article_or_page,http://www.flowersinagun.com/ducati-james-president-trump/,text/html,1,20250816103709,20250816103709,20250816103709
flowersinagun.com/fake-snuff-straight-from-bulgaria-fuck-yeah,article_or_page,http://www.flowersinagun.com:80/fake-snuff-straight-from-bulgaria-fuck-yeah/,text/html,1,20150812114236,20150812114236,20150812114236
flowersinagun.com/farrah-burns-speaks-fluent-hip-hop-in-harlem,article_or_page,http://www.flowersinagun.com:80/farrah-burns-speaks-fluent-hip-hop-in-harlem/,text/html,7,20141126141725,20181030114620,20181030114620 20150709131856 20150426063250 20150326072038 20150225004747 20150223144643 20141126141725
flowersinagun.com/financial-district-looking-like-a-ghost-town-on-halloween-after-hurricane-sandy,article_or_page,http://www.flowersinagun.com:80/financial-district-looking-like-a-ghost-town-on-halloween-after-hurricane-sandy/,text/html,1,20131114003127,20131114003127,20131114003127
flowersinagun.com/fiona-silver-mercury-lounge,article_or_page,https://www.flowersinagun.com/fiona-silver-mercury-lounge/,text/html,2,20190516133135,20190623085344,20190623085344 20190516133135
flowersinagun.com/fixe-magazine-party-tammany-hall,article_or_page,https://www.flowersinagun.com/fixe-magazine-party-tammany-hall/,text/html,2,20140906043825,20190809193607,20190809193607 20140906043825
flowersinagun.com/franz-ferdinand-manhattan-centers-hammerstein-ballroom,article_or_page,http://www.flowersinagun.com:80/franz-ferdinand-manhattan-centers-hammerstein-ballroom/,text/html,3,20131114003132,20160211211154,20160211211154 20160109041833 20131114003132
flowersinagun.com/from-the-south-of-spain-to-the-west-village-alberta-alabreda-and-noemi-perez-flamenco-fusion,article_or_page,http://www.flowersinagun.com:80/from-the-south-of-spain-to-the-west-village-alberta-alabreda-and-noemi-perez-flamenco-fusion/,text/html,2,20160518042256,20160521094331,20160521094331 20160518042256
flowersinagun.com/gene-simmons-nobody-pays-for-music,article_or_page,http://www.flowersinagun.com/gene-simmons-nobody-pays-for-music/,text/html,1,20180123092122,20180123092122,20180123092122
flowersinagun.com/gloria-petkova-tits-and-phones-vice-volume-9-number-3-fuck-yes-x-1000,article_or_page,http://www.flowersinagun.com:80/gloria-petkova-tits-and-phones-vice-volume-9-number-3-fuck-yes-x-1000/,text/html,1,20160328095928,20160328095928,20160328095928
flowersinagun.com/gogol-bordellos-new-years-eve-bash-interview-with-eugene-hutz,article_or_page,http://www.flowersinagun.com:80/gogol-bordellos-new-years-eve-bash-interview-with-eugene-hutz/,text/html,3,20170419091759,20170722134747,20170722134747 20170521064118 20170419091759
flowersinagun.com/guided-by-voices-irving-plaza-07112014,article_or_page,http://www.flowersinagun.com:80/guided-by-voices-irving-plaza-07112014/,text/html,1,20150815144929,20150815144929,20150815144929
flowersinagun.com/guy-klucevsek-teetering-on-the-verge-of-normalcy,article_or_page,https://www.flowersinagun.com/guy-klucevsek-teetering-on-the-verge-of-normalcy/,text/html,5,20150619085613,20230623153927,20230623153927 20170817210101 20160328142555 20150907235239 20150619085613
flowersinagun.com/hardcore-xmas-2017-eastern-europes-finest,article_or_page,https://www.flowersinagun.com/hardcore-xmas-2017-eastern-europes-finest/,text/html,4,20171224062712,20190806043702,20190806043702 20180124105036 20171226154634 20171224062712
flowersinagun.com/heylel-blend-prog-rock-with-gothic-influences-in-nebulae,article_or_page,http://www.flowersinagun.com:80/heylel-blend-prog-rock-with-gothic-influences-in-nebulae/,text/html,1,20150815131959,20150815131959,20150815131959
flowersinagun.com/highly-suspect-london-2016,article_or_page,http://www.flowersinagun.com/highly-suspect-london-2016/,text/html,3,20160423145243,20160904053929,20160904053929 20160426021706 20160423145243
flowersinagun.com/honeychrome-glasslands,article_or_page,http://www.flowersinagun.com/honeychrome-glasslands/,text/html,1,20160612193733,20160612193733,20160612193733
flowersinagun.com/im-having-a-great-time-in-sofia,article_or_page,http://www.flowersinagun.com:80/im-having-a-great-time-in-sofia/,text/html,1,20131114003138,20131114003138,20131114003138
flowersinagun.com/in-remembrance-of-erik-petersen-the-punk-poet-of-pennsylvania,article_or_page,http://www.flowersinagun.com:80/in-remembrance-of-erik-petersen-the-punk-poet-of-pennsylvania/,text/html,4,20160819190800,20161024020034,20161024020034 20160921030339 20160822054147 20160819190800
flowersinagun.com/interview-mndr,article_or_page,http://www.flowersinagun.com:80/interview-mndr/,text/html,2,20140203034355,20140204053403,20140204053403 20140203034355
flowersinagun.com/interview-with-avant-garde-musician-yumiko-tanaka-at-japan-society,article_or_page,http://www.flowersinagun.com:80/interview-with-avant-garde-musician-yumiko-tanaka-at-japan-society/,text/html,2,20150212172126,20150310114757,20150310114757 20150212172126
flowersinagun.com/interview-with-bassist-composer-ben-wolfe,article_or_page,http://www.flowersinagun.com:80/interview-with-bassist-composer-ben-wolfe/,text/html,1,20171029195838,20171029195838,20171029195838
flowersinagun.com/interview-with-ches-smith-at-the-stone,article_or_page,http://www.flowersinagun.com/interview-with-ches-smith-at-the-stone/,text/html,2,20150212132254,20160811104122,20160811104122 20150212132254
flowersinagun.com/interview-with-dolls-uk,article_or_page,http://www.flowersinagun.com/interview-with-dolls-uk/,text/html,1,20141130025136,20141130025136,20141130025136
flowersinagun.com/interview-with-indaze-brooklyn-bowl-the-english-beat,article_or_page,http://www.flowersinagun.com/interview-with-indaze-brooklyn-bowl-the-english-beat/,text/html,1,20150928174844,20150928174844,20150928174844
flowersinagun.com/interview-with-jazz-violinist-scott-tixier,article_or_page,http://www.flowersinagun.com/interview-with-jazz-violinist-scott-tixier/,text/html,1,20141125090732,20141125090732,20141125090732
flowersinagun.com/interview-with-la-industrial-pop-duo-vowws-show-avid-bk,article_or_page,http://www.flowersinagun.com:80/interview-with-la-industrial-pop-duo-vowws-show-avid-bk/,text/html,3,20150910001602,20151019050735,20151019050735 20150912002905 20150910001602
flowersinagun.com/interview-with-matthew-shipp,article_or_page,https://www.flowersinagun.com/interview-with-matthew-shipp/,text/html,5,20150212145841,20231120160220,20231120160220 20171029194937 20150919071917 20150314202736 20150212145841
flowersinagun.com/interview-with-michael-gira-from-swans,article_or_page,http://www.flowersinagun.com/interview-with-michael-gira-from-swans/,text/html,23,20141029121334,20250602182321,20250602182321 20230811174445 20230605072258 20230605051108 20220115173404 20211019185921 20211016163339 20200614034241 20200614034228 20200303232523 20200226223328 20191228065338 20191028093624 20181118211912 20180705211625
flowersinagun.com/interview-with-rachel-ann-weiss-the-rockwood-music-hall,article_or_page,http://www.flowersinagun.com:80/interview-with-rachel-ann-weiss-the-rockwood-music-hall/,text/html,2,20140912125531,20140914062713,20140914062713 20140912125531
flowersinagun.com/jacob-metcalf-live-at-the-kessler-theatre,article_or_page,http://www.flowersinagun.com/jacob-metcalf-live-at-the-kessler-theatre/,text/html,1,20160904023835,20160904023835,20160904023835
flowersinagun.com/james-carter-plays-tribute-to-john-coltrane-at-the-philadelphia-clef-club-of-jazz,article_or_page,http://www.flowersinagun.com:80/james-carter-plays-tribute-to-john-coltrane-at-the-philadelphia-clef-club-of-jazz/,text/html,17,20180927204836,20200220153611,20200220153611 20200121085156 20191222005526 20191121181430 20191022030406 20190923202102 20190823030824 20190722110550 20190509084207 20190407190457 20190307012641 20190202100255 20190102014534 20181130022843 20181029205822
flowersinagun.com/jazz-at-zinc-bar,article_or_page,http://www.flowersinagun.com/jazz-at-zinc-bar/,text/html,2,20170227233512,20171124235210,20171124235210 20170227233512
flowersinagun.com/joy-division-disorder-song-review,article_or_page,https://www.flowersinagun.com/joy-division-disorder-song-review/,text/html,2,20150907093843,20230803191927,20230803191927 20150907093843
flowersinagun.com/kate-fenner-releases-middle-voice-a-deep-look-into-life,article_or_page,https://www.flowersinagun.com/kate-fenner-releases-middle-voice-a-deep-look-into-life/,text/html,2,20190516120638,20190623085739,20190623085739 20190516120638
flowersinagun.com/katya-sanna,article_or_page,http://www.flowersinagun.com:80/katya-sanna/,text/html,1,20180929201533,20180929201533,20180929201533
flowersinagun.com/kcas-black-ball-hosted-by-alicia-keys-raises-money-to-fight-aids,article_or_page,http://www.flowersinagun.com/kcas-black-ball-hosted-by-alicia-keys-raises-money-to-fight-aids/,text/html,1,20131010151445,20131010151445,20131010151445
flowersinagun.com/khromozomes,article_or_page,http://www.flowersinagun.com:80/khromozomes/,text/html,4,20131114033748,20160720105515,20160720105515 20160619074432 20131115102447 20131114033748
flowersinagun.com/kmfdm-rock-irving-plaza-for-hell-yeah-tour,article_or_page,http://www.flowersinagun.com/kmfdm-rock-irving-plaza-for-hell-yeah-tour/,text/html,2,20171108234251,20180123040921,20180123040921 20171108234251
flowersinagun.com/le-butcherettes-the-dead-ships-and-eureka-the-butcher-rough-trade,article_or_page,http://www.flowersinagun.com/le-butcherettes-the-dead-ships-and-eureka-the-butcher-rough-trade/,text/html,1,20160904000541,20160904000541,20160904000541
flowersinagun.com/life-along-the-borderline-a-tribute-to-nico-curated-by-john-cale-at-bam,article_or_page,https://www.flowersinagun.com/life-along-the-borderline-a-tribute-to-nico-curated-by-john-cale-at-bam/,text/html,10,20141105182610,20230812211340,20230812211340 20230605064551 20211019041651 20200614034243 20200315040217 20181119064847 20170909142029 20170210222428 20141106205510 20141105182610
flowersinagun.com/lili-roquelin-with-brand-new-video-for-the-only-one,article_or_page,https://www.flowersinagun.com/lili-roquelin-with-brand-new-video-for-the-only-one/,text/html,5,20131212232547,20230624094502,20230624094502 20160304034840 20150713014015 20150201032827 20131212232547
flowersinagun.com/luscious-jackson-the-bell-house,article_or_page,http://www.flowersinagun.com:80/luscious-jackson-the-bell-house/,text/html,2,20150212172050,20150310115046,20150310115046 20150212172050
flowersinagun.com/lydia-lunch-doomsday-student-trans-pecos-queens,article_or_page,http://www.flowersinagun.com:80/lydia-lunch-doomsday-student-trans-pecos-queens/,text/html,4,20150413030655,20150709081607,20150709081607 20150516180148 20150418122159 20150413030655
flowersinagun.com/lydia-lunch-queen-of-siam,article_or_page,http://www.flowersinagun.com:80/lydia-lunch-queen-of-siam/,text/html,2,20150806013618,20150808040545,20150808040545 20150806013618
flowersinagun.com/mad-meg-mercury-lounge,article_or_page,https://www.flowersinagun.com/mad-meg-mercury-lounge/,text/html,1,20190809193259,20190809193259,20190809193259
flowersinagun.com/manilow-cease-and-desist,article_or_page,http://www.flowersinagun.com:80/manilow-cease-and-desist/,text/html,2,20150212134200,20150310114803,20150310114803 20150212134200
flowersinagun.com/marianne-solivan-big-band-at-smalls-jazz-club-lady-got-balls,article_or_page,https://www.flowersinagun.com/marianne-solivan-big-band-at-smalls-jazz-club-lady-got-balls/,text/html,6,20150619010916,20230623153926,20230623153926 20170808155230 20160811223928 20160307124644 20150909155403 20150619010916
flowersinagun.com/mark-maze-takes-on-heartbreak-and-individualism-in-new-album-uncomfortable-truths,article_or_page,https://www.flowersinagun.com/mark-maze-takes-on-heartbreak-and-individualism-in-new-album-uncomfortable-truths/,text/html,2,20150907093756,20230805190244,20230805190244 20150907093756
flowersinagun.com/mark-zaleski-bands-album-release-at-smalls-jazz-club,article_or_page,http://www.flowersinagun.com/mark-zaleski-bands-album-release-at-smalls-jazz-club/,text/html,2,20171108143829,20180213043950,20180213043950 20171108143829
flowersinagun.com/marla-mase-half-life,article_or_page,http://www.flowersinagun.com/marla-mase-half-life/,text/html,1,20141130114813,20141130114813,20141130114813
flowersinagun.com/mary-lynns-animal-is-a-great-listen-end-to-end,article_or_page,http://www.flowersinagun.com/mary-lynns-animal-is-a-great-listen-end-to-end/,text/html,3,20170210222214,20171116030424,20171116030424 20171102102151 20170210222214
flowersinagun.com/matt-wilsons-christmas-tree-o-15-jazz-standard,article_or_page,http://www.flowersinagun.com/matt-wilsons-christmas-tree-o-15-jazz-standard/,text/html,1,20160811120633,20160811120633,20160811120633
flowersinagun.com/mel-washington,article_or_page,http://www.flowersinagun.com/mel-washington/,text/html,3,20160811171831,20250713210344,20250713210344 20160910145045 20160811171831
flowersinagun.com/michael-cullen-love-transmitter,article_or_page,http://www.flowersinagun.com/michael-cullen-love-transmitter/,text/html,2,20141130164038,20250513030129,20250513030129 20141130164038
flowersinagun.com/modest-mouse-at-kings-theater-worth-the-trip,article_or_page,https://www.flowersinagun.com/modest-mouse-at-kings-theater-worth-the-trip/,text/html,2,20190621231326,20190803175500,20190803175500 20190621231326
flowersinagun.com/my-favourite-valentines-card,article_or_page,http://www.flowersinagun.com:80/my-favourite-valentines-card/,text/html,1,20150812114309,20150812114309,20150812114309
flowersinagun.com/my-instagram-feed,article_or_page,https://www.flowersinagun.com/my-instagram-feed/,text/html,14,20171103022220,20230605063049,20230605063049 20211019050312 20190809195049 20190623083541 20190603154304 20190516143333 20190403140856 20190201080130 20181202003939 20181130211431 20180930001447 20180127041216 20180103071915 20171103022220
flowersinagun.com/neneh-cherry-palmengarten-frankfurt,article_or_page,https://www.flowersinagun.com/neneh-cherry-palmengarten-frankfurt/,text/html,1,20190809193313,20190809193313,20190809193313
flowersinagun.com/nic-nassuet-releases-two-tracks-from-new-album-eleutherios,article_or_page,http://www.flowersinagun.com/nic-nassuet-releases-two-tracks-from-new-album-eleutherios/,text/html,1,20150910000032,20150910000032,20150910000032
flowersinagun.com/nickel-and-dime-ops-album-release-party-killing,article_or_page,https://www.flowersinagun.com/nickel-and-dime-ops-album-release-party-killing/,text/html,4,20150713222606,20230627042202,20230627042202 20160422084533 20160421031307 20150713222606
flowersinagun.com/nocarrier-wisdom-failure,article_or_page,http://www.flowersinagun.com/nocarrier-wisdom-failure/,text/html,1,20141126194957,20141126194957,20141126194957
flowersinagun.com/nomads-revolt-mischief-brew-sets-fire-to-the-night-in-brooklyn,article_or_page,https://www.flowersinagun.com/nomads-revolt-mischief-brew-sets-fire-to-the-night-in-brooklyn/,text/html,2,20160904062724,20240409172038,20240409172038 20160904062724
flowersinagun.com/okkyung-lee-at-the-stone-6-nights-12-shows-1-interview,article_or_page,http://www.flowersinagun.com/okkyung-lee-at-the-stone-6-nights-12-shows-1-interview/,text/html,2,20141126011542,20151209125238,20151209125238 20141126011542
flowersinagun.com/paul-maged-releases-sophomore-album-diamonds-and-demons,article_or_page,http://www.flowersinagun.com:80/paul-maged-releases-sophomore-album-diamonds-and-demons/,text/html,2,20150212165012,20150310114807,20150310114807 20150212165012
flowersinagun.com/phoenix-hip-hop-lights-up-the-night-in-brooklyn,article_or_page,http://www.flowersinagun.com/phoenix-hip-hop-lights-up-the-night-in-brooklyn/,text/html,4,20151219045955,20210307105200,20210307105200 20160119182656 20151221160111 20151219045955
flowersinagun.com/photo-of-the-night-1-siouxsie-by-pierre-et-gilles,article_or_page,http://www.flowersinagun.com:80/photo-of-the-night-1-siouxsie-by-pierre-et-gilles/,text/html,1,20131114033942,20131114033942,20131114033942
flowersinagun.com/photos-from-bulgaria-2013,article_or_page,http://www.flowersinagun.com:80/photos-from-bulgaria-2013/,text/html,1,20131114003143,20131114003143,20131114003143
flowersinagun.com/pizzafest-3-code-name-pizza-fist,article_or_page,http://www.flowersinagun.com:80/pizzafest-3-code-name-pizza-fist/,text/html,2,20160822094326,20160823120049,20160823120049 20160822094326
flowersinagun.com/plastic-yellow-band,article_or_page,http://www.flowersinagun.com/plastic-yellow-band/,text/html,1,20141130175653,20141130175653,20141130175653
flowersinagun.com/playing-to-vapors,article_or_page,http://www.flowersinagun.com/playing-to-vapors/,text/html,1,20141130170224,20141130170224,20141130170224
flowersinagun.com/pulp-radio-city-music-hall,article_or_page,http://www.flowersinagun.com:80/pulp-radio-city-music-hall/,text/html,1,20131001033149,20131001033149,20131001033149
flowersinagun.com/ravi-coltrane-residency-at-jazz-standard,article_or_page,https://www.flowersinagun.com/ravi-coltrane-residency-at-jazz-standard/,text/html,7,20150310114016,20230623153926,20230623153926 20170808153128 20160811105258 20160307123951 20150920094145 20150619002252 20150310114016
flowersinagun.com/rip-boro-brodnik,article_or_page,http://www.flowersinagun.com:80/rip-boro-brodnik/,text/html,5,20171129171328,20180507232414,20180507232414 20180406064245 20180130200113 20171230231008 20171129171328
flowersinagun.com/rip-is-anyone-up-com,article_or_page,https://www.flowersinagun.com/rip-is-anyone-up-com/,text/html,8,20150221134437,20221102225419,20221102225419 20170513233149 20170412103737 20150709214013 20150424035528 20150324064349 20150225004350 20150221134437
flowersinagun.com/robert-c-wiles-the-iconic-photo-of-evelyn-mchale-who-just-jumped-out-of-the-empire-state-building-observation-deck,article_or_page,http://www.flowersinagun.com:80/robert-c-wiles-the-iconic-photo-of-evelyn-mchale-who-just-jumped-out-of-the-empire-state-building-observation-deck/,text/html,34,20131114003148,20200222050234,20200222050234 20200123003031 20191223194655 20191123135314 20191024031027 20190825105725 20190724102608 20190723094901 20190509084351 20190407184609 20190306235416 20190202100123 20190102023725 20181201193327 20181031165342
flowersinagun.com/rock-legend-lou-reed-dies-at-71,article_or_page,http://www.flowersinagun.com:80/rock-legend-lou-reed-dies-at-71/,text/html,1,20131114003153,20131114003153,20131114003153
flowersinagun.com/royal-thunder-backwoods-payback-heavy-temple-at-st-vitus-11917,article_or_page,https://www.flowersinagun.com/royal-thunder-backwoods-payback-heavy-temple-at-st-vitus-11917/,text/html,2,20190516140947,20190623085607,20190623085607 20190516140947
flowersinagun.com/s-residency-at-union-pool-dancing-is-the-best-revenge,article_or_page,http://www.flowersinagun.com:80/s-residency-at-union-pool-dancing-is-the-best-revenge/,text/html,7,20171118133218,20180525113359,20180525113359 20180423203354 20180220071617 20180120083506 20171220002637 20171120081310 20171118133218
flowersinagun.com/seminal-cinema-recommends-town-bloody-hall,article_or_page,http://www.flowersinagun.com/seminal-cinema-recommends-town-bloody-hall/,text/html,1,20131115072937,20131115072937,20131115072937
flowersinagun.com/sfjazz-collective-plays-the-music-of-joe-henderson,article_or_page,https://www.flowersinagun.com/sfjazz-collective-plays-the-music-of-joe-henderson/,text/html,3,20150907032946,20230804075729,20230804075729 20160812045425 20150907032946
flowersinagun.com/short-movie-bum-luck,article_or_page,http://www.flowersinagun.com:80/short-movie-bum-luck/,text/html,1,20131114003158,20131114003158,20131114003158
flowersinagun.com/simon-field-with-a-new-vocal-house-track-gravity,article_or_page,http://www.flowersinagun.com:80/simon-field-with-a-new-vocal-house-track-gravity/,text/html,1,20150310115103,20150310115103,20150310115103
flowersinagun.com/small-leaks-sink-ships-sign-with-lefse-records-talk-new-record,article_or_page,http://www.flowersinagun.com/small-leaks-sink-ships-sign-with-lefse-records-talk-new-record/,text/html,3,20170210222425,20171116032751,20171116032751 20171107233950 20170210222425
flowersinagun.com/smile-and-like-a-feather-lili-roquelin-with-new-song-and-video,article_or_page,https://www.flowersinagun.com/smile-and-like-a-feather-lili-roquelin-with-new-song-and-video/,text/html,7,20150310115108,20230622000335,20230622000335 20170731145015 20160304070036 20150924013842 20150912101115 20150618194509 20150310115108
flowersinagun.com/song-of-the-night-23-mojo-nixon-debbie-gibson-is-pregnant-with-my-two-headed-love-child,article_or_page,https://www.flowersinagun.com/song-of-the-night-23-mojo-nixon-debbie-gibson-is-pregnant-with-my-two-headed-love-child/,text/html,6,20170227233527,20230813223248,20230813223248 20230605072258 20211020061135 20200614034314 20170912102427 20170227233527
flowersinagun.com/song-of-the-night-24-nine-inch-nails-lights-in-the-sky,article_or_page,https://www.flowersinagun.com/song-of-the-night-24-nine-inch-nails-lights-in-the-sky/,text/html,7,20170227233529,20230813224340,20230813224340 20230606160647 20211021044835 20200614034314 20200327204357 20170912103946 20170227233529
flowersinagun.com/song-of-the-night-54-pj-harvey-you-said-something,article_or_page,http://www.flowersinagun.com:80/song-of-the-night-54-pj-harvey-you-said-something/,text/html,13,20190213233540,20200222094018,20200222094018 20200123051946 20191224002808 20191123203505 20191024031033 20190926041310 20190825102121 20190724105503 20190723094330 20190520040720 20190418104152 20190317133552 20190213233540
flowersinagun.com/song-of-the-night-58-i-am-kloot-twist,article_or_page,http://www.flowersinagun.com/song-of-the-night-58-i-am-kloot-twist/,text/html,2,20160811182339,20160910145049,20160910145049 20160811182339
flowersinagun.com/song-of-the-night-60-john-maus-dear-moon,article_or_page,http://www.flowersinagun.com/song-of-the-night-60-john-maus-dear-moon/,text/html,1,20141130195112,20141130195112,20141130195112
flowersinagun.com/song-of-the-night-61-childish-gambino-3005,article_or_page,http://www.flowersinagun.com/song-of-the-night-61-childish-gambino-3005/,text/html,1,20141130175649,20141130175649,20141130175649
flowersinagun.com/song-of-the-night-62-devendra-banhart-wont-you-come-over,article_or_page,http://www.flowersinagun.com:80/song-of-the-night-62-devendra-banhart-wont-you-come-over/,text/html,1,20150310115125,20150310115125,20150310115125
flowersinagun.com/soulfly-to-kick-off-north-american-tour-this-friday-performing-nailbombs-point-blank-album-in-full-each-night,article_or_page,http://www.flowersinagun.com/soulfly-to-kick-off-north-american-tour-this-friday-performing-nailbombs-point-blank-album-in-full-each-night/,text/html,1,20180123070224,20180123070224,20180123070224
flowersinagun.com/st-patricks-parade-nyc-2013,article_or_page,http://www.flowersinagun.com:80/st-patricks-parade-nyc-2013/,text/html,1,20131114003239,20131114003239,20131114003239
flowersinagun.com/staring-out-the-sun-rock-out-with-high-energy-in-debut-ep,article_or_page,http://www.flowersinagun.com/staring-out-the-sun-rock-out-with-high-energy-in-debut-ep/,text/html,1,20150907175048,20150907175048,20150907175048
flowersinagun.com/stormy-mondays-and-their-music-flying-in-space,article_or_page,http://www.flowersinagun.com:80/stormy-mondays-and-their-music-flying-in-space/,text/html,3,20160108010211,20160211211201,20160211211201 20160110045027 20160108010211
flowersinagun.com/strugare-petnoto-plovdiv,article_or_page,https://www.flowersinagun.com/strugare-petnoto-plovdiv/,text/html,5,20171226084941,20190623085702,20190623085702 20190516132939 20180128085033 20171228031249 20171226084941
flowersinagun.com/sweet-fix-is-the-new-band-of-the-week,article_or_page,http://www.flowersinagun.com/sweet-fix-is-the-new-band-of-the-week/,text/html,2,20150212181932,20151121150425,20151121150425 20150212181932
flowersinagun.com/swinging-holiday-party-with-vince-giordano-the-nighthawks-at-the-town-hall,article_or_page,http://www.flowersinagun.com/swinging-holiday-party-with-vince-giordano-the-nighthawks-at-the-town-hall/,text/html,2,20150310114812,20160811171508,20160811171508 20150310114812
flowersinagun.com/tap-fever-with-michela-marino-lerman-group-at-dizzys-coca-cola-club,article_or_page,http://www.flowersinagun.com:80/tap-fever-with-michela-marino-lerman-group-at-dizzys-coca-cola-club/,text/html,2,20141125130448,20170218131749,20170218131749 20141125130448
flowersinagun.com/the-bad-plus-at-the-jazz-standard-dark-and-beautiful,article_or_page,http://www.flowersinagun.com/the-bad-plus-at-the-jazz-standard-dark-and-beautiful/,text/html,1,20141126011407,20141126011407,20141126011407
flowersinagun.com/the-beauty-of-breaking-stuff,article_or_page,http://www.flowersinagun.com/the-beauty-of-breaking-stuff/,text/html,2,20150913025827,20160811104403,20160811104403 20150913025827
flowersinagun.com/the-book-of-esther-cd-release-party-at-steinway-hall,article_or_page,http://www.flowersinagun.com/the-book-of-esther-cd-release-party-at-steinway-hall/,text/html,1,20150212173913,20150212173913,20150212173913
flowersinagun.com/the-divers,article_or_page,http://www.flowersinagun.com/the-divers/,text/html,1,20131115090633,20131115090633,20131115090633
flowersinagun.com/the-gravity-drive,article_or_page,http://www.flowersinagun.com/the-gravity-drive/,text/html,1,20130925182532,20130925182532,20130925182532
flowersinagun.com/the-great-escape,article_or_page,http://www.flowersinagun.com:80/the-great-escape/,text/html,2,20150212132056,20150310115155,20150310115155 20150212132056
flowersinagun.com/the-great-game-creates-new-world-music-with-debut-album,article_or_page,https://www.flowersinagun.com/the-great-game-creates-new-world-music-with-debut-album/,text/html,2,20150907155135,20230804075729,20230804075729 20150907155135
flowersinagun.com/the-horrors-release-new-album-v,article_or_page,http://www.flowersinagun.com/the-horrors-release-new-album-v/,text/html,1,20180213050323,20180213050323,20180213050323
flowersinagun.com/the-impecable-insanity-of-the-liza-colby-sound-arlenes-grocery,article_or_page,http://www.flowersinagun.com:80/the-impecable-insanity-of-the-liza-colby-sound-arlenes-grocery/,text/html,2,20150813100909,20150815021412,20150815021412 20150813100909
flowersinagun.com/the-insurance-salesmen,article_or_page,http://www.flowersinagun.com/the-insurance-salesmen/,text/html,1,20141125112816,20141125112816,20141125112816
flowersinagun.com/the-jeremy-pelt-show-presents-face-forward-jeremy-at-the-jazz-standard,article_or_page,http://www.flowersinagun.com/the-jeremy-pelt-show-presents-face-forward-jeremy-at-the-jazz-standard/,text/html,1,20141130005626,20141130005626,20141130005626
flowersinagun.com/the-koniac-net,article_or_page,https://www.flowersinagun.com/the-koniac-net/,text/html,2,20150713134919,20230627042202,20230627042202 20150713134919
flowersinagun.com/the-last-city-2,article_or_page,http://www.flowersinagun.com/the-last-city-2/,text/html,1,20131005184840,20131005184840,20131005184840
flowersinagun.com/the-legal-aid-society-second-annual-winter-benefit-012816,article_or_page,http://www.flowersinagun.com/the-legal-aid-society-second-annual-winter-benefit-012816/,text/html,1,20160904010147,20160904010147,20160904010147
flowersinagun.com/the-library-is-on-fires-new-song-leaked,article_or_page,http://www.flowersinagun.com:80/the-library-is-on-fires-new-song-leaked/,text/html,1,20180929201547,20180929201547,20180929201547
flowersinagun.com/the-lost-poets,article_or_page,http://www.flowersinagun.com/the-lost-poets/,text/html,1,20150212183611,20150212183611,20150212183611
flowersinagun.com/the-new-winner-of-band-of-the-week-radio-radio-from-south-london,article_or_page,http://www.flowersinagun.com:80/the-new-winner-of-band-of-the-week-radio-radio-from-south-london/,text/html,2,20140203034331,20140204053255,20140204053255 20140203034331
flowersinagun.com/the-ny-hot-jazz-festival-sets-players-club-on-fire-opa,article_or_page,http://www.flowersinagun.com:80/the-ny-hot-jazz-festival-sets-players-club-on-fire-opa/,text/html,3,20141024224423,20141227012724,20141227012724 20141025044307 20141024224423
flowersinagun.com/the-partizan-song-%d0%bf%d0%b5%d1%81%d0%bd%d1%8f-%d0%bf%d0%b0%d1%80%d1%82%d0%b8%d0%b7%d0%b0%d0%bd%d0%b0,article_or_page,https://www.flowersinagun.com/the-partizan-song-%d0%bf%d0%b5%d1%81%d0%bd%d1%8f-%d0%bf%d0%b0%d1%80%d1%82%d0%b8%d0%b7%d0%b0%d0%bd%d0%b0/,text/html,3,20150713135522,20230627042201,20230627042201 20160307004304 20150713135522
flowersinagun.com/the-plum-magnetic,article_or_page,http://www.flowersinagun.com/the-plum-magnetic/,text/html,2,20160604035557,20161206173330,20161206173330 20160604035557
flowersinagun.com/the-smallest-creature-release-reboot-album-comes-out-soon,article_or_page,http://www.flowersinagun.com:80/the-smallest-creature-release-reboot-album-comes-out-soon/,text/html,3,20161114143728,20161213225947,20161213225947 20161209182643 20161114143728
flowersinagun.com/the-society-islands-the-big-sleep,article_or_page,http://www.flowersinagun.com:80/the-society-islands-the-big-sleep/,text/html,2,20150212172755,20150310114816,20150310114816 20150212172755
flowersinagun.com/the-unravelling-dig-again-into-beautiful-darkness-with-new-single-revolt,article_or_page,http://www.flowersinagun.com/the-unravelling-dig-again-into-beautiful-darkness-with-new-single-revolt/,text/html,1,20150908033549,20150908033549,20150908033549
flowersinagun.com/thelvnguagethe-textiles-at-pianos,article_or_page,http://www.flowersinagun.com:80/thelvnguagethe-textiles-at-pianos/,text/html,1,20171120213642,20171120213642,20171120213642
flowersinagun.com/tim-hecker-at-the-wick-extreme-noise-meets-extreme-darkness,article_or_page,http://www.flowersinagun.com:80/tim-hecker-at-the-wick-extreme-noise-meets-extreme-darkness/,text/html,2,20150212183647,20150310114021,20150310114021 20150212183647
flowersinagun.com/tonights-flick-graphic-sexual-terror,article_or_page,http://www.flowersinagun.com:80/tonights-flick-graphic-sexual-terror/,text/html,7,20130927101213,20140208145009,20140208145009 20140103023044 20131129052149 20131029024053 20131001033202 20130930010042 20130927101213
flowersinagun.com/too-many-zooz-f-note-ep,article_or_page,http://www.flowersinagun.com/too-many-zooz-f-note-ep/,text/html,1,20141130095337,20141130095337,20141130095337
flowersinagun.com/underrated-b-sides-moby-nearer,article_or_page,http://www.flowersinagun.com:80/underrated-b-sides-moby-nearer/,text/html,2,20150711043710,20150712091437,20150712091437 20150711043710
flowersinagun.com/urban-grey-new-album-teaser,article_or_page,http://www.flowersinagun.com:80/urban-grey-new-album-teaser/,text/html,2,20141130054417,20181030114533,20181030114533 20141130054417
flowersinagun.com/urban-saints,article_or_page,http://www.flowersinagun.com:80/urban-saints/,text/html,1,20131114003244,20131114003244,20131114003244
flowersinagun.com/video-interview-with-danish-band-fortress-for-flowers-in-a-gun,article_or_page,http://www.flowersinagun.com/video-interview-with-danish-band-fortress-for-flowers-in-a-gun/,text/html,1,20141130020910,20141130020910,20141130020910
flowersinagun.com/warren-wolf-the-wolfpack-at-smoke-jazz-club,article_or_page,http://www.flowersinagun.com:80/warren-wolf-the-wolfpack-at-smoke-jazz-club/,text/html,10,20150212161130,20180508004601,20180508004601 20180406063735 20180130193944 20171230224450 20171129173428 20171112104021 20171029152731 20171027185319 20150928174815 20150212161130
flowersinagun.com/who-sang-it-better-im-a-fool-to-love-you,article_or_page,http://www.flowersinagun.com:80/who-sang-it-better-im-a-fool-to-love-you/,text/html,1,20171120215140,20171120215140,20171120215140
flowersinagun.com/whos-ted-bundy,article_or_page,http://www.flowersinagun.com:80/whos-ted-bundy/,text/html,10,20190523065141,20200222004832,20200222004832 20200122202408 20191223153356 20191123085814 20191023185511 20190926042345 20190825103949 20190724234039 20190623164818 20190523065141
flowersinagun.com/william-parkers-yes-i-dream-of-freedom-in-memory-of-martin-luther-king,article_or_page,https://www.flowersinagun.com/william-parkers-yes-i-dream-of-freedom-in-memory-of-martin-luther-king/,text/html,6,20150310115617,20230624141224,20230624141224 20170817204658 20160328115432 20150928235247 20150619063659 20150310115617
flowersinagun.com/wine-cheese-meow-meow,article_or_page,http://www.flowersinagun.com:80/wine-cheese-meow-meow/,text/html,1,20131001033112,20131001033112,20131001033112
flowersinagun.com/winter-jazzfest-2015,article_or_page,http://www.flowersinagun.com/winter-jazzfest-2015/,text/html,3,20150123074148,20160811124301,20160811124301 20150310115700 20150123074148
flowersinagun.com/yann-tiersen-at-the-highline-ballroom-pure-magic,article_or_page,http://www.flowersinagun.com/yann-tiersen-at-the-highline-ballroom-pure-magic/,text/html,2,20160304201509,20250221100048,20250221100048 20160304201509
flowersinagun.com/yop-poll-archive,article_or_page,http://www.flowersinagun.com/yop-poll-archive/,text/html,2,20150619045706,20150716031616,20150716031616 20150619045706
flowersinagun.com/youporn-video-comment-of-the-night-632012,article_or_page,http://www.flowersinagun.com:80/youporn-video-comment-of-the-night-632012/,text/html,1,20170220122836,20170220122836,20170220122836
cpanel.flowersinagun.com/,home,http://cpanel.flowersinagun.com/,text/html,4,20220624231229,20231225164140,20231225164140 20230904154921 20230223191930 20220624231229
fitbog.flowersinagun.com/,home,https://www.fitbog.flowersinagun.com/,text/html,1,20240506155401,20240506155401,20240506155401
flowersinagun.com/,home,http://flowersinagun.com/,text/html,76,20130916164023,20250910232520,20250910232520 20240425154258 20240409180908 20231204192059 20231120162405 20230607183735 20230519021938 20220624231229 20220624231228 20220103195743 20211019143545 20200224053825 20200125005752 20191225155137 20191125094602
mail.flowersinagun.com/,home,http://mail.flowersinagun.com/,text/html,1,20220624231229,20220624231229,20220624231229
webmail.flowersinagun.com/,home,http://webmail.flowersinagun.com/,text/html,5,20220624231228,20240425154354,20240425154354 20231225164144 20231101160856 20230223113206 20220624231228
cpanel.flowersinagun.com/cPanel_magic_revision_1536951675/unprotected/cpanel/images/cpanel-logo.svg,image,http://cpanel.flowersinagun.com/cPanel_magic_revision_1536951675/unprotected/cpanel/images/cpanel-logo.svg,image/svg+xml,1,20220624231229,20220624231229,20220624231229
cpanel.flowersinagun.com/cPanel_magic_revision_1660251973/unprotected/cpanel/images/cpanel-logo.svg,image,http://cpanel.flowersinagun.com/cPanel_magic_revision_1660251973/unprotected/cpanel/images/cpanel-logo.svg,image/svg+xml,1,20231225164155,20231225164155,20231225164155
flowersinagun.com/favicon.ico,image,https://www.flowersinagun.com/favicon.ico,image/x-icon,18,20131115061832,20240409184014,20240409184014
flowersinagun.com/wp-admin/images/loading.gif,image,https://www.flowersinagun.com/wp-admin/images/loading.gif,image/gif,1,20230524200856,20230524200856,20230524200856
flowersinagun.com/wp-admin/images/w-logo-blue.png,image,https://www.flowersinagun.com/wp-admin/images/w-logo-blue.png,image/png,1,20230524140930,20230524140930,20230524140930
flowersinagun.com/wp-admin/images/w-logo-blue.png?ver=20131202,image,https://www.flowersinagun.com/wp-admin/images/w-logo-blue.png?ver=20131202,image/png,1,20230524124239,20230524124239,20230524124239
flowersinagun.com/wp-admin/images/wordpress-logo.svg,image,https://www.flowersinagun.com/wp-admin/images/wordpress-logo.svg,image/svg+xml,1,20230525021738,20230525021738,20230525021738
flowersinagun.com/wp-admin/images/wordpress-logo.svg?ver=20131107,image,https://www.flowersinagun.com/wp-admin/images/wordpress-logo.svg?ver=20131107,image/svg+xml,1,20230524122046,20230524122046,20230524122046
flowersinagun.com/wp-content/plugins/alpine-photo-tile-for-instagram/css/images/loader.gif,image,http://www.flowersinagun.com/wp-content/plugins/alpine-photo-tile-for-instagram/css/images/loader.gif,image/gif,1,20131115092005,20131115092005,20131115092005
flowersinagun.com/wp-content/plugins/alpine-photo-tile-for-instagram/css/images/pin-it.png,image,http://www.flowersinagun.com/wp-content/plugins/alpine-photo-tile-for-instagram/css/images/pin-it.png,image/png,1,20131115093043,20131115093043,20131115093043
flowersinagun.com/wp-content/plugins/easy-instagram/assets/colorbox/images/border.png,image,http://www.flowersinagun.com/wp-content/plugins/easy-instagram/assets/colorbox/images/border.png,image/png,3,20171106222828,20210308103705,20210308103705
flowersinagun.com/wp-content/plugins/easy-instagram/assets/colorbox/images/controls.png,image,http://www.flowersinagun.com/wp-content/plugins/easy-instagram/assets/colorbox/images/controls.png,image/png,3,20171106224433,20210308103705,20210308103705
flowersinagun.com/wp-content/plugins/easy-instagram/assets/colorbox/images/loading.gif,image,http://www.flowersinagun.com/wp-content/plugins/easy-instagram/assets/colorbox/images/loading.gif,image/gif,3,20171106223545,20210308103705,20210308103705
flowersinagun.com/wp-content/plugins/easy-instagram/assets/colorbox/images/loading_background.png,image,http://www.flowersinagun.com/wp-content/plugins/easy-instagram/assets/colorbox/images/loading_background.png,image/png,3,20171106230630,20210308103706,20210308103706
flowersinagun.com/wp-content/plugins/easy-instagram/assets/colorbox/images/overlay.png,image,http://www.flowersinagun.com/wp-content/plugins/easy-instagram/assets/colorbox/images/overlay.png,image/png,3,20171106222801,20210308103705,20210308103705
flowersinagun.com/wp-content/plugins/glastfm/theme/cdcase_0.png,image,https://www.flowersinagun.com/wp-content/plugins/glastfm/theme/cdcase_0.png,image/png,5,20131115092007,20210308103707,20210308103707
flowersinagun.com/wp-content/plugins/glastfm/theme/cdcase_1.png,image,https://www.flowersinagun.com/wp-content/plugins/glastfm/theme/cdcase_1.png,image/png,6,20131115092615,20210308103707,20210308103707
flowersinagun.com/wp-content/plugins/glastfm/theme/cdcase_2.png,image,https://www.flowersinagun.com/wp-content/plugins/glastfm/theme/cdcase_2.png,image/png,5,20131115093459,20210308103706,20210308103706
flowersinagun.com/wp-content/plugins/glastfm/theme/cdcase_3.png,image,https://www.flowersinagun.com/wp-content/plugins/glastfm/theme/cdcase_3.png,image/png,5,20131115094022,20210308103706,20210308103706
flowersinagun.com/wp-content/plugins/instagram-feed/img/loader.png,image,http://www.flowersinagun.com/wp-content/plugins/instagram-feed/img/loader.png,image/png,2,20171106222453,20210308103705,20210308103705
flowersinagun.com/wp-content/plugins/instagram-feed/img/small-logo.png,image,http://www.flowersinagun.com/wp-content/plugins/instagram-feed/img/small-logo.png,image/png,2,20171106225109,20210308103705,20210308103705
flowersinagun.com/wp-content/plugins/schreikasten/img/clear.png,image,https://www.flowersinagun.com/wp-content/plugins/schreikasten/img/clear.png,image/png,8,20140520045016,20230519023827,20230519023827
flowersinagun.com/wp-content/plugins/schreikasten/img/loading.gif,image,http://www.flowersinagun.com/wp-content/plugins/schreikasten/img/loading.gif,image/gif,4,20150112164644,20210308103705,20210308103705
flowersinagun.com/wp-content/plugins/sem-subscribe-me/icons/icons.gif,image,http://www.flowersinagun.com/wp-content/plugins/sem-subscribe-me/icons/icons.gif,image/gif,2,20150112115151,20170817210133,20170817210133 20150112115151
flowersinagun.com/wp-content/plugins/wp-polls/images/default/pollbg.gif,image,https://www.flowersinagun.com/wp-content/plugins/wp-polls/images/default/pollbg.gif,image/gif,9,20131115083515,20230519095828,20230519095828
flowersinagun.com/wp-content/themes/magazine-basic/library/fonts/fontawesome-webfont.svg?v=4.3.0,image,http://www.flowersinagun.com/wp-content/themes/magazine-basic/library/fonts/fontawesome-webfont.svg?v=4.3.0,image/svg+xml,3,20160828105339,20210308103708,20210308103708
flowersinagun.com/wp-content/themes/magazine-basic/library/images/404.png,image,http://www.flowersinagun.com/wp-content/themes/magazine-basic/library/images/404.png,image/png,1,20180211222250,20180211222250,20180211222250
flowersinagun.com/wp-content/themes/magazine-basic/library/images/80pixel.png,image,http://www.flowersinagun.com/wp-content/themes/magazine-basic/library/images/80pixel.png,image/png,1,20131115093401,20131115093401,20131115093401
flowersinagun.com/wp-content/themes/magazine-basic/library/images/bg-hatch.gif,image,https://www.flowersinagun.com/wp-content/themes/magazine-basic/library/images/bg-hatch.gif,image/gif,7,20131115093709,20230605133905,20230605133905
flowersinagun.com/wp-content/themes/magazine-basic/library/images/line.gif,image,https://www.flowersinagun.com/wp-content/themes/magazine-basic/library/images/line.gif,image/gif,6,20131115093801,20230605133906,20230605133906
flowersinagun.com/wp-content/themes/magazine-basic/library/images/sprite.png,image,http://www.flowersinagun.com/wp-content/themes/magazine-basic/library/images/sprite.png,image/png,1,20131115092050,20131115092050,20131115092050
flowersinagun.com/wp-content/uploads/2011/07/10344806_1563734667181750_3835363726789077439_n-150x150.jpg,image,https://www.flowersinagun.com/wp-content/uploads/2011/07/10344806_1563734667181750_3835363726789077439_n-150x150.jpg,image/jpeg,1,20230519060024,20230519060024,20230519060024
flowersinagun.com/wp-content/uploads/2011/07/10344806_1563734667181750_3835363726789077439_n-160x160.jpg,image,https://www.flowersinagun.com/wp-content/uploads/2011/07/10344806_1563734667181750_3835363726789077439_n-160x160.jpg,image/jpeg,1,20230519064403,20230519064403,20230519064403
flowersinagun.com/wp-content/uploads/2011/07/10344806_1563734667181750_3835363726789077439_n-260x260.jpg,image,https://www.flowersinagun.com/wp-content/uploads/2011/07/10344806_1563734667181750_3835363726789077439_n-260x260.jpg,image/jpeg,1,20230519143556,20230519143556,20230519143556
flowersinagun.com/wp-content/uploads/2011/07/10344806_1563734667181750_3835363726789077439_n-300x300.jpg,image,https://www.flowersinagun.com/wp-content/uploads/2011/07/10344806_1563734667181750_3835363726789077439_n-300x300.jpg,image/jpeg,1,20230519071503,20230519071503,20230519071503
flowersinagun.com/wp-content/uploads/2011/07/10344806_1563734667181750_3835363726789077439_n-560x560.jpg,image,https://www.flowersinagun.com/wp-content/uploads/2011/07/10344806_1563734667181750_3835363726789077439_n-560x560.jpg,image/jpeg,1,20230522031833,20230522031833,20230522031833
flowersinagun.com/wp-content/uploads/2011/07/10344806_1563734667181750_3835363726789077439_n.jpg,image,https://www.flowersinagun.com/wp-content/uploads/2011/07/10344806_1563734667181750_3835363726789077439_n.jpg,image/jpeg,3,20150716062440,20230519103718,20230519103718
flowersinagun.com/wp-content/uploads/2011/07/118_503182366804_8279_n-160x106.jpg,image,https://www.flowersinagun.com/wp-content/uploads/2011/07/118_503182366804_8279_n-160x106.jpg,image/jpeg,1,20230519060745,20230519060745,20230519060745
flowersinagun.com/wp-content/uploads/2011/07/118_503182366804_8279_n-260x173.jpg,image,https://www.flowersinagun.com/wp-content/uploads/2011/07/118_503182366804_8279_n-260x173.jpg,image/jpeg,1,20230519052412,20230519052412,20230519052412
flowersinagun.com/wp-content/uploads/2011/07/118_503182366804_8279_n-300x199.jpg,image,https://www.flowersinagun.com/wp-content/uploads/2011/07/118_503182366804_8279_n-300x199.jpg,image/jpeg,1,20230519052729,20230519052729,20230519052729
flowersinagun.com/wp-content/uploads/2011/07/118_503182366804_8279_n-560x372.jpg,image,https://www.flowersinagun.com/wp-content/uploads/2011/07/118_503182366804_8279_n-560x372.jpg,image/jpeg,1,20230522054441,20230522054441,20230522054441
flowersinagun.com/wp-content/uploads/2011/07/118_503182366804_8279_n.jpg,image,https://www.flowersinagun.com/wp-content/uploads/2011/07/118_503182366804_8279_n.jpg,image/jpeg,3,20150619064633,20230519055351,20230519055351
flowersinagun.com/wp-content/uploads/2011/07/12483602_577995705683280_1114672680_n-150x150.jpg,image,https://www.flowersinagun.com/wp-content/uploads/2011/07/12483602_577995705683280_1114672680_n-150x150.jpg,image/jpeg,1,20230519082859,20230519082859,20230519082859
flowersinagun.com/wp-content/uploads/2011/07/12483602_577995705683280_1114672680_n-160x160.jpg,image,https://www.flowersinagun.com/wp-content/uploads/2011/07/12483602_577995705683280_1114672680_n-160x160.jpg,image/jpeg,1,20230523080941,20230523080941,20230523080941
flowersinagun.com/wp-content/uploads/2011/07/12483602_577995705683280_1114672680_n-260x260.jpg,image,https://www.flowersinagun.com/wp-content/uploads/2011/07/12483602_577995705683280_1114672680_n-260x260.jpg,image/jpeg,1,20230519054407,20230519054407,20230519054407
flowersinagun.com/wp-content/uploads/2011/07/12483602_577995705683280_1114672680_n-300x300.jpg,image,https://www.flowersinagun.com/wp-content/uploads/2011/07/12483602_577995705683280_1114672680_n-300x300.jpg,image/jpeg,1,20230519055144,20230519055144,20230519055144
flowersinagun.com/wp-content/uploads/2011/07/12483602_577995705683280_1114672680_n-560x560.jpg,image,https://www.flowersinagun.com/wp-content/uploads/2011/07/12483602_577995705683280_1114672680_n-560x560.jpg,image/jpeg,1,20230519042449,20230519042449,20230519042449
flowersinagun.com/wp-content/uploads/2011/07/12483602_577995705683280_1114672680_n.jpg,image,https://www.flowersinagun.com/wp-content/uploads/2011/07/12483602_577995705683280_1114672680_n.jpg,image/jpeg,2,20160417185218,20230522152534,20230522152534
flowersinagun.com/wp-content/uploads/2011/07/321644_10150296522087153_537223397_n-160x127.jpg,image,https://www.flowersinagun.com/wp-content/uploads/2011/07/321644_10150296522087153_537223397_n-160x127.jpg,image/jpeg,1,20230519085346,20230519085346,20230519085346
flowersinagun.com/wp-content/uploads/2011/07/321644_10150296522087153_537223397_n-260x207.jpg,image,https://www.flowersinagun.com/wp-content/uploads/2011/07/321644_10150296522087153_537223397_n-260x207.jpg,image/jpeg,1,20230522060815,20230522060815,20230522060815
flowersinagun.com/wp-content/uploads/2011/07/321644_10150296522087153_537223397_n-300x239.jpg,image,https://www.flowersinagun.com/wp-content/uploads/2011/07/321644_10150296522087153_537223397_n-300x239.jpg,image/jpeg,1,20230519042805,20230519042805,20230519042805
flowersinagun.com/wp-content/uploads/2011/07/321644_10150296522087153_537223397_n-560x446.jpg,image,https://www.flowersinagun.com/wp-content/uploads/2011/07/321644_10150296522087153_537223397_n-560x446.jpg,image/jpeg,1,20230519055439,20230519055439,20230519055439
flowersinagun.com/wp-content/uploads/2011/07/321644_10150296522087153_537223397_n.jpg,image,http://www.flowersinagun.com/wp-content/uploads/2011/07/321644_10150296522087153_537223397_n.jpg,image/jpeg,1,20150619043450,20150619043450,20150619043450
flowersinagun.com/wp-content/uploads/2011/07/image-160x120.jpeg,image,https://www.flowersinagun.com/wp-content/uploads/2011/07/image-160x120.jpeg,image/jpeg,1,20230522063832,20230522063832,20230522063832
flowersinagun.com/wp-content/uploads/2011/07/image-260x195.jpeg,image,https://www.flowersinagun.com/wp-content/uploads/2011/07/image-260x195.jpeg,image/jpeg,1,20230519061122,20230519061122,20230519061122
flowersinagun.com/wp-content/uploads/2011/07/image-300x225.jpeg,image,https://www.flowersinagun.com/wp-content/uploads/2011/07/image-300x225.jpeg,image/jpeg,1,20230519112919,20230519112919,20230519112919
flowersinagun.com/wp-content/uploads/2011/07/image-560x420.jpeg,image,https://www.flowersinagun.com/wp-content/uploads/2011/07/image-560x420.jpeg,image/jpeg,1,20230519052654,20230519052654,20230519052654
flowersinagun.com/wp-content/uploads/2011/07/image.jpeg,image,https://www.flowersinagun.com/wp-content/uploads/2011/07/image.jpeg,image/jpeg,3,20150619071040,20230519042508,20230519042508
flowersinagun.com/wp-content/uploads/2011/07/photo.jpg,image,http://www.flowersinagun.com/wp-content/uploads/2011/07/photo.jpg,image/jpeg,1,20150619043451,20150619043451,20150619043451
flowersinagun.com/wp-content/uploads/2011/07/unnamed-160x106.jpg,image,https://www.flowersinagun.com/wp-content/uploads/2011/07/unnamed-160x106.jpg,image/jpeg,1,20230519043417,20230519043417,20230519043417
flowersinagun.com/wp-content/uploads/2011/07/unnamed-260x172.jpg,image,https://www.flowersinagun.com/wp-content/uploads/2011/07/unnamed-260x172.jpg,image/jpeg,1,20230519105903,20230519105903,20230519105903
flowersinagun.com/wp-content/uploads/2011/07/unnamed-3.jpg,image,http://www.flowersinagun.com/wp-content/uploads/2011/07/unnamed-3.jpg,image/jpeg,2,20150716073324,20160418004837,20160418004837
flowersinagun.com/wp-content/uploads/2011/07/unnamed-300x199.jpg,image,https://www.flowersinagun.com/wp-content/uploads/2011/07/unnamed-300x199.jpg,image/jpeg,1,20230519044156,20230519044156,20230519044156
flowersinagun.com/wp-content/uploads/2011/07/unnamed-560x371.jpg,image,https://www.flowersinagun.com/wp-content/uploads/2011/07/unnamed-560x371.jpg,image/jpeg,1,20230519044234,20230519044234,20230519044234
flowersinagun.com/wp-content/uploads/2011/07/unnamed.jpg,image,https://www.flowersinagun.com/wp-content/uploads/2011/07/unnamed.jpg,image/jpeg,3,20150619064104,20230519061259,20230519061259
flowersinagun.com/wp-content/uploads/2012/02/1198005_300-150x150.jpg,image,https://www.flowersinagun.com/wp-content/uploads/2012/02/1198005_300-150x150.jpg,image/jpeg,3,20150619050542,20230608232108,20230608232108
flowersinagun.com/wp-content/uploads/2012/02/1198005_300-160x160.jpg,image,https://www.flowersinagun.com/wp-content/uploads/2012/02/1198005_300-160x160.jpg,image/jpeg,1,20230608232107,20230608232107,20230608232107
flowersinagun.com/wp-content/uploads/2012/02/1198005_300-260x260.jpg,image,https://www.flowersinagun.com/wp-content/uploads/2012/02/1198005_300-260x260.jpg,image/jpeg,1,20230608232107,20230608232107,20230608232107
flowersinagun.com/wp-content/uploads/2012/02/1198005_300.jpg,image,https://www.flowersinagun.com/wp-content/uploads/2012/02/1198005_300.jpg,image/jpeg,1,20230608232107,20230608232107,20230608232107
flowersinagun.com/wp-content/uploads/2012/02/download-1-150x150.jpg,image,https://www.flowersinagun.com/wp-content/uploads/2012/02/download-1-150x150.jpg,image/jpeg,3,20150619045902,20230608232107,20230608232107
flowersinagun.com/wp-content/uploads/2012/03/single-steichen1-150x150.jpg,image,https://www.flowersinagun.com/wp-content/uploads/2012/03/single-steichen1-150x150.jpg,image/jpeg,3,20150619060658,20230605051145,20230605051145
flowersinagun.com/wp-content/uploads/2012/03/tumblr_ljd2yvohw01qbrdf3o1_5001-150x150.jpg,image,https://www.flowersinagun.com/wp-content/uploads/2012/03/tumblr_ljd2yvohw01qbrdf3o1_5001-150x150.jpg,image/jpeg,3,20150619065054,20230605051145,20230605051145
flowersinagun.com/wp-content/uploads/2012/04/untitled1-150x150.png,image,https://www.flowersinagun.com/wp-content/uploads/2012/04/untitled1-150x150.png,image/png,3,20150619054528,20230607064201,20230607064201
flowersinagun.com/wp-content/uploads/2012/04/untitled1.png,image,http://www.flowersinagun.com/wp-content/uploads/2012/04/untitled1.png,image/png,1,20170914031505,20170914031505,20170914031505
flowersinagun.com/wp-content/uploads/2012/05/young-liberian-rebel-fighters-150x150.jpg,image,https://www.flowersinagun.com/wp-content/uploads/2012/05/young-liberian-rebel-fighters-150x150.jpg,image/jpeg,3,20150619071053,20230607223340,20230607223340
flowersinagun.com/wp-content/uploads/2012/10/9.-Bernini_Two-Studies-for-the-Daniel_Leipzig-150x150.jpg,image,http://www.flowersinagun.com/wp-content/uploads/2012/10/9.-Bernini_Two-Studies-for-the-Daniel_Leipzig-150x150.jpg,image/jpeg,2,20150619051601,20160417063706,20160417063706
flowersinagun.com/wp-content/uploads/2012/11/michelangelo1-150x150.jpg,image,http://www.flowersinagun.com/wp-content/uploads/2012/11/michelangelo1-150x150.jpg,image/jpeg,2,20150619053043,20160417065851,20160417065851
flowersinagun.com/wp-content/uploads/2012/12/9-150x150.jpg,image,http://www.flowersinagun.com/wp-content/uploads/2012/12/9-150x150.jpg,image/jpeg,1,20150619071234,20150619071234,20150619071234
flowersinagun.com/wp-content/uploads/2012/12/Dyer-Aint-Blue1-150x150.jpg,image,https://www.flowersinagun.com/wp-content/uploads/2012/12/Dyer-Aint-Blue1-150x150.jpg,image/jpeg,2,20150619061011,20230605072259,20230605072259
flowersinagun.com/wp-content/uploads/2012/12/images-1-150x150.jpg,image,https://www.flowersinagun.com/wp-content/uploads/2012/12/images-1-150x150.jpg,image/jpeg,2,20150619070812,20230605072258,20230605072258
flowersinagun.com/wp-content/uploads/2012/12/oscar1-150x150.jpg,image,http://www.flowersinagun.com/wp-content/uploads/2012/12/oscar1-150x150.jpg,image/jpeg,2,20150619065541,20160417123327,20160417123327
flowersinagun.com/wp-content/uploads/2013/01/NICO_Stephin-Merritt_SBP1072-1-200x300.jpg,image,https://www.flowersinagun.com/wp-content/uploads/2013/01/NICO_Stephin-Merritt_SBP1072-1-200x300.jpg,image/jpeg,1,20230605064553,20230605064553,20230605064553
flowersinagun.com/wp-content/uploads/2013/01/NICO_Stephin-Merritt_SBP1072-1-683x1024.jpg,image,https://www.flowersinagun.com/wp-content/uploads/2013/01/NICO_Stephin-Merritt_SBP1072-1-683x1024.jpg,image/jpeg,1,20230605064555,20230605064555,20230605064555
flowersinagun.com/wp-content/uploads/2013/01/NICO_Stephin-Merritt_SBP1072-1.jpg,image,https://www.flowersinagun.com/wp-content/uploads/2013/01/NICO_Stephin-Merritt_SBP1072-1.jpg,image/jpeg,1,20230605064556,20230605064556,20230605064556
flowersinagun.com/wp-content/uploads/2013/01/NICO__BER4310-1-1024x681.jpg,image,https://www.flowersinagun.com/wp-content/uploads/2013/01/NICO__BER4310-1-1024x681.jpg,image/jpeg,1,20230605064553,20230605064553,20230605064553
flowersinagun.com/wp-content/uploads/2013/01/NICO__BER4310-1-300x199.jpg,image,https://www.flowersinagun.com/wp-content/uploads/2013/01/NICO__BER4310-1-300x199.jpg,image/jpeg,1,20230605064553,20230605064553,20230605064553
flowersinagun.com/wp-content/uploads/2013/01/NICO__BER4310-1.jpg,image,https://www.flowersinagun.com/wp-content/uploads/2013/01/NICO__BER4310-1.jpg,image/jpeg,1,20230605064553,20230605064553,20230605064553
flowersinagun.com/wp-content/uploads/2013/01/NICO__Peaches-BER4177-1-1024x681.jpg,image,https://www.flowersinagun.com/wp-content/uploads/2013/01/NICO__Peaches-BER4177-1-1024x681.jpg,image/jpeg,1,20230605064556,20230605064556,20230605064556
flowersinagun.com/wp-content/uploads/2013/01/NICO__Peaches-BER4177-1-300x199.jpg,image,https://www.flowersinagun.com/wp-content/uploads/2013/01/NICO__Peaches-BER4177-1-300x199.jpg,image/jpeg,1,20230605064556,20230605064556,20230605064556
flowersinagun.com/wp-content/uploads/2013/01/NICO__Peaches-BER4177-1.jpg,image,https://www.flowersinagun.com/wp-content/uploads/2013/01/NICO__Peaches-BER4177-1.jpg,image/jpeg,1,20230605064554,20230605064554,20230605064554
flowersinagun.com/wp-content/uploads/2013/01/NICO__Sharon-Van-Etten-BER4133-1-199x300.jpg,image,https://www.flowersinagun.com/wp-content/uploads/2013/01/NICO__Sharon-Van-Etten-BER4133-1-199x300.jpg,image/jpeg,1,20230605064554,20230605064554,20230605064554
flowersinagun.com/wp-content/uploads/2013/01/NICO__Sharon-Van-Etten-BER4133-1-681x1024.jpg,image,https://www.flowersinagun.com/wp-content/uploads/2013/01/NICO__Sharon-Van-Etten-BER4133-1-681x1024.jpg,image/jpeg,1,20230605064554,20230605064554,20230605064554
flowersinagun.com/wp-content/uploads/2013/01/NICO__Sharon-Van-Etten-BER4133-1.jpg,image,https://www.flowersinagun.com/wp-content/uploads/2013/01/NICO__Sharon-Van-Etten-BER4133-1.jpg,image/jpeg,1,20230605064556,20230605064556,20230605064556
flowersinagun.com/wp-content/uploads/2013/01/autoktronix--150x150.jpg,image,https://www.flowersinagun.com/wp-content/uploads/2013/01/autoktronix--150x150.jpg,image/jpeg,3,20150619055704,20230605051203,20230605051203
flowersinagun.com/wp-content/uploads/2013/01/phoca_thumb_l_1984_dougnicholson_1_large-300x296.jpg,image,https://www.flowersinagun.com/wp-content/uploads/2013/01/phoca_thumb_l_1984_dougnicholson_1_large-300x296.jpg,image/jpeg,1,20230812204217,20230812204217,20230812204217
flowersinagun.com/wp-content/uploads/2013/01/phoca_thumb_l_1984_dougnicholson_1_large.jpg,image,https://www.flowersinagun.com/wp-content/uploads/2013/01/phoca_thumb_l_1984_dougnicholson_1_large.jpg,image/jpeg,2,20220115173408,20230812204333,20230812204333
flowersinagun.com/wp-content/uploads/2013/01/phoca_thumb_l_m.gira_of_swans_1-150x150.jpg,image,https://www.flowersinagun.com/wp-content/uploads/2013/01/phoca_thumb_l_m.gira_of_swans_1-150x150.jpg,image/jpeg,1,20200614034253,20200614034253,20200614034253
flowersinagun.com/wp-content/uploads/2013/01/phoca_thumb_l_m.gira_of_swans_1-198x300.jpg,image,https://www.flowersinagun.com/wp-content/uploads/2013/01/phoca_thumb_l_m.gira_of_swans_1-198x300.jpg,image/jpeg,1,20230812211212,20230812211212,20230812211212
flowersinagun.com/wp-content/uploads/2013/01/phoca_thumb_l_m.gira_of_swans_1.jpg,image,https://www.flowersinagun.com/wp-content/uploads/2013/01/phoca_thumb_l_m.gira_of_swans_1.jpg,image/jpeg,1,20220115173409,20220115173409,20220115173409
flowersinagun.com/wp-content/uploads/2013/01/phoca_thumb_l_swans_headshots_white_reduce_1small-193x300.jpg,image,https://www.flowersinagun.com/wp-content/uploads/2013/01/phoca_thumb_l_swans_headshots_white_reduce_1small-193x300.jpg,image/jpeg,1,20230812204333,20230812204333,20230812204333
flowersinagun.com/wp-content/uploads/2013/01/phoca_thumb_l_swans_headshots_white_reduce_1small.jpg,image,https://www.flowersinagun.com/wp-content/uploads/2013/01/phoca_thumb_l_swans_headshots_white_reduce_1small.jpg,image/jpeg,1,20220115173408,20220115173408,20220115173408
flowersinagun.com/wp-content/uploads/2013/02/2053659117-1-150x150.jpg,image,http://www.flowersinagun.com/wp-content/uploads/2013/02/2053659117-1-150x150.jpg,image/jpeg,1,20150619071544,20150619071544,20150619071544
flowersinagun.com/wp-content/uploads/2013/02/2053659117-1-160x160.jpg,image,https://www.flowersinagun.com/wp-content/uploads/2013/02/2053659117-1-160x160.jpg,image/jpeg,1,20230609023046,20230609023046,20230609023046
flowersinagun.com/wp-content/uploads/2013/02/2053659117-1-260x260.jpg,image,https://www.flowersinagun.com/wp-content/uploads/2013/02/2053659117-1-260x260.jpg,image/jpeg,1,20230609023046,20230609023046,20230609023046
flowersinagun.com/wp-content/uploads/2013/02/2053659117-1-300x300.jpg,image,https://www.flowersinagun.com/wp-content/uploads/2013/02/2053659117-1-300x300.jpg,image/jpeg,1,20230609023047,20230609023047,20230609023047
flowersinagun.com/wp-content/uploads/2013/02/2053659117-1.jpg,image,https://www.flowersinagun.com/wp-content/uploads/2013/02/2053659117-1.jpg,image/jpeg,1,20230609023046,20230609023046,20230609023046
flowersinagun.com/wp-content/uploads/2013/02/541997_220994178013588_1788370998_n-150x150.jpg,image,http://www.flowersinagun.com/wp-content/uploads/2013/02/541997_220994178013588_1788370998_n-150x150.jpg,image/jpeg,1,20150619061520,20150619061520,20150619061520
flowersinagun.com/wp-content/uploads/2013/02/541997_220994178013588_1788370998_n-160x160.jpg,image,https://www.flowersinagun.com/wp-content/uploads/2013/02/541997_220994178013588_1788370998_n-160x160.jpg,image/jpeg,1,20230607230124,20230607230124,20230607230124
flowersinagun.com/wp-content/uploads/2013/02/541997_220994178013588_1788370998_n-260x260.jpg,image,https://www.flowersinagun.com/wp-content/uploads/2013/02/541997_220994178013588_1788370998_n-260x260.jpg,image/jpeg,1,20230607230124,20230607230124,20230607230124
flowersinagun.com/wp-content/uploads/2013/02/541997_220994178013588_1788370998_n-300x300.jpg,image,https://www.flowersinagun.com/wp-content/uploads/2013/02/541997_220994178013588_1788370998_n-300x300.jpg,image/jpeg,1,20230608093535,20230608093535,20230608093535
flowersinagun.com/wp-content/uploads/2013/02/541997_220994178013588_1788370998_n-560x560.jpg,image,https://www.flowersinagun.com/wp-content/uploads/2013/02/541997_220994178013588_1788370998_n-560x560.jpg,image/jpeg,1,20230608093535,20230608093535,20230608093535
flowersinagun.com/wp-content/uploads/2013/02/541997_220994178013588_1788370998_n.jpg,image,https://www.flowersinagun.com/wp-content/uploads/2013/02/541997_220994178013588_1788370998_n.jpg,image/jpeg,1,20230608232106,20230608232106,20230608232106
flowersinagun.com/wp-content/uploads/2013/02/IMG_4213-682x10241-150x150.jpg,image,https://www.flowersinagun.com/wp-content/uploads/2013/02/IMG_4213-682x10241-150x150.jpg,image/jpeg,3,20150619043817,20230608232106,20230608232106
flowersinagun.com/wp-content/uploads/2013/02/Monks-of-Mellonwah-Oct-20121-150x150.jpg,image,https://www.flowersinagun.com/wp-content/uploads/2013/02/Monks-of-Mellonwah-Oct-20121-150x150.jpg,image/jpeg,2,20150619051855,20230607210517,20230607210517
flowersinagun.com/wp-content/uploads/2013/03/f-150x150.jpeg,image,https://www.flowersinagun.com/wp-content/uploads/2013/03/f-150x150.jpeg,image/jpeg,3,20150619060000,20230605051153,20230605051153
flowersinagun.com/wp-content/uploads/2013/04/J-Moore-0436-682x10241-150x150.jpg,image,http://www.flowersinagun.com/wp-content/uploads/2013/04/J-Moore-0436-682x10241-150x150.jpg,image/jpeg,2,20150619053740,20160417130358,20160417130358
flowersinagun.com/wp-content/uploads/2013/04/TFF-Watts-Foster-0046-682x10241-150x150.jpg,image,http://www.flowersinagun.com/wp-content/uploads/2013/04/TFF-Watts-Foster-0046-682x10241-150x150.jpg,image/jpeg,1,20150619044612,20150619044612,20150619044612
flowersinagun.com/wp-content/uploads/2013/04/TFF-Watts-Foster-0155-682x10241-150x150.jpg,image,https://www.flowersinagun.com/wp-content/uploads/2013/04/TFF-Watts-Foster-0155-682x10241-150x150.jpg,image/jpeg,2,20150619051705,20230608045652,20230608045652
flowersinagun.com/wp-content/uploads/2013/04/large_reaching_for_the_moon_2-150x150.jpg,image,https://www.flowersinagun.com/wp-content/uploads/2013/04/large_reaching_for_the_moon_2-150x150.jpg,image/jpeg,2,20150619051857,20230608045653,20230608045653
flowersinagun.com/wp-content/uploads/2013/04/the-rocket-2-150x150.jpg,image,https://www.flowersinagun.com/wp-content/uploads/2013/04/the-rocket-2-150x150.jpg,image/jpeg,2,20150619065225,20230608045653,20230608045653
flowersinagun.com/wp-content/uploads/2013/05/217549_512324638803509_1210309300_n-150x150.jpg,image,https://www.flowersinagun.com/wp-content/uploads/2013/05/217549_512324638803509_1210309300_n-150x150.jpg,image/jpeg,3,20150619044707,20230605133842,20230605133842
flowersinagun.com/wp-content/uploads/2013/05/262783_507941155907198_1751200097_n-150x150.jpg,image,https://www.flowersinagun.com/wp-content/uploads/2013/05/262783_507941155907198_1751200097_n-150x150.jpg,image/jpeg,3,20150619051949,20230605133843,20230605133843
flowersinagun.com/wp-content/uploads/2013/05/320383_513685925346730_448500027_n-150x150.jpg,image,http://www.flowersinagun.com/wp-content/uploads/2013/05/320383_513685925346730_448500027_n-150x150.jpg,image/jpeg,2,20150619063656,20160418004639,20160418004639
flowersinagun.com/wp-content/uploads/2013/05/320383_513685925346730_448500027_n-160x160.jpg,image,https://www.flowersinagun.com/wp-content/uploads/2013/05/320383_513685925346730_448500027_n-160x160.jpg,image/jpeg,1,20230605133843,20230605133843,20230605133843
flowersinagun.com/wp-content/uploads/2013/05/320383_513685925346730_448500027_n-260x260.jpg,image,https://www.flowersinagun.com/wp-content/uploads/2013/05/320383_513685925346730_448500027_n-260x260.jpg,image/jpeg,1,20230605133843,20230605133843,20230605133843
flowersinagun.com/wp-content/uploads/2013/05/320383_513685925346730_448500027_n-300x300.jpg,image,https://www.flowersinagun.com/wp-content/uploads/2013/05/320383_513685925346730_448500027_n-300x300.jpg,image/jpeg,1,20230605133845,20230605133845,20230605133845
flowersinagun.com/wp-content/uploads/2013/05/320383_513685925346730_448500027_n-560x560.jpg,image,https://www.flowersinagun.com/wp-content/uploads/2013/05/320383_513685925346730_448500027_n-560x560.jpg,image/jpeg,1,20230605133842,20230605133842,20230605133842
flowersinagun.com/wp-content/uploads/2013/05/320383_513685925346730_448500027_n.jpg,image,https://www.flowersinagun.com/wp-content/uploads/2013/05/320383_513685925346730_448500027_n.jpg,image/jpeg,1,20230605133845,20230605133845,20230605133845
flowersinagun.com/wp-content/uploads/2013/05/5_powers_chest_hair-150x150.jpg,image,http://www.flowersinagun.com/wp-content/uploads/2013/05/5_powers_chest_hair-150x150.jpg,image/jpeg,2,20150619062823,20160417083513,20160417083513
flowersinagun.com/wp-content/uploads/2013/05/Baklava-poster-150x150.jpg,image,http://www.flowersinagun.com/wp-content/uploads/2013/05/Baklava-poster-150x150.jpg,image/jpeg,2,20150619055245,20160417081244,20160417081244
flowersinagun.com/wp-content/uploads/2013/05/BrooklynArtistsBall_AnnualGala-401-150x150.jpg,image,http://www.flowersinagun.com/wp-content/uploads/2013/05/BrooklynArtistsBall_AnnualGala-401-150x150.jpg,image/jpeg,2,20150619043926,20160417063823,20160417063823
flowersinagun.com/wp-content/uploads/2013/05/My-Woshin-Mashin-150x150.jpg,image,https://www.flowersinagun.com/wp-content/uploads/2013/05/My-Woshin-Mashin-150x150.jpg,image/jpeg,3,20150619050729,20230605133844,20230605133844
flowersinagun.com/wp-content/uploads/2013/05/Reaching-for-the-Moon-Flores-Raras-Tribeca-Film-Festival-2013-movie-review-Bruno-Barreto-Brazilian-film-2-620x-150x150.jpg,image,http://www.flowersinagun.com/wp-content/uploads/2013/05/Reaching-for-the-Moon-Flores-Raras-Tribeca-Film-Festival-2013-movie-review-Bruno-Barreto-Brazilian-film-2-620x-150x150.jpg,image/jpeg,2,20150619052937,20160417130354,20160417130354
flowersinagun.com/wp-content/uploads/2013/05/large_dark_touch_1_pubs-150x150.jpg,image,http://www.flowersinagun.com/wp-content/uploads/2013/05/large_dark_touch_1_pubs-150x150.jpg,image/jpeg,2,20150619070811,20160417084339,20160417084339
flowersinagun.com/wp-content/uploads/2013/06/300x300-150x150.jpg,image,http://www.flowersinagun.com/wp-content/uploads/2013/06/300x300-150x150.jpg,image/jpeg,2,20150619071428,20160417131734,20160417131734
flowersinagun.com/wp-content/uploads/2013/06/300x300-160x160.jpg,image,https://www.flowersinagun.com/wp-content/uploads/2013/06/300x300-160x160.jpg,image/jpeg,1,20230606052950,20230606052950,20230606052950
flowersinagun.com/wp-content/uploads/2013/06/300x300-260x260.jpg,image,https://www.flowersinagun.com/wp-content/uploads/2013/06/300x300-260x260.jpg,image/jpeg,1,20230606052949,20230606052949,20230606052949
flowersinagun.com/wp-content/uploads/2013/06/300x300.jpg,image,https://www.flowersinagun.com/wp-content/uploads/2013/06/300x300.jpg,image/jpeg,1,20230606052949,20230606052949,20230606052949
flowersinagun.com/wp-content/uploads/2013/06/6277161f25b249809d526ec0864e0456-150x150.jpg,image,https://www.flowersinagun.com/wp-content/uploads/2013/06/6277161f25b249809d526ec0864e0456-150x150.jpg,image/jpeg,3,20150619085611,20230605151046,20230605151046
flowersinagun.com/wp-content/uploads/2013/06/adbcrop-1024x534.jpg,image,https://www.flowersinagun.com/wp-content/uploads/2013/06/adbcrop-1024x534.jpg,image/jpeg,1,20230605072258,20230605072258,20230605072258
flowersinagun.com/wp-content/uploads/2013/06/adbcrop-300x156.jpg,image,https://www.flowersinagun.com/wp-content/uploads/2013/06/adbcrop-300x156.jpg,image/jpeg,1,20230605072258,20230605072258,20230605072258
flowersinagun.com/wp-content/uploads/2013/06/adbcrop.jpg,image,https://www.flowersinagun.com/wp-content/uploads/2013/06/adbcrop.jpg,image/jpeg,1,20230605072258,20230605072258,20230605072258
flowersinagun.com/wp-content/uploads/2013/06/occupy3-1024x668.jpg,image,https://www.flowersinagun.com/wp-content/uploads/2013/06/occupy3-1024x668.jpg,image/jpeg,1,20230605151045,20230605151045,20230605151045
flowersinagun.com/wp-content/uploads/2013/06/occupy3-300x195.jpg,image,https://www.flowersinagun.com/wp-content/uploads/2013/06/occupy3-300x195.jpg,image/jpeg,1,20230605151045,20230605151045,20230605151045
flowersinagun.com/wp-content/uploads/2013/06/occupy3.jpg,image,https://www.flowersinagun.com/wp-content/uploads/2013/06/occupy3.jpg,image/jpeg,1,20230605151046,20230605151046,20230605151046
flowersinagun.com/wp-content/uploads/2013/07/1017430_10151716799286061_468870241_n-150x150.jpg,image,https://www.flowersinagun.com/wp-content/uploads/2013/07/1017430_10151716799286061_468870241_n-150x150.jpg,image/jpeg,3,20150619055802,20230605133920,20230605133920
flowersinagun.com/wp-content/uploads/2013/07/flowers_in_a_barrel_12-150x150.jpg,image,http://www.flowersinagun.com/wp-content/uploads/2013/07/flowers_in_a_barrel_12-150x150.jpg,image/jpeg,1,20150619070757,20150619070757,20150619070757
flowersinagun.com/wp-content/uploads/2013/07/nina-150x150.jpg,image,http://www.flowersinagun.com/wp-content/uploads/2013/07/nina-150x150.jpg,image/jpeg,2,20150619070911,20160417185334,20160417185334
flowersinagun.com/wp-content/uploads/2013/07/nina-160x161.jpg,image,https://www.flowersinagun.com/wp-content/uploads/2013/07/nina-160x161.jpg,image/jpeg,1,20230605060121,20230605060121,20230605060121
flowersinagun.com/wp-content/uploads/2013/07/nina-260x262.jpg,image,https://www.flowersinagun.com/wp-content/uploads/2013/07/nina-260x262.jpg,image/jpeg,1,20230605060122,20230605060122,20230605060122
flowersinagun.com/wp-content/uploads/2013/07/nina-560x565.jpg,image,https://www.flowersinagun.com/wp-content/uploads/2013/07/nina-560x565.jpg,image/jpeg,1,20230605060121,20230605060121,20230605060121
flowersinagun.com/wp-content/uploads/2013/08/2-lauravchest-960x540-150x150.png,image,http://www.flowersinagun.com/wp-content/uploads/2013/08/2-lauravchest-960x540-150x150.png,image/png,2,20150619044209,20160417185225,20160417185225
flowersinagun.com/wp-content/uploads/2013/08/312783_295796750430348_2351144_n-150x150.jpg,image,http://www.flowersinagun.com/wp-content/uploads/2013/08/312783_295796750430348_2351144_n-150x150.jpg,image/jpeg,1,20150619070833,20150619070833,20150619070833
flowersinagun.com/wp-content/uploads/2013/08/leon_the_professional_58155-1600x1200-150x150.jpg,image,http://www.flowersinagun.com/wp-content/uploads/2013/08/leon_the_professional_58155-1600x1200-150x150.jpg,image/jpeg,2,20150619054903,20160417140405,20160417140405
flowersinagun.com/wp-content/uploads/2013/08/redman-150x150.jpg,image,http://www.flowersinagun.com/wp-content/uploads/2013/08/redman-150x150.jpg,image/jpeg,1,20150619060559,20150619060559,20150619060559
flowersinagun.com/wp-content/uploads/2013/08/redman-300x300.jpg,image,https://www.flowersinagun.com/wp-content/uploads/2013/08/redman-300x300.jpg,image/jpeg,1,20230607210519,20230607210519,20230607210519
flowersinagun.com/wp-content/uploads/2013/08/redman.jpg,image,https://www.flowersinagun.com/wp-content/uploads/2013/08/redman.jpg,image/jpeg,1,20230607210519,20230607210519,20230607210519
flowersinagun.com/wp-content/uploads/2013/08/the-cure-plastic-passion-fiction-1-150x150.jpg,image,https://www.flowersinagun.com/wp-content/uploads/2013/08/the-cure-plastic-passion-fiction-1-150x150.jpg,image/jpeg,3,20150619071515,20230607195506,20230607195506
flowersinagun.com/wp-content/uploads/2013/08/the-cure-plastic-passion-fiction-1-160x161.jpg,image,https://www.flowersinagun.com/wp-content/uploads/2013/08/the-cure-plastic-passion-fiction-1-160x161.jpg,image/jpeg,1,20230607210519,20230607210519,20230607210519
flowersinagun.com/wp-content/uploads/2013/08/the-cure-plastic-passion-fiction-1-260x262.jpg,image,https://www.flowersinagun.com/wp-content/uploads/2013/08/the-cure-plastic-passion-fiction-1-260x262.jpg,image/jpeg,1,20230607195506,20230607195506,20230607195506
flowersinagun.com/wp-content/uploads/2013/08/the-cure-plastic-passion-fiction-1.jpg,image,https://www.flowersinagun.com/wp-content/uploads/2013/08/the-cure-plastic-passion-fiction-1.jpg,image/jpeg,1,20230607210519,20230607210519,20230607210519
flowersinagun.com/wp-content/uploads/2013/09/1148921_372873769506641_217240330_n-150x150.jpg,image,http://www.flowersinagun.com/wp-content/uploads/2013/09/1148921_372873769506641_217240330_n-150x150.jpg,image/jpeg,2,20150619071550,20160417184422,20160417184422
flowersinagun.com/wp-content/uploads/2013/09/304261_249600488506765_1150531986_n-150x150.jpg,image,https://www.flowersinagun.com/wp-content/uploads/2013/09/304261_249600488506765_1150531986_n-150x150.jpg,image/jpeg,3,20150619051950,20230606041501,20230606041501
flowersinagun.com/wp-content/uploads/2013/09/307993_533595510007763_317820653_n-150x150.jpg,image,http://www.flowersinagun.com/wp-content/uploads/2013/09/307993_533595510007763_317820653_n-150x150.jpg,image/jpeg,2,20150619071546,20160417184418,20160417184418
flowersinagun.com/wp-content/uploads/2013/09/307993_533595510007763_317820653_n-160x160.jpg,image,https://www.flowersinagun.com/wp-content/uploads/2013/09/307993_533595510007763_317820653_n-160x160.jpg,image/jpeg,1,20230605051153,20230605051153,20230605051153
flowersinagun.com/wp-content/uploads/2013/09/307993_533595510007763_317820653_n-260x260.jpg,image,https://www.flowersinagun.com/wp-content/uploads/2013/09/307993_533595510007763_317820653_n-260x260.jpg,image/jpeg,1,20230605051153,20230605051153,20230605051153
flowersinagun.com/wp-content/uploads/2013/09/307993_533595510007763_317820653_n-300x300.jpg,image,https://www.flowersinagun.com/wp-content/uploads/2013/09/307993_533595510007763_317820653_n-300x300.jpg,image/jpeg,1,20230605051153,20230605051153,20230605051153
flowersinagun.com/wp-content/uploads/2013/09/307993_533595510007763_317820653_n-560x560.jpg,image,https://www.flowersinagun.com/wp-content/uploads/2013/09/307993_533595510007763_317820653_n-560x560.jpg,image/jpeg,1,20230605051153,20230605051153,20230605051153
flowersinagun.com/wp-content/uploads/2013/09/307993_533595510007763_317820653_n.jpg,image,https://www.flowersinagun.com/wp-content/uploads/2013/09/307993_533595510007763_317820653_n.jpg,image/jpeg,1,20230605051153,20230605051153,20230605051153
flowersinagun.com/wp-content/uploads/2013/09/9354_169128036608978_591403375_n-150x150.jpg,image,http://www.flowersinagun.com/wp-content/uploads/2013/09/9354_169128036608978_591403375_n-150x150.jpg,image/jpeg,2,20150619054810,20160417132705,20160417132705
flowersinagun.com/wp-content/uploads/2013/09/936full-pj-harvey-150x150.jpg,image,https://www.flowersinagun.com/wp-content/uploads/2013/09/936full-pj-harvey-150x150.jpg,image/jpeg,3,20150619070915,20230606042938,20230606042938
flowersinagun.com/wp-content/uploads/2013/09/936full-pj-harvey-160x161.jpg,image,https://www.flowersinagun.com/wp-content/uploads/2013/09/936full-pj-harvey-160x161.jpg,image/jpeg,1,20230606041501,20230606041501,20230606041501
flowersinagun.com/wp-content/uploads/2013/09/936full-pj-harvey-260x262.jpg,image,https://www.flowersinagun.com/wp-content/uploads/2013/09/936full-pj-harvey-260x262.jpg,image/jpeg,1,20230606042938,20230606042938,20230606042938
flowersinagun.com/wp-content/uploads/2013/09/936full-pj-harvey-560x564.jpg,image,https://www.flowersinagun.com/wp-content/uploads/2013/09/936full-pj-harvey-560x564.jpg,image/jpeg,1,20230606041501,20230606041501,20230606041501
flowersinagun.com/wp-content/uploads/2013/09/936full-pj-harvey.jpg,image,https://www.flowersinagun.com/wp-content/uploads/2013/09/936full-pj-harvey.jpg,image/jpeg,1,20230606041502,20230606041502,20230606041502
flowersinagun.com/wp-content/uploads/2013/09/IMG_9486-150x150.jpg,image,https://www.flowersinagun.com/wp-content/uploads/2013/09/IMG_9486-150x150.jpg,image/jpeg,3,20150619063654,20230605051154,20230605051154
flowersinagun.com/wp-content/uploads/2013/09/a4120990372_2-150x150.jpg,image,http://www.flowersinagun.com/wp-content/uploads/2013/09/a4120990372_2-150x150.jpg,image/jpeg,1,20150619064153,20150619064153,20150619064153
flowersinagun.com/wp-content/uploads/2013/09/a4120990372_2-160x160.jpg,image,https://www.flowersinagun.com/wp-content/uploads/2013/09/a4120990372_2-160x160.jpg,image/jpeg,1,20230606041501,20230606041501,20230606041501
flowersinagun.com/wp-content/uploads/2013/09/a4120990372_2-260x260.jpg,image,https://www.flowersinagun.com/wp-content/uploads/2013/09/a4120990372_2-260x260.jpg,image/jpeg,1,20230606041501,20230606041501,20230606041501
flowersinagun.com/wp-content/uploads/2013/09/a4120990372_2-300x300.jpg,image,https://www.flowersinagun.com/wp-content/uploads/2013/09/a4120990372_2-300x300.jpg,image/jpeg,1,20230606041502,20230606041502,20230606041502
flowersinagun.com/wp-content/uploads/2013/09/a4120990372_2.jpg,image,https://www.flowersinagun.com/wp-content/uploads/2013/09/a4120990372_2.jpg,image/jpeg,1,20230606041501,20230606041501,20230606041501
flowersinagun.com/wp-content/uploads/2013/09/flowers_in_a_barrel_12.jpg,image,http://www.flowersinagun.com/wp-content/uploads/2013/09/flowers_in_a_barrel_12.jpg,image/jpeg,1,20131115084232,20131115084232,20131115084232
flowersinagun.com/wp-content/uploads/2013/09/images.jpg,image,https://www.flowersinagun.com/wp-content/uploads/2013/09/images.jpg,image/jpeg,9,20131115082717,20230519081606,20230519081606
flowersinagun.com/wp-content/uploads/2013/09/tumblr_m4875nO8aX1r0jd3uo1_500-150x150.jpg,image,https://www.flowersinagun.com/wp-content/uploads/2013/09/tumblr_m4875nO8aX1r0jd3uo1_500-150x150.jpg,image/jpeg,3,20150619070345,20230606041501,20230606041501
flowersinagun.com/wp-content/uploads/2013/10/132602388043-200x3001-150x150.jpg,image,https://www.flowersinagun.com/wp-content/uploads/2013/10/132602388043-200x3001-150x150.jpg,image/jpeg,3,20150619053955,20230606042940,20230606042940
flowersinagun.com/wp-content/uploads/2013/10/Alzheimers_Association_New_York_Rita_Hayworth-Gala-11-150x150.jpg,image,https://www.flowersinagun.com/wp-content/uploads/2013/10/Alzheimers_Association_New_York_Rita_Hayworth-Gala-11-150x150.jpg,image/jpeg,3,20150619071115,20230608045653,20230608045653
flowersinagun.com/wp-content/uploads/2013/10/Alzheimers_Association_New_York_Rita_Hayworth-Gala-11-160x240.jpg,image,http://www.flowersinagun.com/wp-content/uploads/2013/10/Alzheimers_Association_New_York_Rita_Hayworth-Gala-11-160x240.jpg,image/jpeg,1,20131115082507,20131115082507,20131115082507
flowersinagun.com/wp-content/uploads/2013/10/Franz_Ferdinand_HammersteinHall_New_York-01.jpg,image,https://www.flowersinagun.com/wp-content/uploads/2013/10/Franz_Ferdinand_HammersteinHall_New_York-01.jpg,image/jpeg,1,20230513070736,20230513070736,20230513070736
flowersinagun.com/wp-content/uploads/2013/10/Franz_Ferdinand_HammersteinHall_New_York-13-150x150.jpg,image,https://www.flowersinagun.com/wp-content/uploads/2013/10/Franz_Ferdinand_HammersteinHall_New_York-13-150x150.jpg,image/jpeg,3,20150619070546,20230608045653,20230608045653
flowersinagun.com/wp-content/uploads/2013/10/IMG_7116-150x150.jpg,image,https://www.flowersinagun.com/wp-content/uploads/2013/10/IMG_7116-150x150.jpg,image/jpeg,3,20150619054905,20230606042940,20230606042940
flowersinagun.com/wp-content/uploads/2013/10/IMG_7116-160x160.jpg,image,https://www.flowersinagun.com/wp-content/uploads/2013/10/IMG_7116-160x160.jpg,image/jpeg,1,20230606042939,20230606042939,20230606042939
flowersinagun.com/wp-content/uploads/2013/10/IMG_7116-260x260.jpg,image,https://www.flowersinagun.com/wp-content/uploads/2013/10/IMG_7116-260x260.jpg,image/jpeg,1,20230606042940,20230606042940,20230606042940
flowersinagun.com/wp-content/uploads/2013/10/IMG_7116-300x300.jpg,image,https://www.flowersinagun.com/wp-content/uploads/2013/10/IMG_7116-300x300.jpg,image/jpeg,1,20230606042940,20230606042940,20230606042940
flowersinagun.com/wp-content/uploads/2013/10/IMG_7116.jpg,image,https://www.flowersinagun.com/wp-content/uploads/2013/10/IMG_7116.jpg,image/jpeg,1,20230606042940,20230606042940,20230606042940
flowersinagun.com/wp-content/uploads/2013/10/IMG_9676-1024x682.jpg,image,https://www.flowersinagun.com/wp-content/uploads/2013/10/IMG_9676-1024x682.jpg,image/jpeg,3,20150619070619,20230606141641,20230606141641
flowersinagun.com/wp-content/uploads/2013/10/IMG_9676-160x106.jpg,image,https://www.flowersinagun.com/wp-content/uploads/2013/10/IMG_9676-160x106.jpg,image/jpeg,1,20230606141641,20230606141641,20230606141641
flowersinagun.com/wp-content/uploads/2013/10/IMG_9676-260x173.jpg,image,https://www.flowersinagun.com/wp-content/uploads/2013/10/IMG_9676-260x173.jpg,image/jpeg,1,20230606141641,20230606141641,20230606141641
flowersinagun.com/wp-content/uploads/2013/10/IMG_9676-300x200.jpg,image,https://www.flowersinagun.com/wp-content/uploads/2013/10/IMG_9676-300x200.jpg,image/jpeg,1,20230606141641,20230606141641,20230606141641
flowersinagun.com/wp-content/uploads/2013/10/IMG_9676-560x373.jpg,image,https://www.flowersinagun.com/wp-content/uploads/2013/10/IMG_9676-560x373.jpg,image/jpeg,1,20230606141641,20230606141641,20230606141641
flowersinagun.com/wp-content/uploads/2013/10/SAM_95941-150x150.jpg,image,https://www.flowersinagun.com/wp-content/uploads/2013/10/SAM_95941-150x150.jpg,image/jpeg,3,20150619070929,20230606141642,20230606141642
flowersinagun.com/wp-content/uploads/2013/10/d644fee9532acc52cf916a8344301a79_poster-150x150.jpeg,image,http://www.flowersinagun.com/wp-content/uploads/2013/10/d644fee9532acc52cf916a8344301a79_poster-150x150.jpeg,image/jpeg,2,20150619044119,20160418004646,20160418004646
flowersinagun.com/wp-content/uploads/2013/10/image-150x150.png,image,https://www.flowersinagun.com/wp-content/uploads/2013/10/image-150x150.png,image/png,3,20150619065601,20230606141641,20230606141641
flowersinagun.com/wp-content/uploads/2013/10/images-150x150.jpg,image,https://www.flowersinagun.com/wp-content/uploads/2013/10/images-150x150.jpg,image/jpeg,3,20150619071521,20230607182327,20230607182327
flowersinagun.com/wp-content/uploads/2013/10/lou-reed-sized-150x150.jpg,image,https://www.flowersinagun.com/wp-content/uploads/2013/10/lou-reed-sized-150x150.jpg,image/jpeg,3,20150619050402,20230608045653,20230608045653
flowersinagun.com/wp-content/uploads/2013/10/maxresdefault-150x150.jpg,image,http://www.flowersinagun.com/wp-content/uploads/2013/10/maxresdefault-150x150.jpg,image/jpeg,2,20150619070927,20160417090120,20160417090120
flowersinagun.com/wp-content/uploads/2013/10/maxresdefault-160x90.jpg,image,http://www.flowersinagun.com/wp-content/uploads/2013/10/maxresdefault-160x90.jpg,image/jpeg,1,20131115082143,20131115082143,20131115082143
flowersinagun.com/wp-content/uploads/2013/10/sharon_vanetten_01-150x150.jpg,image,https://www.flowersinagun.com/wp-content/uploads/2013/10/sharon_vanetten_01-150x150.jpg,image/jpeg,3,20150619044710,20230607182327,20230607182327
flowersinagun.com/wp-content/uploads/2013/10/viewer-150x150.png,image,http://www.flowersinagun.com/wp-content/uploads/2013/10/viewer-150x150.png,image/png,2,20150619065013,20160417082743,20160417082743
flowersinagun.com/wp-content/uploads/2013/11/1454832_10152055884539243_1780834798_n-150x150.jpg,image,https://www.flowersinagun.com/wp-content/uploads/2013/11/1454832_10152055884539243_1780834798_n-150x150.jpg,image/jpeg,3,20150619060307,20230606160647,20230606160647
flowersinagun.com/wp-content/uploads/2013/11/1454832_10152055884539243_1780834798_n-160x146.jpg,image,https://www.flowersinagun.com/wp-content/uploads/2013/11/1454832_10152055884539243_1780834798_n-160x146.jpg,image/jpeg,1,20230624094504,20230624094504,20230624094504
flowersinagun.com/wp-content/uploads/2013/11/1454832_10152055884539243_1780834798_n-260x238.jpg,image,https://www.flowersinagun.com/wp-content/uploads/2013/11/1454832_10152055884539243_1780834798_n-260x238.jpg,image/jpeg,1,20230624094504,20230624094504,20230624094504
flowersinagun.com/wp-content/uploads/2013/11/1454832_10152055884539243_1780834798_n-280x150.jpg,image,http://www.flowersinagun.com/wp-content/uploads/2013/11/1454832_10152055884539243_1780834798_n-280x150.jpg,image/jpeg,1,20150715212346,20150715212346,20150715212346
flowersinagun.com/wp-content/uploads/2013/11/1454832_10152055884539243_1780834798_n-300x274.jpg,image,https://www.flowersinagun.com/wp-content/uploads/2013/11/1454832_10152055884539243_1780834798_n-300x274.jpg,image/jpeg,1,20230624094504,20230624094504,20230624094504
flowersinagun.com/wp-content/uploads/2013/11/1454832_10152055884539243_1780834798_n-560x512.jpg,image,https://www.flowersinagun.com/wp-content/uploads/2013/11/1454832_10152055884539243_1780834798_n-560x512.jpg,image/jpeg,1,20230624094504,20230624094504,20230624094504
flowersinagun.com/wp-content/uploads/2013/11/1454832_10152055884539243_1780834798_n.jpg,image,https://www.flowersinagun.com/wp-content/uploads/2013/11/1454832_10152055884539243_1780834798_n.jpg,image/jpeg,2,20150713135734,20230627042202,20230627042202
flowersinagun.com/wp-content/uploads/2013/11/18403_549615528407252_1012031025_n-150x150.jpg,image,http://www.flowersinagun.com/wp-content/uploads/2013/11/18403_549615528407252_1012031025_n-150x150.jpg,image/jpeg,2,20150619064805,20160417185314,20160417185314
flowersinagun.com/wp-content/uploads/2013/11/18403_549615528407252_1012031025_n-160x200.jpg,image,https://www.flowersinagun.com/wp-content/uploads/2013/11/18403_549615528407252_1012031025_n-160x200.jpg,image/jpeg,1,20230627042203,20230627042203,20230627042203
flowersinagun.com/wp-content/uploads/2013/11/18403_549615528407252_1012031025_n-240x300.jpg,image,https://www.flowersinagun.com/wp-content/uploads/2013/11/18403_549615528407252_1012031025_n-240x300.jpg,image/jpeg,1,20230627042203,20230627042203,20230627042203
flowersinagun.com/wp-content/uploads/2013/11/18403_549615528407252_1012031025_n-260x325.jpg,image,https://www.flowersinagun.com/wp-content/uploads/2013/11/18403_549615528407252_1012031025_n-260x325.jpg,image/jpeg,1,20230627042203,20230627042203,20230627042203
flowersinagun.com/wp-content/uploads/2013/11/18403_549615528407252_1012031025_n-560x700.jpg,image,https://www.flowersinagun.com/wp-content/uploads/2013/11/18403_549615528407252_1012031025_n-560x700.jpg,image/jpeg,1,20230627042203,20230627042203,20230627042203
flowersinagun.com/wp-content/uploads/2013/11/18403_549615528407252_1012031025_n.jpg,image,http://www.flowersinagun.com/wp-content/uploads/2013/11/18403_549615528407252_1012031025_n.jpg,image/jpeg,1,20150713215349,20150713215349,20150713215349
flowersinagun.com/wp-content/uploads/2013/11/460577_10150933242459783_461136596_o-150x150.jpg,image,http://www.flowersinagun.com/wp-content/uploads/2013/11/460577_10150933242459783_461136596_o-150x150.jpg,image/jpeg,2,20150619065940,20160417123330,20160417123330
flowersinagun.com/wp-content/uploads/2013/11/460577_10150933242459783_461136596_o-260x195.jpg,image,http://www.flowersinagun.com/wp-content/uploads/2013/11/460577_10150933242459783_461136596_o-260x195.jpg,image/jpeg,1,20131115083152,20131115083152,20131115083152
flowersinagun.com/wp-content/uploads/2013/11/Bathhouse-236x3001-150x150.jpg,image,https://www.flowersinagun.com/wp-content/uploads/2013/11/Bathhouse-236x3001-150x150.jpg,image/jpeg,3,20150619052939,20230606160647,20230606160647
flowersinagun.com/wp-content/uploads/2013/11/Divers030-1024x682.jpg,image,http://www.flowersinagun.com/wp-content/uploads/2013/11/Divers030-1024x682.jpg,image/jpeg,1,20131115105610,20131115105610,20131115105610
flowersinagun.com/wp-content/uploads/2013/11/Divers030-150x150.jpg,image,http://www.flowersinagun.com/wp-content/uploads/2013/11/Divers030-150x150.jpg,image/jpeg,2,20150619060305,20160417132708,20160417132708
flowersinagun.com/wp-content/uploads/2013/11/Divers030-260x173.jpg,image,http://www.flowersinagun.com/wp-content/uploads/2013/11/Divers030-260x173.jpg,image/jpeg,1,20131115083232,20131115083232,20131115083232
flowersinagun.com/wp-content/uploads/2013/11/DocBlog_TownBloodyHall-300x180.jpg,image,http://www.flowersinagun.com/wp-content/uploads/2013/11/DocBlog_TownBloodyHall-300x180.jpg,image/jpeg,2,20131115050740,20140224102919,20140224102919
flowersinagun.com/wp-content/uploads/2013/11/DocBlog_TownBloodyHall.jpg,image,http://www.flowersinagun.com/wp-content/uploads/2013/11/DocBlog_TownBloodyHall.jpg,image/jpeg,1,20131115071058,20131115071058,20131115071058
flowersinagun.com/wp-content/uploads/2013/11/IMG_8447-150x150.jpg,image,https://www.flowersinagun.com/wp-content/uploads/2013/11/IMG_8447-150x150.jpg,image/jpeg,3,20150619051805,20230607223340,20230607223340
flowersinagun.com/wp-content/uploads/2013/11/Midler-Hulaween-Gala-0123-160x160.jpg,image,http://www.flowersinagun.com/wp-content/uploads/2013/11/Midler-Hulaween-Gala-0123-160x160.jpg,image/jpeg,1,20131115082802,20131115082802,20131115082802
flowersinagun.com/wp-content/uploads/2013/11/PSTT-1024x915.jpg,image,http://www.flowersinagun.com/wp-content/uploads/2013/11/PSTT-1024x915.jpg,image/jpeg,1,20131115102111,20131115102111,20131115102111
flowersinagun.com/wp-content/uploads/2013/11/band-shoot-150x150.jpg,image,https://www.flowersinagun.com/wp-content/uploads/2013/11/band-shoot-150x150.jpg,image/jpeg,3,20150619050208,20230606160647,20230606160647
flowersinagun.com/wp-content/uploads/2013/11/gardiner-sisters1-150x150.jpg,image,http://www.flowersinagun.com/wp-content/uploads/2013/11/gardiner-sisters1-150x150.jpg,image/jpeg,2,20150619050206,20160417133314,20160417133314
flowersinagun.com/wp-content/uploads/2013/11/kiss-bw-160x133.jpg,image,https://www.flowersinagun.com/wp-content/uploads/2013/11/kiss-bw-160x133.jpg,image/jpeg,1,20230627042203,20230627042203,20230627042203
flowersinagun.com/wp-content/uploads/2013/11/kiss-bw-260x216.jpg,image,https://www.flowersinagun.com/wp-content/uploads/2013/11/kiss-bw-260x216.jpg,image/jpeg,1,20230627042203,20230627042203,20230627042203
flowersinagun.com/wp-content/uploads/2013/11/kiss-bw-300x249.jpg,image,https://www.flowersinagun.com/wp-content/uploads/2013/11/kiss-bw-300x249.jpg,image/jpeg,2,20150713220117,20230627042202,20230627042202
flowersinagun.com/wp-content/uploads/2013/11/kiss-bw-300x2491-150x150.jpg,image,https://www.flowersinagun.com/wp-content/uploads/2013/11/kiss-bw-300x2491-150x150.jpg,image/jpeg,3,20150619053149,20230606160647,20230606160647
flowersinagun.com/wp-content/uploads/2013/11/kiss-bw.jpg,image,https://www.flowersinagun.com/wp-content/uploads/2013/11/kiss-bw.jpg,image/jpeg,1,20230627042203,20230627042203,20230627042203
flowersinagun.com/wp-content/uploads/2013/11/m16lamp-160x200.jpg,image,https://www.flowersinagun.com/wp-content/uploads/2013/11/m16lamp-160x200.jpg,image/jpeg,1,20230628125254,20230628125254,20230628125254
flowersinagun.com/wp-content/uploads/2013/11/m16lamp-239x300.jpg,image,https://www.flowersinagun.com/wp-content/uploads/2013/11/m16lamp-239x300.jpg,image/jpeg,3,20150714022425,20230627042202,20230627042202
flowersinagun.com/wp-content/uploads/2013/11/m16lamp-260x325.jpg,image,https://www.flowersinagun.com/wp-content/uploads/2013/11/m16lamp-260x325.jpg,image/jpeg,1,20230628125254,20230628125254,20230628125254
flowersinagun.com/wp-content/uploads/2013/11/m16lamp.jpg,image,https://www.flowersinagun.com/wp-content/uploads/2013/11/m16lamp.jpg,image/jpeg,1,20230628125253,20230628125253,20230628125253
flowersinagun.com/wp-content/uploads/2013/11/phildel-150x150.png,image,https://www.flowersinagun.com/wp-content/uploads/2013/11/phildel-150x150.png,image/png,3,20150619043400,20230606081027,20230606081027
flowersinagun.com/wp-content/uploads/2013/11/townbloodyhall-cover-243x300-150x150.jpg,image,http://www.flowersinagun.com/wp-content/uploads/2013/11/townbloodyhall-cover-243x300-150x150.jpg,image/jpeg,2,20150619055604,20160417124709,20160417124709
flowersinagun.com/wp-content/uploads/2013/11/townbloodyhall-cover-243x300.jpg,image,http://www.flowersinagun.com/wp-content/uploads/2013/11/townbloodyhall-cover-243x300.jpg,image/jpeg,1,20131115082505,20131115082505,20131115082505
flowersinagun.com/wp-content/uploads/2013/11/unnamed-1-150x150.jpg,image,https://www.flowersinagun.com/wp-content/uploads/2013/11/unnamed-1-150x150.jpg,image/jpeg,1,20230624094505,20230624094505,20230624094505
flowersinagun.com/wp-content/uploads/2013/11/unnamed-1-160x160.jpg,image,https://www.flowersinagun.com/wp-content/uploads/2013/11/unnamed-1-160x160.jpg,image/jpeg,1,20230627042201,20230627042201,20230627042201
flowersinagun.com/wp-content/uploads/2013/11/unnamed-1-260x260.jpg,image,https://www.flowersinagun.com/wp-content/uploads/2013/11/unnamed-1-260x260.jpg,image/jpeg,1,20230624094504,20230624094504,20230624094504
flowersinagun.com/wp-content/uploads/2013/11/unnamed-1-300x300.jpg,image,https://www.flowersinagun.com/wp-content/uploads/2013/11/unnamed-1-300x300.jpg,image/jpeg,1,20230624094504,20230624094504,20230624094504
flowersinagun.com/wp-content/uploads/2013/11/unnamed-1.jpg,image,https://www.flowersinagun.com/wp-content/uploads/2013/11/unnamed-1.jpg,image/jpeg,3,20150713133917,20230624094505,20230624094505
flowersinagun.com/wp-content/uploads/2013/11/unnamed-2-160x230.jpg,image,https://www.flowersinagun.com/wp-content/uploads/2013/11/unnamed-2-160x230.jpg,image/jpeg,1,20230627042203,20230627042203,20230627042203
flowersinagun.com/wp-content/uploads/2013/11/unnamed-2-208x300.jpg,image,https://www.flowersinagun.com/wp-content/uploads/2013/11/unnamed-2-208x300.jpg,image/jpeg,1,20230627042203,20230627042203,20230627042203
flowersinagun.com/wp-content/uploads/2013/11/unnamed-2-260x373.jpg,image,https://www.flowersinagun.com/wp-content/uploads/2013/11/unnamed-2-260x373.jpg,image/jpeg,1,20230627042203,20230627042203,20230627042203
flowersinagun.com/wp-content/uploads/2013/11/unnamed-2.jpg,image,https://www.flowersinagun.com/wp-content/uploads/2013/11/unnamed-2.jpg,image/jpeg,2,20150713223014,20230627042203,20230627042203
flowersinagun.com/wp-content/uploads/2013/12/0002066373_10-150x150.jpg,image,https://www.flowersinagun.com/wp-content/uploads/2013/12/0002066373_10-150x150.jpg,image/jpeg,3,20150619044611,20230605072258,20230605072258
flowersinagun.com/wp-content/uploads/2013/12/0002066373_10-160x160.jpg,image,https://www.flowersinagun.com/wp-content/uploads/2013/12/0002066373_10-160x160.jpg,image/jpeg,1,20230606052950,20230606052950,20230606052950
flowersinagun.com/wp-content/uploads/2013/12/0002066373_10-260x261.jpg,image,https://www.flowersinagun.com/wp-content/uploads/2013/12/0002066373_10-260x261.jpg,image/jpeg,1,20230606052950,20230606052950,20230606052950
flowersinagun.com/wp-content/uploads/2013/12/0002066373_10-298x300.jpg,image,https://www.flowersinagun.com/wp-content/uploads/2013/12/0002066373_10-298x300.jpg,image/jpeg,1,20230606052950,20230606052950,20230606052950
flowersinagun.com/wp-content/uploads/2013/12/0002066373_10-560x562.jpg,image,https://www.flowersinagun.com/wp-content/uploads/2013/12/0002066373_10-560x562.jpg,image/jpeg,1,20230606052950,20230606052950,20230606052950
flowersinagun.com/wp-content/uploads/2013/12/0002066373_10.jpg,image,https://www.flowersinagun.com/wp-content/uploads/2013/12/0002066373_10.jpg,image/jpeg,1,20230605151045,20230605151045,20230605151045
flowersinagun.com/wp-content/uploads/2013/12/1471352_219496414897204_1690163244_n-150x150.jpg,image,https://www.flowersinagun.com/wp-content/uploads/2013/12/1471352_219496414897204_1690163244_n-150x150.jpg,image/jpeg,3,20150619055606,20230605151047,20230605151047
flowersinagun.com/wp-content/uploads/2013/12/1471352_219496414897204_1690163244_n-160x160.jpg,image,https://www.flowersinagun.com/wp-content/uploads/2013/12/1471352_219496414897204_1690163244_n-160x160.jpg,image/jpeg,1,20230605072258,20230605072258,20230605072258
flowersinagun.com/wp-content/uploads/2013/12/1471352_219496414897204_1690163244_n-260x260.jpg,image,https://www.flowersinagun.com/wp-content/uploads/2013/12/1471352_219496414897204_1690163244_n-260x260.jpg,image/jpeg,1,20230605072258,20230605072258,20230605072258
flowersinagun.com/wp-content/uploads/2013/12/1471352_219496414897204_1690163244_n-300x300.jpg,image,https://www.flowersinagun.com/wp-content/uploads/2013/12/1471352_219496414897204_1690163244_n-300x300.jpg,image/jpeg,1,20230605151046,20230605151046,20230605151046
flowersinagun.com/wp-content/uploads/2013/12/1471352_219496414897204_1690163244_n-560x560.jpg,image,https://www.flowersinagun.com/wp-content/uploads/2013/12/1471352_219496414897204_1690163244_n-560x560.jpg,image/jpeg,1,20230605072258,20230605072258,20230605072258
flowersinagun.com/wp-content/uploads/2013/12/1471352_219496414897204_1690163244_n.jpg,image,https://www.flowersinagun.com/wp-content/uploads/2013/12/1471352_219496414897204_1690163244_n.jpg,image/jpeg,1,20230605072258,20230605072258,20230605072258
flowersinagun.com/wp-content/uploads/2013/12/175317_166935413355849_714841_o-150x150.jpg,image,http://www.flowersinagun.com/wp-content/uploads/2013/12/175317_166935413355849_714841_o-150x150.jpg,image/jpeg,1,20150619071524,20150619071524,20150619071524
flowersinagun.com/wp-content/uploads/2013/12/945606_480588462022035_2080616335_n-150x150.jpg,image,http://www.flowersinagun.com/wp-content/uploads/2013/12/945606_480588462022035_2080616335_n-150x150.jpg,image/jpeg,2,20150619044207,20160417185221,20160417185221
flowersinagun.com/wp-content/uploads/2013/12/IMG_9465-150x150.jpg,image,https://www.flowersinagun.com/wp-content/uploads/2013/12/IMG_9465-150x150.jpg,image/jpeg,3,20150619085456,20230605151046,20230605151046
flowersinagun.com/wp-content/uploads/2013/12/a1425751965_2-150x150.jpg,image,https://www.flowersinagun.com/wp-content/uploads/2013/12/a1425751965_2-150x150.jpg,image/jpeg,3,20150619050929,20230605072258,20230605072258
flowersinagun.com/wp-content/uploads/2013/12/a1425751965_2-160x160.jpg,image,https://www.flowersinagun.com/wp-content/uploads/2013/12/a1425751965_2-160x160.jpg,image/jpeg,1,20230605072258,20230605072258,20230605072258
flowersinagun.com/wp-content/uploads/2013/12/a1425751965_2-260x260.jpg,image,https://www.flowersinagun.com/wp-content/uploads/2013/12/a1425751965_2-260x260.jpg,image/jpeg,1,20230605072258,20230605072258,20230605072258
flowersinagun.com/wp-content/uploads/2013/12/a1425751965_2-300x300.jpg,image,https://www.flowersinagun.com/wp-content/uploads/2013/12/a1425751965_2-300x300.jpg,image/jpeg,1,20230605072258,20230605072258,20230605072258
flowersinagun.com/wp-content/uploads/2013/12/a1425751965_2.jpg,image,https://www.flowersinagun.com/wp-content/uploads/2013/12/a1425751965_2.jpg,image/jpeg,1,20230605072300,20230605072300,20230605072300
flowersinagun.com/wp-content/uploads/2013/12/maricka-150x150.jpg,image,http://www.flowersinagun.com/wp-content/uploads/2013/12/maricka-150x150.jpg,image/jpeg,2,20150619070416,20160418073034,20160418073034
flowersinagun.com/wp-content/uploads/2013/12/mel-washington-150x150.jpg,image,http://www.flowersinagun.com/wp-content/uploads/2013/12/mel-washington-150x150.jpg,image/jpeg,2,20150619065625,20160418013337,20160418013337
flowersinagun.com/wp-content/uploads/2013/12/sonic-violence-150x150.png,image,https://www.flowersinagun.com/wp-content/uploads/2013/12/sonic-violence-150x150.png,image/png,3,20150619044802,20230605151046,20230605151046
flowersinagun.com/wp-content/uploads/2013/12/taka_872dpi-150x150.jpg,image,https://www.flowersinagun.com/wp-content/uploads/2013/12/taka_872dpi-150x150.jpg,image/jpeg,3,20150619070544,20230605151046,20230605151046
flowersinagun.com/wp-content/uploads/2014/01/1175018_607564555948493_419439055_n-150x150.jpg,image,https://www.flowersinagun.com/wp-content/uploads/2014/01/1175018_607564555948493_419439055_n-150x150.jpg,image/jpeg,3,20150619065941,20230605060121,20230605060121
flowersinagun.com/wp-content/uploads/2014/01/1392852_599441873449043_183858377_n-150x150.jpg,image,http://www.flowersinagun.com/wp-content/uploads/2014/01/1392852_599441873449043_183858377_n-150x150.jpg,image/jpeg,2,20150619045804,20160417190730,20160417190730
flowersinagun.com/wp-content/uploads/2014/01/1392852_599441873449043_183858377_n-160x160.jpg,image,https://www.flowersinagun.com/wp-content/uploads/2014/01/1392852_599441873449043_183858377_n-160x160.jpg,image/jpeg,1,20230605051155,20230605051155,20230605051155
flowersinagun.com/wp-content/uploads/2014/01/1392852_599441873449043_183858377_n-260x260.jpg,image,https://www.flowersinagun.com/wp-content/uploads/2014/01/1392852_599441873449043_183858377_n-260x260.jpg,image/jpeg,1,20230605051155,20230605051155,20230605051155
flowersinagun.com/wp-content/uploads/2014/01/1392852_599441873449043_183858377_n-300x300.jpg,image,https://www.flowersinagun.com/wp-content/uploads/2014/01/1392852_599441873449043_183858377_n-300x300.jpg,image/jpeg,1,20230605060121,20230605060121,20230605060121
flowersinagun.com/wp-content/uploads/2014/01/1392852_599441873449043_183858377_n-560x560.jpg,image,https://www.flowersinagun.com/wp-content/uploads/2014/01/1392852_599441873449043_183858377_n-560x560.jpg,image/jpeg,1,20230605051156,20230605051156,20230605051156
flowersinagun.com/wp-content/uploads/2014/01/1392852_599441873449043_183858377_n.jpg,image,https://www.flowersinagun.com/wp-content/uploads/2014/01/1392852_599441873449043_183858377_n.jpg,image/jpeg,1,20230605051155,20230605051155,20230605051155
flowersinagun.com/wp-content/uploads/2014/01/582474_459660594095871_1575171889_n-150x150.jpg,image,https://www.flowersinagun.com/wp-content/uploads/2014/01/582474_459660594095871_1575171889_n-150x150.jpg,image/jpeg,2,20150619070503,20230605060121,20230605060121
flowersinagun.com/wp-content/uploads/2014/01/6-150x150.jpg,image,http://www.flowersinagun.com/wp-content/uploads/2014/01/6-150x150.jpg,image/jpeg,2,20150619050927,20160417201536,20160417201536
flowersinagun.com/wp-content/uploads/2014/01/CStrumpet-150x150.jpg,image,https://www.flowersinagun.com/wp-content/uploads/2014/01/CStrumpet-150x150.jpg,image/jpeg,2,20150619060105,20230605051155,20230605051155
flowersinagun.com/wp-content/uploads/2014/01/IMG_0659-150x150.jpg,image,http://www.flowersinagun.com/wp-content/uploads/2014/01/IMG_0659-150x150.jpg,image/jpeg,2,20150619052147,20160418004636,20160418004636
flowersinagun.com/wp-content/uploads/2014/01/a1517132713_2-150x150.jpg,image,http://www.flowersinagun.com/wp-content/uploads/2014/01/a1517132713_2-150x150.jpg,image/jpeg,1,20150930050730,20150930050730,20150930050730
flowersinagun.com/wp-content/uploads/2014/01/a3071916352_2-150x150.jpg,image,http://www.flowersinagun.com/wp-content/uploads/2014/01/a3071916352_2-150x150.jpg,image/jpeg,1,20151001012317,20151001012317,20151001012317
flowersinagun.com/wp-content/uploads/2014/01/a3516147310_2-150x150.jpg,image,http://www.flowersinagun.com/wp-content/uploads/2014/01/a3516147310_2-150x150.jpg,image/jpeg,2,20150619070801,20160418005300,20160418005300
flowersinagun.com/wp-content/uploads/2014/01/black-eskimo-150x150.jpg,image,https://www.flowersinagun.com/wp-content/uploads/2014/01/black-eskimo-150x150.jpg,image/jpeg,3,20150619055342,20230605060121,20230605060121
flowersinagun.com/wp-content/uploads/2014/01/black-eskimo-160x160.jpg,image,https://www.flowersinagun.com/wp-content/uploads/2014/01/black-eskimo-160x160.jpg,image/jpeg,1,20230605060121,20230605060121,20230605060121
flowersinagun.com/wp-content/uploads/2014/01/black-eskimo-260x260.jpg,image,https://www.flowersinagun.com/wp-content/uploads/2014/01/black-eskimo-260x260.jpg,image/jpeg,1,20230605060121,20230605060121,20230605060121
flowersinagun.com/wp-content/uploads/2014/01/black-eskimo-300x300.jpg,image,https://www.flowersinagun.com/wp-content/uploads/2014/01/black-eskimo-300x300.jpg,image/jpeg,1,20230605060122,20230605060122,20230605060122
flowersinagun.com/wp-content/uploads/2014/01/black-eskimo.jpg,image,http://www.flowersinagun.com/wp-content/uploads/2014/01/black-eskimo.jpg,image/jpeg,1,20150619055702,20150619055702,20150619055702
flowersinagun.com/wp-content/uploads/2014/01/cropped-header22.jpg,image,https://www.flowersinagun.com/wp-content/uploads/2014/01/cropped-header22.jpg,image/jpeg,8,20140520105932,20230519061842,20230519061842
flowersinagun.com/wp-content/uploads/2014/01/i_am_kloot03_website_image_andrewwhittongallery_wxga-1-1024x682.jpg,image,http://www.flowersinagun.com/wp-content/uploads/2014/01/i_am_kloot03_website_image_andrewwhittongallery_wxga-1-1024x682.jpg,image/jpeg,1,20160828131325,20160828131325,20160828131325
flowersinagun.com/wp-content/uploads/2014/01/i_am_kloot03_website_image_andrewwhittongallery_wxga-1-150x150.jpg,image,https://www.flowersinagun.com/wp-content/uploads/2014/01/i_am_kloot03_website_image_andrewwhittongallery_wxga-1-150x150.jpg,image/jpeg,3,20150619070432,20230607182327,20230607182327
flowersinagun.com/wp-content/uploads/2014/01/radioradio-150x150.jpg,image,https://www.flowersinagun.com/wp-content/uploads/2014/01/radioradio-150x150.jpg,image/jpeg,3,20150619071541,20230605051155,20230605051155
flowersinagun.com/wp-content/uploads/2014/01/radioradio-160x120.jpg,image,https://www.flowersinagun.com/wp-content/uploads/2014/01/radioradio-160x120.jpg,image/jpeg,1,20230607064202,20230607064202,20230607064202
flowersinagun.com/wp-content/uploads/2014/01/radioradio-260x195.jpg,image,https://www.flowersinagun.com/wp-content/uploads/2014/01/radioradio-260x195.jpg,image/jpeg,1,20230607064202,20230607064202,20230607064202
flowersinagun.com/wp-content/uploads/2014/01/radioradio-300x225.jpg,image,https://www.flowersinagun.com/wp-content/uploads/2014/01/radioradio-300x225.jpg,image/jpeg,1,20230607064202,20230607064202,20230607064202
flowersinagun.com/wp-content/uploads/2014/01/radioradio-560x420.jpg,image,https://www.flowersinagun.com/wp-content/uploads/2014/01/radioradio-560x420.jpg,image/jpeg,1,20230607064202,20230607064202,20230607064202
flowersinagun.com/wp-content/uploads/2014/01/radioradio.jpg,image,https://www.flowersinagun.com/wp-content/uploads/2014/01/radioradio.jpg,image/jpeg,2,20150619055340,20230607064202,20230607064202
flowersinagun.com/wp-content/uploads/2014/01/ub-photo-chairs-150x150.jpg,image,http://www.flowersinagun.com/wp-content/uploads/2014/01/ub-photo-chairs-150x150.jpg,image/jpeg,2,20150619070320,20160418005253,20160418005253
flowersinagun.com/wp-content/uploads/2014/01/unnamed.jpg,image,https://www.flowersinagun.com/wp-content/uploads/2014/01/unnamed.jpg,image/jpeg,2,20150619065711,20230607064202,20230607064202
flowersinagun.com/wp-content/uploads/2014/01/viewer-150x150.jpg,image,https://www.flowersinagun.com/wp-content/uploads/2014/01/viewer-150x150.jpg,image/jpeg,3,20150619062052,20230605051155,20230605051155
flowersinagun.com/wp-content/uploads/2014/02/1450969_234233606746144_1503595921_n-1-150x150.jpg,image,https://www.flowersinagun.com/wp-content/uploads/2014/02/1450969_234233606746144_1503595921_n-1-150x150.jpg,image/jpeg,3,20150619055859,20230605133842,20230605133842
flowersinagun.com/wp-content/uploads/2014/02/391829_10150418687732647_1473247562_n-150x150.jpg,image,https://www.flowersinagun.com/wp-content/uploads/2014/02/391829_10150418687732647_1473247562_n-150x150.jpg,image/jpeg,3,20150619071413,20230608232107,20230608232107
flowersinagun.com/wp-content/uploads/2014/02/392736_10150454238672590_52262501_n-150x150.jpg,image,https://www.flowersinagun.com/wp-content/uploads/2014/02/392736_10150454238672590_52262501_n-150x150.jpg,image/jpeg,3,20150619065249,20230606160647,20230606160647
flowersinagun.com/wp-content/uploads/2014/02/51-150x150.jpg,image,https://www.flowersinagun.com/wp-content/uploads/2014/02/51-150x150.jpg,image/jpeg,3,20150619065539,20230605060108,20230605060108
flowersinagun.com/wp-content/uploads/2014/02/Cover-for-Believe-digital-150x150.jpeg,image,https://www.flowersinagun.com/wp-content/uploads/2014/02/Cover-for-Believe-digital-150x150.jpeg,image/jpeg,3,20150619052552,20230605133920,20230605133920
flowersinagun.com/wp-content/uploads/2014/02/Cover-for-Believe-digital-160x160.jpeg,image,https://www.flowersinagun.com/wp-content/uploads/2014/02/Cover-for-Believe-digital-160x160.jpeg,image/jpeg,1,20230607182327,20230607182327,20230607182327
flowersinagun.com/wp-content/uploads/2014/02/Cover-for-Believe-digital-260x260.jpeg,image,https://www.flowersinagun.com/wp-content/uploads/2014/02/Cover-for-Believe-digital-260x260.jpeg,image/jpeg,1,20230607182327,20230607182327,20230607182327
flowersinagun.com/wp-content/uploads/2014/02/Cover-for-Believe-digital-300x300.jpeg,image,https://www.flowersinagun.com/wp-content/uploads/2014/02/Cover-for-Believe-digital-300x300.jpeg,image/jpeg,1,20230605060121,20230605060121,20230605060121
flowersinagun.com/wp-content/uploads/2014/02/Cover-for-Believe-digital.jpeg,image,https://www.flowersinagun.com/wp-content/uploads/2014/02/Cover-for-Believe-digital.jpeg,image/jpeg,1,20230607182327,20230607182327,20230607182327
flowersinagun.com/wp-content/uploads/2014/02/IMG_2362-150x150.jpg,image,https://www.flowersinagun.com/wp-content/uploads/2014/02/IMG_2362-150x150.jpg,image/jpeg,2,20150619062740,20230605060108,20230605060108
flowersinagun.com/wp-content/uploads/2014/02/JC3a-150x150.jpg,image,http://www.flowersinagun.com/wp-content/uploads/2014/02/JC3a-150x150.jpg,image/jpeg,1,20150930054540,20150930054540,20150930054540
flowersinagun.com/wp-content/uploads/2014/02/The_clower+club_watermark-150x150.jpg,image,https://www.flowersinagun.com/wp-content/uploads/2014/02/The_clower+club_watermark-150x150.jpg,image/jpeg,3,20150619051131,20230607115128,20230607115128
flowersinagun.com/wp-content/uploads/2014/02/The_clower+club_watermark-160x160.jpg,image,https://www.flowersinagun.com/wp-content/uploads/2014/02/The_clower+club_watermark-160x160.jpg,image/jpeg,1,20230607115128,20230607115128,20230607115128
flowersinagun.com/wp-content/uploads/2014/02/The_clower+club_watermark-260x260.jpg,image,https://www.flowersinagun.com/wp-content/uploads/2014/02/The_clower+club_watermark-260x260.jpg,image/jpeg,1,20230607115128,20230607115128,20230607115128
flowersinagun.com/wp-content/uploads/2014/02/The_clower+club_watermark-300x300.jpg,image,https://www.flowersinagun.com/wp-content/uploads/2014/02/The_clower+club_watermark-300x300.jpg,image/jpeg,1,20230607115128,20230607115128,20230607115128
flowersinagun.com/wp-content/uploads/2014/02/The_clower+club_watermark-560x560.jpg,image,https://www.flowersinagun.com/wp-content/uploads/2014/02/The_clower+club_watermark-560x560.jpg,image/jpeg,1,20230607115128,20230607115128,20230607115128
flowersinagun.com/wp-content/uploads/2014/02/The_clower+club_watermark.jpg,image,https://www.flowersinagun.com/wp-content/uploads/2014/02/The_clower+club_watermark.jpg,image/jpeg,2,20150619064836,20230607064202,20230607064202
flowersinagun.com/wp-content/uploads/2014/02/anna1-150x150.jpg,image,http://www.flowersinagun.com/wp-content/uploads/2014/02/anna1-150x150.jpg,image/jpeg,2,20150619050545,20160418004633,20160418004633
flowersinagun.com/wp-content/uploads/2014/02/bow1-150x150.jpg,image,https://www.flowersinagun.com/wp-content/uploads/2014/02/bow1-150x150.jpg,image/jpeg,3,20150619045617,20230605133841,20230605133841
flowersinagun.com/wp-content/uploads/2014/02/bow1-160x160.jpg,image,https://www.flowersinagun.com/wp-content/uploads/2014/02/bow1-160x160.jpg,image/jpeg,1,20230606160647,20230606160647,20230606160647
flowersinagun.com/wp-content/uploads/2014/02/bow1-260x260.jpg,image,https://www.flowersinagun.com/wp-content/uploads/2014/02/bow1-260x260.jpg,image/jpeg,1,20230605133841,20230605133841,20230605133841
flowersinagun.com/wp-content/uploads/2014/02/bow1-300x300.jpg,image,https://www.flowersinagun.com/wp-content/uploads/2014/02/bow1-300x300.jpg,image/jpeg,1,20230605133841,20230605133841,20230605133841
flowersinagun.com/wp-content/uploads/2014/02/bow1.jpg,image,https://www.flowersinagun.com/wp-content/uploads/2014/02/bow1.jpg,image/jpeg,1,20230606160648,20230606160648,20230606160648
flowersinagun.com/wp-content/uploads/2014/02/pussy-riot-150x150.jpg,image,https://www.flowersinagun.com/wp-content/uploads/2014/02/pussy-riot-150x150.jpg,image/jpeg,3,20150619071143,20230607195506,20230607195506
flowersinagun.com/wp-content/uploads/2014/02/pussy-riot-160x160.jpg,image,https://www.flowersinagun.com/wp-content/uploads/2014/02/pussy-riot-160x160.jpg,image/jpeg,1,20230607195506,20230607195506,20230607195506
flowersinagun.com/wp-content/uploads/2014/02/pussy-riot-260x260.jpg,image,https://www.flowersinagun.com/wp-content/uploads/2014/02/pussy-riot-260x260.jpg,image/jpeg,1,20230607195505,20230607195505,20230607195505
flowersinagun.com/wp-content/uploads/2014/02/pussy-riot-300x300.jpg,image,https://www.flowersinagun.com/wp-content/uploads/2014/02/pussy-riot-300x300.jpg,image/jpeg,1,20230607195505,20230607195505,20230607195505
flowersinagun.com/wp-content/uploads/2014/02/pussy-riot-560x560.jpg,image,https://www.flowersinagun.com/wp-content/uploads/2014/02/pussy-riot-560x560.jpg,image/jpeg,1,20230607195506,20230607195506,20230607195506
flowersinagun.com/wp-content/uploads/2014/02/pussy-riot.jpg,image,https://www.flowersinagun.com/wp-content/uploads/2014/02/pussy-riot.jpg,image/jpeg,1,20230607195505,20230607195505,20230607195505
flowersinagun.com/wp-content/uploads/2014/02/staight-150x150.jpg,image,http://www.flowersinagun.com/wp-content/uploads/2014/02/staight-150x150.jpg,image/jpeg,2,20150619071026,20160418010401,20160418010401
flowersinagun.com/wp-content/uploads/2014/02/unnamed.jpg,image,https://www.flowersinagun.com/wp-content/uploads/2014/02/unnamed.jpg,image/jpeg,2,20150619064905,20230607064202,20230607064202
flowersinagun.com/wp-content/uploads/2014/03/10000255_10202799045164938_1168883400_n-150x150.jpg,image,https://www.flowersinagun.com/wp-content/uploads/2014/03/10000255_10202799045164938_1168883400_n-150x150.jpg,image/jpeg,2,20150619085910,20230605133841,20230605133841
flowersinagun.com/wp-content/uploads/2014/03/10000255_10202799045164938_1168883400_n-160x107.jpg,image,https://www.flowersinagun.com/wp-content/uploads/2014/03/10000255_10202799045164938_1168883400_n-160x107.jpg,image/jpeg,1,20230606042941,20230606042941,20230606042941
flowersinagun.com/wp-content/uploads/2014/03/10000255_10202799045164938_1168883400_n-260x175.jpg,image,https://www.flowersinagun.com/wp-content/uploads/2014/03/10000255_10202799045164938_1168883400_n-260x175.jpg,image/jpeg,1,20230607115128,20230607115128,20230607115128
flowersinagun.com/wp-content/uploads/2014/03/10000255_10202799045164938_1168883400_n-300x202.jpg,image,https://www.flowersinagun.com/wp-content/uploads/2014/03/10000255_10202799045164938_1168883400_n-300x202.jpg,image/jpeg,1,20230607115128,20230607115128,20230607115128
flowersinagun.com/wp-content/uploads/2014/03/10000255_10202799045164938_1168883400_n.jpg,image,https://www.flowersinagun.com/wp-content/uploads/2014/03/10000255_10202799045164938_1168883400_n.jpg,image/jpeg,2,20150619062821,20230607115128,20230607115128
flowersinagun.com/wp-content/uploads/2014/03/1467342_228761790626659_429329374_n-150x150.jpg,image,http://www.flowersinagun.com/wp-content/uploads/2014/03/1467342_228761790626659_429329374_n-150x150.jpg,image/jpeg,2,20150619065247,20160417123433,20160417123433
flowersinagun.com/wp-content/uploads/2014/03/1467342_228761790626659_429329374_n-160x118.jpg,image,http://www.flowersinagun.com/wp-content/uploads/2014/03/1467342_228761790626659_429329374_n-160x118.jpg,image/jpeg,1,20140520075630,20140520075630,20140520075630
flowersinagun.com/wp-content/uploads/2014/03/1467342_228761790626659_429329374_n-260x191.jpg,image,https://www.flowersinagun.com/wp-content/uploads/2014/03/1467342_228761790626659_429329374_n-260x191.jpg,image/jpeg,1,20230607115128,20230607115128,20230607115128
flowersinagun.com/wp-content/uploads/2014/03/1467342_228761790626659_429329374_n-300x221.jpg,image,https://www.flowersinagun.com/wp-content/uploads/2014/03/1467342_228761790626659_429329374_n-300x221.jpg,image/jpeg,1,20230607115129,20230607115129,20230607115129
flowersinagun.com/wp-content/uploads/2014/03/1467342_228761790626659_429329374_n-560x413.jpg,image,https://www.flowersinagun.com/wp-content/uploads/2014/03/1467342_228761790626659_429329374_n-560x413.jpg,image/jpeg,1,20230607115128,20230607115128,20230607115128
flowersinagun.com/wp-content/uploads/2014/03/1467342_228761790626659_429329374_n.jpg,image,https://www.flowersinagun.com/wp-content/uploads/2014/03/1467342_228761790626659_429329374_n.jpg,image/jpeg,2,20150619044508,20230607115128,20230607115128
flowersinagun.com/wp-content/uploads/2014/03/1970833_444529672347769_100047110_n-150x150.png,image,http://www.flowersinagun.com/wp-content/uploads/2014/03/1970833_444529672347769_100047110_n-150x150.png,image/png,2,20150619051133,20160417123406,20160417123406
flowersinagun.com/wp-content/uploads/2014/03/1970833_444529672347769_100047110_n-160x158.png,image,http://www.flowersinagun.com/wp-content/uploads/2014/03/1970833_444529672347769_100047110_n-160x158.png,image/png,1,20140520073139,20140520073139,20140520073139
flowersinagun.com/wp-content/uploads/2014/03/1970833_444529672347769_100047110_n-260x258.png,image,https://www.flowersinagun.com/wp-content/uploads/2014/03/1970833_444529672347769_100047110_n-260x258.png,image/png,1,20230605051145,20230605051145,20230605051145
flowersinagun.com/wp-content/uploads/2014/03/1970833_444529672347769_100047110_n-300x298.png,image,https://www.flowersinagun.com/wp-content/uploads/2014/03/1970833_444529672347769_100047110_n-300x298.png,image/png,1,20230605051145,20230605051145,20230605051145
flowersinagun.com/wp-content/uploads/2014/03/1970833_444529672347769_100047110_n-560x556.png,image,https://www.flowersinagun.com/wp-content/uploads/2014/03/1970833_444529672347769_100047110_n-560x556.png,image/png,1,20230605051145,20230605051145,20230605051145
flowersinagun.com/wp-content/uploads/2014/03/1970833_444529672347769_100047110_n.png,image,https://www.flowersinagun.com/wp-content/uploads/2014/03/1970833_444529672347769_100047110_n.png,image/png,1,20230605051145,20230605051145,20230605051145
flowersinagun.com/wp-content/uploads/2014/03/3-150x150.jpg,image,http://www.flowersinagun.com/wp-content/uploads/2014/03/3-150x150.jpg,image/jpeg,2,20150619063504,20160417125025,20160417125025
flowersinagun.com/wp-content/uploads/2014/03/3-160x106.jpg,image,http://www.flowersinagun.com/wp-content/uploads/2014/03/3-160x106.jpg,image/jpeg,1,20140520081132,20140520081132,20140520081132
flowersinagun.com/wp-content/uploads/2014/03/408715_409601749093408_1362496432_n-150x150.jpg,image,http://www.flowersinagun.com/wp-content/uploads/2014/03/408715_409601749093408_1362496432_n-150x150.jpg,image/jpeg,1,20150619064350,20150619064350,20150619064350
flowersinagun.com/wp-content/uploads/2014/03/995634_550667261696669_1550879911_n-150x150.jpg,image,https://www.flowersinagun.com/wp-content/uploads/2014/03/995634_550667261696669_1550879911_n-150x150.jpg,image/jpeg,3,20150619052054,20230605051146,20230605051146
flowersinagun.com/wp-content/uploads/2014/03/995634_550667261696669_1550879911_n-160x106.jpg,image,http://www.flowersinagun.com/wp-content/uploads/2014/03/995634_550667261696669_1550879911_n-160x106.jpg,image/jpeg,1,20140520070239,20140520070239,20140520070239
flowersinagun.com/wp-content/uploads/2014/03/Love-Transmitter-CD-cover-150x150.jpg,image,https://www.flowersinagun.com/wp-content/uploads/2014/03/Love-Transmitter-CD-cover-150x150.jpg,image/jpeg,3,20150619045203,20230606041500,20230606041500
flowersinagun.com/wp-content/uploads/2014/03/Love-Transmitter-CD-cover-160x159.jpg,image,http://www.flowersinagun.com/wp-content/uploads/2014/03/Love-Transmitter-CD-cover-160x159.jpg,image/jpeg,1,20140520070321,20140520070321,20140520070321
flowersinagun.com/wp-content/uploads/2014/03/Love-Transmitter-CD-cover-260x258.jpg,image,https://www.flowersinagun.com/wp-content/uploads/2014/03/Love-Transmitter-CD-cover-260x258.jpg,image/jpeg,1,20230606041500,20230606041500,20230606041500
flowersinagun.com/wp-content/uploads/2014/03/Love-Transmitter-CD-cover-300x298.jpg,image,https://www.flowersinagun.com/wp-content/uploads/2014/03/Love-Transmitter-CD-cover-300x298.jpg,image/jpeg,1,20230606041500,20230606041500,20230606041500
flowersinagun.com/wp-content/uploads/2014/03/Love-Transmitter-CD-cover.jpg,image,https://www.flowersinagun.com/wp-content/uploads/2014/03/Love-Transmitter-CD-cover.jpg,image/jpeg,1,20230606041501,20230606041501,20230606041501
flowersinagun.com/wp-content/uploads/2014/03/Wisdom-Failure-CD-cover-1024x1024.jpg,image,https://www.flowersinagun.com/wp-content/uploads/2014/03/Wisdom-Failure-CD-cover-1024x1024.jpg,image/jpeg,1,20230605051145,20230605051145,20230605051145
flowersinagun.com/wp-content/uploads/2014/03/Wisdom-Failure-CD-cover-150x150.jpg,image,https://www.flowersinagun.com/wp-content/uploads/2014/03/Wisdom-Failure-CD-cover-150x150.jpg,image/jpeg,3,20150619062742,20230605051145,20230605051145
flowersinagun.com/wp-content/uploads/2014/03/Wisdom-Failure-CD-cover-160x160.jpg,image,http://www.flowersinagun.com/wp-content/uploads/2014/03/Wisdom-Failure-CD-cover-160x160.jpg,image/jpeg,1,20140520062302,20140520062302,20140520062302
flowersinagun.com/wp-content/uploads/2014/03/Wisdom-Failure-CD-cover-260x260.jpg,image,https://www.flowersinagun.com/wp-content/uploads/2014/03/Wisdom-Failure-CD-cover-260x260.jpg,image/jpeg,1,20230605051146,20230605051146,20230605051146
flowersinagun.com/wp-content/uploads/2014/03/Wisdom-Failure-CD-cover-300x300.jpg,image,https://www.flowersinagun.com/wp-content/uploads/2014/03/Wisdom-Failure-CD-cover-300x300.jpg,image/jpeg,1,20230605051145,20230605051145,20230605051145
flowersinagun.com/wp-content/uploads/2014/03/Wisdom-Failure-CD-cover-560x560.jpg,image,https://www.flowersinagun.com/wp-content/uploads/2014/03/Wisdom-Failure-CD-cover-560x560.jpg,image/jpeg,1,20230605051146,20230605051146,20230605051146
flowersinagun.com/wp-content/uploads/2014/03/Wisdom-Failure-CD-cover.jpg,image,https://www.flowersinagun.com/wp-content/uploads/2014/03/Wisdom-Failure-CD-cover.jpg,image/jpeg,1,20230605051145,20230605051145,20230605051145
flowersinagun.com/wp-content/uploads/2014/03/dolls_brightlights1-150x150.jpg,image,http://www.flowersinagun.com/wp-content/uploads/2014/03/dolls_brightlights1-150x150.jpg,image/jpeg,2,20150619070944,20160417125028,20160417125028
flowersinagun.com/wp-content/uploads/2014/03/dolls_brightlights1-160x106.jpg,image,http://www.flowersinagun.com/wp-content/uploads/2014/03/dolls_brightlights1-160x106.jpg,image/jpeg,1,20140520054732,20140520054732,20140520054732
flowersinagun.com/wp-content/uploads/2014/03/image6-150x150.jpg,image,http://www.flowersinagun.com/wp-content/uploads/2014/03/image6-150x150.jpg,image/jpeg,2,20150619064603,20160417123430,20160417123430
flowersinagun.com/wp-content/uploads/2014/03/image6-160x120.jpg,image,https://www.flowersinagun.com/wp-content/uploads/2014/03/image6-160x120.jpg,image/jpeg,1,20230606042940,20230606042940,20230606042940
flowersinagun.com/wp-content/uploads/2014/03/image6-260x195.jpg,image,https://www.flowersinagun.com/wp-content/uploads/2014/03/image6-260x195.jpg,image/jpeg,1,20230606042941,20230606042941,20230606042941
flowersinagun.com/wp-content/uploads/2014/03/image6-300x225.jpg,image,https://www.flowersinagun.com/wp-content/uploads/2014/03/image6-300x225.jpg,image/jpeg,1,20230606042941,20230606042941,20230606042941
flowersinagun.com/wp-content/uploads/2014/03/image6-560x420.jpg,image,https://www.flowersinagun.com/wp-content/uploads/2014/03/image6-560x420.jpg,image/jpeg,1,20230606042941,20230606042941,20230606042941
flowersinagun.com/wp-content/uploads/2014/03/image6.jpg,image,https://www.flowersinagun.com/wp-content/uploads/2014/03/image6.jpg,image/jpeg,2,20150619064707,20230606042940,20230606042940
flowersinagun.com/wp-content/uploads/2014/03/insurance-150x150.jpg,image,http://www.flowersinagun.com/wp-content/uploads/2014/03/insurance-150x150.jpg,image/jpeg,2,20150619061132,20160417123427,20160417123427
flowersinagun.com/wp-content/uploads/2014/03/insurance-160x114.jpg,image,http://www.flowersinagun.com/wp-content/uploads/2014/03/insurance-160x114.jpg,image/jpeg,1,20140520105929,20140520105929,20140520105929
flowersinagun.com/wp-content/uploads/2014/03/tumblr_m3mmvmsAAt1r3a6jho1_500-150x150.jpg,image,https://www.flowersinagun.com/wp-content/uploads/2014/03/tumblr_m3mmvmsAAt1r3a6jho1_500-150x150.jpg,image/jpeg,3,20150619053839,20230605051156,20230605051156
flowersinagun.com/wp-content/uploads/2014/03/tumblr_m3mmvmsAAt1r3a6jho1_500-160x105.jpg,image,http://www.flowersinagun.com/wp-content/uploads/2014/03/tumblr_m3mmvmsAAt1r3a6jho1_500-160x105.jpg,image/jpeg,1,20140520050051,20140520050051,20140520050051
flowersinagun.com/wp-content/uploads/2014/04/CHILDISH-GAMBINO-150x150.jpg,image,http://www.flowersinagun.com/wp-content/uploads/2014/04/CHILDISH-GAMBINO-150x150.jpg,image/jpeg,2,20150619061930,20160417072931,20160417072931
flowersinagun.com/wp-content/uploads/2014/04/CHILDISH-GAMBINO-160x107.jpg,image,http://www.flowersinagun.com/wp-content/uploads/2014/04/CHILDISH-GAMBINO-160x107.jpg,image/jpeg,1,20140520070521,20140520070521,20140520070521
flowersinagun.com/wp-content/uploads/2014/04/Caravan-Palace-2-2-150x150.jpg,image,https://www.flowersinagun.com/wp-content/uploads/2014/04/Caravan-Palace-2-2-150x150.jpg,image/jpeg,2,20150619065628,20230607115128,20230607115128
flowersinagun.com/wp-content/uploads/2014/04/Caravan-Palace-2-2-160x106.jpg,image,http://www.flowersinagun.com/wp-content/uploads/2014/04/Caravan-Palace-2-2-160x106.jpg,image/jpeg,1,20140520050603,20140520050603,20140520050603
flowersinagun.com/wp-content/uploads/2014/04/DOLLS_Valentine2Heads-150x150.jpeg,image,http://www.flowersinagun.com/wp-content/uploads/2014/04/DOLLS_Valentine2Heads-150x150.jpeg,image/jpeg,1,20150619071309,20150619071309,20150619071309
flowersinagun.com/wp-content/uploads/2014/04/DOLLS_Valentine2Heads-160x160.jpeg,image,https://www.flowersinagun.com/wp-content/uploads/2014/04/DOLLS_Valentine2Heads-160x160.jpeg,image/jpeg,2,20140520045648,20230607115128,20230607115128
flowersinagun.com/wp-content/uploads/2014/04/DOLLS_Valentine2Heads-260x260.jpeg,image,https://www.flowersinagun.com/wp-content/uploads/2014/04/DOLLS_Valentine2Heads-260x260.jpeg,image/jpeg,1,20230607115128,20230607115128,20230607115128
flowersinagun.com/wp-content/uploads/2014/04/DOLLS_Valentine2Heads-300x300.jpeg,image,https://www.flowersinagun.com/wp-content/uploads/2014/04/DOLLS_Valentine2Heads-300x300.jpeg,image/jpeg,1,20230607115129,20230607115129,20230607115129
flowersinagun.com/wp-content/uploads/2014/04/DOLLS_Valentine2Heads.jpeg,image,https://www.flowersinagun.com/wp-content/uploads/2014/04/DOLLS_Valentine2Heads.jpeg,image/jpeg,3,20150917080204,20230607115127,20230607115127
flowersinagun.com/wp-content/uploads/2014/04/Farrah-Burns-3-150x150.jpg,image,http://www.flowersinagun.com/wp-content/uploads/2014/04/Farrah-Burns-3-150x150.jpg,image/jpeg,2,20150619062613,20160417070546,20160417070546
flowersinagun.com/wp-content/uploads/2014/04/Farrah-Burns-3-160x106.jpg,image,http://www.flowersinagun.com/wp-content/uploads/2014/04/Farrah-Burns-3-160x106.jpg,image/jpeg,1,20140520080230,20140520080230,20140520080230
flowersinagun.com/wp-content/uploads/2014/04/Jeremy-Pelt-Show-15-150x150.jpg,image,https://www.flowersinagun.com/wp-content/uploads/2014/04/Jeremy-Pelt-Show-15-150x150.jpg,image/jpeg,3,20150619065403,20230607115128,20230607115128
flowersinagun.com/wp-content/uploads/2014/04/Jeremy-Pelt-Show-15-160x106.jpg,image,http://www.flowersinagun.com/wp-content/uploads/2014/04/Jeremy-Pelt-Show-15-160x106.jpg,image/jpeg,1,20140520045421,20140520045421,20140520045421
flowersinagun.com/wp-content/uploads/2014/04/The-Bad-Plus-6-150x150.jpg,image,https://www.flowersinagun.com/wp-content/uploads/2014/04/The-Bad-Plus-6-150x150.jpg,image/jpeg,3,20150619070342,20230608045654,20230608045654
flowersinagun.com/wp-content/uploads/2014/04/The-Bad-Plus-6-160x240.jpg,image,http://www.flowersinagun.com/wp-content/uploads/2014/04/The-Bad-Plus-6-160x240.jpg,image/jpeg,1,20140520055311,20140520055311,20140520055311
flowersinagun.com/wp-content/uploads/2014/04/fortress2-150x150.jpg,image,https://www.flowersinagun.com/wp-content/uploads/2014/04/fortress2-150x150.jpg,image/jpeg,2,20150619044952,20230607115128,20230607115128
flowersinagun.com/wp-content/uploads/2014/04/fortress2-160x59.jpg,image,http://www.flowersinagun.com/wp-content/uploads/2014/04/fortress2-160x59.jpg,image/jpeg,1,20140520045038,20140520045038,20140520045038
flowersinagun.com/wp-content/uploads/2014/04/pyb-eclipse-logo-thumbnail-150x150.jpg,image,https://www.flowersinagun.com/wp-content/uploads/2014/04/pyb-eclipse-logo-thumbnail-150x150.jpg,image/jpeg,2,20150619063952,20230608045654,20230608045654
flowersinagun.com/wp-content/uploads/2014/04/pyb-eclipse-logo-thumbnail-160x160.jpg,image,https://www.flowersinagun.com/wp-content/uploads/2014/04/pyb-eclipse-logo-thumbnail-160x160.jpg,image/jpeg,2,20140520060931,20230608045653,20230608045653
flowersinagun.com/wp-content/uploads/2014/04/pyb-eclipse-logo-thumbnail.jpg,image,https://www.flowersinagun.com/wp-content/uploads/2014/04/pyb-eclipse-logo-thumbnail.jpg,image/jpeg,1,20230608045653,20230608045653,20230608045653
flowersinagun.com/wp-content/uploads/2014/04/urban-gret-150x150.jpg,image,https://www.flowersinagun.com/wp-content/uploads/2014/04/urban-gret-150x150.jpg,image/jpeg,2,20150619064600,20230607115128,20230607115128
flowersinagun.com/wp-content/uploads/2014/04/urban-gret-160x106.jpg,image,http://www.flowersinagun.com/wp-content/uploads/2014/04/urban-gret-160x106.jpg,image/jpeg,1,20140520044000,20140520044000,20140520044000
flowersinagun.com/wp-content/uploads/2014/05/10396399_10152390384344268_472876355_n-150x150.jpg,image,https://www.flowersinagun.com/wp-content/uploads/2014/05/10396399_10152390384344268_472876355_n-150x150.jpg,image/jpeg,3,20150619071534,20230606081027,20230606081027
flowersinagun.com/wp-content/uploads/2014/05/IMG_0244-150x150.jpg,image,https://www.flowersinagun.com/wp-content/uploads/2014/05/IMG_0244-150x150.jpg,image/jpeg,3,20150619065603,20230605060108,20230605060108
flowersinagun.com/wp-content/uploads/2014/05/Iphone-59-1024x1024.jpg,image,https://www.flowersinagun.com/wp-content/uploads/2014/05/Iphone-59-1024x1024.jpg,image/jpeg,1,20230605133843,20230605133843,20230605133843
flowersinagun.com/wp-content/uploads/2014/05/Iphone-59-150x150.jpg,image,https://www.flowersinagun.com/wp-content/uploads/2014/05/Iphone-59-150x150.jpg,image/jpeg,3,20150619044305,20230605133842,20230605133842
flowersinagun.com/wp-content/uploads/2014/05/Iphone-59-160x160.jpg,image,https://www.flowersinagun.com/wp-content/uploads/2014/05/Iphone-59-160x160.jpg,image/jpeg,1,20230605133843,20230605133843,20230605133843
flowersinagun.com/wp-content/uploads/2014/05/Iphone-59-260x260.jpg,image,https://www.flowersinagun.com/wp-content/uploads/2014/05/Iphone-59-260x260.jpg,image/jpeg,1,20230605133842,20230605133842,20230605133842
flowersinagun.com/wp-content/uploads/2014/05/Iphone-59-300x300.jpg,image,https://www.flowersinagun.com/wp-content/uploads/2014/05/Iphone-59-300x300.jpg,image/jpeg,1,20230605133842,20230605133842,20230605133842
flowersinagun.com/wp-content/uploads/2014/05/Iphone-59-560x560.jpg,image,https://www.flowersinagun.com/wp-content/uploads/2014/05/Iphone-59-560x560.jpg,image/jpeg,2,20140520063828,20230605133842,20230605133842
flowersinagun.com/wp-content/uploads/2014/05/Lykke-Li-111-150x150.jpg,image,https://www.flowersinagun.com/wp-content/uploads/2014/05/Lykke-Li-111-150x150.jpg,image/jpeg,3,20150619071430,20230605133843,20230605133843
flowersinagun.com/wp-content/uploads/2014/05/Marla-Mase-by-Hisao-Kishimoto-150x150.jpg,image,https://www.flowersinagun.com/wp-content/uploads/2014/05/Marla-Mase-by-Hisao-Kishimoto-150x150.jpg,image/jpeg,3,20150619070318,20230605133843,20230605133843
flowersinagun.com/wp-content/uploads/2014/05/Marla-Mase-by-Hisao-Kishimoto-260x173.jpg,image,http://www.flowersinagun.com/wp-content/uploads/2014/05/Marla-Mase-by-Hisao-Kishimoto-260x173.jpg,image/jpeg,1,20140520053744,20140520053744,20140520053744
flowersinagun.com/wp-content/uploads/2014/05/NY-Hot-Jazz-Festival-2014-22-150x150.jpg,image,https://www.flowersinagun.com/wp-content/uploads/2014/05/NY-Hot-Jazz-Festival-2014-22-150x150.jpg,image/jpeg,3,20150619070844,20230605133842,20230605133842
flowersinagun.com/wp-content/uploads/2014/05/NY-Hot-Jazz-Festival-2014-9.jpg,image,http://www.flowersinagun.com/wp-content/uploads/2014/05/NY-Hot-Jazz-Festival-2014-9.jpg,image/jpeg,1,20141202071741,20141202071741,20141202071741
flowersinagun.com/wp-content/uploads/2014/05/Scott-Tixier-2-150x150.jpg,image,https://www.flowersinagun.com/wp-content/uploads/2014/05/Scott-Tixier-2-150x150.jpg,image/jpeg,3,20150619060853,20230605133843,20230605133843
flowersinagun.com/wp-content/uploads/2014/05/a2846874732_2-150x150.jpg,image,https://www.flowersinagun.com/wp-content/uploads/2014/05/a2846874732_2-150x150.jpg,image/jpeg,3,20150619054149,20230606081026,20230606081026
flowersinagun.com/wp-content/uploads/2014/05/a2846874732_2-160x160.jpg,image,https://www.flowersinagun.com/wp-content/uploads/2014/05/a2846874732_2-160x160.jpg,image/jpeg,1,20230606081026,20230606081026,20230606081026
flowersinagun.com/wp-content/uploads/2014/05/a2846874732_2-260x260.jpg,image,https://www.flowersinagun.com/wp-content/uploads/2014/05/a2846874732_2-260x260.jpg,image/jpeg,1,20230606081026,20230606081026,20230606081026
flowersinagun.com/wp-content/uploads/2014/05/a2846874732_2-300x300.jpg,image,https://www.flowersinagun.com/wp-content/uploads/2014/05/a2846874732_2-300x300.jpg,image/jpeg,1,20230606081026,20230606081026,20230606081026
flowersinagun.com/wp-content/uploads/2014/05/a2846874732_2.jpg,image,https://www.flowersinagun.com/wp-content/uploads/2014/05/a2846874732_2.jpg,image/jpeg,1,20230606081028,20230606081028,20230606081028
flowersinagun.com/wp-content/uploads/2014/06/Avishai-Cohen-3-150x150.jpg,image,https://www.flowersinagun.com/wp-content/uploads/2014/06/Avishai-Cohen-3-150x150.jpg,image/jpeg,3,20150619045806,20230606052950,20230606052950
flowersinagun.com/wp-content/uploads/2014/06/CD-cover-1024x1024.jpg,image,https://www.flowersinagun.com/wp-content/uploads/2014/06/CD-cover-1024x1024.jpg,image/jpeg,1,20230605064554,20230605064554,20230605064554
flowersinagun.com/wp-content/uploads/2014/06/CD-cover-150x150.jpg,image,https://www.flowersinagun.com/wp-content/uploads/2014/06/CD-cover-150x150.jpg,image/jpeg,3,20150619052235,20230605064554,20230605064554
flowersinagun.com/wp-content/uploads/2014/06/CD-cover-160x160.jpg,image,https://www.flowersinagun.com/wp-content/uploads/2014/06/CD-cover-160x160.jpg,image/jpeg,1,20230605064554,20230605064554,20230605064554
flowersinagun.com/wp-content/uploads/2014/06/CD-cover-260x260.jpg,image,https://www.flowersinagun.com/wp-content/uploads/2014/06/CD-cover-260x260.jpg,image/jpeg,1,20230605064554,20230605064554,20230605064554
flowersinagun.com/wp-content/uploads/2014/06/CD-cover-300x300.jpg,image,https://www.flowersinagun.com/wp-content/uploads/2014/06/CD-cover-300x300.jpg,image/jpeg,1,20230605064554,20230605064554,20230605064554
flowersinagun.com/wp-content/uploads/2014/06/CD-cover-560x560.jpg,image,https://www.flowersinagun.com/wp-content/uploads/2014/06/CD-cover-560x560.jpg,image/jpeg,1,20230605064554,20230605064554,20230605064554
flowersinagun.com/wp-content/uploads/2014/06/CD-cover.jpg,image,https://www.flowersinagun.com/wp-content/uploads/2014/06/CD-cover.jpg,image/jpeg,2,20160410210900,20230605064554,20230605064554
flowersinagun.com/wp-content/uploads/2014/06/IMG_0105-150x150.jpg,image,https://www.flowersinagun.com/wp-content/uploads/2014/06/IMG_0105-150x150.jpg,image/jpeg,2,20150619070835,20230605064555,20230605064555
flowersinagun.com/wp-content/uploads/2014/06/Soul-Understated-121-150x150.jpg,image,https://www.flowersinagun.com/wp-content/uploads/2014/06/Soul-Understated-121-150x150.jpg,image/jpeg,3,20150619071135,20230606052950,20230606052950
flowersinagun.com/wp-content/uploads/2014/06/Yann-Tiersen-2-1024x682.jpg,image,http://www.flowersinagun.com/wp-content/uploads/2014/06/Yann-Tiersen-2-1024x682.jpg,image/jpeg,1,20160310122353,20160310122353,20160310122353
flowersinagun.com/wp-content/uploads/2014/06/Yann-Tiersen-2.jpg,image,http://www.flowersinagun.com/wp-content/uploads/2014/06/Yann-Tiersen-2.jpg,image/jpeg,1,20160401045713,20160401045713,20160401045713
flowersinagun.com/wp-content/uploads/2014/06/Yann-Tiersen-3.jpg,image,http://www.flowersinagun.com/wp-content/uploads/2014/06/Yann-Tiersen-3.jpg,image/jpeg,1,20160401072252,20160401072252,20160401072252
flowersinagun.com/wp-content/uploads/2014/06/Yann-Tiersen-5-1024x682.jpg,image,http://www.flowersinagun.com/wp-content/uploads/2014/06/Yann-Tiersen-5-1024x682.jpg,image/jpeg,1,20160310140519,20160310140519,20160310140519
flowersinagun.com/wp-content/uploads/2014/06/Yann-Tiersen-5.jpg,image,http://www.flowersinagun.com/wp-content/uploads/2014/06/Yann-Tiersen-5.jpg,image/jpeg,1,20160401060820,20160401060820,20160401060820
flowersinagun.com/wp-content/uploads/2014/06/Yann-Tiersen-6-150x150.jpg,image,https://www.flowersinagun.com/wp-content/uploads/2014/06/Yann-Tiersen-6-150x150.jpg,image/jpeg,3,20150619044121,20230605064555,20230605064555
flowersinagun.com/wp-content/uploads/2014/06/Yann-Tiersen-61-1024x682.jpg,image,http://www.flowersinagun.com/wp-content/uploads/2014/06/Yann-Tiersen-61-1024x682.jpg,image/jpeg,1,20160310201013,20160310201013,20160310201013
flowersinagun.com/wp-content/uploads/2014/06/Yann-Tiersen-7.jpg,image,http://www.flowersinagun.com/wp-content/uploads/2014/06/Yann-Tiersen-7.jpg,image/jpeg,1,20160401105716,20160401105716,20160401105716
flowersinagun.com/wp-content/uploads/2014/06/alt-j-150x150.jpg,image,http://www.flowersinagun.com/wp-content/uploads/2014/06/alt-j-150x150.jpg,image/jpeg,2,20150619071319,20160417185340,20160417185340
flowersinagun.com/wp-content/uploads/2014/06/fou-de-toi-150x150.jpg,image,https://www.flowersinagun.com/wp-content/uploads/2014/06/fou-de-toi-150x150.jpg,image/jpeg,3,20150619052839,20230605151046,20230605151046
flowersinagun.com/wp-content/uploads/2014/06/fou-de-toi-160x160.jpg,image,https://www.flowersinagun.com/wp-content/uploads/2014/06/fou-de-toi-160x160.jpg,image/jpeg,1,20230606052950,20230606052950,20230606052950
flowersinagun.com/wp-content/uploads/2014/06/fou-de-toi-260x260.jpg,image,https://www.flowersinagun.com/wp-content/uploads/2014/06/fou-de-toi-260x260.jpg,image/jpeg,1,20230606052950,20230606052950,20230606052950
flowersinagun.com/wp-content/uploads/2014/06/fou-de-toi-300x300.jpg,image,https://www.flowersinagun.com/wp-content/uploads/2014/06/fou-de-toi-300x300.jpg,image/jpeg,1,20230606052950,20230606052950,20230606052950
flowersinagun.com/wp-content/uploads/2014/06/fou-de-toi-560x560.jpg,image,https://www.flowersinagun.com/wp-content/uploads/2014/06/fou-de-toi-560x560.jpg,image/jpeg,1,20230606052949,20230606052949,20230606052949
flowersinagun.com/wp-content/uploads/2014/06/fou-de-toi.jpg,image,https://www.flowersinagun.com/wp-content/uploads/2014/06/fou-de-toi.jpg,image/jpeg,1,20230606052950,20230606052950,20230606052950
flowersinagun.com/wp-content/uploads/2014/06/lana2-150x150.jpg,image,https://www.flowersinagun.com/wp-content/uploads/2014/06/lana2-150x150.jpg,image/jpeg,3,20150619064351,20230605151045,20230605151045
flowersinagun.com/wp-content/uploads/2014/06/unnamed-1-150x150.jpg,image,https://www.flowersinagun.com/wp-content/uploads/2014/06/unnamed-1-150x150.jpg,image/jpeg,3,20150619071519,20230605151046,20230605151046
flowersinagun.com/wp-content/uploads/2014/07/20140714_221124-150x150.jpg,image,http://www.flowersinagun.com/wp-content/uploads/2014/07/20140714_221124-150x150.jpg,image/jpeg,2,20150619043632,20160417185215,20160417185215
flowersinagun.com/wp-content/uploads/2014/07/20140714_230001.jpg,image,https://www.flowersinagun.com/wp-content/uploads/2014/07/20140714_230001.jpg,image/jpeg,1,20200331015630,20200331015630,20200331015630
flowersinagun.com/wp-content/uploads/2014/07/426890_433823563324520_1385097976_n-150x150.jpg,image,https://www.flowersinagun.com/wp-content/uploads/2014/07/426890_433823563324520_1385097976_n-150x150.jpg,image/jpeg,1,20230606041513,20230606041513,20230606041513
flowersinagun.com/wp-content/uploads/2014/07/426890_433823563324520_1385097976_n-160x160.jpg,image,https://www.flowersinagun.com/wp-content/uploads/2014/07/426890_433823563324520_1385097976_n-160x160.jpg,image/jpeg,1,20230605051155,20230605051155,20230605051155
flowersinagun.com/wp-content/uploads/2014/07/426890_433823563324520_1385097976_n-260x260.jpg,image,https://www.flowersinagun.com/wp-content/uploads/2014/07/426890_433823563324520_1385097976_n-260x260.jpg,image/jpeg,1,20230606041514,20230606041514,20230606041514
flowersinagun.com/wp-content/uploads/2014/07/426890_433823563324520_1385097976_n-300x300.jpg,image,https://www.flowersinagun.com/wp-content/uploads/2014/07/426890_433823563324520_1385097976_n-300x300.jpg,image/jpeg,1,20230606041513,20230606041513,20230606041513
flowersinagun.com/wp-content/uploads/2014/07/426890_433823563324520_1385097976_n-560x560.jpg,image,https://www.flowersinagun.com/wp-content/uploads/2014/07/426890_433823563324520_1385097976_n-560x560.jpg,image/jpeg,1,20230606041514,20230606041514,20230606041514
flowersinagun.com/wp-content/uploads/2014/07/426890_433823563324520_1385097976_n.jpg,image,https://www.flowersinagun.com/wp-content/uploads/2014/07/426890_433823563324520_1385097976_n.jpg,image/jpeg,3,20150619045204,20230605060122,20230605060122
flowersinagun.com/wp-content/uploads/2014/07/Agalloch-17-150x150.jpg,image,https://www.flowersinagun.com/wp-content/uploads/2014/07/Agalloch-17-150x150.jpg,image/jpeg,3,20150619065154,20230607182327,20230607182327
flowersinagun.com/wp-content/uploads/2014/07/IMG_0202-150x150.jpg,image,https://www.flowersinagun.com/wp-content/uploads/2014/07/IMG_0202-150x150.jpg,image/jpeg,3,20150619063950,20230605060123,20230605060123
flowersinagun.com/wp-content/uploads/2014/07/IMG_0345-150x150.jpg,image,https://www.flowersinagun.com/wp-content/uploads/2014/07/IMG_0345-150x150.jpg,image/jpeg,3,20150619070858,20230605060122,20230605060122
flowersinagun.com/wp-content/uploads/2014/07/IMG_0448-150x150.jpg,image,https://www.flowersinagun.com/wp-content/uploads/2014/07/IMG_0448-150x150.jpg,image/jpeg,3,20150619045201,20230605051156,20230605051156
flowersinagun.com/wp-content/uploads/2014/07/IMG_0592-150x150.jpg,image,http://www.flowersinagun.com/wp-content/uploads/2014/07/IMG_0592-150x150.jpg,image/jpeg,2,20150619053245,20160417204554,20160417204554
flowersinagun.com/wp-content/uploads/2014/07/Nebulae-CD-Cover-150x150.jpg,image,https://www.flowersinagun.com/wp-content/uploads/2014/07/Nebulae-CD-Cover-150x150.jpg,image/jpeg,3,20150619064607,20230605060122,20230605060122
flowersinagun.com/wp-content/uploads/2014/07/unnamed-150x150.jpg,image,https://www.flowersinagun.com/wp-content/uploads/2014/07/unnamed-150x150.jpg,image/jpeg,3,20150619071529,20230605060122,20230605060122
flowersinagun.com/wp-content/uploads/2014/07/unnamed-81-150x150.jpg,image,https://www.flowersinagun.com/wp-content/uploads/2014/07/unnamed-81-150x150.jpg,image/jpeg,3,20150619052936,20230605060121,20230605060121
flowersinagun.com/wp-content/uploads/2014/08/10581780_10202586391560309_197727038_n-150x150.jpg,image,http://www.flowersinagun.com/wp-content/uploads/2014/08/10581780_10202586391560309_197727038_n-150x150.jpg,image/jpeg,2,20150619064705,20160417185307,20160417185307
flowersinagun.com/wp-content/uploads/2014/08/20140805_200405_RichtoneHDR_1.jpg,image,https://www.flowersinagun.com/wp-content/uploads/2014/08/20140805_200405_RichtoneHDR_1.jpg,image/jpeg,1,20190809200655,20190809200655,20190809200655
flowersinagun.com/wp-content/uploads/2014/08/20140805_2015470.jpg,image,https://www.flowersinagun.com/wp-content/uploads/2014/08/20140805_2015470.jpg,image/jpeg,1,20190809195143,20190809195143,20190809195143
flowersinagun.com/wp-content/uploads/2014/08/20140805_210014_1-150x150.jpg,image,http://www.flowersinagun.com/wp-content/uploads/2014/08/20140805_210014_1-150x150.jpg,image/jpeg,2,20150619070645,20160417141935,20160417141935
flowersinagun.com/wp-content/uploads/2014/08/20140805_210014_1.jpg,image,https://www.flowersinagun.com/wp-content/uploads/2014/08/20140805_210014_1.jpg,image/jpeg,1,20190809193503,20190809193503,20190809193503
flowersinagun.com/wp-content/uploads/2014/08/20140805_210103.jpg,image,https://www.flowersinagun.com/wp-content/uploads/2014/08/20140805_210103.jpg,image/jpeg,1,20190809195146,20190809195146,20190809195146
flowersinagun.com/wp-content/uploads/2014/08/20140805_210142_1.jpg,image,https://www.flowersinagun.com/wp-content/uploads/2014/08/20140805_210142_1.jpg,image/jpeg,1,20190809195129,20190809195129,20190809195129
flowersinagun.com/wp-content/uploads/2014/08/20140805_210940.jpg,image,https://www.flowersinagun.com/wp-content/uploads/2014/08/20140805_210940.jpg,image/jpeg,1,20190809195149,20190809195149,20190809195149
flowersinagun.com/wp-content/uploads/2014/08/SSL-08-09-10-1024x682.jpg,image,https://www.flowersinagun.com/wp-content/uploads/2014/08/SSL-08-09-10-1024x682.jpg,image/jpeg,1,20190809193509,20190809193509,20190809193509
flowersinagun.com/wp-content/uploads/2014/08/SSL-08-09-11-1024x682.jpg,image,https://www.flowersinagun.com/wp-content/uploads/2014/08/SSL-08-09-11-1024x682.jpg,image/jpeg,1,20190809193504,20190809193504,20190809193504
flowersinagun.com/wp-content/uploads/2014/08/SSL-08-09-11-150x150.jpg,image,https://www.flowersinagun.com/wp-content/uploads/2014/08/SSL-08-09-11-150x150.jpg,image/jpeg,3,20150619070415,20230609023046,20230609023046
flowersinagun.com/wp-content/uploads/2014/08/SSL-08-09-3-1024x682.jpg,image,https://www.flowersinagun.com/wp-content/uploads/2014/08/SSL-08-09-3-1024x682.jpg,image/jpeg,1,20190809193613,20190809193613,20190809193613
flowersinagun.com/wp-content/uploads/2014/08/SSL-08-09-4-1024x682.jpg,image,https://www.flowersinagun.com/wp-content/uploads/2014/08/SSL-08-09-4-1024x682.jpg,image/jpeg,1,20190809193506,20190809193506,20190809193506
flowersinagun.com/wp-content/uploads/2014/08/SSL-08-09-7-1024x682.jpg,image,https://www.flowersinagun.com/wp-content/uploads/2014/08/SSL-08-09-7-1024x682.jpg,image/jpeg,1,20190809195148,20190809195148,20190809195148
flowersinagun.com/wp-content/uploads/2014/08/SSL-08-09-8-1024x682.jpg,image,https://www.flowersinagun.com/wp-content/uploads/2014/08/SSL-08-09-8-1024x682.jpg,image/jpeg,1,20190809193447,20190809193447,20190809193447
flowersinagun.com/wp-content/uploads/2014/08/mm.jpg,image,https://www.flowersinagun.com/wp-content/uploads/2014/08/mm.jpg,image/jpeg,1,20190809193345,20190809193345,20190809193345
flowersinagun.com/wp-content/uploads/2014/08/mm01-150x150.jpg,image,http://www.flowersinagun.com/wp-content/uploads/2014/08/mm01-150x150.jpg,image/jpeg,2,20150619052236,20160417132659,20160417132659
flowersinagun.com/wp-content/uploads/2014/08/mm01-160x160.jpg,image,https://www.flowersinagun.com/wp-content/uploads/2014/08/mm01-160x160.jpg,image/jpeg,1,20230609023046,20230609023046,20230609023046
flowersinagun.com/wp-content/uploads/2014/08/mm01-260x260.jpg,image,https://www.flowersinagun.com/wp-content/uploads/2014/08/mm01-260x260.jpg,image/jpeg,1,20230609023047,20230609023047,20230609023047
flowersinagun.com/wp-content/uploads/2014/08/mm01-280x150.jpg,image,https://www.flowersinagun.com/wp-content/uploads/2014/08/mm01-280x150.jpg,image/jpeg,1,20190809193320,20190809193320,20190809193320
flowersinagun.com/wp-content/uploads/2014/08/mm01-300x300.jpg,image,https://www.flowersinagun.com/wp-content/uploads/2014/08/mm01-300x300.jpg,image/jpeg,1,20230609023046,20230609023046,20230609023046
flowersinagun.com/wp-content/uploads/2014/08/mm01.jpg,image,https://www.flowersinagun.com/wp-content/uploads/2014/08/mm01.jpg,image/jpeg,1,20190809193317,20190809193317,20190809193317
flowersinagun.com/wp-content/uploads/2014/08/mm2.jpg,image,https://www.flowersinagun.com/wp-content/uploads/2014/08/mm2.jpg,image/jpeg,1,20190809193411,20190809193411,20190809193411
flowersinagun.com/wp-content/uploads/2014/08/mm6-1.jpg,image,https://www.flowersinagun.com/wp-content/uploads/2014/08/mm6-1.jpg,image/jpeg,1,20190809193413,20190809193413,20190809193413
flowersinagun.com/wp-content/uploads/2014/09/Ben-Wolfe-8-150x150.jpg,image,http://www.flowersinagun.com/wp-content/uploads/2014/09/Ben-Wolfe-8-150x150.jpg,image/jpeg,2,20150619071208,20160417184552,20160417184552
flowersinagun.com/wp-content/uploads/2014/09/Brooklyn-Bowl-09-18-18-150x150.jpg,image,http://www.flowersinagun.com/wp-content/uploads/2014/09/Brooklyn-Bowl-09-18-18-150x150.jpg,image/jpeg,2,20150619060303,20160417065901,20160417065901
flowersinagun.com/wp-content/uploads/2014/09/Brooklyn-Bowl-09-18-18-160x106.jpg,image,http://www.flowersinagun.com/wp-content/uploads/2014/09/Brooklyn-Bowl-09-18-18-160x106.jpg,image/jpeg,1,20141221062118,20141221062118,20141221062118
flowersinagun.com/wp-content/uploads/2014/09/CP-fest-2014-3-150x150.jpg,image,https://www.flowersinagun.com/wp-content/uploads/2014/09/CP-fest-2014-3-150x150.jpg,image/jpeg,3,20150619071405,20230605060108,20230605060108
flowersinagun.com/wp-content/uploads/2014/09/CP-fest-2014-36.jpg,image,http://www.flowersinagun.com/wp-content/uploads/2014/09/CP-fest-2014-36.jpg,image/jpeg,1,20171020035505,20171020035505,20171020035505
flowersinagun.com/wp-content/uploads/2014/09/Rachel-Weiss-Rockwood-4-150x150.jpg,image,https://www.flowersinagun.com/wp-content/uploads/2014/09/Rachel-Weiss-Rockwood-4-150x150.jpg,image/jpeg,3,20150619053151,20230605060109,20230605060109
flowersinagun.com/wp-content/uploads/2014/09/SSL-08-09-13-1024x682.jpg,image,https://www.flowersinagun.com/wp-content/uploads/2014/09/SSL-08-09-13-1024x682.jpg,image/jpeg,2,20150928175109,20231120192246,20231120192246
flowersinagun.com/wp-content/uploads/2014/09/SSL-08-09-13-150x150.jpg,image,http://www.flowersinagun.com/wp-content/uploads/2014/09/SSL-08-09-13-150x150.jpg,image/jpeg,2,20150619065709,20160417141922,20160417141922
flowersinagun.com/wp-content/uploads/2014/09/SSL-08-09-13-160x106.jpg,image,https://www.flowersinagun.com/wp-content/uploads/2014/09/SSL-08-09-13-160x106.jpg,image/jpeg,1,20231120163339,20231120163339,20231120163339
flowersinagun.com/wp-content/uploads/2014/09/SSL-08-09-13-260x173.jpg,image,https://www.flowersinagun.com/wp-content/uploads/2014/09/SSL-08-09-13-260x173.jpg,image/jpeg,1,20231225053125,20231225053125,20231225053125
flowersinagun.com/wp-content/uploads/2014/09/SSL-08-09-13-300x200.jpg,image,https://www.flowersinagun.com/wp-content/uploads/2014/09/SSL-08-09-13-300x200.jpg,image/jpeg,1,20231225213837,20231225213837,20231225213837
flowersinagun.com/wp-content/uploads/2014/09/SSL-08-09-13-560x373.jpg,image,https://www.flowersinagun.com/wp-content/uploads/2014/09/SSL-08-09-13-560x373.jpg,image/jpeg,1,20231224181323,20231224181323,20231224181323
flowersinagun.com/wp-content/uploads/2014/09/Warren-Wolf-8-150x150.jpg,image,https://www.flowersinagun.com/wp-content/uploads/2014/09/Warren-Wolf-8-150x150.jpg,image/jpeg,3,20150619045857,20230605060108,20230605060108
flowersinagun.com/wp-content/uploads/2014/09/Warren-Wolf-8-160x106.jpg,image,http://www.flowersinagun.com/wp-content/uploads/2014/09/Warren-Wolf-8-160x106.jpg,image/jpeg,1,20141221053119,20141221053119,20141221053119
flowersinagun.com/wp-content/uploads/2014/10/0000764524_10-150x150.jpg,image,https://www.flowersinagun.com/wp-content/uploads/2014/10/0000764524_10-150x150.jpg,image/jpeg,3,20150619043930,20230608045653,20230608045653
flowersinagun.com/wp-content/uploads/2014/10/0000764524_10-160x106.jpg,image,http://www.flowersinagun.com/wp-content/uploads/2014/10/0000764524_10-160x106.jpg,image/jpeg,1,20141221100846,20141221100846,20141221100846
flowersinagun.com/wp-content/uploads/2014/10/0002059866_10-150x150.jpg,image,https://www.flowersinagun.com/wp-content/uploads/2014/10/0002059866_10-150x150.jpg,image/jpeg,3,20150619071151,20230605133841,20230605133841
flowersinagun.com/wp-content/uploads/2014/10/0002059866_10-160x173.jpg,image,http://www.flowersinagun.com/wp-content/uploads/2014/10/0002059866_10-160x173.jpg,image/jpeg,1,20141221044353,20141221044353,20141221044353
flowersinagun.com/wp-content/uploads/2014/10/Ben-Frost-1-150x150.jpg,image,https://www.flowersinagun.com/wp-content/uploads/2014/10/Ben-Frost-1-150x150.jpg,image/jpeg,3,20150619051604,20230608045654,20230608045654
flowersinagun.com/wp-content/uploads/2014/10/Ben-Frost-1-160x106.jpg,image,http://www.flowersinagun.com/wp-content/uploads/2014/10/Ben-Frost-1-160x106.jpg,image/jpeg,1,20141221054300,20141221054300,20141221054300
flowersinagun.com/wp-content/uploads/2014/10/Ches-Smith-5-150x150.jpg,image,http://www.flowersinagun.com/wp-content/uploads/2014/10/Ches-Smith-5-150x150.jpg,image/jpeg,2,20150619071411,20160417130351,20160417130351
flowersinagun.com/wp-content/uploads/2014/10/Ches-Smith-5-160x106.jpg,image,http://www.flowersinagun.com/wp-content/uploads/2014/10/Ches-Smith-5-160x106.jpg,image/jpeg,1,20141221050154,20141221050154,20141221050154
flowersinagun.com/wp-content/uploads/2014/10/David-Homan-09-30-4-150x150.jpg,image,https://www.flowersinagun.com/wp-content/uploads/2014/10/David-Homan-09-30-4-150x150.jpg,image/jpeg,3,20150619054901,20230608045654,20230608045654
flowersinagun.com/wp-content/uploads/2014/11/10410846_713162485431713_7251895747230018611_n-1-150x150.jpg,image,http://www.flowersinagun.com/wp-content/uploads/2014/11/10410846_713162485431713_7251895747230018611_n-1-150x150.jpg,image/jpeg,2,20150619070631,20160418004841,20160418004841
flowersinagun.com/wp-content/uploads/2014/11/10410846_713162485431713_7251895747230018611_n-1-160x160.jpg,image,https://www.flowersinagun.com/wp-content/uploads/2014/11/10410846_713162485431713_7251895747230018611_n-1-160x160.jpg,image/jpeg,1,20230606081027,20230606081027,20230606081027
flowersinagun.com/wp-content/uploads/2014/11/10410846_713162485431713_7251895747230018611_n-1-260x260.jpg,image,https://www.flowersinagun.com/wp-content/uploads/2014/11/10410846_713162485431713_7251895747230018611_n-1-260x260.jpg,image/jpeg,1,20230606081026,20230606081026,20230606081026
flowersinagun.com/wp-content/uploads/2014/11/10410846_713162485431713_7251895747230018611_n-1-300x300.jpg,image,https://www.flowersinagun.com/wp-content/uploads/2014/11/10410846_713162485431713_7251895747230018611_n-1-300x300.jpg,image/jpeg,1,20230605133845,20230605133845,20230605133845
flowersinagun.com/wp-content/uploads/2014/11/10410846_713162485431713_7251895747230018611_n-1-560x560.jpg,image,https://www.flowersinagun.com/wp-content/uploads/2014/11/10410846_713162485431713_7251895747230018611_n-1-560x560.jpg,image/jpeg,1,20230605133843,20230605133843,20230605133843
flowersinagun.com/wp-content/uploads/2014/11/10410846_713162485431713_7251895747230018611_n-1.jpg,image,https://www.flowersinagun.com/wp-content/uploads/2014/11/10410846_713162485431713_7251895747230018611_n-1.jpg,image/jpeg,1,20230606081027,20230606081027,20230606081027
flowersinagun.com/wp-content/uploads/2014/11/1898104_715381838537913_8799165717908992693_n-150x150.jpg,image,http://www.flowersinagun.com/wp-content/uploads/2014/11/1898104_715381838537913_8799165717908992693_n-150x150.jpg,image/jpeg,2,20150619061341,20160417210117,20160417210117
flowersinagun.com/wp-content/uploads/2014/11/1898104_715381838537913_8799165717908992693_n-160x163.jpg,image,http://www.flowersinagun.com/wp-content/uploads/2014/11/1898104_715381838537913_8799165717908992693_n-160x163.jpg,image/jpeg,1,20141221051334,20141221051334,20141221051334
flowersinagun.com/wp-content/uploads/2014/11/Lucsious-Jackson-5-150x150.jpg,image,https://www.flowersinagun.com/wp-content/uploads/2014/11/Lucsious-Jackson-5-150x150.jpg,image/jpeg,3,20150619053644,20230606081027,20230606081027
flowersinagun.com/wp-content/uploads/2014/11/Lucsious-Jackson-5-160x106.jpg,image,http://www.flowersinagun.com/wp-content/uploads/2014/11/Lucsious-Jackson-5-160x106.jpg,image/jpeg,1,20141221055948,20141221055948,20141221055948
flowersinagun.com/wp-content/uploads/2014/11/Rough-Riders-Imge-1024x1024.jpg,image,https://www.flowersinagun.com/wp-content/uploads/2014/11/Rough-Riders-Imge-1024x1024.jpg,image/jpeg,1,20230605133843,20230605133843,20230605133843
flowersinagun.com/wp-content/uploads/2014/11/Rough-Riders-Imge-150x150.jpg,image,http://www.flowersinagun.com/wp-content/uploads/2014/11/Rough-Riders-Imge-150x150.jpg,image/jpeg,2,20150619055140,20160418071439,20160418071439
flowersinagun.com/wp-content/uploads/2014/11/Rough-Riders-Imge-160x160.jpg,image,https://www.flowersinagun.com/wp-content/uploads/2014/11/Rough-Riders-Imge-160x160.jpg,image/jpeg,2,20141221053600,20230605133843,20230605133843
flowersinagun.com/wp-content/uploads/2014/11/Rough-Riders-Imge-260x260.jpg,image,https://www.flowersinagun.com/wp-content/uploads/2014/11/Rough-Riders-Imge-260x260.jpg,image/jpeg,1,20230605133843,20230605133843,20230605133843
flowersinagun.com/wp-content/uploads/2014/11/Rough-Riders-Imge-300x300.jpg,image,https://www.flowersinagun.com/wp-content/uploads/2014/11/Rough-Riders-Imge-300x300.jpg,image/jpeg,1,20230605133845,20230605133845,20230605133845
flowersinagun.com/wp-content/uploads/2014/11/Rough-Riders-Imge-560x560.jpg,image,https://www.flowersinagun.com/wp-content/uploads/2014/11/Rough-Riders-Imge-560x560.jpg,image/jpeg,1,20230605133842,20230605133842,20230605133842
flowersinagun.com/wp-content/uploads/2014/11/Rough-Riders-Imge.jpg,image,https://www.flowersinagun.com/wp-content/uploads/2014/11/Rough-Riders-Imge.jpg,image/jpeg,1,20230605133843,20230605133843,20230605133843
flowersinagun.com/wp-content/uploads/2014/11/SWEET-FIX-logo-1-150x150.jpg,image,http://www.flowersinagun.com/wp-content/uploads/2014/11/SWEET-FIX-logo-1-150x150.jpg,image/jpeg,2,20150619070028,20160417210129,20160417210129
flowersinagun.com/wp-content/uploads/2014/11/SWEET-FIX-logo-1-160x173.jpg,image,http://www.flowersinagun.com/wp-content/uploads/2014/11/SWEET-FIX-logo-1-160x173.jpg,image/jpeg,1,20141221041109,20141221041109,20141221041109
flowersinagun.com/wp-content/uploads/2014/11/b787b4bc8b-TLP-cover-150x150.jpg,image,https://www.flowersinagun.com/wp-content/uploads/2014/11/b787b4bc8b-TLP-cover-150x150.jpg,image/jpeg,3,20150619060855,20230606081026,20230606081026
flowersinagun.com/wp-content/uploads/2014/11/b787b4bc8b-TLP-cover-160x160.jpg,image,https://www.flowersinagun.com/wp-content/uploads/2014/11/b787b4bc8b-TLP-cover-160x160.jpg,image/jpeg,2,20141221052451,20230606081026,20230606081026
flowersinagun.com/wp-content/uploads/2014/11/b787b4bc8b-TLP-cover-260x260.jpg,image,https://www.flowersinagun.com/wp-content/uploads/2014/11/b787b4bc8b-TLP-cover-260x260.jpg,image/jpeg,1,20230606081028,20230606081028,20230606081028
flowersinagun.com/wp-content/uploads/2014/11/b787b4bc8b-TLP-cover-300x300.jpg,image,https://www.flowersinagun.com/wp-content/uploads/2014/11/b787b4bc8b-TLP-cover-300x300.jpg,image/jpeg,1,20230606081026,20230606081026,20230606081026
flowersinagun.com/wp-content/uploads/2014/11/b787b4bc8b-TLP-cover-560x560.jpg,image,https://www.flowersinagun.com/wp-content/uploads/2014/11/b787b4bc8b-TLP-cover-560x560.jpg,image/jpeg,1,20230606081027,20230606081027,20230606081027
flowersinagun.com/wp-content/uploads/2014/11/b787b4bc8b-TLP-cover.jpg,image,https://www.flowersinagun.com/wp-content/uploads/2014/11/b787b4bc8b-TLP-cover.jpg,image/jpeg,1,20230605133844,20230605133844,20230605133844
flowersinagun.com/wp-content/uploads/2014/11/styro-150x150.jpg,image,https://www.flowersinagun.com/wp-content/uploads/2014/11/styro-150x150.jpg,image/jpeg,3,20150619053039,20230606081026,20230606081026
flowersinagun.com/wp-content/uploads/2014/11/timhecker-150x150.jpeg,image,https://www.flowersinagun.com/wp-content/uploads/2014/11/timhecker-150x150.jpeg,image/jpeg,3,20150619062611,20230605133844,20230605133844
flowersinagun.com/wp-content/uploads/2014/11/untitled-6-150x150.jpg,image,https://www.flowersinagun.com/wp-content/uploads/2014/11/untitled-6-150x150.jpg,image/jpeg,3,20150619071403,20230605064555,20230605064555
flowersinagun.com/wp-content/uploads/2014/11/untitled-6-160x106.jpg,image,http://www.flowersinagun.com/wp-content/uploads/2014/11/untitled-6-160x106.jpg,image/jpeg,1,20141221045933,20141221045933,20141221045933
flowersinagun.com/wp-content/uploads/2014/11/yumiko-tanaka-2-1-150x150.jpg,image,https://www.flowersinagun.com/wp-content/uploads/2014/11/yumiko-tanaka-2-1-150x150.jpg,image/jpeg,3,20150619065221,20230605133845,20230605133845
flowersinagun.com/wp-content/uploads/2014/11/yumiko-tanaka-2-1-160x106.jpg,image,http://www.flowersinagun.com/wp-content/uploads/2014/11/yumiko-tanaka-2-1-160x106.jpg,image/jpeg,1,20141221040326,20141221040326,20141221040326
flowersinagun.com/wp-content/uploads/2014/12/10711106_598964013548930_4893167546741305600_n-150x150.jpg,image,http://www.flowersinagun.com/wp-content/uploads/2014/12/10711106_598964013548930_4893167546741305600_n-150x150.jpg,image/jpeg,1,20150619071339,20150619071339,20150619071339
flowersinagun.com/wp-content/uploads/2014/12/10711106_598964013548930_4893167546741305600_n-160x160.jpg,image,https://www.flowersinagun.com/wp-content/uploads/2014/12/10711106_598964013548930_4893167546741305600_n-160x160.jpg,image/jpeg,1,20230605151048,20230605151048,20230605151048
flowersinagun.com/wp-content/uploads/2014/12/10711106_598964013548930_4893167546741305600_n-260x260.jpg,image,http://www.flowersinagun.com/wp-content/uploads/2014/12/10711106_598964013548930_4893167546741305600_n-260x260.jpg,image/jpeg,1,20141221063509,20141221063509,20141221063509
flowersinagun.com/wp-content/uploads/2014/12/10711106_598964013548930_4893167546741305600_n-300x300.jpg,image,https://www.flowersinagun.com/wp-content/uploads/2014/12/10711106_598964013548930_4893167546741305600_n-300x300.jpg,image/jpeg,1,20230605151048,20230605151048,20230605151048
flowersinagun.com/wp-content/uploads/2014/12/10711106_598964013548930_4893167546741305600_n-560x560.jpg,image,https://www.flowersinagun.com/wp-content/uploads/2014/12/10711106_598964013548930_4893167546741305600_n-560x560.jpg,image/jpeg,1,20230605151047,20230605151047,20230605151047
flowersinagun.com/wp-content/uploads/2014/12/10711106_598964013548930_4893167546741305600_n.jpg,image,https://www.flowersinagun.com/wp-content/uploads/2014/12/10711106_598964013548930_4893167546741305600_n.jpg,image/jpeg,1,20230605151048,20230605151048,20230605151048
flowersinagun.com/wp-content/uploads/2014/12/2014-Wallpaper-HD-4-1024x1017.jpg,image,https://www.flowersinagun.com/wp-content/uploads/2014/12/2014-Wallpaper-HD-4-1024x1017.jpg,image/jpeg,1,20230605072259,20230605072259,20230605072259
flowersinagun.com/wp-content/uploads/2014/12/2014-Wallpaper-HD-4-150x150.jpg,image,http://www.flowersinagun.com/wp-content/uploads/2014/12/2014-Wallpaper-HD-4-150x150.jpg,image/jpeg,2,20150619060700,20160417072923,20160417072923
flowersinagun.com/wp-content/uploads/2014/12/2014-Wallpaper-HD-4-160x158.jpg,image,http://www.flowersinagun.com/wp-content/uploads/2014/12/2014-Wallpaper-HD-4-160x158.jpg,image/jpeg,1,20150619065152,20150619065152,20150619065152
flowersinagun.com/wp-content/uploads/2014/12/2014-Wallpaper-HD-4-260x258.jpg,image,https://www.flowersinagun.com/wp-content/uploads/2014/12/2014-Wallpaper-HD-4-260x258.jpg,image/jpeg,1,20230605072259,20230605072259,20230605072259
flowersinagun.com/wp-content/uploads/2014/12/2014-Wallpaper-HD-4-300x298.jpg,image,https://www.flowersinagun.com/wp-content/uploads/2014/12/2014-Wallpaper-HD-4-300x298.jpg,image/jpeg,1,20230605072258,20230605072258,20230605072258
flowersinagun.com/wp-content/uploads/2014/12/2014-Wallpaper-HD-4-560x556.jpg,image,https://www.flowersinagun.com/wp-content/uploads/2014/12/2014-Wallpaper-HD-4-560x556.jpg,image/jpeg,1,20230605072259,20230605072259,20230605072259
flowersinagun.com/wp-content/uploads/2014/12/2014-Wallpaper-HD-4.jpg,image,https://www.flowersinagun.com/wp-content/uploads/2014/12/2014-Wallpaper-HD-4.jpg,image/jpeg,1,20230605072259,20230605072259,20230605072259
flowersinagun.com/wp-content/uploads/2014/12/DSC_0030-150x150.jpg,image,http://www.flowersinagun.com/wp-content/uploads/2014/12/DSC_0030-150x150.jpg,image/jpeg,2,20150619070609,20160417123338,20160417123338
flowersinagun.com/wp-content/uploads/2014/12/DSC_0030-260x172.jpg,image,http://www.flowersinagun.com/wp-content/uploads/2014/12/DSC_0030-260x172.jpg,image/jpeg,1,20141221045254,20141221045254,20141221045254
flowersinagun.com/wp-content/uploads/2014/12/a3382760925_2-150x150.jpg,image,https://www.flowersinagun.com/wp-content/uploads/2014/12/a3382760925_2-150x150.jpg,image/jpeg,3,20150619070913,20230605064556,20230605064556
flowersinagun.com/wp-content/uploads/2014/12/a3382760925_2-160x160.jpg,image,https://www.flowersinagun.com/wp-content/uploads/2014/12/a3382760925_2-160x160.jpg,image/jpeg,1,20230605064556,20230605064556,20230605064556
flowersinagun.com/wp-content/uploads/2014/12/a3382760925_2-260x260.jpg,image,https://www.flowersinagun.com/wp-content/uploads/2014/12/a3382760925_2-260x260.jpg,image/jpeg,1,20230605064556,20230605064556,20230605064556
flowersinagun.com/wp-content/uploads/2014/12/a3382760925_2-300x300.jpg,image,https://www.flowersinagun.com/wp-content/uploads/2014/12/a3382760925_2-300x300.jpg,image/jpeg,1,20230605064556,20230605064556,20230605064556
flowersinagun.com/wp-content/uploads/2014/12/a3382760925_2.jpg,image,https://www.flowersinagun.com/wp-content/uploads/2014/12/a3382760925_2.jpg,image/jpeg,2,20141221041446,20230605151048,20230605151048
flowersinagun.com/wp-content/uploads/2014/12/dev-1-150x150.jpg,image,http://www.flowersinagun.com/wp-content/uploads/2014/12/dev-1-150x150.jpg,image/jpeg,2,20150619070942,20160418004643,20160418004643
flowersinagun.com/wp-content/uploads/2014/12/dev-1-160x107.jpg,image,http://www.flowersinagun.com/wp-content/uploads/2014/12/dev-1-160x107.jpg,image/jpeg,1,20150619043724,20150619043724,20150619043724
flowersinagun.com/wp-content/uploads/2014/12/eastondavis-150x150.jpg,image,https://www.flowersinagun.com/wp-content/uploads/2014/12/eastondavis-150x150.jpg,image/jpeg,3,20150619044359,20230605072258,20230605072258
flowersinagun.com/wp-content/uploads/2014/12/eastondavis-160x159.jpg,image,https://www.flowersinagun.com/wp-content/uploads/2014/12/eastondavis-160x159.jpg,image/jpeg,2,20150619070238,20230605064555,20230605064555
flowersinagun.com/wp-content/uploads/2014/12/eastondavis-260x259.jpg,image,https://www.flowersinagun.com/wp-content/uploads/2014/12/eastondavis-260x259.jpg,image/jpeg,1,20230605064555,20230605064555,20230605064555
flowersinagun.com/wp-content/uploads/2014/12/eastondavis-300x300.jpg,image,https://www.flowersinagun.com/wp-content/uploads/2014/12/eastondavis-300x300.jpg,image/jpeg,1,20230605072258,20230605072258,20230605072258
flowersinagun.com/wp-content/uploads/2014/12/eastondavis.jpg,image,https://www.flowersinagun.com/wp-content/uploads/2014/12/eastondavis.jpg,image/jpeg,1,20230605064556,20230605064556,20230605064556
flowersinagun.com/wp-content/uploads/2014/12/holiday-swing-13-150x150.jpg,image,https://www.flowersinagun.com/wp-content/uploads/2014/12/holiday-swing-13-150x150.jpg,image/jpeg,3,20150619052150,20230605072259,20230605072259
flowersinagun.com/wp-content/uploads/2014/12/holiday-swing-13-160x106.jpg,image,http://www.flowersinagun.com/wp-content/uploads/2014/12/holiday-swing-13-160x106.jpg,image/jpeg,1,20150619070217,20150619070217,20150619070217
flowersinagun.com/wp-content/uploads/2014/12/massiveheader-160x53.png,image,https://www.flowersinagun.com/wp-content/uploads/2014/12/massiveheader-160x53.png,image/png,1,20230605051156,20230605051156,20230605051156
flowersinagun.com/wp-content/uploads/2014/12/massiveheader-260x86.png,image,https://www.flowersinagun.com/wp-content/uploads/2014/12/massiveheader-260x86.png,image/png,1,20230605051155,20230605051155,20230605051155
flowersinagun.com/wp-content/uploads/2014/12/massiveheader-300x99.png,image,https://www.flowersinagun.com/wp-content/uploads/2014/12/massiveheader-300x99.png,image/png,1,20230605072258,20230605072258,20230605072258
flowersinagun.com/wp-content/uploads/2014/12/massiveheader-560x186.png,image,https://www.flowersinagun.com/wp-content/uploads/2014/12/massiveheader-560x186.png,image/png,1,20230605060122,20230605060122,20230605060122
flowersinagun.com/wp-content/uploads/2014/12/massiveheader.png,image,https://www.flowersinagun.com/wp-content/uploads/2014/12/massiveheader.png,image/png,2,20150619055804,20230605072259,20230605072259
flowersinagun.com/wp-content/uploads/2014/12/untitled-6-150x150.jpg,image,http://www.flowersinagun.com/wp-content/uploads/2014/12/untitled-6-150x150.jpg,image/jpeg,2,20150619064635,20160417185302,20160417185302
flowersinagun.com/wp-content/uploads/2014/12/untitled-6-160x106.jpg,image,http://www.flowersinagun.com/wp-content/uploads/2014/12/untitled-6-160x106.jpg,image/jpeg,1,20150619043819,20150619043819,20150619043819
flowersinagun.com/wp-content/uploads/2015/01/NYCWJF-18-150x150.jpg,image,https://www.flowersinagun.com/wp-content/uploads/2015/01/NYCWJF-18-150x150.jpg,image/jpeg,3,20150619044614,20230605051153,20230605051153
flowersinagun.com/wp-content/uploads/2015/01/NYCWJF-18-160x106.jpg,image,http://www.flowersinagun.com/wp-content/uploads/2015/01/NYCWJF-18-160x106.jpg,image/jpeg,1,20150619065126,20150619065126,20150619065126
flowersinagun.com/wp-content/uploads/2015/01/William-Parker-14-150x150.jpg,image,https://www.flowersinagun.com/wp-content/uploads/2015/01/William-Parker-14-150x150.jpg,image/jpeg,3,20150619064602,20230605133921,20230605133921
flowersinagun.com/wp-content/uploads/2015/01/William-Parker-14-160x106.jpg,image,http://www.flowersinagun.com/wp-content/uploads/2015/01/William-Parker-14-160x106.jpg,image/jpeg,1,20150619043540,20150619043540,20150619043540
flowersinagun.com/wp-content/uploads/2015/01/William-Parker-7-1024x682.jpg,image,http://www.flowersinagun.com/wp-content/uploads/2015/01/William-Parker-7-1024x682.jpg,image/jpeg,1,20151017035624,20151017035624,20151017035624
flowersinagun.com/wp-content/uploads/2015/02/Ravi-Coltrane-1-1024x682.jpg,image,https://www.flowersinagun.com/wp-content/uploads/2015/02/Ravi-Coltrane-1-1024x682.jpg,image/jpeg,2,20150619071259,20230623153928,20230623153928
flowersinagun.com/wp-content/uploads/2015/02/Ravi-Coltrane-1-160x106.jpg,image,https://www.flowersinagun.com/wp-content/uploads/2015/02/Ravi-Coltrane-1-160x106.jpg,image/jpeg,1,20230623153928,20230623153928,20230623153928
flowersinagun.com/wp-content/uploads/2015/02/Ravi-Coltrane-1-260x173.jpg,image,https://www.flowersinagun.com/wp-content/uploads/2015/02/Ravi-Coltrane-1-260x173.jpg,image/jpeg,1,20230623153927,20230623153927,20230623153927
flowersinagun.com/wp-content/uploads/2015/02/Ravi-Coltrane-1-300x199.jpg,image,https://www.flowersinagun.com/wp-content/uploads/2015/02/Ravi-Coltrane-1-300x199.jpg,image/jpeg,1,20230623153929,20230623153929,20230623153929
flowersinagun.com/wp-content/uploads/2015/02/Ravi-Coltrane-1-560x373.jpg,image,https://www.flowersinagun.com/wp-content/uploads/2015/02/Ravi-Coltrane-1-560x373.jpg,image/jpeg,1,20230623153927,20230623153927,20230623153927
flowersinagun.com/wp-content/uploads/2015/02/Ravi-Coltrane-1.jpg,image,https://www.flowersinagun.com/wp-content/uploads/2015/02/Ravi-Coltrane-1.jpg,image/jpeg,1,20230623153927,20230623153927,20230623153927
flowersinagun.com/wp-content/uploads/2015/02/Ravi-Coltrane-11-160x240.jpg,image,https://www.flowersinagun.com/wp-content/uploads/2015/02/Ravi-Coltrane-11-160x240.jpg,image/jpeg,1,20230623153928,20230623153928,20230623153928
flowersinagun.com/wp-content/uploads/2015/02/Ravi-Coltrane-11-200x300.jpg,image,https://www.flowersinagun.com/wp-content/uploads/2015/02/Ravi-Coltrane-11-200x300.jpg,image/jpeg,1,20230623153927,20230623153927,20230623153927
flowersinagun.com/wp-content/uploads/2015/02/Ravi-Coltrane-11-260x390.jpg,image,https://www.flowersinagun.com/wp-content/uploads/2015/02/Ravi-Coltrane-11-260x390.jpg,image/jpeg,1,20230623153928,20230623153928,20230623153928
flowersinagun.com/wp-content/uploads/2015/02/Ravi-Coltrane-11-560x840.jpg,image,https://www.flowersinagun.com/wp-content/uploads/2015/02/Ravi-Coltrane-11-560x840.jpg,image/jpeg,1,20230623153927,20230623153927,20230623153927
flowersinagun.com/wp-content/uploads/2015/02/Ravi-Coltrane-11-682x1024.jpg,image,https://www.flowersinagun.com/wp-content/uploads/2015/02/Ravi-Coltrane-11-682x1024.jpg,image/jpeg,4,20150619071435,20230623153929,20230623153929
flowersinagun.com/wp-content/uploads/2015/02/Ravi-Coltrane-11.jpg,image,https://www.flowersinagun.com/wp-content/uploads/2015/02/Ravi-Coltrane-11.jpg,image/jpeg,1,20230623153928,20230623153928,20230623153928
flowersinagun.com/wp-content/uploads/2015/02/Ravi-Coltrane-13-1024x682.jpg,image,https://www.flowersinagun.com/wp-content/uploads/2015/02/Ravi-Coltrane-13-1024x682.jpg,image/jpeg,3,20150619063702,20230623153927,20230623153927
flowersinagun.com/wp-content/uploads/2015/02/Ravi-Coltrane-13-160x106.jpg,image,https://www.flowersinagun.com/wp-content/uploads/2015/02/Ravi-Coltrane-13-160x106.jpg,image/jpeg,1,20230623153930,20230623153930,20230623153930
flowersinagun.com/wp-content/uploads/2015/02/Ravi-Coltrane-13-260x173.jpg,image,https://www.flowersinagun.com/wp-content/uploads/2015/02/Ravi-Coltrane-13-260x173.jpg,image/jpeg,1,20230623153930,20230623153930,20230623153930
flowersinagun.com/wp-content/uploads/2015/02/Ravi-Coltrane-13-300x199.jpg,image,https://www.flowersinagun.com/wp-content/uploads/2015/02/Ravi-Coltrane-13-300x199.jpg,image/jpeg,1,20230623153929,20230623153929,20230623153929
flowersinagun.com/wp-content/uploads/2015/02/Ravi-Coltrane-13-560x373.jpg,image,https://www.flowersinagun.com/wp-content/uploads/2015/02/Ravi-Coltrane-13-560x373.jpg,image/jpeg,1,20230623153930,20230623153930,20230623153930
flowersinagun.com/wp-content/uploads/2015/02/Ravi-Coltrane-13.jpg,image,https://www.flowersinagun.com/wp-content/uploads/2015/02/Ravi-Coltrane-13.jpg,image/jpeg,1,20230623153928,20230623153928,20230623153928
flowersinagun.com/wp-content/uploads/2015/02/Ravi-Coltrane-16-1024x682.jpg,image,http://www.flowersinagun.com/wp-content/uploads/2015/02/Ravi-Coltrane-16-1024x682.jpg,image/jpeg,2,20150619042933,20160328055414,20160328055414
flowersinagun.com/wp-content/uploads/2015/02/Ravi-Coltrane-16-150x150.jpg,image,https://www.flowersinagun.com/wp-content/uploads/2015/02/Ravi-Coltrane-16-150x150.jpg,image/jpeg,3,20150619053041,20230605051153,20230605051153
flowersinagun.com/wp-content/uploads/2015/02/Ravi-Coltrane-16-160x106.jpg,image,https://www.flowersinagun.com/wp-content/uploads/2015/02/Ravi-Coltrane-16-160x106.jpg,image/jpeg,2,20150619070448,20230623153930,20230623153930
flowersinagun.com/wp-content/uploads/2015/02/Ravi-Coltrane-16-260x173.jpg,image,https://www.flowersinagun.com/wp-content/uploads/2015/02/Ravi-Coltrane-16-260x173.jpg,image/jpeg,1,20230623153930,20230623153930,20230623153930
flowersinagun.com/wp-content/uploads/2015/02/Ravi-Coltrane-16-300x199.jpg,image,https://www.flowersinagun.com/wp-content/uploads/2015/02/Ravi-Coltrane-16-300x199.jpg,image/jpeg,1,20230623153931,20230623153931,20230623153931
flowersinagun.com/wp-content/uploads/2015/02/Ravi-Coltrane-16-560x373.jpg,image,https://www.flowersinagun.com/wp-content/uploads/2015/02/Ravi-Coltrane-16-560x373.jpg,image/jpeg,1,20230623153932,20230623153932,20230623153932
flowersinagun.com/wp-content/uploads/2015/02/Ravi-Coltrane-16.jpg,image,https://www.flowersinagun.com/wp-content/uploads/2015/02/Ravi-Coltrane-16.jpg,image/jpeg,1,20230623153932,20230623153932,20230623153932
flowersinagun.com/wp-content/uploads/2015/02/Ravi-Coltrane-17-1024x682.jpg,image,https://www.flowersinagun.com/wp-content/uploads/2015/02/Ravi-Coltrane-17-1024x682.jpg,image/jpeg,2,20150619070116,20230623153928,20230623153928
flowersinagun.com/wp-content/uploads/2015/02/Ravi-Coltrane-17-160x106.jpg,image,https://www.flowersinagun.com/wp-content/uploads/2015/02/Ravi-Coltrane-17-160x106.jpg,image/jpeg,1,20230623153928,20230623153928,20230623153928
flowersinagun.com/wp-content/uploads/2015/02/Ravi-Coltrane-17-260x173.jpg,image,https://www.flowersinagun.com/wp-content/uploads/2015/02/Ravi-Coltrane-17-260x173.jpg,image/jpeg,1,20230623153928,20230623153928,20230623153928
flowersinagun.com/wp-content/uploads/2015/02/Ravi-Coltrane-17-300x199.jpg,image,https://www.flowersinagun.com/wp-content/uploads/2015/02/Ravi-Coltrane-17-300x199.jpg,image/jpeg,1,20230623153928,20230623153928,20230623153928
flowersinagun.com/wp-content/uploads/2015/02/Ravi-Coltrane-17-560x373.jpg,image,https://www.flowersinagun.com/wp-content/uploads/2015/02/Ravi-Coltrane-17-560x373.jpg,image/jpeg,1,20230623153927,20230623153927,20230623153927
flowersinagun.com/wp-content/uploads/2015/02/Ravi-Coltrane-17.jpg,image,https://www.flowersinagun.com/wp-content/uploads/2015/02/Ravi-Coltrane-17.jpg,image/jpeg,1,20230623153928,20230623153928,20230623153928
flowersinagun.com/wp-content/uploads/2015/02/Ravi-Coltrane-4-1024x682.jpg,image,https://www.flowersinagun.com/wp-content/uploads/2015/02/Ravi-Coltrane-4-1024x682.jpg,image/jpeg,3,20150619060356,20230623153929,20230623153929
flowersinagun.com/wp-content/uploads/2015/02/Ravi-Coltrane-4-160x106.jpg,image,https://www.flowersinagun.com/wp-content/uploads/2015/02/Ravi-Coltrane-4-160x106.jpg,image/jpeg,1,20230623153930,20230623153930,20230623153930
flowersinagun.com/wp-content/uploads/2015/02/Ravi-Coltrane-4-260x173.jpg,image,https://www.flowersinagun.com/wp-content/uploads/2015/02/Ravi-Coltrane-4-260x173.jpg,image/jpeg,1,20230623153930,20230623153930,20230623153930
flowersinagun.com/wp-content/uploads/2015/02/Ravi-Coltrane-4-300x199.jpg,image,https://www.flowersinagun.com/wp-content/uploads/2015/02/Ravi-Coltrane-4-300x199.jpg,image/jpeg,1,20230623153931,20230623153931,20230623153931
flowersinagun.com/wp-content/uploads/2015/02/Ravi-Coltrane-4-560x373.jpg,image,https://www.flowersinagun.com/wp-content/uploads/2015/02/Ravi-Coltrane-4-560x373.jpg,image/jpeg,1,20230623153930,20230623153930,20230623153930
flowersinagun.com/wp-content/uploads/2015/02/Ravi-Coltrane-4.jpg,image,https://www.flowersinagun.com/wp-content/uploads/2015/02/Ravi-Coltrane-4.jpg,image/jpeg,1,20230623153930,20230623153930,20230623153930
flowersinagun.com/wp-content/uploads/2015/03/10524910_10205263243803379_843540527_n-160x116.jpg,image,https://www.flowersinagun.com/wp-content/uploads/2015/03/10524910_10205263243803379_843540527_n-160x116.jpg,image/jpeg,1,20230623153926,20230623153926,20230623153926
flowersinagun.com/wp-content/uploads/2015/03/10524910_10205263243803379_843540527_n-260x189.jpg,image,https://www.flowersinagun.com/wp-content/uploads/2015/03/10524910_10205263243803379_843540527_n-260x189.jpg,image/jpeg,1,20230623153927,20230623153927,20230623153927
flowersinagun.com/wp-content/uploads/2015/03/10524910_10205263243803379_843540527_n-300x218.jpg,image,https://www.flowersinagun.com/wp-content/uploads/2015/03/10524910_10205263243803379_843540527_n-300x218.jpg,image/jpeg,1,20230623153927,20230623153927,20230623153927
flowersinagun.com/wp-content/uploads/2015/03/10524910_10205263243803379_843540527_n-560x407.jpg,image,https://www.flowersinagun.com/wp-content/uploads/2015/03/10524910_10205263243803379_843540527_n-560x407.jpg,image/jpeg,1,20230623153927,20230623153927,20230623153927
flowersinagun.com/wp-content/uploads/2015/03/10524910_10205263243803379_843540527_n.jpg,image,https://www.flowersinagun.com/wp-content/uploads/2015/03/10524910_10205263243803379_843540527_n.jpg,image/jpeg,3,20150619015948,20230623153927,20230623153927
flowersinagun.com/wp-content/uploads/2015/03/10735927_10205263246083436_1116307391_n-160x116.jpg,image,https://www.flowersinagun.com/wp-content/uploads/2015/03/10735927_10205263246083436_1116307391_n-160x116.jpg,image/jpeg,1,20230622024046,20230622024046,20230622024046
flowersinagun.com/wp-content/uploads/2015/03/10735927_10205263246083436_1116307391_n-260x189.jpg,image,https://www.flowersinagun.com/wp-content/uploads/2015/03/10735927_10205263246083436_1116307391_n-260x189.jpg,image/jpeg,1,20230622024046,20230622024046,20230622024046
flowersinagun.com/wp-content/uploads/2015/03/10735927_10205263246083436_1116307391_n-300x218.jpg,image,https://www.flowersinagun.com/wp-content/uploads/2015/03/10735927_10205263246083436_1116307391_n-300x218.jpg,image/jpeg,1,20230622024045,20230622024045,20230622024045
flowersinagun.com/wp-content/uploads/2015/03/10735927_10205263246083436_1116307391_n-560x407.jpg,image,https://www.flowersinagun.com/wp-content/uploads/2015/03/10735927_10205263246083436_1116307391_n-560x407.jpg,image/jpeg,1,20230622024045,20230622024045,20230622024045
flowersinagun.com/wp-content/uploads/2015/03/10735927_10205263246083436_1116307391_n.jpg,image,https://www.flowersinagun.com/wp-content/uploads/2015/03/10735927_10205263246083436_1116307391_n.jpg,image/jpeg,3,20150619014206,20230622024045,20230622024045
flowersinagun.com/wp-content/uploads/2015/03/10744699_10205263244003384_674930460_n-160x116.jpg,image,https://www.flowersinagun.com/wp-content/uploads/2015/03/10744699_10205263244003384_674930460_n-160x116.jpg,image/jpeg,1,20230623153927,20230623153927,20230623153927
flowersinagun.com/wp-content/uploads/2015/03/10744699_10205263244003384_674930460_n-260x189.jpg,image,https://www.flowersinagun.com/wp-content/uploads/2015/03/10744699_10205263244003384_674930460_n-260x189.jpg,image/jpeg,1,20230623153927,20230623153927,20230623153927
flowersinagun.com/wp-content/uploads/2015/03/10744699_10205263244003384_674930460_n-300x218.jpg,image,https://www.flowersinagun.com/wp-content/uploads/2015/03/10744699_10205263244003384_674930460_n-300x218.jpg,image/jpeg,1,20230623153926,20230623153926,20230623153926
flowersinagun.com/wp-content/uploads/2015/03/10744699_10205263244003384_674930460_n-560x407.jpg,image,https://www.flowersinagun.com/wp-content/uploads/2015/03/10744699_10205263244003384_674930460_n-560x407.jpg,image/jpeg,1,20230623153926,20230623153926,20230623153926
flowersinagun.com/wp-content/uploads/2015/03/10744699_10205263244003384_674930460_n.jpg,image,https://www.flowersinagun.com/wp-content/uploads/2015/03/10744699_10205263244003384_674930460_n.jpg,image/jpeg,2,20150619010230,20230623153927,20230623153927
flowersinagun.com/wp-content/uploads/2015/03/Marianne-Solivan-1-1024x682.jpg,image,https://www.flowersinagun.com/wp-content/uploads/2015/03/Marianne-Solivan-1-1024x682.jpg,image/jpeg,3,20150619070156,20230623153928,20230623153928
flowersinagun.com/wp-content/uploads/2015/03/Marianne-Solivan-1-160x106.jpg,image,https://www.flowersinagun.com/wp-content/uploads/2015/03/Marianne-Solivan-1-160x106.jpg,image/jpeg,1,20230623153928,20230623153928,20230623153928
flowersinagun.com/wp-content/uploads/2015/03/Marianne-Solivan-1-260x173.jpg,image,https://www.flowersinagun.com/wp-content/uploads/2015/03/Marianne-Solivan-1-260x173.jpg,image/jpeg,1,20230623153927,20230623153927,20230623153927
flowersinagun.com/wp-content/uploads/2015/03/Marianne-Solivan-1-300x199.jpg,image,https://www.flowersinagun.com/wp-content/uploads/2015/03/Marianne-Solivan-1-300x199.jpg,image/jpeg,1,20230623153928,20230623153928,20230623153928
flowersinagun.com/wp-content/uploads/2015/03/Marianne-Solivan-1-560x373.jpg,image,https://www.flowersinagun.com/wp-content/uploads/2015/03/Marianne-Solivan-1-560x373.jpg,image/jpeg,1,20230623153929,20230623153929,20230623153929
flowersinagun.com/wp-content/uploads/2015/03/Marianne-Solivan-1.jpg,image,http://www.flowersinagun.com/wp-content/uploads/2015/03/Marianne-Solivan-1.jpg,image/jpeg,1,20151019000737,20151019000737,20151019000737
flowersinagun.com/wp-content/uploads/2015/03/Marianne-Solivan-12-1024x682.jpg,image,https://www.flowersinagun.com/wp-content/uploads/2015/03/Marianne-Solivan-12-1024x682.jpg,image/jpeg,3,20150619052152,20230624141226,20230624141226
flowersinagun.com/wp-content/uploads/2015/03/Marianne-Solivan-12-160x106.jpg,image,https://www.flowersinagun.com/wp-content/uploads/2015/03/Marianne-Solivan-12-160x106.jpg,image/jpeg,1,20230624141226,20230624141226,20230624141226
flowersinagun.com/wp-content/uploads/2015/03/Marianne-Solivan-12-260x173.jpg,image,https://www.flowersinagun.com/wp-content/uploads/2015/03/Marianne-Solivan-12-260x173.jpg,image/jpeg,1,20230624141224,20230624141224,20230624141224
flowersinagun.com/wp-content/uploads/2015/03/Marianne-Solivan-12-300x199.jpg,image,https://www.flowersinagun.com/wp-content/uploads/2015/03/Marianne-Solivan-12-300x199.jpg,image/jpeg,1,20230624141224,20230624141224,20230624141224
flowersinagun.com/wp-content/uploads/2015/03/Marianne-Solivan-12-560x373.jpg,image,https://www.flowersinagun.com/wp-content/uploads/2015/03/Marianne-Solivan-12-560x373.jpg,image/jpeg,1,20230624141226,20230624141226,20230624141226
flowersinagun.com/wp-content/uploads/2015/03/Marianne-Solivan-12.jpg,image,https://www.flowersinagun.com/wp-content/uploads/2015/03/Marianne-Solivan-12.jpg,image/jpeg,2,20151019000714,20230624141225,20230624141225
flowersinagun.com/wp-content/uploads/2015/03/Marianne-Solivan-13-1024x682.jpg,image,https://www.flowersinagun.com/wp-content/uploads/2015/03/Marianne-Solivan-13-1024x682.jpg,image/jpeg,3,20150619063955,20230624141226,20230624141226
flowersinagun.com/wp-content/uploads/2015/03/Marianne-Solivan-13-150x150.jpg,image,http://www.flowersinagun.com/wp-content/uploads/2015/03/Marianne-Solivan-13-150x150.jpg,image/jpeg,2,20150619052149,20160417131933,20160417131933
flowersinagun.com/wp-content/uploads/2015/03/Marianne-Solivan-13-160x106.jpg,image,https://www.flowersinagun.com/wp-content/uploads/2015/03/Marianne-Solivan-13-160x106.jpg,image/jpeg,2,20150619070114,20230624141225,20230624141225
flowersinagun.com/wp-content/uploads/2015/03/Marianne-Solivan-13-260x173.jpg,image,https://www.flowersinagun.com/wp-content/uploads/2015/03/Marianne-Solivan-13-260x173.jpg,image/jpeg,1,20230624141225,20230624141225,20230624141225
flowersinagun.com/wp-content/uploads/2015/03/Marianne-Solivan-13-300x199.jpg,image,https://www.flowersinagun.com/wp-content/uploads/2015/03/Marianne-Solivan-13-300x199.jpg,image/jpeg,1,20230624141226,20230624141226,20230624141226
flowersinagun.com/wp-content/uploads/2015/03/Marianne-Solivan-13-560x373.jpg,image,https://www.flowersinagun.com/wp-content/uploads/2015/03/Marianne-Solivan-13-560x373.jpg,image/jpeg,1,20230624141226,20230624141226,20230624141226
flowersinagun.com/wp-content/uploads/2015/03/Marianne-Solivan-13.jpg,image,https://www.flowersinagun.com/wp-content/uploads/2015/03/Marianne-Solivan-13.jpg,image/jpeg,2,20151019000659,20230624141226,20230624141226
flowersinagun.com/wp-content/uploads/2015/03/Marianne-Solivan-2-1024x682.jpg,image,https://www.flowersinagun.com/wp-content/uploads/2015/03/Marianne-Solivan-2-1024x682.jpg,image/jpeg,2,20150619070837,20230624141225,20230624141225
flowersinagun.com/wp-content/uploads/2015/03/Marianne-Solivan-2-160x106.jpg,image,https://www.flowersinagun.com/wp-content/uploads/2015/03/Marianne-Solivan-2-160x106.jpg,image/jpeg,1,20230624141226,20230624141226,20230624141226
flowersinagun.com/wp-content/uploads/2015/03/Marianne-Solivan-2-260x173.jpg,image,https://www.flowersinagun.com/wp-content/uploads/2015/03/Marianne-Solivan-2-260x173.jpg,image/jpeg,1,20230624141225,20230624141225,20230624141225
flowersinagun.com/wp-content/uploads/2015/03/Marianne-Solivan-2-300x199.jpg,image,https://www.flowersinagun.com/wp-content/uploads/2015/03/Marianne-Solivan-2-300x199.jpg,image/jpeg,1,20230624141226,20230624141226,20230624141226
flowersinagun.com/wp-content/uploads/2015/03/Marianne-Solivan-2-560x373.jpg,image,https://www.flowersinagun.com/wp-content/uploads/2015/03/Marianne-Solivan-2-560x373.jpg,image/jpeg,1,20230624141224,20230624141224,20230624141224
flowersinagun.com/wp-content/uploads/2015/03/Marianne-Solivan-2.jpg,image,http://www.flowersinagun.com/wp-content/uploads/2015/03/Marianne-Solivan-2.jpg,image/jpeg,1,20151018175335,20151018175335,20151018175335
flowersinagun.com/wp-content/uploads/2015/03/Marianne-Solivan-3-1024x682.jpg,image,http://www.flowersinagun.com/wp-content/uploads/2015/03/Marianne-Solivan-3-1024x682.jpg,image/jpeg,2,20150619063220,20160328103948,20160328103948
flowersinagun.com/wp-content/uploads/2015/03/Marianne-Solivan-3-160x106.jpg,image,https://www.flowersinagun.com/wp-content/uploads/2015/03/Marianne-Solivan-3-160x106.jpg,image/jpeg,1,20230624141225,20230624141225,20230624141225
flowersinagun.com/wp-content/uploads/2015/03/Marianne-Solivan-3-260x173.jpg,image,https://www.flowersinagun.com/wp-content/uploads/2015/03/Marianne-Solivan-3-260x173.jpg,image/jpeg,1,20230624141225,20230624141225,20230624141225
flowersinagun.com/wp-content/uploads/2015/03/Marianne-Solivan-3-300x199.jpg,image,https://www.flowersinagun.com/wp-content/uploads/2015/03/Marianne-Solivan-3-300x199.jpg,image/jpeg,1,20230624141224,20230624141224,20230624141224
flowersinagun.com/wp-content/uploads/2015/03/Marianne-Solivan-3-560x373.jpg,image,https://www.flowersinagun.com/wp-content/uploads/2015/03/Marianne-Solivan-3-560x373.jpg,image/jpeg,1,20230624141226,20230624141226,20230624141226
flowersinagun.com/wp-content/uploads/2015/03/Marianne-Solivan-3.jpg,image,https://www.flowersinagun.com/wp-content/uploads/2015/03/Marianne-Solivan-3.jpg,image/jpeg,2,20151018183713,20230624141225,20230624141225
flowersinagun.com/wp-content/uploads/2015/03/Marianne-Solivan-4-160x240.jpg,image,https://www.flowersinagun.com/wp-content/uploads/2015/03/Marianne-Solivan-4-160x240.jpg,image/jpeg,1,20230624141225,20230624141225,20230624141225
flowersinagun.com/wp-content/uploads/2015/03/Marianne-Solivan-4-200x300.jpg,image,https://www.flowersinagun.com/wp-content/uploads/2015/03/Marianne-Solivan-4-200x300.jpg,image/jpeg,1,20230624141225,20230624141225,20230624141225
flowersinagun.com/wp-content/uploads/2015/03/Marianne-Solivan-4-260x390.jpg,image,https://www.flowersinagun.com/wp-content/uploads/2015/03/Marianne-Solivan-4-260x390.jpg,image/jpeg,1,20230624141225,20230624141225,20230624141225
flowersinagun.com/wp-content/uploads/2015/03/Marianne-Solivan-4-560x840.jpg,image,https://www.flowersinagun.com/wp-content/uploads/2015/03/Marianne-Solivan-4-560x840.jpg,image/jpeg,1,20230624141226,20230624141226,20230624141226
flowersinagun.com/wp-content/uploads/2015/03/Marianne-Solivan-4-682x1024.jpg,image,https://www.flowersinagun.com/wp-content/uploads/2015/03/Marianne-Solivan-4-682x1024.jpg,image/jpeg,3,20150619064937,20230624141227,20230624141227
flowersinagun.com/wp-content/uploads/2015/03/Marianne-Solivan-4.jpg,image,https://www.flowersinagun.com/wp-content/uploads/2015/03/Marianne-Solivan-4.jpg,image/jpeg,2,20151019000717,20230624141226,20230624141226
flowersinagun.com/wp-content/uploads/2015/03/Marianne-Solivan-5-1024x682.jpg,image,https://www.flowersinagun.com/wp-content/uploads/2015/03/Marianne-Solivan-5-1024x682.jpg,image/jpeg,2,20150619063557,20230623153929,20230623153929
flowersinagun.com/wp-content/uploads/2015/03/Marianne-Solivan-5-160x106.jpg,image,https://www.flowersinagun.com/wp-content/uploads/2015/03/Marianne-Solivan-5-160x106.jpg,image/jpeg,1,20230623153928,20230623153928,20230623153928
flowersinagun.com/wp-content/uploads/2015/03/Marianne-Solivan-5-260x173.jpg,image,https://www.flowersinagun.com/wp-content/uploads/2015/03/Marianne-Solivan-5-260x173.jpg,image/jpeg,1,20230623153928,20230623153928,20230623153928
flowersinagun.com/wp-content/uploads/2015/03/Marianne-Solivan-5-300x199.jpg,image,https://www.flowersinagun.com/wp-content/uploads/2015/03/Marianne-Solivan-5-300x199.jpg,image/jpeg,1,20230623153930,20230623153930,20230623153930
flowersinagun.com/wp-content/uploads/2015/03/Marianne-Solivan-5-560x373.jpg,image,https://www.flowersinagun.com/wp-content/uploads/2015/03/Marianne-Solivan-5-560x373.jpg,image/jpeg,1,20230623153930,20230623153930,20230623153930
flowersinagun.com/wp-content/uploads/2015/03/Marianne-Solivan-5.jpg,image,https://www.flowersinagun.com/wp-content/uploads/2015/03/Marianne-Solivan-5.jpg,image/jpeg,2,20151019000650,20230623153928,20230623153928 20151019000650
flowersinagun.com/wp-content/uploads/2015/03/Marianne-Solivan-6-1024x682.jpg,image,https://www.flowersinagun.com/wp-content/uploads/2015/03/Marianne-Solivan-6-1024x682.jpg,image/jpeg,3,20150619085616,20230624141224,20230624141224
flowersinagun.com/wp-content/uploads/2015/03/Marianne-Solivan-6-160x106.jpg,image,https://www.flowersinagun.com/wp-content/uploads/2015/03/Marianne-Solivan-6-160x106.jpg,image/jpeg,1,20230624141225,20230624141225,20230624141225
flowersinagun.com/wp-content/uploads/2015/03/Marianne-Solivan-6-260x173.jpg,image,https://www.flowersinagun.com/wp-content/uploads/2015/03/Marianne-Solivan-6-260x173.jpg,image/jpeg,1,20230624141225,20230624141225,20230624141225
flowersinagun.com/wp-content/uploads/2015/03/Marianne-Solivan-6-300x199.jpg,image,https://www.flowersinagun.com/wp-content/uploads/2015/03/Marianne-Solivan-6-300x199.jpg,image/jpeg,1,20230624141226,20230624141226,20230624141226
flowersinagun.com/wp-content/uploads/2015/03/Marianne-Solivan-6-560x373.jpg,image,https://www.flowersinagun.com/wp-content/uploads/2015/03/Marianne-Solivan-6-560x373.jpg,image/jpeg,1,20230624141227,20230624141227,20230624141227
flowersinagun.com/wp-content/uploads/2015/03/Marianne-Solivan-6.jpg,image,https://www.flowersinagun.com/wp-content/uploads/2015/03/Marianne-Solivan-6.jpg,image/jpeg,2,20151018213158,20230624141225,20230624141225
flowersinagun.com/wp-content/uploads/2015/03/Marianne-Solivan-7-1024x682.jpg,image,https://www.flowersinagun.com/wp-content/uploads/2015/03/Marianne-Solivan-7-1024x682.jpg,image/jpeg,2,20150619054723,20230623153928,20230623153928
flowersinagun.com/wp-content/uploads/2015/03/Marianne-Solivan-7-160x106.jpg,image,https://www.flowersinagun.com/wp-content/uploads/2015/03/Marianne-Solivan-7-160x106.jpg,image/jpeg,1,20230623153928,20230623153928,20230623153928
flowersinagun.com/wp-content/uploads/2015/03/Marianne-Solivan-7-260x173.jpg,image,https://www.flowersinagun.com/wp-content/uploads/2015/03/Marianne-Solivan-7-260x173.jpg,image/jpeg,1,20230623153928,20230623153928,20230623153928
flowersinagun.com/wp-content/uploads/2015/03/Marianne-Solivan-7-300x199.jpg,image,https://www.flowersinagun.com/wp-content/uploads/2015/03/Marianne-Solivan-7-300x199.jpg,image/jpeg,1,20230623153929,20230623153929,20230623153929
flowersinagun.com/wp-content/uploads/2015/03/Marianne-Solivan-7-560x373.jpg,image,https://www.flowersinagun.com/wp-content/uploads/2015/03/Marianne-Solivan-7-560x373.jpg,image/jpeg,1,20230623153929,20230623153929,20230623153929
flowersinagun.com/wp-content/uploads/2015/03/Marianne-Solivan-7.jpg,image,https://www.flowersinagun.com/wp-content/uploads/2015/03/Marianne-Solivan-7.jpg,image/jpeg,2,20151018195949,20230623153929,20230623153929
flowersinagun.com/wp-content/uploads/2015/03/Marianne-Solivan-8-1024x682.jpg,image,https://www.flowersinagun.com/wp-content/uploads/2015/03/Marianne-Solivan-8-1024x682.jpg,image/jpeg,2,20150619060750,20230623153929,20230623153929
flowersinagun.com/wp-content/uploads/2015/03/Marianne-Solivan-8-160x106.jpg,image,https://www.flowersinagun.com/wp-content/uploads/2015/03/Marianne-Solivan-8-160x106.jpg,image/jpeg,1,20230623153929,20230623153929,20230623153929
flowersinagun.com/wp-content/uploads/2015/03/Marianne-Solivan-8-260x173.jpg,image,https://www.flowersinagun.com/wp-content/uploads/2015/03/Marianne-Solivan-8-260x173.jpg,image/jpeg,1,20230623153929,20230623153929,20230623153929
flowersinagun.com/wp-content/uploads/2015/03/Marianne-Solivan-8-300x199.jpg,image,https://www.flowersinagun.com/wp-content/uploads/2015/03/Marianne-Solivan-8-300x199.jpg,image/jpeg,1,20230623153929,20230623153929,20230623153929
flowersinagun.com/wp-content/uploads/2015/03/Marianne-Solivan-8-560x373.jpg,image,https://www.flowersinagun.com/wp-content/uploads/2015/03/Marianne-Solivan-8-560x373.jpg,image/jpeg,1,20230623153929,20230623153929,20230623153929
flowersinagun.com/wp-content/uploads/2015/03/Marianne-Solivan-8.jpg,image,https://www.flowersinagun.com/wp-content/uploads/2015/03/Marianne-Solivan-8.jpg,image/jpeg,2,20151018202522,20230623153929,20230623153929
flowersinagun.com/wp-content/uploads/2015/03/Marianne-Solivan-9-1024x682.jpg,image,https://www.flowersinagun.com/wp-content/uploads/2015/03/Marianne-Solivan-9-1024x682.jpg,image/jpeg,3,20150619071042,20230624141227,20230624141227
flowersinagun.com/wp-content/uploads/2015/03/Marianne-Solivan-9-160x106.jpg,image,https://www.flowersinagun.com/wp-content/uploads/2015/03/Marianne-Solivan-9-160x106.jpg,image/jpeg,1,20230623153929,20230623153929,20230623153929
flowersinagun.com/wp-content/uploads/2015/03/Marianne-Solivan-9-260x173.jpg,image,https://www.flowersinagun.com/wp-content/uploads/2015/03/Marianne-Solivan-9-260x173.jpg,image/jpeg,1,20230623153929,20230623153929,20230623153929
flowersinagun.com/wp-content/uploads/2015/03/Marianne-Solivan-9-300x199.jpg,image,https://www.flowersinagun.com/wp-content/uploads/2015/03/Marianne-Solivan-9-300x199.jpg,image/jpeg,1,20230623153930,20230623153930,20230623153930
flowersinagun.com/wp-content/uploads/2015/03/Marianne-Solivan-9-560x373.jpg,image,https://www.flowersinagun.com/wp-content/uploads/2015/03/Marianne-Solivan-9-560x373.jpg,image/jpeg,1,20230623153931,20230623153931,20230623153931
flowersinagun.com/wp-content/uploads/2015/03/Marianne-Solivan-9.jpg,image,https://www.flowersinagun.com/wp-content/uploads/2015/03/Marianne-Solivan-9.jpg,image/jpeg,2,20151019021237,20230623153930,20230623153930
flowersinagun.com/wp-content/uploads/2015/03/The-Stone-02-18-1-1024x682.jpg,image,http://www.flowersinagun.com/wp-content/uploads/2015/03/The-Stone-02-18-1-1024x682.jpg,image/jpeg,1,20150909095311,20150909095311,20150909095311
flowersinagun.com/wp-content/uploads/2015/03/The-Stone-02-18-1-150x150.jpg,image,https://www.flowersinagun.com/wp-content/uploads/2015/03/The-Stone-02-18-1-150x150.jpg,image/jpeg,3,20150619052941,20230607182310,20230607182310
flowersinagun.com/wp-content/uploads/2015/03/The-Stone-02-18-1-160x106.jpg,image,http://www.flowersinagun.com/wp-content/uploads/2015/03/The-Stone-02-18-1-160x106.jpg,image/jpeg,1,20150619070450,20150619070450,20150619070450
flowersinagun.com/wp-content/uploads/2015/03/The-Stone-02-18-1.jpg,image,http://www.flowersinagun.com/wp-content/uploads/2015/03/The-Stone-02-18-1.jpg,image/jpeg,1,20150926114235,20150926114235,20150926114235
flowersinagun.com/wp-content/uploads/2015/03/The-Stone-02-18-2-1024x682.jpg,image,http://www.flowersinagun.com/wp-content/uploads/2015/03/The-Stone-02-18-2-1024x682.jpg,image/jpeg,1,20150909100807,20150909100807,20150909100807
flowersinagun.com/wp-content/uploads/2015/03/The-Stone-02-18-2.jpg,image,http://www.flowersinagun.com/wp-content/uploads/2015/03/The-Stone-02-18-2.jpg,image/jpeg,1,20150926123449,20150926123449,20150926123449
flowersinagun.com/wp-content/uploads/2015/03/The-Stone-02-18-3-1024x682.jpg,image,http://www.flowersinagun.com/wp-content/uploads/2015/03/The-Stone-02-18-3-1024x682.jpg,image/jpeg,1,20150909123758,20150909123758,20150909123758
flowersinagun.com/wp-content/uploads/2015/03/The-Stone-02-18-3.jpg,image,http://www.flowersinagun.com/wp-content/uploads/2015/03/The-Stone-02-18-3.jpg,image/jpeg,1,20150926120253,20150926120253,20150926120253
flowersinagun.com/wp-content/uploads/2015/03/The-Stone-02-18-6-1024x682.jpg,image,http://www.flowersinagun.com/wp-content/uploads/2015/03/The-Stone-02-18-6-1024x682.jpg,image/jpeg,1,20150909105804,20150909105804,20150909105804
flowersinagun.com/wp-content/uploads/2015/03/The-Stone-02-18-6.jpg,image,http://www.flowersinagun.com/wp-content/uploads/2015/03/The-Stone-02-18-6.jpg,image/jpeg,1,20150926112946,20150926112946,20150926112946
flowersinagun.com/wp-content/uploads/2015/03/The-Stone-02-18-7-1024x682.jpg,image,http://www.flowersinagun.com/wp-content/uploads/2015/03/The-Stone-02-18-7-1024x682.jpg,image/jpeg,1,20150909155408,20150909155408,20150909155408
flowersinagun.com/wp-content/uploads/2015/03/The-Stone-02-18-7.jpg,image,http://www.flowersinagun.com/wp-content/uploads/2015/03/The-Stone-02-18-7.jpg,image/jpeg,1,20150926114759,20150926114759,20150926114759
flowersinagun.com/wp-content/uploads/2015/03/The-Stone-02-18-8-1024x682.jpg,image,http://www.flowersinagun.com/wp-content/uploads/2015/03/The-Stone-02-18-8-1024x682.jpg,image/jpeg,1,20150909161647,20150909161647,20150909161647
flowersinagun.com/wp-content/uploads/2015/03/The-Stone-02-18-8.jpg,image,http://www.flowersinagun.com/wp-content/uploads/2015/03/The-Stone-02-18-8.jpg,image/jpeg,1,20150926115326,20150926115326,20150926115326
flowersinagun.com/wp-content/uploads/2015/03/photo-footage-1024x610.jpg,image,https://www.flowersinagun.com/wp-content/uploads/2015/03/photo-footage-1024x610.jpg,image/jpeg,1,20230623153926,20230623153926,20230623153926
flowersinagun.com/wp-content/uploads/2015/03/photo-footage-150x150.jpg,image,http://www.flowersinagun.com/wp-content/uploads/2015/03/photo-footage-150x150.jpg,image/jpeg,1,20150619071540,20150619071540,20150619071540
flowersinagun.com/wp-content/uploads/2015/03/photo-footage-160x95.jpg,image,https://www.flowersinagun.com/wp-content/uploads/2015/03/photo-footage-160x95.jpg,image/jpeg,2,20150619054055,20230623153926,20230623153926
flowersinagun.com/wp-content/uploads/2015/03/photo-footage-260x155.jpg,image,https://www.flowersinagun.com/wp-content/uploads/2015/03/photo-footage-260x155.jpg,image/jpeg,1,20230623153926,20230623153926,20230623153926
flowersinagun.com/wp-content/uploads/2015/03/photo-footage-300x178.jpg,image,https://www.flowersinagun.com/wp-content/uploads/2015/03/photo-footage-300x178.jpg,image/jpeg,1,20230623153926,20230623153926,20230623153926
flowersinagun.com/wp-content/uploads/2015/03/photo-footage-560x334.jpg,image,https://www.flowersinagun.com/wp-content/uploads/2015/03/photo-footage-560x334.jpg,image/jpeg,1,20230623153926,20230623153926,20230623153926
flowersinagun.com/wp-content/uploads/2015/03/photo-footage.jpg,image,https://www.flowersinagun.com/wp-content/uploads/2015/03/photo-footage.jpg,image/jpeg,2,20150619005116,20230623153926,20230623153926
flowersinagun.com/wp-content/uploads/2015/04/10407896_819013564787520_177681102147259829_n-150x150.jpg,image,https://www.flowersinagun.com/wp-content/uploads/2015/04/10407896_819013564787520_177681102147259829_n-150x150.jpg,image/jpeg,3,20150619070643,20230606042939,20230606042939
flowersinagun.com/wp-content/uploads/2015/04/10407896_819013564787520_177681102147259829_n-160x160.jpg,image,https://www.flowersinagun.com/wp-content/uploads/2015/04/10407896_819013564787520_177681102147259829_n-160x160.jpg,image/jpeg,2,20150716062935,20230606042940,20230606042940
flowersinagun.com/wp-content/uploads/2015/04/10407896_819013564787520_177681102147259829_n-260x260.jpg,image,https://www.flowersinagun.com/wp-content/uploads/2015/04/10407896_819013564787520_177681102147259829_n-260x260.jpg,image/jpeg,2,20150619070759,20230606042940,20230606042940
flowersinagun.com/wp-content/uploads/2015/04/10407896_819013564787520_177681102147259829_n-300x300.jpg,image,https://www.flowersinagun.com/wp-content/uploads/2015/04/10407896_819013564787520_177681102147259829_n-300x300.jpg,image/jpeg,1,20230606042940,20230606042940,20230606042940
flowersinagun.com/wp-content/uploads/2015/04/10407896_819013564787520_177681102147259829_n-560x560.jpg,image,https://www.flowersinagun.com/wp-content/uploads/2015/04/10407896_819013564787520_177681102147259829_n-560x560.jpg,image/jpeg,1,20230606042940,20230606042940,20230606042940
flowersinagun.com/wp-content/uploads/2015/04/10407896_819013564787520_177681102147259829_n.jpg,image,https://www.flowersinagun.com/wp-content/uploads/2015/04/10407896_819013564787520_177681102147259829_n.jpg,image/jpeg,1,20230606042940,20230606042940,20230606042940
flowersinagun.com/wp-content/uploads/2015/04/10468497_805522326136644_4039287094254019831_o.jpg,image,http://www.flowersinagun.com/wp-content/uploads/2015/04/10468497_805522326136644_4039287094254019831_o.jpg,image/jpeg,1,20151021031241,20151021031241,20151021031241
flowersinagun.com/wp-content/uploads/2015/04/Album-cover.jpg,image,http://www.flowersinagun.com/wp-content/uploads/2015/04/Album-cover.jpg,image/jpeg,1,20151021091455,20151021091455,20151021091455
flowersinagun.com/wp-content/uploads/2015/04/Break-the-Silence-CD-Cover.jpg,image,http://www.flowersinagun.com/wp-content/uploads/2015/04/Break-the-Silence-CD-Cover.jpg,image/jpeg,1,20150925141357,20150925141357,20150925141357
flowersinagun.com/wp-content/uploads/2015/04/G9xkvgFoepz10kXWTRQ9OEgiE7bvpNZTe1KrCTWCeN8MkBLkfVq3bNmMeB46eWQvPBiz8euFOEnD7wGqoNqMC4.jpeg,image,http://www.flowersinagun.com/wp-content/uploads/2015/04/G9xkvgFoepz10kXWTRQ9OEgiE7bvpNZTe1KrCTWCeN8MkBLkfVq3bNmMeB46eWQvPBiz8euFOEnD7wGqoNqMC4.jpeg,image/jpeg,1,20150924044814,20150924044814,20150924044814
flowersinagun.com/wp-content/uploads/2015/04/Gustavo-de-Beauville-1.jpg,image,http://www.flowersinagun.com/wp-content/uploads/2015/04/Gustavo-de-Beauville-1.jpg,image/jpeg,1,20150927011214,20150927011214,20150927011214
flowersinagun.com/wp-content/uploads/2015/04/Promo-1.jpg,image,http://www.flowersinagun.com/wp-content/uploads/2015/04/Promo-1.jpg,image/jpeg,1,20150925132239,20150925132239,20150925132239
flowersinagun.com/wp-content/uploads/2015/04/Promo-2-150x150.jpg,image,https://www.flowersinagun.com/wp-content/uploads/2015/04/Promo-2-150x150.jpg,image/jpeg,3,20150619071526,20230606042940,20230606042940
flowersinagun.com/wp-content/uploads/2015/04/Promo-2-160x106.jpg,image,http://www.flowersinagun.com/wp-content/uploads/2015/04/Promo-2-160x106.jpg,image/jpeg,1,20150619062410,20150619062410,20150619062410
flowersinagun.com/wp-content/uploads/2015/04/Promo-2.jpg,image,http://www.flowersinagun.com/wp-content/uploads/2015/04/Promo-2.jpg,image/jpeg,1,20150925141939,20150925141939,20150925141939
flowersinagun.com/wp-content/uploads/2015/04/Revolt-Single-Cover.jpg,image,http://www.flowersinagun.com/wp-content/uploads/2015/04/Revolt-Single-Cover.jpg,image/jpeg,1,20150927000331,20150927000331,20150927000331
flowersinagun.com/wp-content/uploads/2015/04/The-Unravelling-6-150x150.jpg,image,https://www.flowersinagun.com/wp-content/uploads/2015/04/The-Unravelling-6-150x150.jpg,image/jpeg,2,20150619044303,20230606042940,20230606042940
flowersinagun.com/wp-content/uploads/2015/04/The-Unravelling-6-160x246.jpg,image,http://www.flowersinagun.com/wp-content/uploads/2015/04/The-Unravelling-6-160x246.jpg,image/jpeg,1,20150619064605,20150619064605,20150619064605
flowersinagun.com/wp-content/uploads/2015/04/The-Unravelling-6.jpg,image,http://www.flowersinagun.com/wp-content/uploads/2015/04/The-Unravelling-6.jpg,image/jpeg,1,20150927004455,20150927004455,20150927004455
flowersinagun.com/wp-content/uploads/2015/04/ian3-150x150.jpg,image,https://www.flowersinagun.com/wp-content/uploads/2015/04/ian3-150x150.jpg,image/jpeg,2,20150619051602,20230607064201,20230607064201
flowersinagun.com/wp-content/uploads/2015/04/ian3-160x166.jpg,image,https://www.flowersinagun.com/wp-content/uploads/2015/04/ian3-160x166.jpg,image/jpeg,2,20150619070132,20230804075729,20230804075729
flowersinagun.com/wp-content/uploads/2015/04/ian3-260x271.jpg,image,https://www.flowersinagun.com/wp-content/uploads/2015/04/ian3-260x271.jpg,image/jpeg,1,20230804075729,20230804075729,20230804075729
flowersinagun.com/wp-content/uploads/2015/04/ian3-287x300.jpg,image,https://www.flowersinagun.com/wp-content/uploads/2015/04/ian3-287x300.jpg,image/jpeg,1,20230804075729,20230804075729,20230804075729
flowersinagun.com/wp-content/uploads/2015/04/ian3.jpg,image,https://www.flowersinagun.com/wp-content/uploads/2015/04/ian3.jpg,image/jpeg,2,20150923224201,20230804075729,20230804075729
flowersinagun.com/wp-content/uploads/2015/04/ibV6wKpLs_wmI4HWTS6D_rfuAClf6o4VJP8JuviNjbM6Dww1BtfBOULSsviLIBWz-fR4tV7dPejRY3ElRqUu9k-150x150.jpeg,image,https://www.flowersinagun.com/wp-content/uploads/2015/04/ibV6wKpLs_wmI4HWTS6D_rfuAClf6o4VJP8JuviNjbM6Dww1BtfBOULSsviLIBWz-fR4tV7dPejRY3ElRqUu9k-150x150.jpeg,image/jpeg,2,20150619054433,20230607064201,20230607064201
flowersinagun.com/wp-content/uploads/2015/04/ibV6wKpLs_wmI4HWTS6D_rfuAClf6o4VJP8JuviNjbM6Dww1BtfBOULSsviLIBWz-fR4tV7dPejRY3ElRqUu9k-160x189.jpeg,image,http://www.flowersinagun.com/wp-content/uploads/2015/04/ibV6wKpLs_wmI4HWTS6D_rfuAClf6o4VJP8JuviNjbM6Dww1BtfBOULSsviLIBWz-fR4tV7dPejRY3ElRqUu9k-160x189.jpeg,image/jpeg,1,20150619052334,20150619052334,20150619052334
flowersinagun.com/wp-content/uploads/2015/04/ibV6wKpLs_wmI4HWTS6D_rfuAClf6o4VJP8JuviNjbM6Dww1BtfBOULSsviLIBWz-fR4tV7dPejRY3ElRqUu9k.jpeg,image,http://www.flowersinagun.com/wp-content/uploads/2015/04/ibV6wKpLs_wmI4HWTS6D_rfuAClf6o4VJP8JuviNjbM6Dww1BtfBOULSsviLIBWz-fR4tV7dPejRY3ElRqUu9k.jpeg,image/jpeg,1,20150924002142,20150924002142,20150924002142
flowersinagun.com/wp-content/uploads/2015/04/j4WHqSz9qzJWpF4DvGZmLmlF3Y63ohqwy3S6SyeEG7IbLPU3wUfc2mll5HA5bXIwj-85rFrkjB-KfB4Su-dFQADSw6EMnXbf6-Xum3yX9MZyO-gWVLSTasb5GArsIhkmw.jpeg,image,http://www.flowersinagun.com/wp-content/uploads/2015/04/j4WHqSz9qzJWpF4DvGZmLmlF3Y63ohqwy3S6SyeEG7IbLPU3wUfc2mll5HA5bXIwj-85rFrkjB-KfB4Su-dFQADSw6EMnXbf6-Xum3yX9MZyO-gWVLSTasb5GArsIhkmw.jpeg,image/jpeg,1,20150923224916,20150923224916,20150923224916
flowersinagun.com/wp-content/uploads/2015/04/the_great_game-150x150.jpg,image,https://www.flowersinagun.com/wp-content/uploads/2015/04/the_great_game-150x150.jpg,image/jpeg,2,20150619043928,20230607064201,20230607064201
flowersinagun.com/wp-content/uploads/2015/04/the_great_game-160x173.jpg,image,https://www.flowersinagun.com/wp-content/uploads/2015/04/the_great_game-160x173.jpg,image/jpeg,2,20150619063840,20230804075730,20230804075730
flowersinagun.com/wp-content/uploads/2015/04/the_great_game-260x282.jpg,image,https://www.flowersinagun.com/wp-content/uploads/2015/04/the_great_game-260x282.jpg,image/jpeg,1,20230804075730,20230804075730,20230804075730
flowersinagun.com/wp-content/uploads/2015/04/the_great_game-276x300.jpg,image,https://www.flowersinagun.com/wp-content/uploads/2015/04/the_great_game-276x300.jpg,image/jpeg,1,20230804075731,20230804075731,20230804075731
flowersinagun.com/wp-content/uploads/2015/04/the_great_game-560x607.jpg,image,https://www.flowersinagun.com/wp-content/uploads/2015/04/the_great_game-560x607.jpg,image/jpeg,1,20230804075730,20230804075730,20230804075730
flowersinagun.com/wp-content/uploads/2015/04/the_great_game-943x1024.jpg,image,https://www.flowersinagun.com/wp-content/uploads/2015/04/the_great_game-943x1024.jpg,image/jpeg,1,20230804075730,20230804075730,20230804075730
flowersinagun.com/wp-content/uploads/2015/04/the_great_game.jpg,image,http://www.flowersinagun.com/wp-content/uploads/2015/04/the_great_game.jpg,image/jpeg,1,20150925072825,20150925072825,20150925072825
flowersinagun.com/wp-content/uploads/2015/04/untitled-1-1024x682.jpg,image,https://www.flowersinagun.com/wp-content/uploads/2015/04/untitled-1-1024x682.jpg,image/jpeg,2,20150907041044,20230804075731,20230804075731
flowersinagun.com/wp-content/uploads/2015/04/untitled-1-160x106.jpg,image,https://www.flowersinagun.com/wp-content/uploads/2015/04/untitled-1-160x106.jpg,image/jpeg,1,20230804075731,20230804075731,20230804075731
flowersinagun.com/wp-content/uploads/2015/04/untitled-1-260x173.jpg,image,https://www.flowersinagun.com/wp-content/uploads/2015/04/untitled-1-260x173.jpg,image/jpeg,1,20230804075731,20230804075731,20230804075731
flowersinagun.com/wp-content/uploads/2015/04/untitled-1-300x199.jpg,image,https://www.flowersinagun.com/wp-content/uploads/2015/04/untitled-1-300x199.jpg,image/jpeg,1,20230804075731,20230804075731,20230804075731
flowersinagun.com/wp-content/uploads/2015/04/untitled-1-560x373.jpg,image,https://www.flowersinagun.com/wp-content/uploads/2015/04/untitled-1-560x373.jpg,image/jpeg,1,20230804075730,20230804075730,20230804075730
flowersinagun.com/wp-content/uploads/2015/04/untitled-1.jpg,image,https://www.flowersinagun.com/wp-content/uploads/2015/04/untitled-1.jpg,image/jpeg,2,20150922190031,20230804075731,20230804075731
flowersinagun.com/wp-content/uploads/2015/04/untitled-2-160x240.jpg,image,https://www.flowersinagun.com/wp-content/uploads/2015/04/untitled-2-160x240.jpg,image/jpeg,1,20230804075731,20230804075731,20230804075731
flowersinagun.com/wp-content/uploads/2015/04/untitled-2-200x300.jpg,image,https://www.flowersinagun.com/wp-content/uploads/2015/04/untitled-2-200x300.jpg,image/jpeg,1,20230804075731,20230804075731,20230804075731
flowersinagun.com/wp-content/uploads/2015/04/untitled-2-260x390.jpg,image,https://www.flowersinagun.com/wp-content/uploads/2015/04/untitled-2-260x390.jpg,image/jpeg,1,20230804075731,20230804075731,20230804075731
flowersinagun.com/wp-content/uploads/2015/04/untitled-2-560x840.jpg,image,https://www.flowersinagun.com/wp-content/uploads/2015/04/untitled-2-560x840.jpg,image/jpeg,1,20230804075731,20230804075731,20230804075731
flowersinagun.com/wp-content/uploads/2015/04/untitled-2-682x1024.jpg,image,https://www.flowersinagun.com/wp-content/uploads/2015/04/untitled-2-682x1024.jpg,image/jpeg,3,20150907041916,20230804075730,20230804075730
flowersinagun.com/wp-content/uploads/2015/04/untitled-2.jpg,image,https://www.flowersinagun.com/wp-content/uploads/2015/04/untitled-2.jpg,image/jpeg,2,20150922190946,20230804075731,20230804075731
flowersinagun.com/wp-content/uploads/2015/04/untitled-4-1024x682.jpg,image,https://www.flowersinagun.com/wp-content/uploads/2015/04/untitled-4-1024x682.jpg,image/jpeg,2,20150907093831,20230804075730,20230804075730
flowersinagun.com/wp-content/uploads/2015/04/untitled-4-160x106.jpg,image,https://www.flowersinagun.com/wp-content/uploads/2015/04/untitled-4-160x106.jpg,image/jpeg,1,20230804075730,20230804075730,20230804075730
flowersinagun.com/wp-content/uploads/2015/04/untitled-4-260x173.jpg,image,https://www.flowersinagun.com/wp-content/uploads/2015/04/untitled-4-260x173.jpg,image/jpeg,1,20230804075730,20230804075730,20230804075730
flowersinagun.com/wp-content/uploads/2015/04/untitled-4-300x199.jpg,image,https://www.flowersinagun.com/wp-content/uploads/2015/04/untitled-4-300x199.jpg,image/jpeg,1,20230804075730,20230804075730,20230804075730
flowersinagun.com/wp-content/uploads/2015/04/untitled-4-560x373.jpg,image,https://www.flowersinagun.com/wp-content/uploads/2015/04/untitled-4-560x373.jpg,image/jpeg,1,20230804075729,20230804075729,20230804075729
flowersinagun.com/wp-content/uploads/2015/04/untitled-4.jpg,image,https://www.flowersinagun.com/wp-content/uploads/2015/04/untitled-4.jpg,image/jpeg,2,20150922194312,20230804075730,20230804075730
flowersinagun.com/wp-content/uploads/2015/04/untitled-5-160x240.jpg,image,https://www.flowersinagun.com/wp-content/uploads/2015/04/untitled-5-160x240.jpg,image/jpeg,1,20230804093217,20230804093217,20230804093217
flowersinagun.com/wp-content/uploads/2015/04/untitled-5-200x300.jpg,image,https://www.flowersinagun.com/wp-content/uploads/2015/04/untitled-5-200x300.jpg,image/jpeg,1,20230804075732,20230804075732,20230804075732
flowersinagun.com/wp-content/uploads/2015/04/untitled-5-260x390.jpg,image,https://www.flowersinagun.com/wp-content/uploads/2015/04/untitled-5-260x390.jpg,image/jpeg,1,20230804075732,20230804075732,20230804075732
flowersinagun.com/wp-content/uploads/2015/04/untitled-5-560x840.jpg,image,https://www.flowersinagun.com/wp-content/uploads/2015/04/untitled-5-560x840.jpg,image/jpeg,1,20230804075732,20230804075732,20230804075732
flowersinagun.com/wp-content/uploads/2015/04/untitled-5-682x1024.jpg,image,https://www.flowersinagun.com/wp-content/uploads/2015/04/untitled-5-682x1024.jpg,image/jpeg,2,20150907041707,20230804075731,20230804075731
flowersinagun.com/wp-content/uploads/2015/04/untitled-5.jpg,image,https://www.flowersinagun.com/wp-content/uploads/2015/04/untitled-5.jpg,image/jpeg,2,20150922191452,20230804093217,20230804093217
flowersinagun.com/wp-content/uploads/2015/04/untitled-6-1024x682.jpg,image,https://www.flowersinagun.com/wp-content/uploads/2015/04/untitled-6-1024x682.jpg,image/jpeg,2,20150907041354,20230805190244,20230805190244
flowersinagun.com/wp-content/uploads/2015/04/untitled-6-160x106.jpg,image,https://www.flowersinagun.com/wp-content/uploads/2015/04/untitled-6-160x106.jpg,image/jpeg,1,20230805190244,20230805190244,20230805190244
flowersinagun.com/wp-content/uploads/2015/04/untitled-6-260x173.jpg,image,https://www.flowersinagun.com/wp-content/uploads/2015/04/untitled-6-260x173.jpg,image/jpeg,1,20230805190245,20230805190245,20230805190245
flowersinagun.com/wp-content/uploads/2015/04/untitled-6-300x199.jpg,image,https://www.flowersinagun.com/wp-content/uploads/2015/04/untitled-6-300x199.jpg,image/jpeg,1,20230805190245,20230805190245,20230805190245
flowersinagun.com/wp-content/uploads/2015/04/untitled-6-560x373.jpg,image,https://www.flowersinagun.com/wp-content/uploads/2015/04/untitled-6-560x373.jpg,image/jpeg,1,20230805190244,20230805190244,20230805190244
flowersinagun.com/wp-content/uploads/2015/04/untitled-6.jpg,image,https://www.flowersinagun.com/wp-content/uploads/2015/04/untitled-6.jpg,image/jpeg,2,20150922184535,20230804075732,20230804075732
flowersinagun.com/wp-content/uploads/2015/04/untitled-7-1024x669.jpg,image,https://www.flowersinagun.com/wp-content/uploads/2015/04/untitled-7-1024x669.jpg,image/jpeg,2,20150907041504,20230804075731,20230804075731
flowersinagun.com/wp-content/uploads/2015/04/untitled-7-160x104.jpg,image,https://www.flowersinagun.com/wp-content/uploads/2015/04/untitled-7-160x104.jpg,image/jpeg,1,20230804075733,20230804075733,20230804075733
flowersinagun.com/wp-content/uploads/2015/04/untitled-7-260x170.jpg,image,https://www.flowersinagun.com/wp-content/uploads/2015/04/untitled-7-260x170.jpg,image/jpeg,1,20230804075730,20230804075730,20230804075730
flowersinagun.com/wp-content/uploads/2015/04/untitled-7-300x196.jpg,image,https://www.flowersinagun.com/wp-content/uploads/2015/04/untitled-7-300x196.jpg,image/jpeg,1,20230804075731,20230804075731,20230804075731
flowersinagun.com/wp-content/uploads/2015/04/untitled-7-560x366.jpg,image,https://www.flowersinagun.com/wp-content/uploads/2015/04/untitled-7-560x366.jpg,image/jpeg,1,20230804075732,20230804075732,20230804075732
flowersinagun.com/wp-content/uploads/2015/04/untitled-7.jpg,image,https://www.flowersinagun.com/wp-content/uploads/2015/04/untitled-7.jpg,image/jpeg,2,20150922182804,20230805190244,20230805190244
flowersinagun.com/wp-content/uploads/2015/04/untitled-8-1024x682.jpg,image,https://www.flowersinagun.com/wp-content/uploads/2015/04/untitled-8-1024x682.jpg,image/jpeg,2,20150907093856,20230804075732,20230804075732
flowersinagun.com/wp-content/uploads/2015/04/untitled-8-150x150.jpg,image,https://www.flowersinagun.com/wp-content/uploads/2015/04/untitled-8-150x150.jpg,image/jpeg,3,20150619051445,20230605051153,20230605051153
flowersinagun.com/wp-content/uploads/2015/04/untitled-8-160x106.jpg,image,https://www.flowersinagun.com/wp-content/uploads/2015/04/untitled-8-160x106.jpg,image/jpeg,2,20150619065921,20230804075730,20230804075730
flowersinagun.com/wp-content/uploads/2015/04/untitled-8-260x173.jpg,image,https://www.flowersinagun.com/wp-content/uploads/2015/04/untitled-8-260x173.jpg,image/jpeg,1,20230804075730,20230804075730,20230804075730
flowersinagun.com/wp-content/uploads/2015/04/untitled-8-300x199.jpg,image,https://www.flowersinagun.com/wp-content/uploads/2015/04/untitled-8-300x199.jpg,image/jpeg,1,20230804075731,20230804075731,20230804075731
flowersinagun.com/wp-content/uploads/2015/04/untitled-8-560x373.jpg,image,https://www.flowersinagun.com/wp-content/uploads/2015/04/untitled-8-560x373.jpg,image/jpeg,1,20230804075730,20230804075730,20230804075730
flowersinagun.com/wp-content/uploads/2015/04/untitled-8.jpg,image,https://www.flowersinagun.com/wp-content/uploads/2015/04/untitled-8.jpg,image/jpeg,2,20150922183633,20230804075730,20230804075730
flowersinagun.com/wp-content/uploads/2015/04/untitled-9-1024x682.jpg,image,https://www.flowersinagun.com/wp-content/uploads/2015/04/untitled-9-1024x682.jpg,image/jpeg,2,20150907093804,20230804093218,20230804093218
flowersinagun.com/wp-content/uploads/2015/04/untitled-9-160x106.jpg,image,https://www.flowersinagun.com/wp-content/uploads/2015/04/untitled-9-160x106.jpg,image/jpeg,1,20230804093217,20230804093217,20230804093217
flowersinagun.com/wp-content/uploads/2015/04/untitled-9-260x173.jpg,image,https://www.flowersinagun.com/wp-content/uploads/2015/04/untitled-9-260x173.jpg,image/jpeg,1,20230804093218,20230804093218,20230804093218
flowersinagun.com/wp-content/uploads/2015/04/untitled-9-300x199.jpg,image,https://www.flowersinagun.com/wp-content/uploads/2015/04/untitled-9-300x199.jpg,image/jpeg,1,20230804093218,20230804093218,20230804093218
flowersinagun.com/wp-content/uploads/2015/04/untitled-9-560x373.jpg,image,https://www.flowersinagun.com/wp-content/uploads/2015/04/untitled-9-560x373.jpg,image/jpeg,1,20230804093218,20230804093218,20230804093218
flowersinagun.com/wp-content/uploads/2015/04/untitled-9.jpg,image,https://www.flowersinagun.com/wp-content/uploads/2015/04/untitled-9.jpg,image/jpeg,2,20150922185942,20230804093217,20230804093217
flowersinagun.com/wp-content/uploads/2015/05/Vijay-Iyer-1-2-1024x682.jpg,image,http://www.flowersinagun.com/wp-content/uploads/2015/05/Vijay-Iyer-1-2-1024x682.jpg,image/jpeg,1,20150922034357,20150922034357,20150922034357
flowersinagun.com/wp-content/uploads/2015/05/Vijay-Iyer-1-2.jpg,image,http://www.flowersinagun.com/wp-content/uploads/2015/05/Vijay-Iyer-1-2.jpg,image/jpeg,1,20151203010400,20151203010400,20151203010400
flowersinagun.com/wp-content/uploads/2015/05/Vijay-Iyer-2-1024x682.jpg,image,http://www.flowersinagun.com/wp-content/uploads/2015/05/Vijay-Iyer-2-1024x682.jpg,image/jpeg,1,20150922035919,20150922035919,20150922035919
flowersinagun.com/wp-content/uploads/2015/05/Vijay-Iyer-2.jpg,image,https://www.flowersinagun.com/wp-content/uploads/2015/05/Vijay-Iyer-2.jpg,image/jpeg,2,20151203010325,20231115173816,20231115173816
flowersinagun.com/wp-content/uploads/2015/05/Vijay-Iyer-3-1024x682.jpg,image,http://www.flowersinagun.com/wp-content/uploads/2015/05/Vijay-Iyer-3-1024x682.jpg,image/jpeg,1,20150922031825,20150922031825,20150922031825
flowersinagun.com/wp-content/uploads/2015/05/Vijay-Iyer-3.jpg,image,http://www.flowersinagun.com/wp-content/uploads/2015/05/Vijay-Iyer-3.jpg,image/jpeg,1,20151203004607,20151203004607,20151203004607
flowersinagun.com/wp-content/uploads/2015/05/Vijay-Iyer-4-150x150.jpg,image,https://www.flowersinagun.com/wp-content/uploads/2015/05/Vijay-Iyer-4-150x150.jpg,image/jpeg,3,20150619070802,20230605051153,20230605051153
flowersinagun.com/wp-content/uploads/2015/05/Vijay-Iyer-4-160x106.jpg,image,http://www.flowersinagun.com/wp-content/uploads/2015/05/Vijay-Iyer-4-160x106.jpg,image/jpeg,1,20150716082310,20150716082310,20150716082310
flowersinagun.com/wp-content/uploads/2015/05/Vijay-Iyer-4-260x173.jpg,image,http://www.flowersinagun.com/wp-content/uploads/2015/05/Vijay-Iyer-4-260x173.jpg,image/jpeg,1,20150619052051,20150619052051,20150619052051
flowersinagun.com/wp-content/uploads/2015/05/Vijay-Iyer-4.jpg,image,http://www.flowersinagun.com/wp-content/uploads/2015/05/Vijay-Iyer-4.jpg,image/jpeg,1,20151202234532,20151202234532,20151202234532
flowersinagun.com/wp-content/uploads/2015/06/11180609_844000045647922_3423018817070525258_n-150x150.jpg,image,http://www.flowersinagun.com/wp-content/uploads/2015/06/11180609_844000045647922_3423018817070525258_n-150x150.jpg,image/jpeg,2,20150716012938,20160417204605,20160417204605
flowersinagun.com/wp-content/uploads/2015/06/11180609_844000045647922_3423018817070525258_n-160x160.jpg,image,https://www.flowersinagun.com/wp-content/uploads/2015/06/11180609_844000045647922_3423018817070525258_n-160x160.jpg,image/jpeg,2,20150716061533,20230605072258,20230605072258
flowersinagun.com/wp-content/uploads/2015/06/11180609_844000045647922_3423018817070525258_n-260x260.jpg,image,https://www.flowersinagun.com/wp-content/uploads/2015/06/11180609_844000045647922_3423018817070525258_n-260x260.jpg,image/jpeg,1,20230605072258,20230605072258,20230605072258
flowersinagun.com/wp-content/uploads/2015/06/11180609_844000045647922_3423018817070525258_n-300x300.jpg,image,https://www.flowersinagun.com/wp-content/uploads/2015/06/11180609_844000045647922_3423018817070525258_n-300x300.jpg,image/jpeg,1,20230605072258,20230605072258,20230605072258
flowersinagun.com/wp-content/uploads/2015/06/11180609_844000045647922_3423018817070525258_n-560x560.jpg,image,https://www.flowersinagun.com/wp-content/uploads/2015/06/11180609_844000045647922_3423018817070525258_n-560x560.jpg,image/jpeg,1,20230605072259,20230605072259,20230605072259
flowersinagun.com/wp-content/uploads/2015/06/11180609_844000045647922_3423018817070525258_n.jpg,image,https://www.flowersinagun.com/wp-content/uploads/2015/06/11180609_844000045647922_3423018817070525258_n.jpg,image/jpeg,1,20230606052949,20230606052949,20230606052949
flowersinagun.com/wp-content/uploads/2015/06/IMG_00231-150x150.jpg,image,https://www.flowersinagun.com/wp-content/uploads/2015/06/IMG_00231-150x150.jpg,image/jpeg,3,20150619054526,20230606052949,20230606052949
flowersinagun.com/wp-content/uploads/2015/06/IMG_00231-160x106.jpg,image,http://www.flowersinagun.com/wp-content/uploads/2015/06/IMG_00231-160x106.jpg,image/jpeg,1,20150716063821,20150716063821,20150716063821
flowersinagun.com/wp-content/uploads/2015/06/IMG_00231-560x373.jpg,image,http://www.flowersinagun.com/wp-content/uploads/2015/06/IMG_00231-560x373.jpg,image/jpeg,1,20150619045616,20150619045616,20150619045616
flowersinagun.com/wp-content/uploads/2015/06/untitled-3-150x150.jpg,image,https://www.flowersinagun.com/wp-content/uploads/2015/06/untitled-3-150x150.jpg,image/jpeg,3,20150716023908,20230605051153,20230605051153
flowersinagun.com/wp-content/uploads/2015/06/untitled-3-260x173.jpg,image,http://www.flowersinagun.com/wp-content/uploads/2015/06/untitled-3-260x173.jpg,image/jpeg,1,20150716072814,20150716072814,20150716072814
flowersinagun.com/wp-content/uploads/2015/07/Farrah-Burns-8-150x150.jpg,image,https://www.flowersinagun.com/wp-content/uploads/2015/07/Farrah-Burns-8-150x150.jpg,image/jpeg,3,20150716011000,20230605060122,20230605060122
flowersinagun.com/wp-content/uploads/2015/07/Farrah-Burns-8-160x106.jpg,image,http://www.flowersinagun.com/wp-content/uploads/2015/07/Farrah-Burns-8-160x106.jpg,image/jpeg,1,20150929083703,20150929083703,20150929083703
flowersinagun.com/wp-content/uploads/2015/07/Farrah-Burns-8-260x173.jpg,image,http://www.flowersinagun.com/wp-content/uploads/2015/07/Farrah-Burns-8-260x173.jpg,image/jpeg,1,20150716101637,20150716101637,20150716101637
flowersinagun.com/wp-content/uploads/2015/07/IMG_0036-150x150.jpg,image,https://www.flowersinagun.com/wp-content/uploads/2015/07/IMG_0036-150x150.jpg,image/jpeg,2,20150929114442,20230605060121,20230605060121
flowersinagun.com/wp-content/uploads/2015/07/IMG_0036-160x106.jpg,image,http://www.flowersinagun.com/wp-content/uploads/2015/07/IMG_0036-160x106.jpg,image/jpeg,1,20150929084432,20150929084432,20150929084432
flowersinagun.com/wp-content/uploads/2015/07/unnamed-4-150x150.jpg,image,https://www.flowersinagun.com/wp-content/uploads/2015/07/unnamed-4-150x150.jpg,image/jpeg,3,20150716014636,20230605060122,20230605060122
flowersinagun.com/wp-content/uploads/2015/07/unnamed-4-160x239.jpg,image,http://www.flowersinagun.com/wp-content/uploads/2015/07/unnamed-4-160x239.jpg,image/jpeg,1,20150929083745,20150929083745,20150929083745
flowersinagun.com/wp-content/uploads/2015/07/unnamed-4.jpg,image,http://www.flowersinagun.com/wp-content/uploads/2015/07/unnamed-4.jpg,image/jpeg,1,20150716070311,20150716070311,20150716070311
flowersinagun.com/wp-content/uploads/2015/08/10308267_1573325712953501_6405600779301898192_n-150x150.jpg,image,https://www.flowersinagun.com/wp-content/uploads/2015/08/10308267_1573325712953501_6405600779301898192_n-150x150.jpg,image/jpeg,3,20150930053836,20230608093535,20230608093535
flowersinagun.com/wp-content/uploads/2015/08/10308267_1573325712953501_6405600779301898192_n-160x160.jpg,image,https://www.flowersinagun.com/wp-content/uploads/2015/08/10308267_1573325712953501_6405600779301898192_n-160x160.jpg,image/jpeg,1,20230607230124,20230607230124,20230607230124
flowersinagun.com/wp-content/uploads/2015/08/10308267_1573325712953501_6405600779301898192_n-260x260.jpg,image,https://www.flowersinagun.com/wp-content/uploads/2015/08/10308267_1573325712953501_6405600779301898192_n-260x260.jpg,image/jpeg,1,20230607230124,20230607230124,20230607230124
flowersinagun.com/wp-content/uploads/2015/08/10308267_1573325712953501_6405600779301898192_n-300x300.jpg,image,https://www.flowersinagun.com/wp-content/uploads/2015/08/10308267_1573325712953501_6405600779301898192_n-300x300.jpg,image/jpeg,1,20230608093535,20230608093535,20230608093535
flowersinagun.com/wp-content/uploads/2015/08/10308267_1573325712953501_6405600779301898192_n-560x560.jpg,image,https://www.flowersinagun.com/wp-content/uploads/2015/08/10308267_1573325712953501_6405600779301898192_n-560x560.jpg,image/jpeg,1,20230607195506,20230607195506,20230607195506
flowersinagun.com/wp-content/uploads/2015/08/10308267_1573325712953501_6405600779301898192_n.jpg,image,https://www.flowersinagun.com/wp-content/uploads/2015/08/10308267_1573325712953501_6405600779301898192_n.jpg,image/jpeg,1,20230607230124,20230607230124,20230607230124
flowersinagun.com/wp-content/uploads/2015/08/IMG_5072-150x150.jpg,image,https://www.flowersinagun.com/wp-content/uploads/2015/08/IMG_5072-150x150.jpg,image/jpeg,3,20150930050946,20230607195506,20230607195506
flowersinagun.com/wp-content/uploads/2015/08/IMG_5072-160x106.jpg,image,http://www.flowersinagun.com/wp-content/uploads/2015/08/IMG_5072-160x106.jpg,image/jpeg,1,20150929083224,20150929083224,20150929083224
flowersinagun.com/wp-content/uploads/2015/08/IMG_5229-150x150.jpg,image,https://www.flowersinagun.com/wp-content/uploads/2015/08/IMG_5229-150x150.jpg,image/jpeg,3,20150929083839,20230607195506,20230607195506
flowersinagun.com/wp-content/uploads/2015/08/IMG_5229-260x173.jpg,image,http://www.flowersinagun.com/wp-content/uploads/2015/08/IMG_5229-260x173.jpg,image/jpeg,1,20150929083830,20150929083830,20150929083830
flowersinagun.com/wp-content/uploads/2015/08/Santa-Semeli-7-150x150.jpg,image,http://www.flowersinagun.com/wp-content/uploads/2015/08/Santa-Semeli-7-150x150.jpg,image/jpeg,2,20150929083736,20160417070412,20160417070412
flowersinagun.com/wp-content/uploads/2015/08/Santa-Semeli-7-160x106.jpg,image,http://www.flowersinagun.com/wp-content/uploads/2015/08/Santa-Semeli-7-160x106.jpg,image/jpeg,1,20150930055330,20150930055330,20150930055330
flowersinagun.com/wp-content/uploads/2015/08/Sister-1-150x150.jpg,image,http://www.flowersinagun.com/wp-content/uploads/2015/08/Sister-1-150x150.jpg,image/jpeg,2,20150929084518,20160417080602,20160417080602
flowersinagun.com/wp-content/uploads/2015/08/Sister-1-160x106.jpg,image,http://www.flowersinagun.com/wp-content/uploads/2015/08/Sister-1-160x106.jpg,image/jpeg,1,20150929083738,20150929083738,20150929083738
flowersinagun.com/wp-content/uploads/2015/08/Vowws-5-150x150.jpg,image,https://www.flowersinagun.com/wp-content/uploads/2015/08/Vowws-5-150x150.jpg,image/jpeg,3,20150929114513,20230605051143,20230605051143
flowersinagun.com/wp-content/uploads/2015/10/IMG_8915-150x150.jpg,image,https://www.flowersinagun.com/wp-content/uploads/2015/10/IMG_8915-150x150.jpg,image/jpeg,2,20160417185317,20230606041513,20230606041513
flowersinagun.com/wp-content/uploads/2015/11/12201030_10204338444484618_924376874_n-150x150.jpg,image,https://www.flowersinagun.com/wp-content/uploads/2015/11/12201030_10204338444484618_924376874_n-150x150.jpg,image/jpeg,2,20160417065327,20230605133844,20230605133844
flowersinagun.com/wp-content/uploads/2015/11/12242188_10154119502024879_763873612_n-150x150.jpg,image,https://www.flowersinagun.com/wp-content/uploads/2015/11/12242188_10154119502024879_763873612_n-150x150.jpg,image/jpeg,2,20160417072934,20230605133846,20230605133846
flowersinagun.com/wp-content/uploads/2015/11/IMG_9396-150x150.jpg,image,https://www.flowersinagun.com/wp-content/uploads/2015/11/IMG_9396-150x150.jpg,image/jpeg,2,20160417072234,20230605133843,20230605133843
flowersinagun.com/wp-content/uploads/2015/11/IMG_9472-150x150.jpg,image,https://www.flowersinagun.com/wp-content/uploads/2015/11/IMG_9472-150x150.jpg,image/jpeg,2,20160417072926,20230605064554,20230605064554
flowersinagun.com/wp-content/uploads/2015/11/lgXb8jOZSyXtXRlfazvCoXe7zb2-Nk0tFoXy6GPXMa4-150x150.jpeg,image,https://www.flowersinagun.com/wp-content/uploads/2015/11/lgXb8jOZSyXtXRlfazvCoXe7zb2-Nk0tFoXy6GPXMa4-150x150.jpeg,image/jpeg,2,20160417064015,20230605133846,20230605133846
flowersinagun.com/wp-content/uploads/2015/11/lgXb8jOZSyXtXRlfazvCoXe7zb2-Nk0tFoXy6GPXMa4-160x160.jpeg,image,https://www.flowersinagun.com/wp-content/uploads/2015/11/lgXb8jOZSyXtXRlfazvCoXe7zb2-Nk0tFoXy6GPXMa4-160x160.jpeg,image/jpeg,1,20230607223341,20230607223341,20230607223341
flowersinagun.com/wp-content/uploads/2015/11/lgXb8jOZSyXtXRlfazvCoXe7zb2-Nk0tFoXy6GPXMa4-260x260.jpeg,image,https://www.flowersinagun.com/wp-content/uploads/2015/11/lgXb8jOZSyXtXRlfazvCoXe7zb2-Nk0tFoXy6GPXMa4-260x260.jpeg,image/jpeg,1,20230607223341,20230607223341,20230607223341
flowersinagun.com/wp-content/uploads/2015/11/lgXb8jOZSyXtXRlfazvCoXe7zb2-Nk0tFoXy6GPXMa4-300x300.jpeg,image,https://www.flowersinagun.com/wp-content/uploads/2015/11/lgXb8jOZSyXtXRlfazvCoXe7zb2-Nk0tFoXy6GPXMa4-300x300.jpeg,image/jpeg,1,20230607223341,20230607223341,20230607223341
flowersinagun.com/wp-content/uploads/2015/11/lgXb8jOZSyXtXRlfazvCoXe7zb2-Nk0tFoXy6GPXMa4-560x560.jpeg,image,https://www.flowersinagun.com/wp-content/uploads/2015/11/lgXb8jOZSyXtXRlfazvCoXe7zb2-Nk0tFoXy6GPXMa4-560x560.jpeg,image/jpeg,1,20230607223341,20230607223341,20230607223341
flowersinagun.com/wp-content/uploads/2015/11/lgXb8jOZSyXtXRlfazvCoXe7zb2-Nk0tFoXy6GPXMa4.jpeg,image,https://www.flowersinagun.com/wp-content/uploads/2015/11/lgXb8jOZSyXtXRlfazvCoXe7zb2-Nk0tFoXy6GPXMa4.jpeg,image/jpeg,1,20230607223341,20230607223341,20230607223341
flowersinagun.com/wp-content/uploads/2015/12/10004011_776449819126837_8205037339175760566_n-150x150.jpg,image,https://www.flowersinagun.com/wp-content/uploads/2015/12/10004011_776449819126837_8205037339175760566_n-150x150.jpg,image/jpeg,2,20180222141807,20230605064553,20230605064553
flowersinagun.com/wp-content/uploads/2015/12/12191177_653998078075191_6830364904208826193_o-1024x679.jpg,image,https://www.flowersinagun.com/wp-content/uploads/2015/12/12191177_653998078075191_6830364904208826193_o-1024x679.jpg,image/jpeg,1,20210308002606,20210308002606,20210308002606
flowersinagun.com/wp-content/uploads/2015/12/12191177_653998078075191_6830364904208826193_o-150x150.jpg,image,https://www.flowersinagun.com/wp-content/uploads/2015/12/12191177_653998078075191_6830364904208826193_o-150x150.jpg,image/jpeg,2,20160417064012,20230605064554,20230605064554
flowersinagun.com/wp-content/uploads/2015/12/12191177_653998078075191_6830364904208826193_o-160x106.jpg,image,https://www.flowersinagun.com/wp-content/uploads/2015/12/12191177_653998078075191_6830364904208826193_o-160x106.jpg,image/jpeg,1,20210308002617,20210308002617,20210308002617
flowersinagun.com/wp-content/uploads/2015/12/12191177_653998078075191_6830364904208826193_o-260x172.jpg,image,https://www.flowersinagun.com/wp-content/uploads/2015/12/12191177_653998078075191_6830364904208826193_o-260x172.jpg,image/jpeg,1,20210308002618,20210308002618,20210308002618
flowersinagun.com/wp-content/uploads/2015/12/12191177_653998078075191_6830364904208826193_o-300x199.jpg,image,https://www.flowersinagun.com/wp-content/uploads/2015/12/12191177_653998078075191_6830364904208826193_o-300x199.jpg,image/jpeg,1,20210308002615,20210308002615,20210308002615
flowersinagun.com/wp-content/uploads/2015/12/12191177_653998078075191_6830364904208826193_o-560x371.jpg,image,https://www.flowersinagun.com/wp-content/uploads/2015/12/12191177_653998078075191_6830364904208826193_o-560x371.jpg,image/jpeg,1,20210308002609,20210308002609,20210308002609
flowersinagun.com/wp-content/uploads/2015/12/12191177_653998078075191_6830364904208826193_o.jpg,image,https://www.flowersinagun.com/wp-content/uploads/2015/12/12191177_653998078075191_6830364904208826193_o.jpg,image/jpeg,1,20210308002613,20210308002613,20210308002613
flowersinagun.com/wp-content/uploads/2015/12/12314301_653997971408535_3324849828895952567_o-1024x679.jpg,image,https://www.flowersinagun.com/wp-content/uploads/2015/12/12314301_653997971408535_3324849828895952567_o-1024x679.jpg,image/jpeg,1,20210308002613,20210308002613,20210308002613
flowersinagun.com/wp-content/uploads/2015/12/12314301_653997971408535_3324849828895952567_o-160x106.jpg,image,https://www.flowersinagun.com/wp-content/uploads/2015/12/12314301_653997971408535_3324849828895952567_o-160x106.jpg,image/jpeg,1,20210308002605,20210308002605,20210308002605
flowersinagun.com/wp-content/uploads/2015/12/12314301_653997971408535_3324849828895952567_o-260x172.jpg,image,https://www.flowersinagun.com/wp-content/uploads/2015/12/12314301_653997971408535_3324849828895952567_o-260x172.jpg,image/jpeg,1,20210308002610,20210308002610,20210308002610
flowersinagun.com/wp-content/uploads/2015/12/12314301_653997971408535_3324849828895952567_o-300x199.jpg,image,https://www.flowersinagun.com/wp-content/uploads/2015/12/12314301_653997971408535_3324849828895952567_o-300x199.jpg,image/jpeg,1,20210308002618,20210308002618,20210308002618
flowersinagun.com/wp-content/uploads/2015/12/12314301_653997971408535_3324849828895952567_o-560x371.jpg,image,https://www.flowersinagun.com/wp-content/uploads/2015/12/12314301_653997971408535_3324849828895952567_o-560x371.jpg,image/jpeg,1,20210308002609,20210308002609,20210308002609
flowersinagun.com/wp-content/uploads/2015/12/12314301_653997971408535_3324849828895952567_o.jpg,image,https://www.flowersinagun.com/wp-content/uploads/2015/12/12314301_653997971408535_3324849828895952567_o.jpg,image/jpeg,1,20210308002618,20210308002618,20210308002618
flowersinagun.com/wp-content/uploads/2015/12/12316476_653998128075186_5838042489492345591_n-160x223.jpg,image,https://www.flowersinagun.com/wp-content/uploads/2015/12/12316476_653998128075186_5838042489492345591_n-160x223.jpg,image/jpeg,1,20210308002615,20210308002615,20210308002615
flowersinagun.com/wp-content/uploads/2015/12/12316476_653998128075186_5838042489492345591_n-215x300.jpg,image,https://www.flowersinagun.com/wp-content/uploads/2015/12/12316476_653998128075186_5838042489492345591_n-215x300.jpg,image/jpeg,1,20210308002604,20210308002604,20210308002604
flowersinagun.com/wp-content/uploads/2015/12/12316476_653998128075186_5838042489492345591_n-260x363.jpg,image,https://www.flowersinagun.com/wp-content/uploads/2015/12/12316476_653998128075186_5838042489492345591_n-260x363.jpg,image/jpeg,1,20210308002605,20210308002605,20210308002605
flowersinagun.com/wp-content/uploads/2015/12/12316476_653998128075186_5838042489492345591_n-560x781.jpg,image,https://www.flowersinagun.com/wp-content/uploads/2015/12/12316476_653998128075186_5838042489492345591_n-560x781.jpg,image/jpeg,1,20210308002602,20210308002602,20210308002602
flowersinagun.com/wp-content/uploads/2015/12/12316476_653998128075186_5838042489492345591_n.jpg,image,https://www.flowersinagun.com/wp-content/uploads/2015/12/12316476_653998128075186_5838042489492345591_n.jpg,image/jpeg,1,20210308002610,20210308002610,20210308002610
flowersinagun.com/wp-content/uploads/2015/12/12322407_653998404741825_6932108108015544108_o-1024x679.jpg,image,https://www.flowersinagun.com/wp-content/uploads/2015/12/12322407_653998404741825_6932108108015544108_o-1024x679.jpg,image/jpeg,1,20210308002617,20210308002617,20210308002617
flowersinagun.com/wp-content/uploads/2015/12/12322407_653998404741825_6932108108015544108_o-160x106.jpg,image,https://www.flowersinagun.com/wp-content/uploads/2015/12/12322407_653998404741825_6932108108015544108_o-160x106.jpg,image/jpeg,1,20210308002601,20210308002601,20210308002601
flowersinagun.com/wp-content/uploads/2015/12/12322407_653998404741825_6932108108015544108_o-260x172.jpg,image,https://www.flowersinagun.com/wp-content/uploads/2015/12/12322407_653998404741825_6932108108015544108_o-260x172.jpg,image/jpeg,1,20210308002604,20210308002604,20210308002604
flowersinagun.com/wp-content/uploads/2015/12/12322407_653998404741825_6932108108015544108_o-300x199.jpg,image,https://www.flowersinagun.com/wp-content/uploads/2015/12/12322407_653998404741825_6932108108015544108_o-300x199.jpg,image/jpeg,1,20210308002616,20210308002616,20210308002616
flowersinagun.com/wp-content/uploads/2015/12/12322407_653998404741825_6932108108015544108_o-560x371.jpg,image,https://www.flowersinagun.com/wp-content/uploads/2015/12/12322407_653998404741825_6932108108015544108_o-560x371.jpg,image/jpeg,1,20210308002616,20210308002616,20210308002616
flowersinagun.com/wp-content/uploads/2015/12/12322407_653998404741825_6932108108015544108_o.jpg,image,https://www.flowersinagun.com/wp-content/uploads/2015/12/12322407_653998404741825_6932108108015544108_o.jpg,image/jpeg,1,20210308002602,20210308002602,20210308002602
flowersinagun.com/wp-content/uploads/2015/12/12339095_653997968075202_8722663751690657015_o-1024x679.jpg,image,https://www.flowersinagun.com/wp-content/uploads/2015/12/12339095_653997968075202_8722663751690657015_o-1024x679.jpg,image/jpeg,1,20210308002612,20210308002612,20210308002612
flowersinagun.com/wp-content/uploads/2015/12/12339095_653997968075202_8722663751690657015_o-160x106.jpg,image,https://www.flowersinagun.com/wp-content/uploads/2015/12/12339095_653997968075202_8722663751690657015_o-160x106.jpg,image/jpeg,1,20210308002618,20210308002618,20210308002618
flowersinagun.com/wp-content/uploads/2015/12/12339095_653997968075202_8722663751690657015_o-260x172.jpg,image,https://www.flowersinagun.com/wp-content/uploads/2015/12/12339095_653997968075202_8722663751690657015_o-260x172.jpg,image/jpeg,1,20210308002606,20210308002606,20210308002606
flowersinagun.com/wp-content/uploads/2015/12/12339095_653997968075202_8722663751690657015_o-300x199.jpg,image,https://www.flowersinagun.com/wp-content/uploads/2015/12/12339095_653997968075202_8722663751690657015_o-300x199.jpg,image/jpeg,1,20210308002608,20210308002608,20210308002608
flowersinagun.com/wp-content/uploads/2015/12/12339095_653997968075202_8722663751690657015_o-560x371.jpg,image,https://www.flowersinagun.com/wp-content/uploads/2015/12/12339095_653997968075202_8722663751690657015_o-560x371.jpg,image/jpeg,1,20210308002615,20210308002615,20210308002615
flowersinagun.com/wp-content/uploads/2015/12/12339095_653997968075202_8722663751690657015_o.jpg,image,https://www.flowersinagun.com/wp-content/uploads/2015/12/12339095_653997968075202_8722663751690657015_o.jpg,image/jpeg,1,20210308002559,20210308002559,20210308002559
flowersinagun.com/wp-content/uploads/2015/12/12345594_653998298075169_6080474678081937222_n-160x208.jpg,image,https://www.flowersinagun.com/wp-content/uploads/2015/12/12345594_653998298075169_6080474678081937222_n-160x208.jpg,image/jpeg,1,20210308002614,20210308002614,20210308002614
flowersinagun.com/wp-content/uploads/2015/12/12345594_653998298075169_6080474678081937222_n-230x300.jpg,image,https://www.flowersinagun.com/wp-content/uploads/2015/12/12345594_653998298075169_6080474678081937222_n-230x300.jpg,image/jpeg,1,20210308002612,20210308002612,20210308002612
flowersinagun.com/wp-content/uploads/2015/12/12345594_653998298075169_6080474678081937222_n-260x339.jpg,image,https://www.flowersinagun.com/wp-content/uploads/2015/12/12345594_653998298075169_6080474678081937222_n-260x339.jpg,image/jpeg,1,20210308002601,20210308002601,20210308002601
flowersinagun.com/wp-content/uploads/2015/12/12345594_653998298075169_6080474678081937222_n-560x729.jpg,image,https://www.flowersinagun.com/wp-content/uploads/2015/12/12345594_653998298075169_6080474678081937222_n-560x729.jpg,image/jpeg,1,20210308002603,20210308002603,20210308002603
flowersinagun.com/wp-content/uploads/2015/12/12345594_653998298075169_6080474678081937222_n.jpg,image,https://www.flowersinagun.com/wp-content/uploads/2015/12/12345594_653998298075169_6080474678081937222_n.jpg,image/jpeg,1,20210308002608,20210308002608,20210308002608
flowersinagun.com/wp-content/uploads/2015/12/12362665_653998938075105_9004618076279816687_o-1024x679.jpg,image,https://www.flowersinagun.com/wp-content/uploads/2015/12/12362665_653998938075105_9004618076279816687_o-1024x679.jpg,image/jpeg,1,20210308002559,20210308002559,20210308002559
flowersinagun.com/wp-content/uploads/2015/12/12362665_653998938075105_9004618076279816687_o-160x106.jpg,image,https://www.flowersinagun.com/wp-content/uploads/2015/12/12362665_653998938075105_9004618076279816687_o-160x106.jpg,image/jpeg,1,20210308002611,20210308002611,20210308002611
flowersinagun.com/wp-content/uploads/2015/12/12362665_653998938075105_9004618076279816687_o-260x172.jpg,image,https://www.flowersinagun.com/wp-content/uploads/2015/12/12362665_653998938075105_9004618076279816687_o-260x172.jpg,image/jpeg,1,20210308002610,20210308002610,20210308002610
flowersinagun.com/wp-content/uploads/2015/12/12362665_653998938075105_9004618076279816687_o-300x199.jpg,image,https://www.flowersinagun.com/wp-content/uploads/2015/12/12362665_653998938075105_9004618076279816687_o-300x199.jpg,image/jpeg,1,20210308002611,20210308002611,20210308002611
flowersinagun.com/wp-content/uploads/2015/12/12362665_653998938075105_9004618076279816687_o-560x371.jpg,image,https://www.flowersinagun.com/wp-content/uploads/2015/12/12362665_653998938075105_9004618076279816687_o-560x371.jpg,image/jpeg,1,20210308002606,20210308002606,20210308002606
flowersinagun.com/wp-content/uploads/2015/12/12362665_653998938075105_9004618076279816687_o.jpg,image,https://www.flowersinagun.com/wp-content/uploads/2015/12/12362665_653998938075105_9004618076279816687_o.jpg,image/jpeg,1,20210308002601,20210308002601,20210308002601
flowersinagun.com/wp-content/uploads/2015/12/12362719_653998001408532_8517702897370653566_o-1024x679.jpg,image,https://www.flowersinagun.com/wp-content/uploads/2015/12/12362719_653998001408532_8517702897370653566_o-1024x679.jpg,image/jpeg,1,20210308002617,20210308002617,20210308002617
flowersinagun.com/wp-content/uploads/2015/12/12362719_653998001408532_8517702897370653566_o-160x106.jpg,image,https://www.flowersinagun.com/wp-content/uploads/2015/12/12362719_653998001408532_8517702897370653566_o-160x106.jpg,image/jpeg,1,20210308002612,20210308002612,20210308002612
flowersinagun.com/wp-content/uploads/2015/12/12362719_653998001408532_8517702897370653566_o-260x172.jpg,image,https://www.flowersinagun.com/wp-content/uploads/2015/12/12362719_653998001408532_8517702897370653566_o-260x172.jpg,image/jpeg,1,20210308002559,20210308002559,20210308002559
flowersinagun.com/wp-content/uploads/2015/12/12362719_653998001408532_8517702897370653566_o-300x199.jpg,image,https://www.flowersinagun.com/wp-content/uploads/2015/12/12362719_653998001408532_8517702897370653566_o-300x199.jpg,image/jpeg,1,20210308002608,20210308002608,20210308002608
flowersinagun.com/wp-content/uploads/2015/12/12362719_653998001408532_8517702897370653566_o-560x371.jpg,image,https://www.flowersinagun.com/wp-content/uploads/2015/12/12362719_653998001408532_8517702897370653566_o-560x371.jpg,image/jpeg,1,20210308002616,20210308002616,20210308002616
flowersinagun.com/wp-content/uploads/2015/12/12362719_653998001408532_8517702897370653566_o.jpg,image,https://www.flowersinagun.com/wp-content/uploads/2015/12/12362719_653998001408532_8517702897370653566_o.jpg,image/jpeg,1,20210308002605,20210308002605,20210308002605
flowersinagun.com/wp-content/uploads/2015/12/12362850_653998658075133_5173300390477371758_o-1024x678.jpg,image,https://www.flowersinagun.com/wp-content/uploads/2015/12/12362850_653998658075133_5173300390477371758_o-1024x678.jpg,image/jpeg,1,20210308002608,20210308002608,20210308002608
flowersinagun.com/wp-content/uploads/2015/12/12362850_653998658075133_5173300390477371758_o-160x106.jpg,image,https://www.flowersinagun.com/wp-content/uploads/2015/12/12362850_653998658075133_5173300390477371758_o-160x106.jpg,image/jpeg,1,20210308002600,20210308002600,20210308002600
flowersinagun.com/wp-content/uploads/2015/12/12362850_653998658075133_5173300390477371758_o-260x172.jpg,image,https://www.flowersinagun.com/wp-content/uploads/2015/12/12362850_653998658075133_5173300390477371758_o-260x172.jpg,image/jpeg,1,20210308002604,20210308002604,20210308002604
flowersinagun.com/wp-content/uploads/2015/12/12362850_653998658075133_5173300390477371758_o-300x198.jpg,image,https://www.flowersinagun.com/wp-content/uploads/2015/12/12362850_653998658075133_5173300390477371758_o-300x198.jpg,image/jpeg,1,20210308002608,20210308002608,20210308002608
flowersinagun.com/wp-content/uploads/2015/12/12362850_653998658075133_5173300390477371758_o-560x371.jpg,image,https://www.flowersinagun.com/wp-content/uploads/2015/12/12362850_653998658075133_5173300390477371758_o-560x371.jpg,image/jpeg,1,20210308002617,20210308002617,20210308002617
flowersinagun.com/wp-content/uploads/2015/12/12362850_653998658075133_5173300390477371758_o.jpg,image,https://www.flowersinagun.com/wp-content/uploads/2015/12/12362850_653998658075133_5173300390477371758_o.jpg,image/jpeg,1,20210308002605,20210308002605,20210308002605
flowersinagun.com/wp-content/uploads/2015/12/12362939_653999008075098_5199036895189781186_o-1024x678.jpg,image,https://www.flowersinagun.com/wp-content/uploads/2015/12/12362939_653999008075098_5199036895189781186_o-1024x678.jpg,image/jpeg,1,20210308002619,20210308002619,20210308002619
flowersinagun.com/wp-content/uploads/2015/12/12362939_653999008075098_5199036895189781186_o-160x106.jpg,image,https://www.flowersinagun.com/wp-content/uploads/2015/12/12362939_653999008075098_5199036895189781186_o-160x106.jpg,image/jpeg,1,20210308002614,20210308002614,20210308002614
flowersinagun.com/wp-content/uploads/2015/12/12362939_653999008075098_5199036895189781186_o-260x172.jpg,image,https://www.flowersinagun.com/wp-content/uploads/2015/12/12362939_653999008075098_5199036895189781186_o-260x172.jpg,image/jpeg,1,20210308002614,20210308002614,20210308002614
flowersinagun.com/wp-content/uploads/2015/12/12362939_653999008075098_5199036895189781186_o-300x199.jpg,image,https://www.flowersinagun.com/wp-content/uploads/2015/12/12362939_653999008075098_5199036895189781186_o-300x199.jpg,image/jpeg,1,20210308002603,20210308002603,20210308002603
flowersinagun.com/wp-content/uploads/2015/12/12362939_653999008075098_5199036895189781186_o-560x371.jpg,image,https://www.flowersinagun.com/wp-content/uploads/2015/12/12362939_653999008075098_5199036895189781186_o-560x371.jpg,image/jpeg,1,20210308002610,20210308002610,20210308002610
flowersinagun.com/wp-content/uploads/2015/12/12362939_653999008075098_5199036895189781186_o.jpg,image,https://www.flowersinagun.com/wp-content/uploads/2015/12/12362939_653999008075098_5199036895189781186_o.jpg,image/jpeg,1,20210308002615,20210308002615,20210308002615
flowersinagun.com/wp-content/uploads/2015/12/12375241_653998204741845_2134778140348644310_o-1024x678.jpg,image,https://www.flowersinagun.com/wp-content/uploads/2015/12/12375241_653998204741845_2134778140348644310_o-1024x678.jpg,image/jpeg,1,20210308002616,20210308002616,20210308002616
flowersinagun.com/wp-content/uploads/2015/12/12375241_653998204741845_2134778140348644310_o-160x106.jpg,image,https://www.flowersinagun.com/wp-content/uploads/2015/12/12375241_653998204741845_2134778140348644310_o-160x106.jpg,image/jpeg,1,20210308002610,20210308002610,20210308002610
flowersinagun.com/wp-content/uploads/2015/12/12375241_653998204741845_2134778140348644310_o-260x172.jpg,image,https://www.flowersinagun.com/wp-content/uploads/2015/12/12375241_653998204741845_2134778140348644310_o-260x172.jpg,image/jpeg,1,20210308002600,20210308002600,20210308002600
flowersinagun.com/wp-content/uploads/2015/12/12375241_653998204741845_2134778140348644310_o-300x199.jpg,image,https://www.flowersinagun.com/wp-content/uploads/2015/12/12375241_653998204741845_2134778140348644310_o-300x199.jpg,image/jpeg,1,20210308002601,20210308002601,20210308002601
flowersinagun.com/wp-content/uploads/2015/12/12375241_653998204741845_2134778140348644310_o-560x371.jpg,image,https://www.flowersinagun.com/wp-content/uploads/2015/12/12375241_653998204741845_2134778140348644310_o-560x371.jpg,image/jpeg,1,20210308002609,20210308002609,20210308002609
flowersinagun.com/wp-content/uploads/2015/12/12375241_653998204741845_2134778140348644310_o.jpg,image,https://www.flowersinagun.com/wp-content/uploads/2015/12/12375241_653998204741845_2134778140348644310_o.jpg,image/jpeg,1,20210308002608,20210308002608,20210308002608
flowersinagun.com/wp-content/uploads/2015/12/Jazz-Standard-12-150x150.jpg,image,https://www.flowersinagun.com/wp-content/uploads/2015/12/Jazz-Standard-12-150x150.jpg,image/jpeg,2,20160417133354,20230605064553,20230605064553
flowersinagun.com/wp-content/uploads/2016/01/10854275_10153156013962835_4489599184891908764_o-150x150.jpg,image,https://www.flowersinagun.com/wp-content/uploads/2016/01/10854275_10153156013962835_4489599184891908764_o-150x150.jpg,image/jpeg,2,20160417073945,20230605051203,20230605051203
flowersinagun.com/wp-content/uploads/2016/01/12556005_1800978833463275_1496939345_n-150x150.jpg,image,https://www.flowersinagun.com/wp-content/uploads/2016/01/12556005_1800978833463275_1496939345_n-150x150.jpg,image/jpeg,2,20160418005304,20230605051204,20230605051204
flowersinagun.com/wp-content/uploads/2016/01/12556005_1800978833463275_1496939345_n-160x160.jpg,image,https://www.flowersinagun.com/wp-content/uploads/2016/01/12556005_1800978833463275_1496939345_n-160x160.jpg,image/jpeg,1,20230605051203,20230605051203,20230605051203
flowersinagun.com/wp-content/uploads/2016/01/12556005_1800978833463275_1496939345_n-260x260.jpg,image,https://www.flowersinagun.com/wp-content/uploads/2016/01/12556005_1800978833463275_1496939345_n-260x260.jpg,image/jpeg,1,20230605051204,20230605051204,20230605051204
flowersinagun.com/wp-content/uploads/2016/01/12556005_1800978833463275_1496939345_n-300x300.jpg,image,https://www.flowersinagun.com/wp-content/uploads/2016/01/12556005_1800978833463275_1496939345_n-300x300.jpg,image/jpeg,1,20230605051203,20230605051203,20230605051203
flowersinagun.com/wp-content/uploads/2016/01/12556005_1800978833463275_1496939345_n-560x560.jpg,image,https://www.flowersinagun.com/wp-content/uploads/2016/01/12556005_1800978833463275_1496939345_n-560x560.jpg,image/jpeg,1,20230605051203,20230605051203,20230605051203
flowersinagun.com/wp-content/uploads/2016/01/12556005_1800978833463275_1496939345_n.jpg,image,https://www.flowersinagun.com/wp-content/uploads/2016/01/12556005_1800978833463275_1496939345_n.jpg,image/jpeg,1,20230605051204,20230605051204,20230605051204
flowersinagun.com/wp-content/uploads/2016/01/199467_10150137262359983_1622953_n-150x150.jpg,image,https://www.flowersinagun.com/wp-content/uploads/2016/01/199467_10150137262359983_1622953_n-150x150.jpg,image/jpeg,2,20160418073030,20230605051203,20230605051203
flowersinagun.com/wp-content/uploads/2016/01/21_bowie3_g_w.jpg,image,https://www.flowersinagun.com/wp-content/uploads/2016/01/21_bowie3_g_w.jpg,image/jpeg,1,20240404175619,20240404175619,20240404175619
flowersinagun.com/wp-content/uploads/2016/01/233eba66-e74a-48aa-a9ad-eec197734061-150x150.jpg,image,https://www.flowersinagun.com/wp-content/uploads/2016/01/233eba66-e74a-48aa-a9ad-eec197734061-150x150.jpg,image/jpeg,2,20160418073021,20230605051203,20230605051203
flowersinagun.com/wp-content/uploads/2016/01/983834_10152927155944691_5292342594153169741_n-150x150.jpg,image,https://www.flowersinagun.com/wp-content/uploads/2016/01/983834_10152927155944691_5292342594153169741_n-150x150.jpg,image/jpeg,2,20180219184313,20230605051203,20230605051203
flowersinagun.com/wp-content/uploads/2016/01/983834_10152927155944691_5292342594153169741_n-160x160.jpg,image,https://www.flowersinagun.com/wp-content/uploads/2016/01/983834_10152927155944691_5292342594153169741_n-160x160.jpg,image/jpeg,1,20230605051204,20230605051204,20230605051204
flowersinagun.com/wp-content/uploads/2016/01/983834_10152927155944691_5292342594153169741_n-260x260.jpg,image,https://www.flowersinagun.com/wp-content/uploads/2016/01/983834_10152927155944691_5292342594153169741_n-260x260.jpg,image/jpeg,1,20230605051203,20230605051203,20230605051203
flowersinagun.com/wp-content/uploads/2016/01/983834_10152927155944691_5292342594153169741_n-300x300.jpg,image,https://www.flowersinagun.com/wp-content/uploads/2016/01/983834_10152927155944691_5292342594153169741_n-300x300.jpg,image/jpeg,1,20230605051203,20230605051203,20230605051203
flowersinagun.com/wp-content/uploads/2016/01/983834_10152927155944691_5292342594153169741_n-560x560.jpg,image,https://www.flowersinagun.com/wp-content/uploads/2016/01/983834_10152927155944691_5292342594153169741_n-560x560.jpg,image/jpeg,1,20230605051203,20230605051203,20230605051203
flowersinagun.com/wp-content/uploads/2016/01/983834_10152927155944691_5292342594153169741_n.jpg,image,https://www.flowersinagun.com/wp-content/uploads/2016/01/983834_10152927155944691_5292342594153169741_n.jpg,image/jpeg,1,20230605051203,20230605051203,20230605051203
flowersinagun.com/wp-content/uploads/2016/01/IMG_2187-150x150.jpg,image,https://www.flowersinagun.com/wp-content/uploads/2016/01/IMG_2187-150x150.jpg,image/jpeg,2,20160417080558,20230605051203,20230605051203
flowersinagun.com/wp-content/uploads/2016/01/Ron-Pope-and-the-Night-Hawks-11-150x150.jpg,image,http://www.flowersinagun.com/wp-content/uploads/2016/01/Ron-Pope-and-the-Night-Hawks-11-150x150.jpg,image/jpeg,1,20160417123341,20160417123341,20160417123341
flowersinagun.com/wp-content/uploads/2016/01/bowiestardust-150x150.jpg,image,https://www.flowersinagun.com/wp-content/uploads/2016/01/bowiestardust-150x150.jpg,image/jpeg,2,20160418005257,20230607210519,20230607210519
flowersinagun.com/wp-content/uploads/2016/01/bowiestardust-160x110.jpg,image,http://www.flowersinagun.com/wp-content/uploads/2016/01/bowiestardust-160x110.jpg,image/jpeg,1,20160417185331,20160417185331,20160417185331
flowersinagun.com/wp-content/uploads/2016/01/highly-suspect-150x150.jpg,image,https://www.flowersinagun.com/wp-content/uploads/2016/01/highly-suspect-150x150.jpg,image/jpeg,2,20160418071428,20230605051204,20230605051204
flowersinagun.com/wp-content/uploads/2016/02/DSCF0570-150x150.jpg,image,https://www.flowersinagun.com/wp-content/uploads/2016/02/DSCF0570-150x150.jpg,image/jpeg,2,20160418011814,20230607230125,20230607230125
flowersinagun.com/wp-content/uploads/2016/02/DSCF0570-260x173.jpg,image,http://www.flowersinagun.com/wp-content/uploads/2016/02/DSCF0570-260x173.jpg,image/jpeg,1,20160417185252,20160417185252,20160417185252
flowersinagun.com/wp-content/uploads/2016/02/DSC_9322-160x223.jpg,image,https://www.flowersinagun.com/wp-content/uploads/2016/02/DSC_9322-160x223.jpg,image/jpeg,1,20240409185434,20240409185434,20240409185434
flowersinagun.com/wp-content/uploads/2016/02/DSC_9322-216x300.jpg,image,https://www.flowersinagun.com/wp-content/uploads/2016/02/DSC_9322-216x300.jpg,image/jpeg,1,20240411233906,20240411233906,20240411233906
flowersinagun.com/wp-content/uploads/2016/02/DSC_9322-260x362.jpg,image,https://www.flowersinagun.com/wp-content/uploads/2016/02/DSC_9322-260x362.jpg,image/jpeg,1,20240409183923,20240409183923,20240409183923
flowersinagun.com/wp-content/uploads/2016/02/DSC_9322-560x779.jpg,image,https://www.flowersinagun.com/wp-content/uploads/2016/02/DSC_9322-560x779.jpg,image/jpeg,1,20240409173823,20240409173823,20240409173823
flowersinagun.com/wp-content/uploads/2016/02/DSC_9322-736x1024.jpg,image,https://www.flowersinagun.com/wp-content/uploads/2016/02/DSC_9322-736x1024.jpg,image/jpeg,1,20240409181736,20240409181736,20240409181736
flowersinagun.com/wp-content/uploads/2016/02/DSC_9322-768x1069.jpg,image,https://www.flowersinagun.com/wp-content/uploads/2016/02/DSC_9322-768x1069.jpg,image/jpeg,1,20240409173104,20240409173104,20240409173104
flowersinagun.com/wp-content/uploads/2016/02/DSC_9322.jpg,image,https://www.flowersinagun.com/wp-content/uploads/2016/02/DSC_9322.jpg,image/jpeg,1,20240409175919,20240409175919,20240409175919
flowersinagun.com/wp-content/uploads/2016/02/DSC_9346-2-1024x678.jpg,image,https://www.flowersinagun.com/wp-content/uploads/2016/02/DSC_9346-2-1024x678.jpg,image/jpeg,1,20240409174703,20240409174703,20240409174703
flowersinagun.com/wp-content/uploads/2016/02/DSC_9346-2-150x150.jpg,image,https://www.flowersinagun.com/wp-content/uploads/2016/02/DSC_9346-2-150x150.jpg,image/jpeg,2,20160417141932,20230607210519,20230607210519
flowersinagun.com/wp-content/uploads/2016/02/DSC_9346-2-160x106.jpg,image,https://www.flowersinagun.com/wp-content/uploads/2016/02/DSC_9346-2-160x106.jpg,image/jpeg,2,20160417131929,20240409181807,20240409181807
flowersinagun.com/wp-content/uploads/2016/02/DSC_9346-2-260x172.jpg,image,https://www.flowersinagun.com/wp-content/uploads/2016/02/DSC_9346-2-260x172.jpg,image/jpeg,1,20240409173115,20240409173115,20240409173115
flowersinagun.com/wp-content/uploads/2016/02/DSC_9346-2-300x199.jpg,image,https://www.flowersinagun.com/wp-content/uploads/2016/02/DSC_9346-2-300x199.jpg,image/jpeg,1,20240409182013,20240409182013,20240409182013
flowersinagun.com/wp-content/uploads/2016/02/DSC_9346-2-560x371.jpg,image,https://www.flowersinagun.com/wp-content/uploads/2016/02/DSC_9346-2-560x371.jpg,image/jpeg,1,20240409183720,20240409183720,20240409183720
flowersinagun.com/wp-content/uploads/2016/02/DSC_9346-2-768x509.jpg,image,https://www.flowersinagun.com/wp-content/uploads/2016/02/DSC_9346-2-768x509.jpg,image/jpeg,1,20240409173420,20240409173420,20240409173420
flowersinagun.com/wp-content/uploads/2016/02/DSC_9346-2.jpg,image,https://www.flowersinagun.com/wp-content/uploads/2016/02/DSC_9346-2.jpg,image/jpeg,1,20240409173546,20240409173546,20240409173546
flowersinagun.com/wp-content/uploads/2016/02/DSC_9353-160x208.jpg,image,https://www.flowersinagun.com/wp-content/uploads/2016/02/DSC_9353-160x208.jpg,image/jpeg,1,20240409172447,20240409172447,20240409172447
flowersinagun.com/wp-content/uploads/2016/02/DSC_9353-231x300.jpg,image,https://www.flowersinagun.com/wp-content/uploads/2016/02/DSC_9353-231x300.jpg,image/jpeg,1,20240409172212,20240409172212,20240409172212
flowersinagun.com/wp-content/uploads/2016/02/DSC_9353-260x338.jpg,image,https://www.flowersinagun.com/wp-content/uploads/2016/02/DSC_9353-260x338.jpg,image/jpeg,1,20240409185024,20240409185024,20240409185024
flowersinagun.com/wp-content/uploads/2016/02/DSC_9353-560x729.jpg,image,https://www.flowersinagun.com/wp-content/uploads/2016/02/DSC_9353-560x729.jpg,image/jpeg,1,20240409182516,20240409182516,20240409182516
flowersinagun.com/wp-content/uploads/2016/02/DSC_9353-768x999.jpg,image,https://www.flowersinagun.com/wp-content/uploads/2016/02/DSC_9353-768x999.jpg,image/jpeg,1,20240409181040,20240409181040,20240409181040
flowersinagun.com/wp-content/uploads/2016/02/DSC_9353-787x1024.jpg,image,https://www.flowersinagun.com/wp-content/uploads/2016/02/DSC_9353-787x1024.jpg,image/jpeg,1,20240409181358,20240409181358,20240409181358
flowersinagun.com/wp-content/uploads/2016/02/DSC_9353.jpg,image,https://www.flowersinagun.com/wp-content/uploads/2016/02/DSC_9353.jpg,image/jpeg,1,20240412010713,20240412010713,20240412010713
flowersinagun.com/wp-content/uploads/2016/02/Fjord-by-Jacob-Metcalf-Cover-Art-1024x1024.jpg,image,https://www.flowersinagun.com/wp-content/uploads/2016/02/Fjord-by-Jacob-Metcalf-Cover-Art-1024x1024.jpg,image/jpeg,1,20230605133844,20230605133844,20230605133844
flowersinagun.com/wp-content/uploads/2016/02/Fjord-by-Jacob-Metcalf-Cover-Art-150x150.jpg,image,https://www.flowersinagun.com/wp-content/uploads/2016/02/Fjord-by-Jacob-Metcalf-Cover-Art-150x150.jpg,image/jpeg,2,20160417123334,20230605133842,20230605133842
flowersinagun.com/wp-content/uploads/2016/02/Fjord-by-Jacob-Metcalf-Cover-Art-160x160.jpg,image,https://www.flowersinagun.com/wp-content/uploads/2016/02/Fjord-by-Jacob-Metcalf-Cover-Art-160x160.jpg,image/jpeg,2,20160417140409,20230605133843,20230605133843
flowersinagun.com/wp-content/uploads/2016/02/Fjord-by-Jacob-Metcalf-Cover-Art-260x260.jpg,image,https://www.flowersinagun.com/wp-content/uploads/2016/02/Fjord-by-Jacob-Metcalf-Cover-Art-260x260.jpg,image/jpeg,1,20230605133843,20230605133843,20230605133843
flowersinagun.com/wp-content/uploads/2016/02/Fjord-by-Jacob-Metcalf-Cover-Art-300x300.jpg,image,https://www.flowersinagun.com/wp-content/uploads/2016/02/Fjord-by-Jacob-Metcalf-Cover-Art-300x300.jpg,image/jpeg,1,20230605133842,20230605133842,20230605133842
flowersinagun.com/wp-content/uploads/2016/02/Fjord-by-Jacob-Metcalf-Cover-Art-560x560.jpg,image,https://www.flowersinagun.com/wp-content/uploads/2016/02/Fjord-by-Jacob-Metcalf-Cover-Art-560x560.jpg,image/jpeg,1,20230605133844,20230605133844,20230605133844
flowersinagun.com/wp-content/uploads/2016/02/Fjord-by-Jacob-Metcalf-Cover-Art-768x768.jpg,image,https://www.flowersinagun.com/wp-content/uploads/2016/02/Fjord-by-Jacob-Metcalf-Cover-Art-768x768.jpg,image/jpeg,1,20230605133843,20230605133843,20230605133843
flowersinagun.com/wp-content/uploads/2016/02/Legal-Aid-Society-Benefit-11-150x150.jpg,image,http://www.flowersinagun.com/wp-content/uploads/2016/02/Legal-Aid-Society-Benefit-11-150x150.jpg,image/jpeg,1,20180218235223,20180218235223,20180218235223
flowersinagun.com/wp-content/uploads/2016/02/Legal-Aid-Society-Benefit-11-260x186.jpg,image,http://www.flowersinagun.com/wp-content/uploads/2016/02/Legal-Aid-Society-Benefit-11-260x186.jpg,image/jpeg,1,20160417141928,20160417141928,20160417141928
flowersinagun.com/wp-content/uploads/2016/03/DSC_0200-150x150.jpg,image,https://www.flowersinagun.com/wp-content/uploads/2016/03/DSC_0200-150x150.jpg,image/jpeg,2,20180220235016,20230605133905,20230605133905
flowersinagun.com/wp-content/uploads/2016/03/IMG_9745-150x150.jpg,image,https://www.flowersinagun.com/wp-content/uploads/2016/03/IMG_9745-150x150.jpg,image/jpeg,2,20180219033923,20230605133905,20230605133905
flowersinagun.com/wp-content/uploads/2016/03/IMG_9745-560x373.jpg,image,http://www.flowersinagun.com/wp-content/uploads/2016/03/IMG_9745-560x373.jpg,image/jpeg,1,20160417133342,20160417133342,20160417133342
flowersinagun.com/wp-content/uploads/2016/04/12308474_928519670537088_6474048292525303380_n-150x150.jpg,image,http://www.flowersinagun.com/wp-content/uploads/2016/04/12308474_928519670537088_6474048292525303380_n-150x150.jpg,image/jpeg,1,20180221142535,20180221142535,20180221142535
flowersinagun.com/wp-content/uploads/2016/04/12308474_928519670537088_6474048292525303380_n-160x160.jpg,image,https://www.flowersinagun.com/wp-content/uploads/2016/04/12308474_928519670537088_6474048292525303380_n-160x160.jpg,image/jpeg,1,20230608045653,20230608045653,20230608045653
flowersinagun.com/wp-content/uploads/2016/04/12308474_928519670537088_6474048292525303380_n-260x260.jpg,image,https://www.flowersinagun.com/wp-content/uploads/2016/04/12308474_928519670537088_6474048292525303380_n-260x260.jpg,image/jpeg,1,20230608045653,20230608045653,20230608045653
flowersinagun.com/wp-content/uploads/2016/04/12308474_928519670537088_6474048292525303380_n-300x300.jpg,image,https://www.flowersinagun.com/wp-content/uploads/2016/04/12308474_928519670537088_6474048292525303380_n-300x300.jpg,image/jpeg,1,20230608045654,20230608045654,20230608045654
flowersinagun.com/wp-content/uploads/2016/04/12308474_928519670537088_6474048292525303380_n-560x560.jpg,image,https://www.flowersinagun.com/wp-content/uploads/2016/04/12308474_928519670537088_6474048292525303380_n-560x560.jpg,image/jpeg,1,20230608045653,20230608045653,20230608045653
flowersinagun.com/wp-content/uploads/2016/04/12308474_928519670537088_6474048292525303380_n-768x768.jpg,image,https://www.flowersinagun.com/wp-content/uploads/2016/04/12308474_928519670537088_6474048292525303380_n-768x768.jpg,image/jpeg,1,20230608045653,20230608045653,20230608045653
flowersinagun.com/wp-content/uploads/2016/04/12308474_928519670537088_6474048292525303380_n.jpg,image,https://www.flowersinagun.com/wp-content/uploads/2016/04/12308474_928519670537088_6474048292525303380_n.jpg,image/jpeg,1,20230608045653,20230608045653,20230608045653
flowersinagun.com/wp-content/uploads/2016/04/BoiMalibuRumBeachHousePoweredPandoraejRCLWM85irl-150x150.jpg,image,http://www.flowersinagun.com/wp-content/uploads/2016/04/BoiMalibuRumBeachHousePoweredPandoraejRCLWM85irl-150x150.jpg,image/jpeg,1,20180218180459,20180218180459,20180218180459
flowersinagun.com/wp-content/uploads/2016/04/big-boi-announces-dj-tour-as-daddy-fat-scratch-715x477.jpg,image,http://www.flowersinagun.com/wp-content/uploads/2016/04/big-boi-announces-dj-tour-as-daddy-fat-scratch-715x477.jpg,text/html,1,20250821002820,20250821002820,20250821002820
flowersinagun.com/wp-content/uploads/2016/05/12961183_760339774102327_593948881724656716_o-150x150.jpg,image,https://www.flowersinagun.com/wp-content/uploads/2016/05/12961183_760339774102327_593948881724656716_o-150x150.jpg,image/jpeg,2,20180218085608,20230605133841,20230605133841
flowersinagun.com/wp-content/uploads/2016/05/SOTH_-_Album_Cover-1024x1024.jpg,image,https://www.flowersinagun.com/wp-content/uploads/2016/05/SOTH_-_Album_Cover-1024x1024.jpg,image/jpeg,1,20230605133842,20230605133842,20230605133842
flowersinagun.com/wp-content/uploads/2016/05/SOTH_-_Album_Cover-150x150.jpg,image,https://www.flowersinagun.com/wp-content/uploads/2016/05/SOTH_-_Album_Cover-150x150.jpg,image/jpeg,2,20180222054234,20230605133842,20230605133842
flowersinagun.com/wp-content/uploads/2016/05/SOTH_-_Album_Cover-160x160.jpg,image,https://www.flowersinagun.com/wp-content/uploads/2016/05/SOTH_-_Album_Cover-160x160.jpg,image/jpeg,1,20230605133842,20230605133842,20230605133842
flowersinagun.com/wp-content/uploads/2016/05/SOTH_-_Album_Cover-260x260.jpg,image,https://www.flowersinagun.com/wp-content/uploads/2016/05/SOTH_-_Album_Cover-260x260.jpg,image/jpeg,1,20230605133841,20230605133841,20230605133841
flowersinagun.com/wp-content/uploads/2016/05/SOTH_-_Album_Cover-300x300.jpg,image,https://www.flowersinagun.com/wp-content/uploads/2016/05/SOTH_-_Album_Cover-300x300.jpg,image/jpeg,1,20230605133842,20230605133842,20230605133842
flowersinagun.com/wp-content/uploads/2016/05/SOTH_-_Album_Cover-560x560.jpg,image,https://www.flowersinagun.com/wp-content/uploads/2016/05/SOTH_-_Album_Cover-560x560.jpg,image/jpeg,1,20230605133842,20230605133842,20230605133842
flowersinagun.com/wp-content/uploads/2016/05/SOTH_-_Album_Cover-768x768.jpg,image,https://www.flowersinagun.com/wp-content/uploads/2016/05/SOTH_-_Album_Cover-768x768.jpg,image/jpeg,1,20230605133842,20230605133842,20230605133842
flowersinagun.com/wp-content/uploads/2016/05/SOTH_-_Album_Cover.jpg,image,https://www.flowersinagun.com/wp-content/uploads/2016/05/SOTH_-_Album_Cover.jpg,image/jpeg,1,20230605133842,20230605133842,20230605133842
flowersinagun.com/wp-content/uploads/2016/06/13416829_1738236396419178_948049646895559105_o-150x150.jpg,image,http://www.flowersinagun.com/wp-content/uploads/2016/06/13416829_1738236396419178_948049646895559105_o-150x150.jpg,image/jpeg,1,20180218114733,20180218114733,20180218114733
flowersinagun.com/wp-content/uploads/2016/06/IMG_9847-150x150.jpg,image,https://www.flowersinagun.com/wp-content/uploads/2016/06/IMG_9847-150x150.jpg,image/jpeg,3,20180218231502,20230605133842,20230605133842
flowersinagun.com/wp-content/uploads/2016/07/10628751_776449622460190_1242433077053073485_o-150x150.jpg,image,https://www.flowersinagun.com/wp-content/uploads/2016/07/10628751_776449622460190_1242433077053073485_o-150x150.jpg,image/jpeg,3,20180220124017,20230605051203,20230605051203
flowersinagun.com/wp-content/uploads/2016/09/12371228_771809742924178_8602750083155132565_o-150x150.jpg,image,https://www.flowersinagun.com/wp-content/uploads/2016/09/12371228_771809742924178_8602750083155132565_o-150x150.jpg,image/jpeg,3,20180219034737,20230607230124,20230607230124
flowersinagun.com/wp-content/uploads/2016/09/12371228_771809742924178_8602750083155132565_o-160x107.jpg,image,http://www.flowersinagun.com/wp-content/uploads/2016/09/12371228_771809742924178_8602750083155132565_o-160x107.jpg,image/jpeg,1,20170331072927,20170331072927,20170331072927
flowersinagun.com/wp-content/uploads/2016/09/Group1-150x150.jpg,image,https://www.flowersinagun.com/wp-content/uploads/2016/09/Group1-150x150.jpg,image/jpeg,3,20180219063122,20230607195506,20230607195506
flowersinagun.com/wp-content/uploads/2016/09/unnamed-150x150.jpg,image,https://www.flowersinagun.com/wp-content/uploads/2016/09/unnamed-150x150.jpg,image/jpeg,3,20180219052735,20230607230124,20230607230124
flowersinagun.com/wp-content/uploads/2016/10/11114097_518336674982517_8376950917775618255_o.jpg,image,http://www.flowersinagun.com/wp-content/uploads/2016/10/11114097_518336674982517_8376950917775618255_o.jpg,image/jpeg,1,20170227233537,20170227233537,20170227233537
flowersinagun.com/wp-content/uploads/2016/10/11722589_518332971649554_8804747457057920961_o.jpg,image,http://www.flowersinagun.com/wp-content/uploads/2016/10/11722589_518332971649554_8804747457057920961_o.jpg,image/jpeg,1,20170227233515,20170227233515,20170227233515
flowersinagun.com/wp-content/uploads/2016/10/1267440_774472765991209_8087328711976909588_o-1.jpg,image,http://www.flowersinagun.com/wp-content/uploads/2016/10/1267440_774472765991209_8087328711976909588_o-1.jpg,image/jpeg,1,20170227233502,20170227233502,20170227233502
flowersinagun.com/wp-content/uploads/2016/10/13738361_1253351148032438_5712227999505273914_o.jpg,image,http://www.flowersinagun.com/wp-content/uploads/2016/10/13738361_1253351148032438_5712227999505273914_o.jpg,image/jpeg,1,20170228080518,20170228080518,20170228080518
flowersinagun.com/wp-content/uploads/2016/10/6726114.jpeg,image,http://www.flowersinagun.com/wp-content/uploads/2016/10/6726114.jpeg,image/jpeg,1,20170210221505,20170210221505,20170210221505
flowersinagun.com/wp-content/uploads/2016/10/886028_518335578315960_8786409099522874828_o.jpg,image,http://www.flowersinagun.com/wp-content/uploads/2016/10/886028_518335578315960_8786409099522874828_o.jpg,image/jpeg,1,20170227233531,20170227233531,20170227233531
flowersinagun.com/wp-content/uploads/2016/10/BlackOne-1024x1024.jpg,image,https://www.flowersinagun.com/wp-content/uploads/2016/10/BlackOne-1024x1024.jpg,image/jpeg,1,20230605060109,20230605060109,20230605060109
flowersinagun.com/wp-content/uploads/2016/10/BlackOne-150x150.jpg,image,https://www.flowersinagun.com/wp-content/uploads/2016/10/BlackOne-150x150.jpg,image/jpeg,3,20180218151257,20230605060109,20230605060109
flowersinagun.com/wp-content/uploads/2016/10/BlackOne-160x160.jpg,image,https://www.flowersinagun.com/wp-content/uploads/2016/10/BlackOne-160x160.jpg,image/jpeg,2,20170331065711,20230605051145,20230605051145
flowersinagun.com/wp-content/uploads/2016/10/BlackOne-260x260.jpg,image,https://www.flowersinagun.com/wp-content/uploads/2016/10/BlackOne-260x260.jpg,image/jpeg,1,20230605060108,20230605060108,20230605060108
flowersinagun.com/wp-content/uploads/2016/10/BlackOne-300x300.jpg,image,https://www.flowersinagun.com/wp-content/uploads/2016/10/BlackOne-300x300.jpg,image/jpeg,1,20230605060109,20230605060109,20230605060109
flowersinagun.com/wp-content/uploads/2016/10/BlackOne-560x560.jpg,image,https://www.flowersinagun.com/wp-content/uploads/2016/10/BlackOne-560x560.jpg,image/jpeg,1,20230605060109,20230605060109,20230605060109
flowersinagun.com/wp-content/uploads/2016/10/BlackOne-768x768.jpg,image,https://www.flowersinagun.com/wp-content/uploads/2016/10/BlackOne-768x768.jpg,image/jpeg,1,20230605060108,20230605060108,20230605060108
flowersinagun.com/wp-content/uploads/2016/10/DSC_4208-150x150.jpg,image,https://www.flowersinagun.com/wp-content/uploads/2016/10/DSC_4208-150x150.jpg,image/jpeg,3,20180218161921,20230605060108,20230605060108
flowersinagun.com/wp-content/uploads/2016/10/DSC_4208-160x106.jpg,image,http://www.flowersinagun.com/wp-content/uploads/2016/10/DSC_4208-160x106.jpg,image/jpeg,1,20170331072935,20170331072935,20170331072935
flowersinagun.com/wp-content/uploads/2016/10/DSC_7498.jpg,image,http://www.flowersinagun.com/wp-content/uploads/2016/10/DSC_7498.jpg,image/jpeg,1,20170227233557,20170227233557,20170227233557
flowersinagun.com/wp-content/uploads/2016/10/IMG_8838-150x150.jpg,image,https://www.flowersinagun.com/wp-content/uploads/2016/10/IMG_8838-150x150.jpg,image/jpeg,3,20180221153625,20230605060108,20230605060108
flowersinagun.com/wp-content/uploads/2016/10/chvrches-at-terminal-5-papeo-2-500x333-150x150.jpg,image,https://www.flowersinagun.com/wp-content/uploads/2016/10/chvrches-at-terminal-5-papeo-2-500x333-150x150.jpg,image/jpeg,3,20180218175502,20230605060108,20230605060108
flowersinagun.com/wp-content/uploads/2016/10/chvrches-at-terminal-5-papeo-2-500x333-260x173.jpg,image,http://www.flowersinagun.com/wp-content/uploads/2016/10/chvrches-at-terminal-5-papeo-2-500x333-260x173.jpg,image/jpeg,1,20170331002352,20170331002352,20170331002352
flowersinagun.com/wp-content/uploads/2016/10/maxresdefault.jpg,image,http://www.flowersinagun.com/wp-content/uploads/2016/10/maxresdefault.jpg,image/jpeg,1,20170211074850,20170211074850,20170211074850
flowersinagun.com/wp-content/uploads/2016/10/slss_ben_5-1-150x150.jpg,image,https://www.flowersinagun.com/wp-content/uploads/2016/10/slss_ben_5-1-150x150.jpg,image/jpeg,2,20180219130236,20230605060108,20230605060108
flowersinagun.com/wp-content/uploads/2016/10/slss_ben_5-1-260x171.jpg,image,http://www.flowersinagun.com/wp-content/uploads/2016/10/slss_ben_5-1-260x171.jpg,image/jpeg,1,20170331071037,20170331071037,20170331071037
flowersinagun.com/wp-content/uploads/2016/10/slss_ben_5-1.jpg,image,http://www.flowersinagun.com/wp-content/uploads/2016/10/slss_ben_5-1.jpg,image/jpeg,1,20170227233538,20170227233538,20170227233538
flowersinagun.com/wp-content/uploads/2016/11/Billie_Holiday_Downbeat_New_York_N.Y._ca._Feb._1947_William_P._Gottlieb_04251-150x150.jpg,image,https://www.flowersinagun.com/wp-content/uploads/2016/11/Billie_Holiday_Downbeat_New_York_N.Y._ca._Feb._1947_William_P._Gottlieb_04251-150x150.jpg,image/jpeg,1,20230606141641,20230606141641,20230606141641
flowersinagun.com/wp-content/uploads/2016/11/Billie_Holiday_Downbeat_New_York_N.Y._ca._Feb._1947_William_P._Gottlieb_04251-160x160.jpg,image,https://www.flowersinagun.com/wp-content/uploads/2016/11/Billie_Holiday_Downbeat_New_York_N.Y._ca._Feb._1947_William_P._Gottlieb_04251-160x160.jpg,image/jpeg,1,20230606141641,20230606141641,20230606141641
flowersinagun.com/wp-content/uploads/2016/11/Billie_Holiday_Downbeat_New_York_N.Y._ca._Feb._1947_William_P._Gottlieb_04251-260x260.jpg,image,https://www.flowersinagun.com/wp-content/uploads/2016/11/Billie_Holiday_Downbeat_New_York_N.Y._ca._Feb._1947_William_P._Gottlieb_04251-260x260.jpg,image/jpeg,1,20230606141641,20230606141641,20230606141641
flowersinagun.com/wp-content/uploads/2016/11/Billie_Holiday_Downbeat_New_York_N.Y._ca._Feb._1947_William_P._Gottlieb_04251-300x300.jpg,image,https://www.flowersinagun.com/wp-content/uploads/2016/11/Billie_Holiday_Downbeat_New_York_N.Y._ca._Feb._1947_William_P._Gottlieb_04251-300x300.jpg,image/jpeg,1,20230606141641,20230606141641,20230606141641
flowersinagun.com/wp-content/uploads/2016/11/Billie_Holiday_Downbeat_New_York_N.Y._ca._Feb._1947_William_P._Gottlieb_04251-560x560.jpg,image,https://www.flowersinagun.com/wp-content/uploads/2016/11/Billie_Holiday_Downbeat_New_York_N.Y._ca._Feb._1947_William_P._Gottlieb_04251-560x560.jpg,image/jpeg,1,20230606141641,20230606141641,20230606141641
flowersinagun.com/wp-content/uploads/2016/11/Billie_Holiday_Downbeat_New_York_N.Y._ca._Feb._1947_William_P._Gottlieb_04251-768x768.jpg,image,https://www.flowersinagun.com/wp-content/uploads/2016/11/Billie_Holiday_Downbeat_New_York_N.Y._ca._Feb._1947_William_P._Gottlieb_04251-768x768.jpg,image/jpeg,1,20230606141641,20230606141641,20230606141641
flowersinagun.com/wp-content/uploads/2016/11/Billie_Holiday_Downbeat_New_York_N.Y._ca._Feb._1947_William_P._Gottlieb_04251.jpg,image,https://www.flowersinagun.com/wp-content/uploads/2016/11/Billie_Holiday_Downbeat_New_York_N.Y._ca._Feb._1947_William_P._Gottlieb_04251.jpg,image/jpeg,3,20180222103933,20230607115129,20230607115129
flowersinagun.com/wp-content/uploads/2016/11/DSC_0033-150x150.jpg,image,https://www.flowersinagun.com/wp-content/uploads/2016/11/DSC_0033-150x150.jpg,image/jpeg,3,20180221223728,20230606141641,20230606141641
flowersinagun.com/wp-content/uploads/2016/11/DSC_0033-160x177.jpg,image,http://www.flowersinagun.com/wp-content/uploads/2016/11/DSC_0033-160x177.jpg,image/jpeg,1,20171024192920,20171024192920,20171024192920
flowersinagun.com/wp-content/uploads/2016/11/late-show-bob-dylan-160x110.jpg,image,https://www.flowersinagun.com/wp-content/uploads/2016/11/late-show-bob-dylan-160x110.jpg,image/jpeg,1,20230607115128,20230607115128,20230607115128
flowersinagun.com/wp-content/uploads/2016/11/late-show-bob-dylan-260x179.jpg,image,https://www.flowersinagun.com/wp-content/uploads/2016/11/late-show-bob-dylan-260x179.jpg,image/jpeg,1,20230607115127,20230607115127,20230607115127
flowersinagun.com/wp-content/uploads/2016/11/late-show-bob-dylan-300x206.jpg,image,https://www.flowersinagun.com/wp-content/uploads/2016/11/late-show-bob-dylan-300x206.jpg,image/jpeg,1,20230607115127,20230607115127,20230607115127
flowersinagun.com/wp-content/uploads/2016/11/late-show-bob-dylan-560x385.jpg,image,https://www.flowersinagun.com/wp-content/uploads/2016/11/late-show-bob-dylan-560x385.jpg,image/jpeg,1,20230607115127,20230607115127,20230607115127
flowersinagun.com/wp-content/uploads/2016/11/late-show-bob-dylan.jpg,image,https://www.flowersinagun.com/wp-content/uploads/2016/11/late-show-bob-dylan.jpg,image/jpeg,3,20180222125006,20230606141641,20230606141641
flowersinagun.com/wp-content/uploads/2017/02/IMG_0135-150x150.jpg,image,https://www.flowersinagun.com/wp-content/uploads/2017/02/IMG_0135-150x150.jpg,image/jpeg,3,20180221050257,20230605133842,20230605133842
flowersinagun.com/wp-content/uploads/2017/02/IMG_0135-160x107.jpg,image,http://www.flowersinagun.com/wp-content/uploads/2017/02/IMG_0135-160x107.jpg,image/jpeg,1,20171024185717,20171024185717,20171024185717
flowersinagun.com/wp-content/uploads/2017/07/ShawnaVirago_HeavenSentDelinquent_AlbumCoverArt-1024x1024.jpg,image,https://www.flowersinagun.com/wp-content/uploads/2017/07/ShawnaVirago_HeavenSentDelinquent_AlbumCoverArt-1024x1024.jpg,image/jpeg,1,20230605064553,20230605064553,20230605064553
flowersinagun.com/wp-content/uploads/2017/07/ShawnaVirago_HeavenSentDelinquent_AlbumCoverArt-150x150.jpg,image,https://www.flowersinagun.com/wp-content/uploads/2017/07/ShawnaVirago_HeavenSentDelinquent_AlbumCoverArt-150x150.jpg,image/jpeg,3,20180218191025,20230605064553,20230605064553
flowersinagun.com/wp-content/uploads/2017/07/ShawnaVirago_HeavenSentDelinquent_AlbumCoverArt-160x160.jpg,image,https://www.flowersinagun.com/wp-content/uploads/2017/07/ShawnaVirago_HeavenSentDelinquent_AlbumCoverArt-160x160.jpg,image/jpeg,2,20171024185850,20230605064554,20230605064554
flowersinagun.com/wp-content/uploads/2017/07/ShawnaVirago_HeavenSentDelinquent_AlbumCoverArt-260x260.jpg,image,https://www.flowersinagun.com/wp-content/uploads/2017/07/ShawnaVirago_HeavenSentDelinquent_AlbumCoverArt-260x260.jpg,image/jpeg,1,20230605064553,20230605064553,20230605064553
flowersinagun.com/wp-content/uploads/2017/07/ShawnaVirago_HeavenSentDelinquent_AlbumCoverArt-300x300.jpg,image,https://www.flowersinagun.com/wp-content/uploads/2017/07/ShawnaVirago_HeavenSentDelinquent_AlbumCoverArt-300x300.jpg,image/jpeg,1,20230605064554,20230605064554,20230605064554
flowersinagun.com/wp-content/uploads/2017/07/ShawnaVirago_HeavenSentDelinquent_AlbumCoverArt-560x560.jpg,image,https://www.flowersinagun.com/wp-content/uploads/2017/07/ShawnaVirago_HeavenSentDelinquent_AlbumCoverArt-560x560.jpg,image/jpeg,1,20230605064553,20230605064553,20230605064553
flowersinagun.com/wp-content/uploads/2017/07/ShawnaVirago_HeavenSentDelinquent_AlbumCoverArt-768x768.jpg,image,https://www.flowersinagun.com/wp-content/uploads/2017/07/ShawnaVirago_HeavenSentDelinquent_AlbumCoverArt-768x768.jpg,image/jpeg,1,20230605064554,20230605064554,20230605064554
flowersinagun.com/wp-content/uploads/2017/07/ShawnaVirago_HeavenSentDelinquent_AlbumCoverArt.jpg,image,https://www.flowersinagun.com/wp-content/uploads/2017/07/ShawnaVirago_HeavenSentDelinquent_AlbumCoverArt.jpg,image/jpeg,1,20230605064553,20230605064553,20230605064553
flowersinagun.com/wp-content/uploads/2017/09/images-150x150.jpeg,image,https://www.flowersinagun.com/wp-content/uploads/2017/09/images-150x150.jpeg,image/jpeg,3,20180220021636,20230607182327,20230607182327
flowersinagun.com/wp-content/uploads/2017/09/images-260x160.jpeg,image,http://www.flowersinagun.com/wp-content/uploads/2017/09/images-260x160.jpeg,image/jpeg,1,20171024185653,20171024185653,20171024185653
flowersinagun.com/wp-content/uploads/2017/10/12509345_969135483139974_6845984074229194397_n-150x150.jpg,image,https://www.flowersinagun.com/wp-content/uploads/2017/10/12509345_969135483139974_6845984074229194397_n-150x150.jpg,image/jpeg,6,20171024192807,20230812211420,20230812211420
flowersinagun.com/wp-content/uploads/2017/10/12509345_969135483139974_6845984074229194397_n.jpg,image,https://www.flowersinagun.com/wp-content/uploads/2017/10/12509345_969135483139974_6845984074229194397_n.jpg,image/jpeg,5,20171024191800,20230519025352,20230519025352
flowersinagun.com/wp-content/uploads/2017/10/20171006_211842-150x150.jpg,image,https://www.flowersinagun.com/wp-content/uploads/2017/10/20171006_211842-150x150.jpg,image/jpeg,3,20180221180051,20230605133905,20230605133905
flowersinagun.com/wp-content/uploads/2017/10/20171006_211842-160x90.jpg,image,http://www.flowersinagun.com/wp-content/uploads/2017/10/20171006_211842-160x90.jpg,image/jpeg,1,20190621231521,20190621231521,20190621231521
flowersinagun.com/wp-content/uploads/2017/10/20171006_211842.jpg,image,http://www.flowersinagun.com/wp-content/uploads/2017/10/20171006_211842.jpg,image/jpeg,1,20180213083454,20180213083454,20180213083454
flowersinagun.com/wp-content/uploads/2017/10/20171006_213711-e1508083916422.jpg,image,http://www.flowersinagun.com/wp-content/uploads/2017/10/20171006_213711-e1508083916422.jpg,image/jpeg,1,20180213065704,20180213065704,20180213065704
flowersinagun.com/wp-content/uploads/2017/10/20171006_213900.jpg,image,http://www.flowersinagun.com/wp-content/uploads/2017/10/20171006_213900.jpg,image/jpeg,1,20180213074326,20180213074326,20180213074326
flowersinagun.com/wp-content/uploads/2017/10/20171006_215027-e1508089767765.jpg,image,http://www.flowersinagun.com/wp-content/uploads/2017/10/20171006_215027-e1508089767765.jpg,image/jpeg,1,20180213091356,20180213091356,20180213091356
flowersinagun.com/wp-content/uploads/2017/10/Gene_Simmons_2012-1-150x150.jpg,image,https://www.flowersinagun.com/wp-content/uploads/2017/10/Gene_Simmons_2012-1-150x150.jpg,image/jpeg,3,20180222113116,20230608093535,20230608093535
flowersinagun.com/wp-content/uploads/2017/10/Gene_Simmons_2012-1-160x240.jpg,image,http://www.flowersinagun.com/wp-content/uploads/2017/10/Gene_Simmons_2012-1-160x240.jpg,image/jpeg,1,20190621230214,20190621230214,20190621230214
flowersinagun.com/wp-content/uploads/2017/10/Gene_Simmons_2012.jpg,image,http://www.flowersinagun.com/wp-content/uploads/2017/10/Gene_Simmons_2012.jpg,image/jpeg,1,20180212033555,20180212033555,20180212033555
flowersinagun.com/wp-content/uploads/2017/10/IMG_1025.jpg,image,http://www.flowersinagun.com/wp-content/uploads/2017/10/IMG_1025.jpg,image/jpeg,1,20180123013320,20180123013320,20180123013320
flowersinagun.com/wp-content/uploads/2017/10/IMG_1029.jpg,image,http://www.flowersinagun.com/wp-content/uploads/2017/10/IMG_1029.jpg,image/jpeg,1,20180123110657,20180123110657,20180123110657
flowersinagun.com/wp-content/uploads/2017/10/IMG_1034-150x150.jpg,image,https://www.flowersinagun.com/wp-content/uploads/2017/10/IMG_1034-150x150.jpg,image/jpeg,3,20180220230154,20230607182326,20230607182326
flowersinagun.com/wp-content/uploads/2017/10/IMG_1034-160x107.jpg,image,http://www.flowersinagun.com/wp-content/uploads/2017/10/IMG_1034-160x107.jpg,image/jpeg,1,20190621230819,20190621230819,20190621230819
flowersinagun.com/wp-content/uploads/2017/10/IMG_1034.jpg,image,http://www.flowersinagun.com/wp-content/uploads/2017/10/IMG_1034.jpg,image/jpeg,1,20180123114022,20180123114022,20180123114022
flowersinagun.com/wp-content/uploads/2017/10/IMG_1036.jpg,image,http://www.flowersinagun.com/wp-content/uploads/2017/10/IMG_1036.jpg,image/jpeg,1,20180123030030,20180123030030,20180123030030
flowersinagun.com/wp-content/uploads/2017/10/IMG_1041.jpg,image,http://www.flowersinagun.com/wp-content/uploads/2017/10/IMG_1041.jpg,image/jpeg,1,20180123121520,20180123121520,20180123121520
flowersinagun.com/wp-content/uploads/2017/10/IMG_1048.jpg,image,http://www.flowersinagun.com/wp-content/uploads/2017/10/IMG_1048.jpg,image/jpeg,1,20180123071802,20180123071802,20180123071802
flowersinagun.com/wp-content/uploads/2017/10/IMG_1054.jpg,image,http://www.flowersinagun.com/wp-content/uploads/2017/10/IMG_1054.jpg,image/jpeg,1,20180123111004,20180123111004,20180123111004
flowersinagun.com/wp-content/uploads/2017/10/IMG_1056.jpg,image,http://www.flowersinagun.com/wp-content/uploads/2017/10/IMG_1056.jpg,image/jpeg,1,20180123031557,20180123031557,20180123031557
flowersinagun.com/wp-content/uploads/2017/10/IMG_1058.jpg,image,http://www.flowersinagun.com/wp-content/uploads/2017/10/IMG_1058.jpg,image/jpeg,1,20180123020125,20180123020125,20180123020125
flowersinagun.com/wp-content/uploads/2017/10/IMG_1059.jpg,image,http://www.flowersinagun.com/wp-content/uploads/2017/10/IMG_1059.jpg,image/jpeg,1,20180123040400,20180123040400,20180123040400
flowersinagun.com/wp-content/uploads/2017/10/IMG_1060.jpg,image,http://www.flowersinagun.com/wp-content/uploads/2017/10/IMG_1060.jpg,image/jpeg,1,20180123013323,20180123013323,20180123013323
flowersinagun.com/wp-content/uploads/2017/10/IMG_1061.jpg,image,http://www.flowersinagun.com/wp-content/uploads/2017/10/IMG_1061.jpg,image/jpeg,1,20180123043239,20180123043239,20180123043239
flowersinagun.com/wp-content/uploads/2017/10/IMG_1063.jpg,image,http://www.flowersinagun.com/wp-content/uploads/2017/10/IMG_1063.jpg,image/jpeg,1,20180123100330,20180123100330,20180123100330
flowersinagun.com/wp-content/uploads/2017/10/IMG_1064.jpg,image,http://www.flowersinagun.com/wp-content/uploads/2017/10/IMG_1064.jpg,image/jpeg,1,20180123110247,20180123110247,20180123110247
flowersinagun.com/wp-content/uploads/2017/10/IMG_1086.jpg,image,http://www.flowersinagun.com/wp-content/uploads/2017/10/IMG_1086.jpg,image/jpeg,1,20180123120841,20180123120841,20180123120841
flowersinagun.com/wp-content/uploads/2017/10/unnamed-150x150.jpg,image,https://www.flowersinagun.com/wp-content/uploads/2017/10/unnamed-150x150.jpg,image/jpeg,3,20180220222541,20230608093535,20230608093535
flowersinagun.com/wp-content/uploads/2017/10/unnamed-150x150.png,image,https://www.flowersinagun.com/wp-content/uploads/2017/10/unnamed-150x150.png,image/png,3,20180221024751,20230608093535,20230608093535
flowersinagun.com/wp-content/uploads/2017/10/unnamed-160x160.jpg,image,https://www.flowersinagun.com/wp-content/uploads/2017/10/unnamed-160x160.jpg,image/jpeg,1,20230608232106,20230608232106,20230608232106
flowersinagun.com/wp-content/uploads/2017/10/unnamed-160x195.png,image,http://www.flowersinagun.com/wp-content/uploads/2017/10/unnamed-160x195.png,image/png,1,20190621225526,20190621225526,20190621225526
flowersinagun.com/wp-content/uploads/2017/10/unnamed-260x260.jpg,image,https://www.flowersinagun.com/wp-content/uploads/2017/10/unnamed-260x260.jpg,image/jpeg,2,20171024185304,20230608232108,20230608232108
flowersinagun.com/wp-content/uploads/2017/10/unnamed-300x300.jpg,image,https://www.flowersinagun.com/wp-content/uploads/2017/10/unnamed-300x300.jpg,image/jpeg,1,20230608232108,20230608232108,20230608232108
flowersinagun.com/wp-content/uploads/2017/10/unnamed-560x681.png,image,http://www.flowersinagun.com/wp-content/uploads/2017/10/unnamed-560x681.png,image/png,1,20171024191307,20171024191307,20171024191307
flowersinagun.com/wp-content/uploads/2017/10/unnamed.jpg,image,https://www.flowersinagun.com/wp-content/uploads/2017/10/unnamed.jpg,image/jpeg,1,20230608232107,20230608232107,20230608232107
flowersinagun.com/wp-content/uploads/2017/10/unnamed.png,image,http://www.flowersinagun.com/wp-content/uploads/2017/10/unnamed.png,image/png,1,20180213054452,20180213054452,20180213054452
flowersinagun.com/wp-content/uploads/2017/11/10430842_566199980212720_1822109394331510377_n-150x150.jpg,image,https://www.flowersinagun.com/wp-content/uploads/2017/11/10430842_566199980212720_1822109394331510377_n-150x150.jpg,image/jpeg,3,20180221164219,20230605133905,20230605133905
flowersinagun.com/wp-content/uploads/2017/11/10430842_566199980212720_1822109394331510377_n-160x240.jpg,image,http://www.flowersinagun.com/wp-content/uploads/2017/11/10430842_566199980212720_1822109394331510377_n-160x240.jpg,image/jpeg,1,20190621231403,20190621231403,20190621231403
flowersinagun.com/wp-content/uploads/2017/11/10430842_566199980212720_1822109394331510377_n.jpg,image,http://www.flowersinagun.com/wp-content/uploads/2017/11/10430842_566199980212720_1822109394331510377_n.jpg,image/jpeg,1,20180213091549,20180213091549,20180213091549
flowersinagun.com/wp-content/uploads/2017/11/12741959_566199733546078_7720989479862632233_n.jpg,image,http://www.flowersinagun.com/wp-content/uploads/2017/11/12741959_566199733546078_7720989479862632233_n.jpg,image/jpeg,1,20180213061349,20180213061349,20180213061349
flowersinagun.com/wp-content/uploads/2017/11/14095958_653534824805745_4233425990546477755_n-150x150.jpg,image,https://www.flowersinagun.com/wp-content/uploads/2017/11/14095958_653534824805745_4233425990546477755_n-150x150.jpg,image/jpeg,3,20180221234434,20230607182310,20230607182310
flowersinagun.com/wp-content/uploads/2017/11/14095958_653534824805745_4233425990546477755_n-160x107.jpg,image,http://www.flowersinagun.com/wp-content/uploads/2017/11/14095958_653534824805745_4233425990546477755_n-160x107.jpg,image/jpeg,1,20190621224947,20190621224947,20190621224947
flowersinagun.com/wp-content/uploads/2017/11/14095958_653534824805745_4233425990546477755_n.jpg,image,http://www.flowersinagun.com/wp-content/uploads/2017/11/14095958_653534824805745_4233425990546477755_n.jpg,image/jpeg,1,20180213084417,20180213084417,20180213084417
flowersinagun.com/wp-content/uploads/2017/11/14470479_670544233104804_8438960244623747360_n.jpg,image,http://www.flowersinagun.com/wp-content/uploads/2017/11/14470479_670544233104804_8438960244623747360_n.jpg,image/jpeg,1,20180213093735,20180213093735,20180213093735
flowersinagun.com/wp-content/uploads/2017/11/18301199_797997770359449_5032749383118115721_n.jpg,image,http://www.flowersinagun.com/wp-content/uploads/2017/11/18301199_797997770359449_5032749383118115721_n.jpg,image/jpeg,1,20180213083123,20180213083123,20180213083123
flowersinagun.com/wp-content/uploads/2017/11/18485747_802582106567682_3600662800768602100_n.jpg,image,http://www.flowersinagun.com/wp-content/uploads/2017/11/18485747_802582106567682_3600662800768602100_n.jpg,image/jpeg,1,20180213061135,20180213061135,20180213061135
flowersinagun.com/wp-content/uploads/2017/11/65307_10200371655113793_158839090_n-1-150x150.jpg,image,https://www.flowersinagun.com/wp-content/uploads/2017/11/65307_10200371655113793_158839090_n-1-150x150.jpg,image/jpeg,3,20180220230032,20230607182310,20230607182310
flowersinagun.com/wp-content/uploads/2017/11/65307_10200371655113793_158839090_n-1-160x60.jpg,image,http://www.flowersinagun.com/wp-content/uploads/2017/11/65307_10200371655113793_158839090_n-1-160x60.jpg,image/jpeg,1,20190621231341,20190621231341,20190621231341
flowersinagun.com/wp-content/uploads/2017/11/65307_10200371655113793_158839090_n.jpg,image,http://www.flowersinagun.com/wp-content/uploads/2017/11/65307_10200371655113793_158839090_n.jpg,image/jpeg,1,20180213063027,20180213063027,20180213063027
flowersinagun.com/wp-content/uploads/2017/11/DSC_0008.jpg,image,http://www.flowersinagun.com/wp-content/uploads/2017/11/DSC_0008.jpg,image/jpeg,1,20180213093858,20180213093858,20180213093858
flowersinagun.com/wp-content/uploads/2017/11/DSC_1199.jpg,image,http://www.flowersinagun.com/wp-content/uploads/2017/11/DSC_1199.jpg,image/jpeg,1,20180213074322,20180213074322,20180213074322
flowersinagun.com/wp-content/uploads/2017/11/DSC_1215.jpg,image,http://www.flowersinagun.com/wp-content/uploads/2017/11/DSC_1215.jpg,image/jpeg,1,20180213075957,20180213075957,20180213075957
flowersinagun.com/wp-content/uploads/2017/11/DSC_1234-150x150.jpg,image,https://www.flowersinagun.com/wp-content/uploads/2017/11/DSC_1234-150x150.jpg,image/jpeg,2,20180221022855,20230606042940,20230606042940
flowersinagun.com/wp-content/uploads/2017/11/DSC_1234-160x106.jpg,image,http://www.flowersinagun.com/wp-content/uploads/2017/11/DSC_1234-160x106.jpg,image/jpeg,1,20180222023041,20180222023041,20180222023041
flowersinagun.com/wp-content/uploads/2017/11/DSC_1234.jpg,image,http://www.flowersinagun.com/wp-content/uploads/2017/11/DSC_1234.jpg,image/jpeg,1,20180213065843,20180213065843,20180213065843
flowersinagun.com/wp-content/uploads/2017/11/DSC_1260.jpg,image,http://www.flowersinagun.com/wp-content/uploads/2017/11/DSC_1260.jpg,image/jpeg,1,20180213075431,20180213075431,20180213075431
flowersinagun.com/wp-content/uploads/2017/11/DSC_1265.jpg,image,http://www.flowersinagun.com/wp-content/uploads/2017/11/DSC_1265.jpg,image/jpeg,1,20180213061521,20180213061521,20180213061521
flowersinagun.com/wp-content/uploads/2017/11/Days-Months-Years_Album-Cover-1200x1071.jpg,image,http://www.flowersinagun.com/wp-content/uploads/2017/11/Days-Months-Years_Album-Cover-1200x1071.jpg,image/jpeg,1,20180213085453,20180213085453,20180213085453
flowersinagun.com/wp-content/uploads/2017/12/14034829_1782949208593726_9059484599375828926_n.jpg,image,http://www.flowersinagun.com/wp-content/uploads/2017/12/14034829_1782949208593726_9059484599375828926_n.jpg,image/jpeg,1,20180213070256,20180213070256,20180213070256
flowersinagun.com/wp-content/uploads/2017/12/24232705_949965045157633_8597422299991230534_n-150x150.jpg,image,https://www.flowersinagun.com/wp-content/uploads/2017/12/24232705_949965045157633_8597422299991230534_n-150x150.jpg,image/jpeg,3,20180221024753,20230605064555,20230605064555
flowersinagun.com/wp-content/uploads/2017/12/24232705_949965045157633_8597422299991230534_n-160x227.jpg,image,http://www.flowersinagun.com/wp-content/uploads/2017/12/24232705_949965045157633_8597422299991230534_n-160x227.jpg,image/jpeg,1,20190621231356,20190621231356,20190621231356
flowersinagun.com/wp-content/uploads/2017/12/24232705_949965045157633_8597422299991230534_n-260x368.jpg,image,http://www.flowersinagun.com/wp-content/uploads/2017/12/24232705_949965045157633_8597422299991230534_n-260x368.jpg,image/jpeg,1,20180221201827,20180221201827,20180221201827
flowersinagun.com/wp-content/uploads/2017/12/24232705_949965045157633_8597422299991230534_n.jpg,image,http://www.flowersinagun.com/wp-content/uploads/2017/12/24232705_949965045157633_8597422299991230534_n.jpg,image/jpeg,1,20180213063853,20180213063853,20180213063853
flowersinagun.com/wp-content/uploads/2017/12/24993383_1990109517877693_1117065360892005799_n-150x150.jpg,image,https://www.flowersinagun.com/wp-content/uploads/2017/12/24993383_1990109517877693_1117065360892005799_n-150x150.jpg,image/jpeg,3,20180221041304,20230605064555,20230605064555
flowersinagun.com/wp-content/uploads/2017/12/24993383_1990109517877693_1117065360892005799_n-160x91.jpg,image,http://www.flowersinagun.com/wp-content/uploads/2017/12/24993383_1990109517877693_1117065360892005799_n-160x91.jpg,image/jpeg,1,20180222012529,20180222012529,20180222012529
flowersinagun.com/wp-content/uploads/2017/12/24993383_1990109517877693_1117065360892005799_n.jpg,image,http://www.flowersinagun.com/wp-content/uploads/2017/12/24993383_1990109517877693_1117065360892005799_n.jpg,image/jpeg,1,20180213074320,20180213074320,20180213074320
flowersinagun.com/wp-content/uploads/2017/12/IMG_1290.jpg,image,http://www.flowersinagun.com/wp-content/uploads/2017/12/IMG_1290.jpg,image/jpeg,1,20180213082523,20180213082523,20180213082523
flowersinagun.com/wp-content/uploads/2017/12/IMG_1291.jpg,image,http://www.flowersinagun.com/wp-content/uploads/2017/12/IMG_1291.jpg,image/jpeg,1,20180213093629,20180213093629,20180213093629
flowersinagun.com/wp-content/uploads/2017/12/IMG_1299.jpg,image,http://www.flowersinagun.com/wp-content/uploads/2017/12/IMG_1299.jpg,image/jpeg,1,20180213093517,20180213093517,20180213093517
flowersinagun.com/wp-content/uploads/2017/12/IMG_1306.jpg,image,http://www.flowersinagun.com/wp-content/uploads/2017/12/IMG_1306.jpg,image/jpeg,1,20180213061005,20180213061005,20180213061005
flowersinagun.com/wp-content/uploads/2017/12/IMG_1326.jpg,image,http://www.flowersinagun.com/wp-content/uploads/2017/12/IMG_1326.jpg,image/jpeg,1,20180213080608,20180213080608,20180213080608
flowersinagun.com/wp-content/uploads/2017/12/IMG_1327-150x150.jpg,image,https://www.flowersinagun.com/wp-content/uploads/2017/12/IMG_1327-150x150.jpg,image/jpeg,3,20180221062149,20230605064556,20230605064556
flowersinagun.com/wp-content/uploads/2017/12/IMG_1327-160x107.jpg,image,http://www.flowersinagun.com/wp-content/uploads/2017/12/IMG_1327-160x107.jpg,image/jpeg,1,20180221175623,20180221175623,20180221175623
flowersinagun.com/wp-content/uploads/2017/12/IMG_1327.jpg,image,http://www.flowersinagun.com/wp-content/uploads/2017/12/IMG_1327.jpg,image/jpeg,1,20180213085958,20180213085958,20180213085958
flowersinagun.com/wp-content/uploads/2017/12/IMG_1329.jpg,image,http://www.flowersinagun.com/wp-content/uploads/2017/12/IMG_1329.jpg,image/jpeg,1,20180213082325,20180213082325,20180213082325
flowersinagun.com/wp-content/uploads/2017/12/IMG_1334.jpg,image,http://www.flowersinagun.com/wp-content/uploads/2017/12/IMG_1334.jpg,image/jpeg,1,20180213083226,20180213083226,20180213083226
flowersinagun.com/wp-content/uploads/2017/12/IMG_1341.jpg,image,http://www.flowersinagun.com/wp-content/uploads/2017/12/IMG_1341.jpg,image/jpeg,1,20180213084640,20180213084640,20180213084640
flowersinagun.com/wp-content/uploads/2017/12/IMG_1343.jpg,image,http://www.flowersinagun.com/wp-content/uploads/2017/12/IMG_1343.jpg,image/jpeg,1,20180213061003,20180213061003,20180213061003
flowersinagun.com/wp-content/uploads/2017/12/IMG_1356.jpg,image,http://www.flowersinagun.com/wp-content/uploads/2017/12/IMG_1356.jpg,image/jpeg,1,20180213062228,20180213062228,20180213062228
flowersinagun.com/wp-content/uploads/2017/12/IMG_1363.jpg,image,http://www.flowersinagun.com/wp-content/uploads/2017/12/IMG_1363.jpg,image/jpeg,1,20180213080612,20180213080612,20180213080612
flowersinagun.com/wp-content/uploads/2017/12/IMG_1368.jpg,image,http://www.flowersinagun.com/wp-content/uploads/2017/12/IMG_1368.jpg,image/jpeg,1,20180213074324,20180213074324,20180213074324
flowersinagun.com/wp-content/uploads/2017/12/IMG_1389.jpg,image,http://www.flowersinagun.com/wp-content/uploads/2017/12/IMG_1389.jpg,image/jpeg,1,20180213075959,20180213075959,20180213075959
flowersinagun.com/wp-content/uploads/2017/12/IMG_1390.jpg,image,http://www.flowersinagun.com/wp-content/uploads/2017/12/IMG_1390.jpg,image/jpeg,1,20180213070105,20180213070105,20180213070105
flowersinagun.com/wp-content/uploads/2017/12/IMG_1391.jpg,image,http://www.flowersinagun.com/wp-content/uploads/2017/12/IMG_1391.jpg,image/jpeg,1,20180213062315,20180213062315,20180213062315
flowersinagun.com/wp-content/uploads/2017/12/IMG_1411.jpg,image,http://www.flowersinagun.com/wp-content/uploads/2017/12/IMG_1411.jpg,image/jpeg,1,20180213093737,20180213093737,20180213093737
flowersinagun.com/wp-content/uploads/2017/12/IMG_8202.jpg,image,http://www.flowersinagun.com/wp-content/uploads/2017/12/IMG_8202.jpg,image/jpeg,1,20180213072711,20180213072711,20180213072711
flowersinagun.com/wp-content/uploads/2017/12/IMG_8216-e1514046271356.jpg,image,http://www.flowersinagun.com/wp-content/uploads/2017/12/IMG_8216-e1514046271356.jpg,image/jpeg,1,20180213090057,20180213090057,20180213090057
flowersinagun.com/wp-content/uploads/2017/12/IMG_8217-150x150.jpg,image,https://www.flowersinagun.com/wp-content/uploads/2017/12/IMG_8217-150x150.jpg,image/jpeg,3,20180219013051,20230606042939,20230606042939
flowersinagun.com/wp-content/uploads/2017/12/IMG_8217-160x120.jpg,image,http://www.flowersinagun.com/wp-content/uploads/2017/12/IMG_8217-160x120.jpg,image/jpeg,1,20181122191142,20181122191142,20181122191142
flowersinagun.com/wp-content/uploads/2017/12/IMG_8217-260x195.jpg,image,http://www.flowersinagun.com/wp-content/uploads/2017/12/IMG_8217-260x195.jpg,image/jpeg,1,20180221233254,20180221233254,20180221233254
flowersinagun.com/wp-content/uploads/2017/12/IMG_8217.jpg,image,http://www.flowersinagun.com/wp-content/uploads/2017/12/IMG_8217.jpg,image/jpeg,1,20180213074329,20180213074329,20180213074329
flowersinagun.com/wp-content/uploads/2018/01/DSC_0360-1.jpg,image,http://www.flowersinagun.com/wp-content/uploads/2018/01/DSC_0360-1.jpg,image/jpeg,1,20190621231231,20190621231231,20190621231231
flowersinagun.com/wp-content/uploads/2018/01/DSC_0365.jpg,image,http://www.flowersinagun.com/wp-content/uploads/2018/01/DSC_0365.jpg,image/jpeg,1,20190621231927,20190621231927,20190621231927
flowersinagun.com/wp-content/uploads/2018/01/DSC_0383.jpg,image,http://www.flowersinagun.com/wp-content/uploads/2018/01/DSC_0383.jpg,image/jpeg,1,20190621225154,20190621225154,20190621225154
flowersinagun.com/wp-content/uploads/2018/01/DSC_0390.jpg,image,http://www.flowersinagun.com/wp-content/uploads/2018/01/DSC_0390.jpg,image/jpeg,1,20190621231257,20190621231257,20190621231257
flowersinagun.com/wp-content/uploads/2018/01/DSC_0395.jpg,image,http://www.flowersinagun.com/wp-content/uploads/2018/01/DSC_0395.jpg,image/jpeg,1,20190621231545,20190621231545,20190621231545
flowersinagun.com/wp-content/uploads/2018/01/DSC_0407.jpg,image,http://www.flowersinagun.com/wp-content/uploads/2018/01/DSC_0407.jpg,image/jpeg,1,20190621225057,20190621225057,20190621225057
flowersinagun.com/wp-content/uploads/2018/01/DSC_0418.jpg,image,http://www.flowersinagun.com/wp-content/uploads/2018/01/DSC_0418.jpg,image/jpeg,1,20190621231352,20190621231352,20190621231352
flowersinagun.com/wp-content/uploads/2018/01/DSC_0474.jpg,image,http://www.flowersinagun.com/wp-content/uploads/2018/01/DSC_0474.jpg,image/jpeg,1,20190621230407,20190621230407,20190621230407
flowersinagun.com/wp-content/uploads/2018/01/DSC_0489.jpg,image,http://www.flowersinagun.com/wp-content/uploads/2018/01/DSC_0489.jpg,image/jpeg,1,20190621231403,20190621231403,20190621231403
flowersinagun.com/wp-content/uploads/2018/01/DSC_0490.jpg,image,http://www.flowersinagun.com/wp-content/uploads/2018/01/DSC_0490.jpg,image/jpeg,1,20190621224936,20190621224936,20190621224936
flowersinagun.com/wp-content/uploads/2018/01/IMG_1484.jpg,image,http://www.flowersinagun.com/wp-content/uploads/2018/01/IMG_1484.jpg,image/jpeg,1,20190621225216,20190621225216,20190621225216
flowersinagun.com/wp-content/uploads/2018/01/IMG_1487.jpg,image,http://www.flowersinagun.com/wp-content/uploads/2018/01/IMG_1487.jpg,image/jpeg,1,20190621231409,20190621231409,20190621231409
flowersinagun.com/wp-content/uploads/2018/01/IMG_1489.jpg,image,http://www.flowersinagun.com/wp-content/uploads/2018/01/IMG_1489.jpg,image/jpeg,1,20190621231348,20190621231348,20190621231348
flowersinagun.com/wp-content/uploads/2018/01/IMG_1494.jpg,image,http://www.flowersinagun.com/wp-content/uploads/2018/01/IMG_1494.jpg,image/jpeg,1,20190621231214,20190621231214,20190621231214
flowersinagun.com/wp-content/uploads/2018/01/IMG_1497.jpg,image,http://www.flowersinagun.com/wp-content/uploads/2018/01/IMG_1497.jpg,image/jpeg,1,20190621231250,20190621231250,20190621231250
flowersinagun.com/wp-content/uploads/2018/01/IMG_1499.jpg,image,http://www.flowersinagun.com/wp-content/uploads/2018/01/IMG_1499.jpg,image/jpeg,1,20190621225437,20190621225437,20190621225437
flowersinagun.com/wp-content/uploads/2018/01/IMG_1500.jpg,image,http://www.flowersinagun.com/wp-content/uploads/2018/01/IMG_1500.jpg,image/jpeg,1,20190621231102,20190621231102,20190621231102
flowersinagun.com/wp-content/uploads/2018/01/IMG_1501-150x150.jpg,image,https://www.flowersinagun.com/wp-content/uploads/2018/01/IMG_1501-150x150.jpg,image/jpeg,3,20180221021018,20230605064555,20230605064555
flowersinagun.com/wp-content/uploads/2018/01/IMG_1501-160x107.jpg,image,http://www.flowersinagun.com/wp-content/uploads/2018/01/IMG_1501-160x107.jpg,image/jpeg,1,20181122200541,20181122200541,20181122200541
flowersinagun.com/wp-content/uploads/2018/01/IMG_1501-560x373.jpg,image,http://www.flowersinagun.com/wp-content/uploads/2018/01/IMG_1501-560x373.jpg,image/jpeg,1,20180221134557,20180221134557,20180221134557
flowersinagun.com/wp-content/uploads/2018/01/IMG_1501.jpg,image,https://www.flowersinagun.com/wp-content/uploads/2018/01/IMG_1501.jpg,image/jpeg,1,20190806041700,20190806041700,20190806041700
flowersinagun.com/wp-content/uploads/2018/01/IMG_1503.jpg,image,http://www.flowersinagun.com/wp-content/uploads/2018/01/IMG_1503.jpg,image/jpeg,1,20190621231227,20190621231227,20190621231227
flowersinagun.com/wp-content/uploads/2018/01/IMG_1505.jpg,image,http://www.flowersinagun.com/wp-content/uploads/2018/01/IMG_1505.jpg,image/jpeg,1,20190621225211,20190621225211,20190621225211
flowersinagun.com/wp-content/uploads/2018/01/P1231097-1024x768.jpg,image,http://www.flowersinagun.com/wp-content/uploads/2018/01/P1231097-1024x768.jpg,image/jpeg,1,20190621225049,20190621225049,20190621225049
flowersinagun.com/wp-content/uploads/2018/01/P1231100-1024x768.jpg,image,http://www.flowersinagun.com/wp-content/uploads/2018/01/P1231100-1024x768.jpg,image/jpeg,1,20190621224814,20190621224814,20190621224814
flowersinagun.com/wp-content/uploads/2018/01/P1231104-1024x768.jpg,image,http://www.flowersinagun.com/wp-content/uploads/2018/01/P1231104-1024x768.jpg,image/jpeg,1,20190621225441,20190621225441,20190621225441
flowersinagun.com/wp-content/uploads/2018/01/P1231104-150x150.jpg,image,https://www.flowersinagun.com/wp-content/uploads/2018/01/P1231104-150x150.jpg,image/jpeg,3,20190621224109,20230605064554,20230605064554
flowersinagun.com/wp-content/uploads/2018/01/P1231104-160x120.jpg,image,http://www.flowersinagun.com/wp-content/uploads/2018/01/P1231104-160x120.jpg,image/jpeg,1,20181122192948,20181122192948,20181122192948
flowersinagun.com/wp-content/uploads/2018/01/P1231114-e1517285003774-768x1024.jpg,image,http://www.flowersinagun.com/wp-content/uploads/2018/01/P1231114-e1517285003774-768x1024.jpg,image/jpeg,1,20190621225831,20190621225831,20190621225831
flowersinagun.com/wp-content/uploads/2018/01/P1231128-1024x768.jpg,image,http://www.flowersinagun.com/wp-content/uploads/2018/01/P1231128-1024x768.jpg,image/jpeg,1,20190621231309,20190621231309,20190621231309
flowersinagun.com/wp-content/uploads/2018/01/P1231145-1024x768.jpg,image,http://www.flowersinagun.com/wp-content/uploads/2018/01/P1231145-1024x768.jpg,image/jpeg,1,20190621230747,20190621230747,20190621230747
flowersinagun.com/wp-content/uploads/2018/01/P1231148-1024x768.jpg,image,http://www.flowersinagun.com/wp-content/uploads/2018/01/P1231148-1024x768.jpg,image/jpeg,1,20190621230357,20190621230357,20190621230357
flowersinagun.com/wp-content/uploads/2018/01/P1231149-1024x768.jpg,image,http://www.flowersinagun.com/wp-content/uploads/2018/01/P1231149-1024x768.jpg,image/jpeg,1,20190621231413,20190621231413,20190621231413
flowersinagun.com/wp-content/uploads/2018/02/DSC_0202.jpg,image,https://www.flowersinagun.com/wp-content/uploads/2018/02/DSC_0202.jpg,image/jpeg,1,20190806042328,20190806042328,20190806042328
flowersinagun.com/wp-content/uploads/2018/02/DSC_0214.jpg,image,https://www.flowersinagun.com/wp-content/uploads/2018/02/DSC_0214.jpg,image/jpeg,1,20190806041423,20190806041423,20190806041423
flowersinagun.com/wp-content/uploads/2018/02/DSC_0320.jpg,image,https://www.flowersinagun.com/wp-content/uploads/2018/02/DSC_0320.jpg,image/jpeg,1,20190806040845,20190806040845,20190806040845
flowersinagun.com/wp-content/uploads/2018/05/andy-michaels-1-150x150.jpg,image,https://www.flowersinagun.com/wp-content/uploads/2018/05/andy-michaels-1-150x150.jpg,image/jpeg,3,20190621222111,20230605064555,20230605064555
flowersinagun.com/wp-content/uploads/2018/05/andy-michaels-1-160x139.jpg,image,https://www.flowersinagun.com/wp-content/uploads/2018/05/andy-michaels-1-160x139.jpg,image/jpeg,1,20190809195016,20190809195016,20190809195016
flowersinagun.com/wp-content/uploads/2018/05/andy-michaels-1-260x226.jpg,image,http://www.flowersinagun.com/wp-content/uploads/2018/05/andy-michaels-1-260x226.jpg,image/jpeg,1,20181122193530,20181122193530,20181122193530
flowersinagun.com/wp-content/uploads/2018/05/andy-michaels-1-300x261.jpg,image,http://www.flowersinagun.com/wp-content/uploads/2018/05/andy-michaels-1-300x261.jpg,image/jpeg,1,20190621221543,20190621221543,20190621221543
flowersinagun.com/wp-content/uploads/2018/05/andy-michaels-2-294x300.jpg,image,http://www.flowersinagun.com/wp-content/uploads/2018/05/andy-michaels-2-294x300.jpg,image/jpeg,1,20190621221556,20190621221556,20190621221556
flowersinagun.com/wp-content/uploads/2018/08/kate1-300x300.jpg,image,http://www.flowersinagun.com/wp-content/uploads/2018/08/kate1-300x300.jpg,image/jpeg,1,20190621224935,20190621224935,20190621224935
flowersinagun.com/wp-content/uploads/2018/08/kate2-168x300.jpg,image,http://www.flowersinagun.com/wp-content/uploads/2018/08/kate2-168x300.jpg,image/jpeg,1,20190621231433,20190621231433,20190621231433
flowersinagun.com/wp-content/uploads/2018/08/kate3-225x300.jpg,image,http://www.flowersinagun.com/wp-content/uploads/2018/08/kate3-225x300.jpg,image/jpeg,1,20190621225658,20190621225658,20190621225658
flowersinagun.com/wp-content/uploads/2018/08/kate4-300x300.jpg,image,http://www.flowersinagun.com/wp-content/uploads/2018/08/kate4-300x300.jpg,image/jpeg,1,20190621231241,20190621231241,20190621231241
flowersinagun.com/wp-content/uploads/2018/08/kate5-274x300.jpg,image,http://www.flowersinagun.com/wp-content/uploads/2018/08/kate5-274x300.jpg,image/jpeg,1,20190621231246,20190621231246,20190621231246
flowersinagun.com/wp-content/uploads/2018/08/kate6-300x192.png,image,http://www.flowersinagun.com/wp-content/uploads/2018/08/kate6-300x192.png,image/png,1,20190621231306,20190621231306,20190621231306
flowersinagun.com/wp-content/uploads/2018/08/kate7-225x300.jpg,image,http://www.flowersinagun.com/wp-content/uploads/2018/08/kate7-225x300.jpg,image/jpeg,1,20190621224805,20190621224805,20190621224805
flowersinagun.com/wp-content/uploads/2018/10/IMG_3075-150x150.jpg,image,https://www.flowersinagun.com/wp-content/uploads/2018/10/IMG_3075-150x150.jpg,image/jpeg,3,20190621221442,20230605051153,20230605051153
flowersinagun.com/wp-content/uploads/2018/10/IMG_3075-160x107.jpg,image,https://www.flowersinagun.com/wp-content/uploads/2018/10/IMG_3075-160x107.jpg,image/jpeg,1,20190809193554,20190809193554,20190809193554
flowersinagun.com/wp-content/uploads/2018/10/IMG_3075-560x373.jpg,image,http://www.flowersinagun.com/wp-content/uploads/2018/10/IMG_3075-560x373.jpg,image/jpeg,1,20190207013855,20190207013855,20190207013855
flowersinagun.com/wp-content/uploads/2018/10/IMG_3075.jpg,image,https://www.flowersinagun.com/wp-content/uploads/2018/10/IMG_3075.jpg,image/jpeg,1,20190803180216,20190803180216,20190803180216
flowersinagun.com/wp-content/uploads/2018/10/IMG_3076.jpg,image,https://www.flowersinagun.com/wp-content/uploads/2018/10/IMG_3076.jpg,image/jpeg,1,20190803175227,20190803175227,20190803175227
flowersinagun.com/wp-content/uploads/2018/10/IMG_3077.jpg,image,https://www.flowersinagun.com/wp-content/uploads/2018/10/IMG_3077.jpg,image/jpeg,1,20190803174318,20190803174318,20190803174318
flowersinagun.com/wp-content/uploads/2018/10/IMG_3080.jpg,image,https://www.flowersinagun.com/wp-content/uploads/2018/10/IMG_3080.jpg,image/jpeg,1,20190803174513,20190803174513,20190803174513
flowersinagun.com/wp-content/uploads/2018/10/IMG_3083.jpg,image,https://www.flowersinagun.com/wp-content/uploads/2018/10/IMG_3083.jpg,image/jpeg,1,20190803181027,20190803181027,20190803181027
flowersinagun.com/wp-content/uploads/2018/10/IMG_3085.jpg,image,https://www.flowersinagun.com/wp-content/uploads/2018/10/IMG_3085.jpg,image/jpeg,1,20190803180000,20190803180000,20190803180000
flowersinagun.com/wp-content/uploads/2018/10/IMG_3087.jpg,image,https://www.flowersinagun.com/wp-content/uploads/2018/10/IMG_3087.jpg,image/jpeg,1,20190803174902,20190803174902,20190803174902
flowersinagun.com/wp-content/uploads/2018/10/IMG_3094.jpg,image,https://www.flowersinagun.com/wp-content/uploads/2018/10/IMG_3094.jpg,image/jpeg,1,20190803175323,20190803175323,20190803175323
flowersinagun.com/wp-content/uploads/2018/10/IMG_3097.jpg,image,https://www.flowersinagun.com/wp-content/uploads/2018/10/IMG_3097.jpg,image/jpeg,1,20190803180311,20190803180311,20190803180311
flowersinagun.com/wp-content/uploads/2018/10/IMG_3098.jpg,image,https://www.flowersinagun.com/wp-content/uploads/2018/10/IMG_3098.jpg,image/jpeg,1,20190803175848,20190803175848,20190803175848
flowersinagun.com/wp-content/uploads/2018/10/Screen-Shot-2018-10-13-at-7.44.10-AM.png,image,https://www.flowersinagun.com/wp-content/uploads/2018/10/Screen-Shot-2018-10-13-at-7.44.10-AM.png,image/png,1,20190803175737,20190803175737,20190803175737
flowersinagun.com/wp-content/uploads/2018/10/Screen-Shot-2018-10-13-at-8.05.34-AM.png,image,https://www.flowersinagun.com/wp-content/uploads/2018/10/Screen-Shot-2018-10-13-at-8.05.34-AM.png,image/png,1,20190803175851,20190803175851,20190803175851
flowersinagun.com/wp-content/uploads/2019/06/Screen-Shot-2019-06-23-at-5.21.17-AM-150x150.png,image,https://www.flowersinagun.com/wp-content/uploads/2019/06/Screen-Shot-2019-06-23-at-5.21.17-AM-150x150.png,image/png,3,20190809193340,20230606042939,20230606042939
flowersinagun.com/wp-content/uploads/2019/06/Screen-Shot-2019-06-23-at-5.21.17-AM-160x163.png,image,https://www.flowersinagun.com/wp-content/uploads/2019/06/Screen-Shot-2019-06-23-at-5.21.17-AM-160x163.png,image/png,2,20211020162405,20230519230407,20230519230407
flowersinagun.com/wp-content/uploads/2019/06/Screen-Shot-2019-06-23-at-5.21.17-AM-260x265.png,image,https://www.flowersinagun.com/wp-content/uploads/2019/06/Screen-Shot-2019-06-23-at-5.21.17-AM-260x265.png,image/png,2,20190809195017,20230519024109,20230519024109
flowersinagun.com/wp-content/uploads/2019/06/Screen-Shot-2019-06-23-at-5.21.17-AM-294x300.png,image,https://www.flowersinagun.com/wp-content/uploads/2019/06/Screen-Shot-2019-06-23-at-5.21.17-AM-294x300.png,image/png,1,20230519032915,20230519032915,20230519032915
flowersinagun.com/wp-content/uploads/2019/06/Screen-Shot-2019-06-23-at-5.21.17-AM-560x572.png,image,https://www.flowersinagun.com/wp-content/uploads/2019/06/Screen-Shot-2019-06-23-at-5.21.17-AM-560x572.png,image/png,1,20230519031200,20230519031200,20230519031200
flowersinagun.com/wp-content/uploads/2019/06/Screen-Shot-2019-06-23-at-5.21.17-AM.png,image,https://www.flowersinagun.com/wp-content/uploads/2019/06/Screen-Shot-2019-06-23-at-5.21.17-AM.png,image/png,1,20230519030807,20230519030807,20230519030807
flowersinagun.com/wp-content/uploads/2019/06/Screen-Shot-2019-06-24-at-8.17.41-PM-150x150.png,image,https://www.flowersinagun.com/wp-content/uploads/2019/06/Screen-Shot-2019-06-24-at-8.17.41-PM-150x150.png,image/png,3,20190809193343,20230605060121,20230605060121
flowersinagun.com/wp-content/uploads/2019/06/Screen-Shot-2019-06-24-at-8.17.41-PM-160x136.png,image,https://www.flowersinagun.com/wp-content/uploads/2019/06/Screen-Shot-2019-06-24-at-8.17.41-PM-160x136.png,image/png,2,20211020091012,20230519041133,20230519041133
flowersinagun.com/wp-content/uploads/2019/06/Screen-Shot-2019-06-24-at-8.17.41-PM-260x221.png,image,https://www.flowersinagun.com/wp-content/uploads/2019/06/Screen-Shot-2019-06-24-at-8.17.41-PM-260x221.png,image/png,2,20190809195018,20230519025403,20230519025403
flowersinagun.com/wp-content/uploads/2019/06/Screen-Shot-2019-06-24-at-8.17.41-PM-300x255.png,image,https://www.flowersinagun.com/wp-content/uploads/2019/06/Screen-Shot-2019-06-24-at-8.17.41-PM-300x255.png,image/png,1,20230519034724,20230519034724,20230519034724
flowersinagun.com/wp-content/uploads/2019/06/Screen-Shot-2019-06-24-at-8.17.41-PM.png,image,https://www.flowersinagun.com/wp-content/uploads/2019/06/Screen-Shot-2019-06-24-at-8.17.41-PM.png,image/png,1,20230522053418,20230522053418,20230522053418
flowersinagun.com/wp-content/uploads/2019/07/Screen-Shot-2019-07-16-at-8.19.12-PM-150x150.png,image,https://www.flowersinagun.com/wp-content/uploads/2019/07/Screen-Shot-2019-07-16-at-8.19.12-PM-150x150.png,image/png,3,20190809193548,20230519060010,20230519060010
flowersinagun.com/wp-content/uploads/2019/07/Screen-Shot-2019-07-16-at-8.19.12-PM-160x160.png,image,https://www.flowersinagun.com/wp-content/uploads/2019/07/Screen-Shot-2019-07-16-at-8.19.12-PM-160x160.png,image/png,2,20211021102807,20230523102018,20230523102018
flowersinagun.com/wp-content/uploads/2019/07/Screen-Shot-2019-07-16-at-8.19.12-PM-260x260.png,image,https://www.flowersinagun.com/wp-content/uploads/2019/07/Screen-Shot-2019-07-16-at-8.19.12-PM-260x260.png,image/png,1,20230519083120,20230519083120,20230519083120
flowersinagun.com/wp-content/uploads/2019/07/Screen-Shot-2019-07-16-at-8.19.12-PM-300x300.png,image,https://www.flowersinagun.com/wp-content/uploads/2019/07/Screen-Shot-2019-07-16-at-8.19.12-PM-300x300.png,image/png,1,20230519024404,20230519024404,20230519024404
flowersinagun.com/wp-content/uploads/2019/07/Screen-Shot-2019-07-16-at-8.19.12-PM-560x560.png,image,https://www.flowersinagun.com/wp-content/uploads/2019/07/Screen-Shot-2019-07-16-at-8.19.12-PM-560x560.png,image/png,2,20190809193557,20230519063804,20230519063804
flowersinagun.com/wp-content/uploads/2019/07/Screen-Shot-2019-07-16-at-8.19.12-PM.png,image,https://www.flowersinagun.com/wp-content/uploads/2019/07/Screen-Shot-2019-07-16-at-8.19.12-PM.png,image/png,1,20230522095259,20230522095259,20230522095259
flowersinagun.com/wp-content/uploads/2019/12/tongue-numbnss-01-1024x1024.png,image,https://www.flowersinagun.com/wp-content/uploads/2019/12/tongue-numbnss-01-1024x1024.png,image/png,1,20230519133943,20230519133943,20230519133943
flowersinagun.com/wp-content/uploads/2019/12/tongue-numbnss-01-150x150.png,image,https://www.flowersinagun.com/wp-content/uploads/2019/12/tongue-numbnss-01-150x150.png,image/png,3,20200614034311,20230519112031,20230519112031
flowersinagun.com/wp-content/uploads/2019/12/tongue-numbnss-01-160x160.png,image,https://www.flowersinagun.com/wp-content/uploads/2019/12/tongue-numbnss-01-160x160.png,image/png,1,20230519074719,20230519074719,20230519074719
flowersinagun.com/wp-content/uploads/2019/12/tongue-numbnss-01-260x260.png,image,https://www.flowersinagun.com/wp-content/uploads/2019/12/tongue-numbnss-01-260x260.png,image/png,3,20211021195722,20230519033331,20230519033331
flowersinagun.com/wp-content/uploads/2019/12/tongue-numbnss-01-300x300.png,image,https://www.flowersinagun.com/wp-content/uploads/2019/12/tongue-numbnss-01-300x300.png,image/png,1,20230519034245,20230519034245,20230519034245
flowersinagun.com/wp-content/uploads/2019/12/tongue-numbnss-01-560x560.png,image,https://www.flowersinagun.com/wp-content/uploads/2019/12/tongue-numbnss-01-560x560.png,image/png,1,20230519073505,20230519073505,20230519073505
flowersinagun.com/wp-content/uploads/2019/12/tongue-numbnss-01-768x768.png,image,https://www.flowersinagun.com/wp-content/uploads/2019/12/tongue-numbnss-01-768x768.png,image/png,1,20230519024317,20230519024317,20230519024317
flowersinagun.com/wp-content/uploads/2020/01/Mimi-Greed-150x150.jpg,image,https://www.flowersinagun.com/wp-content/uploads/2020/01/Mimi-Greed-150x150.jpg,image/jpeg,1,20230519095647,20230519095647,20230519095647
flowersinagun.com/wp-content/uploads/2020/01/Mimi-Greed-160x160.jpg,image,https://www.flowersinagun.com/wp-content/uploads/2020/01/Mimi-Greed-160x160.jpg,image/jpeg,1,20230519041804,20230519041804,20230519041804
flowersinagun.com/wp-content/uploads/2020/01/Mimi-Greed-260x260.jpg,image,https://www.flowersinagun.com/wp-content/uploads/2020/01/Mimi-Greed-260x260.jpg,image/jpeg,1,20230519033526,20230519033526,20230519033526
flowersinagun.com/wp-content/uploads/2020/01/Mimi-Greed-300x300.jpg,image,https://www.flowersinagun.com/wp-content/uploads/2020/01/Mimi-Greed-300x300.jpg,image/jpeg,3,20200614034305,20230519052729,20230519052729
flowersinagun.com/wp-content/uploads/2020/01/Mimi-Greed-560x561.jpg,image,https://www.flowersinagun.com/wp-content/uploads/2020/01/Mimi-Greed-560x561.jpg,image/jpeg,1,20230519043736,20230519043736,20230519043736
flowersinagun.com/wp-content/uploads/2020/01/Mimi-Greed-768x769.jpg,image,https://www.flowersinagun.com/wp-content/uploads/2020/01/Mimi-Greed-768x769.jpg,image/jpeg,1,20230524160233,20230524160233,20230524160233
flowersinagun.com/wp-content/uploads/2020/01/Mimi-Greed.jpg,image,https://www.flowersinagun.com/wp-content/uploads/2020/01/Mimi-Greed.jpg,image/jpeg,1,20230519044334,20230519044334,20230519044334
flowersinagun.com/wp-content/uploads/2020/01/mimi-press-1024x671.jpg,image,https://www.flowersinagun.com/wp-content/uploads/2020/01/mimi-press-1024x671.jpg,image/jpeg,5,20230519075128,20240409213336,20240409213336
flowersinagun.com/wp-content/uploads/2020/01/mimi-press-160x105.jpg,image,https://www.flowersinagun.com/wp-content/uploads/2020/01/mimi-press-160x105.jpg,image/jpeg,5,20230519030436,20240409182527,20240409182527
flowersinagun.com/wp-content/uploads/2020/01/mimi-press-260x170.jpg,image,https://www.flowersinagun.com/wp-content/uploads/2020/01/mimi-press-260x170.jpg,image/jpeg,6,20230519055056,20240409200014,20240409200014
flowersinagun.com/wp-content/uploads/2020/01/mimi-press-300x196.jpg,image,https://www.flowersinagun.com/wp-content/uploads/2020/01/mimi-press-300x196.jpg,image/jpeg,7,20200614034308,20240409181250,20240409181250
flowersinagun.com/wp-content/uploads/2020/01/mimi-press-560x367.jpg,image,https://www.flowersinagun.com/wp-content/uploads/2020/01/mimi-press-560x367.jpg,image/jpeg,5,20230519023021,20240409181223,20240409181223
flowersinagun.com/wp-content/uploads/2020/01/mimi-press-768x503.jpg,image,https://www.flowersinagun.com/wp-content/uploads/2020/01/mimi-press-768x503.jpg,image/jpeg,6,20230519095803,20240412000909,20240412000909
flowersinagun.com/wp-content/uploads/2020/01/mimi-press.jpg,image,https://www.flowersinagun.com/wp-content/uploads/2020/01/mimi-press.jpg,image/jpeg,4,20230519032247,20240409183215,20240409183215
flowersinagun.com/wp-content/uploads/2021/10/IMG_4178-1024x768.jpg,image,https://www.flowersinagun.com/wp-content/uploads/2021/10/IMG_4178-1024x768.jpg,image/jpeg,1,20230522042004,20230522042004,20230522042004
flowersinagun.com/wp-content/uploads/2021/10/IMG_4178-150x150.jpg,image,https://www.flowersinagun.com/wp-content/uploads/2021/10/IMG_4178-150x150.jpg,image/jpeg,2,20211019211835,20230607195505,20230607195505
flowersinagun.com/wp-content/uploads/2021/10/IMG_4178-160x120.jpg,image,https://www.flowersinagun.com/wp-content/uploads/2021/10/IMG_4178-160x120.jpg,image/jpeg,1,20230519054311,20230519054311,20230519054311
flowersinagun.com/wp-content/uploads/2021/10/IMG_4178-260x195.jpg,image,https://www.flowersinagun.com/wp-content/uploads/2021/10/IMG_4178-260x195.jpg,image/jpeg,1,20230519060828,20230519060828,20230519060828
flowersinagun.com/wp-content/uploads/2021/10/IMG_4178-300x225.jpg,image,https://www.flowersinagun.com/wp-content/uploads/2021/10/IMG_4178-300x225.jpg,image/jpeg,1,20230519032429,20230519032429,20230519032429
flowersinagun.com/wp-content/uploads/2021/10/IMG_4178-560x420.jpg,image,https://www.flowersinagun.com/wp-content/uploads/2021/10/IMG_4178-560x420.jpg,image/jpeg,2,20211019165338,20230519041147,20230519041147
flowersinagun.com/wp-content/uploads/2021/10/IMG_4178-768x576.jpg,image,https://www.flowersinagun.com/wp-content/uploads/2021/10/IMG_4178-768x576.jpg,image/jpeg,1,20230519053559,20230519053559,20230519053559
flowersinagun.com/wp-includes/fonts/dashicons.svg,image,https://www.flowersinagun.com/wp-includes/fonts/dashicons.svg,image/svg+xml,6,20160603154614,20230524183041,20230524183041 20160603154614
flowersinagun.com/wp-includes/images/smilies/frownie.png,image,http://www.flowersinagun.com/wp-includes/images/smilies/frownie.png,image/png,2,20150929083648,20160418071446,20160418071446
flowersinagun.com/wp-includes/images/smilies/icon_razz.gif,image,http://www.flowersinagun.com/wp-includes/images/smilies/icon_razz.gif,image/gif,1,20150619070646,20150619070646,20150619070646
flowersinagun.com/wp-includes/images/smilies/icon_sad.gif,image,http://www.flowersinagun.com/wp-includes/images/smilies/icon_sad.gif,image/gif,1,20150619050114,20150619050114,20150619050114
flowersinagun.com/wp-includes/images/smilies/icon_smile.gif,image,http://www.flowersinagun.com/wp-includes/images/smilies/icon_smile.gif,image/gif,1,20150619064235,20150619064235,20150619064235
flowersinagun.com/wp-includes/images/smilies/icon_wink.gif,image,http://www.flowersinagun.com/wp-includes/images/smilies/icon_wink.gif,image/gif,1,20150619071451,20150619071451,20150619071451
flowersinagun.com/wp-includes/images/smilies/simple-smile.png,image,http://www.flowersinagun.com/wp-includes/images/smilies/simple-smile.png,image/png,2,20150907155124,20160418004705,20160418004705
flowersinagun.com/wp-includes/js/thickbox/loadingAnimation.gif,image,http://www.flowersinagun.com/wp-includes/js/thickbox/loadingAnimation.gif,image/gif,1,20210308002614,20210308002614,20210308002614
flowersinthebarrelofagun.com/favicon.ico,image,http://flowersinthebarrelofagun.com/favicon.ico,image/vnd.microsoft.icon,4,20130824185532,20141221072551,20141221072551
flowersinthebarrelofagun.com/wp-content/plugins/wp-polls/images/default/pollbg.gif,image,http://www.flowersinthebarrelofagun.com/wp-content/plugins/wp-polls/images/default/pollbg.gif,image/gif,1,20131219133636,20131219133636,20131219133636
flowersinthebarrelofagun.com/wp-content/uploads/2013/01/NICO_Stephin-Merritt_SBP1072-1.jpg,image,http://www.flowersinthebarrelofagun.com/wp-content/uploads/2013/01/NICO_Stephin-Merritt_SBP1072-1.jpg,text/html,1,20170912102333,20170912102333,20170912102333
flowersinthebarrelofagun.com/wp-content/uploads/2013/01/NICO__Alison-Mosshart-BER4120-1.jpg,image,http://www.flowersinthebarrelofagun.com/wp-content/uploads/2013/01/NICO__Alison-Mosshart-BER4120-1.jpg,text/html,1,20170912191443,20170912191443,20170912191443
flowersinthebarrelofagun.com/wp-content/uploads/2013/01/NICO__BER4310-1.jpg,image,http://www.flowersinthebarrelofagun.com/wp-content/uploads/2013/01/NICO__BER4310-1.jpg,text/html,1,20170912102610,20170912102610,20170912102610
flowersinthebarrelofagun.com/wp-content/uploads/2013/01/NICO__Peaches-BER4177-1.jpg,image,http://www.flowersinthebarrelofagun.com/wp-content/uploads/2013/01/NICO__Peaches-BER4177-1.jpg,text/html,1,20170912102331,20170912102331,20170912102331
flowersinthebarrelofagun.com/wp-content/uploads/2013/01/NICO__Sharon-Van-Etten-BER4133-1.jpg,image,http://www.flowersinthebarrelofagun.com/wp-content/uploads/2013/01/NICO__Sharon-Van-Etten-BER4133-1.jpg,text/html,1,20170912102638,20170912102638,20170912102638
flowersinthebarrelofagun.com/wp-content/uploads/2013/01/phoca_thumb_l_1984_dougnicholson_1_large.jpg,image,http://www.flowersinthebarrelofagun.com/wp-content/uploads/2013/01/phoca_thumb_l_1984_dougnicholson_1_large.jpg,text/html,1,20170909141928,20170909141928,20170909141928
flowersinthebarrelofagun.com/wp-content/uploads/2013/01/phoca_thumb_l_m.gira_of_swans_1.jpg,image,http://www.flowersinthebarrelofagun.com/wp-content/uploads/2013/01/phoca_thumb_l_m.gira_of_swans_1.jpg,text/html,1,20170909095327,20170909095327,20170909095327
flowersinthebarrelofagun.com/wp-content/uploads/2013/01/phoca_thumb_l_mgira_lb_1.jpg,image,http://www.flowersinthebarrelofagun.com/wp-content/uploads/2013/01/phoca_thumb_l_mgira_lb_1.jpg,text/html,1,20170909100152,20170909100152,20170909100152
flowersinthebarrelofagun.com/wp-content/uploads/2013/01/phoca_thumb_l_mgumma.jpg,image,http://www.flowersinthebarrelofagun.com/wp-content/uploads/2013/01/phoca_thumb_l_mgumma.jpg,text/html,1,20170909095601,20170909095601,20170909095601
flowersinthebarrelofagun.com/wp-content/uploads/2013/01/phoca_thumb_l_swans_headshots_white_reduce_1small.jpg,image,http://www.flowersinthebarrelofagun.com/wp-content/uploads/2013/01/phoca_thumb_l_swans_headshots_white_reduce_1small.jpg,text/html,1,20170909100159,20170909100159,20170909100159
flowersinthebarrelofagun.com/wp-content/uploads/2013/01/phoca_thumb_l_swans_pool_1.jpg,image,http://www.flowersinthebarrelofagun.com/wp-content/uploads/2013/01/phoca_thumb_l_swans_pool_1.jpg,text/html,1,20170909141822,20170909141822,20170909141822
flowersinthebarrelofagun.com/wp-content/uploads/2013/06/adbcrop-1024x534.jpg,image,http://www.flowersinthebarrelofagun.com/wp-content/uploads/2013/06/adbcrop-1024x534.jpg,text/html,1,20180217014121,20180217014121,20180217014121
flowersinthebarrelofagun.com/wp-content/uploads/2013/06/occupy3-1024x668.jpg,image,http://www.flowersinthebarrelofagun.com/wp-content/uploads/2013/06/occupy3-1024x668.jpg,text/html,1,20180217084411,20180217084411,20180217084411
flowersinthebarrelofagun.com/wp-content/uploads/2013/06/tumblr_m0pdlnQJ4U1r93c7do1_500.jpg,image,http://www.flowersinthebarrelofagun.com/wp-content/uploads/2013/06/tumblr_m0pdlnQJ4U1r93c7do1_500.jpg,image/jpeg,1,20131219135143,20131219135143,20131219135143
flowersinthebarrelofagun.files.wordpress.com/2011/08/2360.jpg,image,https://flowersinthebarrelofagun.files.wordpress.com/2011/08/2360.jpg,image/jpeg,1,20230204140405,20230204140405,20230204140405
flowersinthebarrelofagun.files.wordpress.com/2011/08/cropped-flower-power-luminous-inspirations11.jpg,image,https://flowersinthebarrelofagun.files.wordpress.com/2011/08/cropped-flower-power-luminous-inspirations11.jpg,image/jpeg,1,20230204140909,20230204140909,20230204140909
flowersinthebarrelofagun.files.wordpress.com/2011/12/aaron_med_boksehansker1.jpg,image,https://flowersinthebarrelofagun.files.wordpress.com/2011/12/aaron_med_boksehansker1.jpg,image/jpeg,1,20180108024640,20180108024640,20180108024640
flowersinthebarrelofagun.files.wordpress.com/2012/02/siam1.jpg?resize=500%2C502,image,https://flowersinthebarrelofagun.files.wordpress.com/2012/02/siam1.jpg?resize=500%2C502,image/jpeg,1,20210909153106,20210909153106,20210909153106
flowersinthebarrelofagun.files.wordpress.com/2012/03/mhmm.jpg,image,https://flowersinthebarrelofagun.files.wordpress.com/2012/03/mhmm.jpg,image/jpeg,2,20230629025747,20231212135838,20231212135838
flowersinthebarrelofagun.files.wordpress.com/2012/03/mhmm.jpg?fit=401%2C475&ssl=1,image,https://flowersinthebarrelofagun.files.wordpress.com/2012/03/mhmm.jpg?fit=401%2C475&ssl=1,image/jpeg,1,20231213082314,20231213082314,20231213082314
flowersinthebarrelofagun.files.wordpress.com/2012/04/5.png,image,https://flowersinthebarrelofagun.files.wordpress.com/2012/04/5.png,image/png,1,20171124144012,20171124144012,20171124144012
flowersinthebarrelofagun.files.wordpress.com/2012/04/m111.png,image,https://flowersinthebarrelofagun.files.wordpress.com/2012/04/m111.png,image/png,1,20171123235815,20171123235815,20171123235815
flowersinthebarrelofagun.files.wordpress.com/2012/05/baroness.jpg,image,https://flowersinthebarrelofagun.files.wordpress.com/2012/05/baroness.jpg,image/jpeg,1,20230204140914,20230204140914,20230204140914
flowersinthebarrelofagun.files.wordpress.com/2012/05/baroness.jpg?w=150&h=100,image,https://flowersinthebarrelofagun.files.wordpress.com/2012/05/baroness.jpg?w=150&h=100,image/jpeg,1,20230204140834,20230204140834,20230204140834
flowersinthebarrelofagun.files.wordpress.com/2012/05/baroness.jpg?w=300&h=200,image,https://flowersinthebarrelofagun.files.wordpress.com/2012/05/baroness.jpg?w=300&h=200,image/jpeg,1,20230204140856,20230204140856,20230204140856
flowersinthebarrelofagun.files.wordpress.com/2012/05/baroness.jpg?w=490&h=326,image,https://flowersinthebarrelofagun.files.wordpress.com/2012/05/baroness.jpg?w=490&h=326,image/jpeg,1,20230204140946,20230204140946,20230204140946
flowersinthebarrelofagun.files.wordpress.com/2012/05/baroness.jpg?w=768&h=512,image,https://flowersinthebarrelofagun.files.wordpress.com/2012/05/baroness.jpg?w=768&h=512,image/jpeg,1,20230204140908,20230204140908,20230204140908
flowersinthebarrelofagun.files.wordpress.com/2012/05/baroness.jpg?w=978&h=652,image,https://flowersinthebarrelofagun.files.wordpress.com/2012/05/baroness.jpg?w=978&h=652,image/jpeg,1,20230204140843,20230204140843,20230204140843
flowersinthebarrelofagun.files.wordpress.com/2012/05/baroness2.jpg,image,https://flowersinthebarrelofagun.files.wordpress.com/2012/05/baroness2.jpg,image/jpeg,1,20230204163157,20230204163157,20230204163157
flowersinthebarrelofagun.files.wordpress.com/2012/05/baroness2.jpg?w=150&h=100,image,https://flowersinthebarrelofagun.files.wordpress.com/2012/05/baroness2.jpg?w=150&h=100,image/jpeg,1,20230204140941,20230204140941,20230204140941
flowersinthebarrelofagun.files.wordpress.com/2012/05/baroness2.jpg?w=300&h=200,image,https://flowersinthebarrelofagun.files.wordpress.com/2012/05/baroness2.jpg?w=300&h=200,image/jpeg,1,20230204140919,20230204140919,20230204140919
flowersinthebarrelofagun.files.wordpress.com/2012/05/baroness2.jpg?w=490&h=326,image,https://flowersinthebarrelofagun.files.wordpress.com/2012/05/baroness2.jpg?w=490&h=326,image/jpeg,1,20230204140952,20230204140952,20230204140952
flowersinthebarrelofagun.files.wordpress.com/2012/05/baroness2.jpg?w=768&h=512,image,https://flowersinthebarrelofagun.files.wordpress.com/2012/05/baroness2.jpg?w=768&h=512,image/jpeg,1,20230204150447,20230204150447,20230204150447
flowersinthebarrelofagun.files.wordpress.com/2012/05/baroness2.jpg?w=978&h=652,image,https://flowersinthebarrelofagun.files.wordpress.com/2012/05/baroness2.jpg?w=978&h=652,image/jpeg,1,20230204140938,20230204140938,20230204140938
flowersinthebarrelofagun.files.wordpress.com/2012/05/decapitated.jpg,image,https://flowersinthebarrelofagun.files.wordpress.com/2012/05/decapitated.jpg,image/jpeg,1,20230204140906,20230204140906,20230204140906
flowersinthebarrelofagun.files.wordpress.com/2012/05/decapitated.jpg?w=150&h=100,image,https://flowersinthebarrelofagun.files.wordpress.com/2012/05/decapitated.jpg?w=150&h=100,image/jpeg,1,20230204140921,20230204140921,20230204140921
flowersinthebarrelofagun.files.wordpress.com/2012/05/decapitated.jpg?w=300&h=200,image,https://flowersinthebarrelofagun.files.wordpress.com/2012/05/decapitated.jpg?w=300&h=200,image/jpeg,1,20230204140855,20230204140855,20230204140855
flowersinthebarrelofagun.files.wordpress.com/2012/05/decapitated.jpg?w=490&h=326,image,https://flowersinthebarrelofagun.files.wordpress.com/2012/05/decapitated.jpg?w=490&h=326,image/jpeg,1,20230204140838,20230204140838,20230204140838
flowersinthebarrelofagun.files.wordpress.com/2012/05/decapitated.jpg?w=768&h=512,image,https://flowersinthebarrelofagun.files.wordpress.com/2012/05/decapitated.jpg?w=768&h=512,image/jpeg,1,20230204140845,20230204140845,20230204140845
flowersinthebarrelofagun.files.wordpress.com/2012/05/decapitated.jpg?w=978&h=652,image,https://flowersinthebarrelofagun.files.wordpress.com/2012/05/decapitated.jpg?w=978&h=652,image/jpeg,1,20230204140908,20230204140908,20230204140908
flowersinthebarrelofagun.files.wordpress.com/2012/05/decapitated2.jpg,image,https://flowersinthebarrelofagun.files.wordpress.com/2012/05/decapitated2.jpg,image/jpeg,1,20230204140837,20230204140837,20230204140837
flowersinthebarrelofagun.files.wordpress.com/2012/05/decapitated2.jpg?w=150&h=100,image,https://flowersinthebarrelofagun.files.wordpress.com/2012/05/decapitated2.jpg?w=150&h=100,image/jpeg,1,20230204140947,20230204140947,20230204140947
flowersinthebarrelofagun.files.wordpress.com/2012/05/decapitated2.jpg?w=300&h=200,image,https://flowersinthebarrelofagun.files.wordpress.com/2012/05/decapitated2.jpg?w=300&h=200,image/jpeg,1,20230204140846,20230204140846,20230204140846
flowersinthebarrelofagun.files.wordpress.com/2012/05/decapitated2.jpg?w=490&h=326,image,https://flowersinthebarrelofagun.files.wordpress.com/2012/05/decapitated2.jpg?w=490&h=326,image/jpeg,1,20230204140845,20230204140845,20230204140845
flowersinthebarrelofagun.files.wordpress.com/2012/05/decapitated2.jpg?w=768&h=512,image,https://flowersinthebarrelofagun.files.wordpress.com/2012/05/decapitated2.jpg?w=768&h=512,image/jpeg,1,20230204140837,20230204140837,20230204140837
flowersinthebarrelofagun.files.wordpress.com/2012/05/decapitated2.jpg?w=978&h=652,image,https://flowersinthebarrelofagun.files.wordpress.com/2012/05/decapitated2.jpg?w=978&h=652,image/jpeg,1,20230204160838,20230204160838,20230204160838
flowersinthebarrelofagun.files.wordpress.com/2012/05/editimg_0764.jpg,image,https://flowersinthebarrelofagun.files.wordpress.com/2012/05/editimg_0764.jpg,image/jpeg,1,20230204140855,20230204140855,20230204140855
flowersinthebarrelofagun.files.wordpress.com/2012/05/editimg_0764.jpg?w=150&h=84,image,https://flowersinthebarrelofagun.files.wordpress.com/2012/05/editimg_0764.jpg?w=150&h=84,image/jpeg,1,20230204165516,20230204165516,20230204165516
flowersinthebarrelofagun.files.wordpress.com/2012/05/editimg_0764.jpg?w=300&h=168,image,https://flowersinthebarrelofagun.files.wordpress.com/2012/05/editimg_0764.jpg?w=300&h=168,image/jpeg,1,20230204140940,20230204140940,20230204140940
flowersinthebarrelofagun.files.wordpress.com/2012/05/editimg_0764.jpg?w=490&h=275,image,https://flowersinthebarrelofagun.files.wordpress.com/2012/05/editimg_0764.jpg?w=490&h=275,image/jpeg,1,20230204140918,20230204140918,20230204140918
flowersinthebarrelofagun.files.wordpress.com/2012/05/editimg_0764.jpg?w=768&h=431,image,https://flowersinthebarrelofagun.files.wordpress.com/2012/05/editimg_0764.jpg?w=768&h=431,image/jpeg,1,20230204140946,20230204140946,20230204140946
flowersinthebarrelofagun.files.wordpress.com/2012/05/editimg_0764.jpg?w=980&h=550,image,https://flowersinthebarrelofagun.files.wordpress.com/2012/05/editimg_0764.jpg?w=980&h=550,image/jpeg,1,20230204140911,20230204140911,20230204140911
flowersinthebarrelofagun.files.wordpress.com/2012/05/editimg_0766.jpg,image,https://flowersinthebarrelofagun.files.wordpress.com/2012/05/editimg_0766.jpg,image/jpeg,1,20230204140842,20230204140842,20230204140842
flowersinthebarrelofagun.files.wordpress.com/2012/05/editimg_0766.jpg?w=150&h=84,image,https://flowersinthebarrelofagun.files.wordpress.com/2012/05/editimg_0766.jpg?w=150&h=84,image/jpeg,1,20230204141000,20230204141000,20230204141000
flowersinthebarrelofagun.files.wordpress.com/2012/05/editimg_0766.jpg?w=300&h=168,image,https://flowersinthebarrelofagun.files.wordpress.com/2012/05/editimg_0766.jpg?w=300&h=168,image/jpeg,1,20230204140845,20230204140845,20230204140845
flowersinthebarrelofagun.files.wordpress.com/2012/05/editimg_0766.jpg?w=490&h=275,image,https://flowersinthebarrelofagun.files.wordpress.com/2012/05/editimg_0766.jpg?w=490&h=275,image/jpeg,1,20230204140912,20230204140912,20230204140912
flowersinthebarrelofagun.files.wordpress.com/2012/05/editimg_0766.jpg?w=768&h=431,image,https://flowersinthebarrelofagun.files.wordpress.com/2012/05/editimg_0766.jpg?w=768&h=431,image/jpeg,1,20230204140900,20230204140900,20230204140900
flowersinthebarrelofagun.files.wordpress.com/2012/05/editimg_0766.jpg?w=980&h=550,image,https://flowersinthebarrelofagun.files.wordpress.com/2012/05/editimg_0766.jpg?w=980&h=550,image/jpeg,1,20230204140953,20230204140953,20230204140953
flowersinthebarrelofagun.files.wordpress.com/2012/05/editimg_0767.jpg,image,https://flowersinthebarrelofagun.files.wordpress.com/2012/05/editimg_0767.jpg,image/jpeg,1,20230204140905,20230204140905,20230204140905
flowersinthebarrelofagun.files.wordpress.com/2012/05/editimg_0767.jpg?w=150&h=84,image,https://flowersinthebarrelofagun.files.wordpress.com/2012/05/editimg_0767.jpg?w=150&h=84,image/jpeg,1,20230204141007,20230204141007,20230204141007
flowersinthebarrelofagun.files.wordpress.com/2012/05/editimg_0767.jpg?w=300&h=168,image,https://flowersinthebarrelofagun.files.wordpress.com/2012/05/editimg_0767.jpg?w=300&h=168,image/jpeg,1,20230204140855,20230204140855,20230204140855
flowersinthebarrelofagun.files.wordpress.com/2012/05/editimg_0767.jpg?w=490&h=275,image,https://flowersinthebarrelofagun.files.wordpress.com/2012/05/editimg_0767.jpg?w=490&h=275,image/jpeg,1,20230204141018,20230204141018,20230204141018
flowersinthebarrelofagun.files.wordpress.com/2012/05/editimg_0767.jpg?w=768&h=431,image,https://flowersinthebarrelofagun.files.wordpress.com/2012/05/editimg_0767.jpg?w=768&h=431,image/jpeg,1,20230204140906,20230204140906,20230204140906
flowersinthebarrelofagun.files.wordpress.com/2012/05/editimg_0767.jpg?w=980&h=550,image,https://flowersinthebarrelofagun.files.wordpress.com/2012/05/editimg_0767.jpg?w=980&h=550,image/jpeg,1,20230204140925,20230204140925,20230204140925
flowersinthebarrelofagun.files.wordpress.com/2012/05/editimg_0770.jpg,image,https://flowersinthebarrelofagun.files.wordpress.com/2012/05/editimg_0770.jpg,image/jpeg,1,20230204140944,20230204140944,20230204140944
flowersinthebarrelofagun.files.wordpress.com/2012/05/editimg_0770.jpg?w=150&h=84,image,https://flowersinthebarrelofagun.files.wordpress.com/2012/05/editimg_0770.jpg?w=150&h=84,image/jpeg,1,20230204140949,20230204140949,20230204140949
flowersinthebarrelofagun.files.wordpress.com/2012/05/editimg_0770.jpg?w=300&h=168,image,https://flowersinthebarrelofagun.files.wordpress.com/2012/05/editimg_0770.jpg?w=300&h=168,image/jpeg,1,20230204140856,20230204140856,20230204140856
flowersinthebarrelofagun.files.wordpress.com/2012/05/editimg_0770.jpg?w=490&h=275,image,https://flowersinthebarrelofagun.files.wordpress.com/2012/05/editimg_0770.jpg?w=490&h=275,image/jpeg,1,20230204140857,20230204140857,20230204140857
flowersinthebarrelofagun.files.wordpress.com/2012/05/editimg_0770.jpg?w=768&h=431,image,https://flowersinthebarrelofagun.files.wordpress.com/2012/05/editimg_0770.jpg?w=768&h=431,image/jpeg,1,20230204140947,20230204140947,20230204140947
flowersinthebarrelofagun.files.wordpress.com/2012/05/editimg_0770.jpg?w=980&h=550,image,https://flowersinthebarrelofagun.files.wordpress.com/2012/05/editimg_0770.jpg?w=980&h=550,image/jpeg,1,20230204140921,20230204140921,20230204140921
flowersinthebarrelofagun.files.wordpress.com/2012/05/editimg_0775.jpg,image,https://flowersinthebarrelofagun.files.wordpress.com/2012/05/editimg_0775.jpg,image/jpeg,1,20230204140933,20230204140933,20230204140933
flowersinthebarrelofagun.files.wordpress.com/2012/05/editimg_0775.jpg?w=150&h=100,image,https://flowersinthebarrelofagun.files.wordpress.com/2012/05/editimg_0775.jpg?w=150&h=100,image/jpeg,1,20230204140918,20230204140918,20230204140918
flowersinthebarrelofagun.files.wordpress.com/2012/05/editimg_0775.jpg?w=300&h=200,image,https://flowersinthebarrelofagun.files.wordpress.com/2012/05/editimg_0775.jpg?w=300&h=200,image/jpeg,1,20230204140956,20230204140956,20230204140956
flowersinthebarrelofagun.files.wordpress.com/2012/05/editimg_0775.jpg?w=490&h=326,image,https://flowersinthebarrelofagun.files.wordpress.com/2012/05/editimg_0775.jpg?w=490&h=326,image/jpeg,1,20230204140913,20230204140913,20230204140913
flowersinthebarrelofagun.files.wordpress.com/2012/05/editimg_0775.jpg?w=768&h=512,image,https://flowersinthebarrelofagun.files.wordpress.com/2012/05/editimg_0775.jpg?w=768&h=512,image/jpeg,1,20230204140846,20230204140846,20230204140846
flowersinthebarrelofagun.files.wordpress.com/2012/05/editimg_0775.jpg?w=978&h=652,image,https://flowersinthebarrelofagun.files.wordpress.com/2012/05/editimg_0775.jpg?w=978&h=652,image/jpeg,1,20230204140929,20230204140929,20230204140929
flowersinthebarrelofagun.files.wordpress.com/2012/05/editimg_0777.jpg,image,https://flowersinthebarrelofagun.files.wordpress.com/2012/05/editimg_0777.jpg,image/jpeg,1,20230204140903,20230204140903,20230204140903
flowersinthebarrelofagun.files.wordpress.com/2012/05/editimg_0777.jpg?w=150&h=100,image,https://flowersinthebarrelofagun.files.wordpress.com/2012/05/editimg_0777.jpg?w=150&h=100,image/jpeg,1,20230204140836,20230204140836,20230204140836
flowersinthebarrelofagun.files.wordpress.com/2012/05/editimg_0777.jpg?w=300&h=200,image,https://flowersinthebarrelofagun.files.wordpress.com/2012/05/editimg_0777.jpg?w=300&h=200,image/jpeg,1,20230204140917,20230204140917,20230204140917
flowersinthebarrelofagun.files.wordpress.com/2012/05/editimg_0777.jpg?w=490&h=326,image,https://flowersinthebarrelofagun.files.wordpress.com/2012/05/editimg_0777.jpg?w=490&h=326,image/jpeg,1,20230204140906,20230204140906,20230204140906
flowersinthebarrelofagun.files.wordpress.com/2012/05/editimg_0777.jpg?w=768&h=512,image,https://flowersinthebarrelofagun.files.wordpress.com/2012/05/editimg_0777.jpg?w=768&h=512,image/jpeg,1,20230204140955,20230204140955,20230204140955
flowersinthebarrelofagun.files.wordpress.com/2012/05/editimg_0777.jpg?w=978&h=652,image,https://flowersinthebarrelofagun.files.wordpress.com/2012/05/editimg_0777.jpg?w=978&h=652,image/jpeg,1,20230204141016,20230204141016,20230204141016
flowersinthebarrelofagun.files.wordpress.com/2012/05/editimg_0789.jpg,image,https://flowersinthebarrelofagun.files.wordpress.com/2012/05/editimg_0789.jpg,image/jpeg,1,20230204140840,20230204140840,20230204140840
flowersinthebarrelofagun.files.wordpress.com/2012/05/editimg_0789.jpg?w=150&h=84,image,https://flowersinthebarrelofagun.files.wordpress.com/2012/05/editimg_0789.jpg?w=150&h=84,image/jpeg,1,20230204140911,20230204140911,20230204140911
flowersinthebarrelofagun.files.wordpress.com/2012/05/editimg_0789.jpg?w=300&h=168,image,https://flowersinthebarrelofagun.files.wordpress.com/2012/05/editimg_0789.jpg?w=300&h=168,image/jpeg,1,20230204140931,20230204140931,20230204140931
flowersinthebarrelofagun.files.wordpress.com/2012/05/editimg_0789.jpg?w=490&h=275,image,https://flowersinthebarrelofagun.files.wordpress.com/2012/05/editimg_0789.jpg?w=490&h=275,image/jpeg,1,20230204140841,20230204140841,20230204140841
flowersinthebarrelofagun.files.wordpress.com/2012/05/editimg_0789.jpg?w=768&h=431,image,https://flowersinthebarrelofagun.files.wordpress.com/2012/05/editimg_0789.jpg?w=768&h=431,image/jpeg,1,20230204141000,20230204141000,20230204141000
flowersinthebarrelofagun.files.wordpress.com/2012/05/editimg_0789.jpg?w=980&h=550,image,https://flowersinthebarrelofagun.files.wordpress.com/2012/05/editimg_0789.jpg?w=980&h=550,image/jpeg,1,20230204141011,20230204141011,20230204141011
flowersinthebarrelofagun.files.wordpress.com/2012/05/editimg_0806.jpg,image,https://flowersinthebarrelofagun.files.wordpress.com/2012/05/editimg_0806.jpg,image/jpeg,1,20230204140902,20230204140902,20230204140902
flowersinthebarrelofagun.files.wordpress.com/2012/05/editimg_0806.jpg?w=169&h=300,image,https://flowersinthebarrelofagun.files.wordpress.com/2012/05/editimg_0806.jpg?w=169&h=300,image/jpeg,1,20230204140841,20230204140841,20230204140841
flowersinthebarrelofagun.files.wordpress.com/2012/05/editimg_0806.jpg?w=490&h=872,image,https://flowersinthebarrelofagun.files.wordpress.com/2012/05/editimg_0806.jpg?w=490&h=872,image/jpeg,1,20230204140902,20230204140902,20230204140902
flowersinthebarrelofagun.files.wordpress.com/2012/05/editimg_0806.jpg?w=575&h=1024,image,https://flowersinthebarrelofagun.files.wordpress.com/2012/05/editimg_0806.jpg?w=575&h=1024,image/jpeg,1,20230204162309,20230204162309,20230204162309
flowersinthebarrelofagun.files.wordpress.com/2012/05/editimg_0806.jpg?w=768&h=1367,image,https://flowersinthebarrelofagun.files.wordpress.com/2012/05/editimg_0806.jpg?w=768&h=1367,image/jpeg,1,20230204140843,20230204140843,20230204140843
flowersinthebarrelofagun.files.wordpress.com/2012/05/editimg_0806.jpg?w=84&h=150,image,https://flowersinthebarrelofagun.files.wordpress.com/2012/05/editimg_0806.jpg?w=84&h=150,image/jpeg,1,20230204140839,20230204140839,20230204140839
flowersinthebarrelofagun.files.wordpress.com/2012/05/editimg_0806.jpg?w=980&h=1744,image,https://flowersinthebarrelofagun.files.wordpress.com/2012/05/editimg_0806.jpg?w=980&h=1744,image/jpeg,1,20230204140957,20230204140957,20230204140957
flowersinthebarrelofagun.files.wordpress.com/2012/05/editimg_0807.jpg,image,https://flowersinthebarrelofagun.files.wordpress.com/2012/05/editimg_0807.jpg,image/jpeg,1,20230204140836,20230204140836,20230204140836
flowersinthebarrelofagun.files.wordpress.com/2012/05/editimg_0807.jpg?w=169&h=300,image,https://flowersinthebarrelofagun.files.wordpress.com/2012/05/editimg_0807.jpg?w=169&h=300,image/jpeg,1,20230204140957,20230204140957,20230204140957
flowersinthebarrelofagun.files.wordpress.com/2012/05/editimg_0807.jpg?w=490&h=872,image,https://flowersinthebarrelofagun.files.wordpress.com/2012/05/editimg_0807.jpg?w=490&h=872,image/jpeg,1,20230204140944,20230204140944,20230204140944
flowersinthebarrelofagun.files.wordpress.com/2012/05/editimg_0807.jpg?w=575&h=1024,image,https://flowersinthebarrelofagun.files.wordpress.com/2012/05/editimg_0807.jpg?w=575&h=1024,image/jpeg,1,20230204165607,20230204165607,20230204165607
flowersinthebarrelofagun.files.wordpress.com/2012/05/editimg_0807.jpg?w=768&h=1367,image,https://flowersinthebarrelofagun.files.wordpress.com/2012/05/editimg_0807.jpg?w=768&h=1367,image/jpeg,1,20230204140903,20230204140903,20230204140903
flowersinthebarrelofagun.files.wordpress.com/2012/05/editimg_0807.jpg?w=84&h=150,image,https://flowersinthebarrelofagun.files.wordpress.com/2012/05/editimg_0807.jpg?w=84&h=150,image/jpeg,1,20230204140842,20230204140842,20230204140842
flowersinthebarrelofagun.files.wordpress.com/2012/05/editimg_0807.jpg?w=980&h=1744,image,https://flowersinthebarrelofagun.files.wordpress.com/2012/05/editimg_0807.jpg?w=980&h=1744,image/jpeg,1,20230204140856,20230204140856,20230204140856
flowersinthebarrelofagun.files.wordpress.com/2012/05/editimg_0825.jpg,image,https://flowersinthebarrelofagun.files.wordpress.com/2012/05/editimg_0825.jpg,image/jpeg,1,20230204140901,20230204140901,20230204140901
flowersinthebarrelofagun.files.wordpress.com/2012/05/editimg_0825.jpg?w=150&h=84,image,https://flowersinthebarrelofagun.files.wordpress.com/2012/05/editimg_0825.jpg?w=150&h=84,image/jpeg,1,20230204140954,20230204140954,20230204140954
flowersinthebarrelofagun.files.wordpress.com/2012/05/editimg_0825.jpg?w=300&h=168,image,https://flowersinthebarrelofagun.files.wordpress.com/2012/05/editimg_0825.jpg?w=300&h=168,image/jpeg,1,20230204140939,20230204140939,20230204140939
flowersinthebarrelofagun.files.wordpress.com/2012/05/editimg_0825.jpg?w=490&h=275,image,https://flowersinthebarrelofagun.files.wordpress.com/2012/05/editimg_0825.jpg?w=490&h=275,image/jpeg,1,20230204140852,20230204140852,20230204140852
flowersinthebarrelofagun.files.wordpress.com/2012/05/editimg_0825.jpg?w=768&h=431,image,https://flowersinthebarrelofagun.files.wordpress.com/2012/05/editimg_0825.jpg?w=768&h=431,image/jpeg,1,20230204140842,20230204140842,20230204140842
flowersinthebarrelofagun.files.wordpress.com/2012/05/editimg_0825.jpg?w=980&h=550,image,https://flowersinthebarrelofagun.files.wordpress.com/2012/05/editimg_0825.jpg?w=980&h=550,image/jpeg,1,20230204140939,20230204140939,20230204140939
flowersinthebarrelofagun.files.wordpress.com/2012/05/editmg_0820.jpg,image,https://flowersinthebarrelofagun.files.wordpress.com/2012/05/editmg_0820.jpg,image/jpeg,1,20230204140922,20230204140922,20230204140922
flowersinthebarrelofagun.files.wordpress.com/2012/05/editmg_0820.jpg?w=150&h=84,image,https://flowersinthebarrelofagun.files.wordpress.com/2012/05/editmg_0820.jpg?w=150&h=84,image/jpeg,1,20230204140833,20230204140833,20230204140833
flowersinthebarrelofagun.files.wordpress.com/2012/05/editmg_0820.jpg?w=300&h=168,image,https://flowersinthebarrelofagun.files.wordpress.com/2012/05/editmg_0820.jpg?w=300&h=168,image/jpeg,1,20230204140905,20230204140905,20230204140905
flowersinthebarrelofagun.files.wordpress.com/2012/05/editmg_0820.jpg?w=490&h=275,image,https://flowersinthebarrelofagun.files.wordpress.com/2012/05/editmg_0820.jpg?w=490&h=275,image/jpeg,1,20230204140851,20230204140851,20230204140851
flowersinthebarrelofagun.files.wordpress.com/2012/05/editmg_0820.jpg?w=768&h=431,image,https://flowersinthebarrelofagun.files.wordpress.com/2012/05/editmg_0820.jpg?w=768&h=431,image/jpeg,1,20230204140953,20230204140953,20230204140953
flowersinthebarrelofagun.files.wordpress.com/2012/05/editmg_0820.jpg?w=980&h=550,image,https://flowersinthebarrelofagun.files.wordpress.com/2012/05/editmg_0820.jpg?w=980&h=550,image/jpeg,1,20230204140911,20230204140911,20230204140911
flowersinthebarrelofagun.files.wordpress.com/2012/05/img_0802.jpg,image,https://flowersinthebarrelofagun.files.wordpress.com/2012/05/img_0802.jpg,image/jpeg,1,20230204140837,20230204140837,20230204140837
flowersinthebarrelofagun.files.wordpress.com/2012/05/img_0802.jpg?w=150&h=84,image,https://flowersinthebarrelofagun.files.wordpress.com/2012/05/img_0802.jpg?w=150&h=84,image/jpeg,1,20230204140835,20230204140835,20230204140835
flowersinthebarrelofagun.files.wordpress.com/2012/05/img_0802.jpg?w=300&h=169,image,https://flowersinthebarrelofagun.files.wordpress.com/2012/05/img_0802.jpg?w=300&h=169,image/jpeg,1,20230204140946,20230204140946,20230204140946
flowersinthebarrelofagun.files.wordpress.com/2012/05/img_0802.jpg?w=490&h=275,image,https://flowersinthebarrelofagun.files.wordpress.com/2012/05/img_0802.jpg?w=490&h=275,image/jpeg,1,20230204140934,20230204140934,20230204140934
flowersinthebarrelofagun.files.wordpress.com/2012/05/img_0802.jpg?w=768&h=431,image,https://flowersinthebarrelofagun.files.wordpress.com/2012/05/img_0802.jpg?w=768&h=431,image/jpeg,1,20230204140845,20230204140845,20230204140845
flowersinthebarrelofagun.files.wordpress.com/2012/05/img_0802.jpg?w=980&h=550,image,https://flowersinthebarrelofagun.files.wordpress.com/2012/05/img_0802.jpg?w=980&h=550,image/jpeg,1,20230204140944,20230204140944,20230204140944
flowersinthebarrelofagun.files.wordpress.com/2012/05/img_0817.jpg,image,https://flowersinthebarrelofagun.files.wordpress.com/2012/05/img_0817.jpg,image/jpeg,1,20230204140836,20230204140836,20230204140836
flowersinthebarrelofagun.files.wordpress.com/2012/05/img_0817.jpg?w=150&h=84,image,https://flowersinthebarrelofagun.files.wordpress.com/2012/05/img_0817.jpg?w=150&h=84,image/jpeg,1,20230204140841,20230204140841,20230204140841
flowersinthebarrelofagun.files.wordpress.com/2012/05/img_0817.jpg?w=300&h=169,image,https://flowersinthebarrelofagun.files.wordpress.com/2012/05/img_0817.jpg?w=300&h=169,image/jpeg,1,20230204140949,20230204140949,20230204140949
flowersinthebarrelofagun.files.wordpress.com/2012/05/img_0817.jpg?w=490&h=275,image,https://flowersinthebarrelofagun.files.wordpress.com/2012/05/img_0817.jpg?w=490&h=275,image/jpeg,1,20230204140959,20230204140959,20230204140959
flowersinthebarrelofagun.files.wordpress.com/2012/05/img_0817.jpg?w=768&h=431,image,https://flowersinthebarrelofagun.files.wordpress.com/2012/05/img_0817.jpg?w=768&h=431,image/jpeg,1,20230204141009,20230204141009,20230204141009
flowersinthebarrelofagun.files.wordpress.com/2012/05/img_0817.jpg?w=980&h=550,image,https://flowersinthebarrelofagun.files.wordpress.com/2012/05/img_0817.jpg?w=980&h=550,image/jpeg,1,20230204140956,20230204140956,20230204140956
flowersinthebarrelofagun.files.wordpress.com/2012/05/img_0818.jpg,image,https://flowersinthebarrelofagun.files.wordpress.com/2012/05/img_0818.jpg,image/jpeg,1,20230204140839,20230204140839,20230204140839
flowersinthebarrelofagun.files.wordpress.com/2012/05/img_0818.jpg?w=150&h=84,image,https://flowersinthebarrelofagun.files.wordpress.com/2012/05/img_0818.jpg?w=150&h=84,image/jpeg,1,20230204140933,20230204140933,20230204140933
flowersinthebarrelofagun.files.wordpress.com/2012/05/img_0818.jpg?w=300&h=169,image,https://flowersinthebarrelofagun.files.wordpress.com/2012/05/img_0818.jpg?w=300&h=169,image/jpeg,1,20230204140840,20230204140840,20230204140840
flowersinthebarrelofagun.files.wordpress.com/2012/05/img_0818.jpg?w=490&h=275,image,https://flowersinthebarrelofagun.files.wordpress.com/2012/05/img_0818.jpg?w=490&h=275,image/jpeg,1,20230204140841,20230204140841,20230204140841
flowersinthebarrelofagun.files.wordpress.com/2012/05/img_0818.jpg?w=768&h=431,image,https://flowersinthebarrelofagun.files.wordpress.com/2012/05/img_0818.jpg?w=768&h=431,image/jpeg,1,20230204161100,20230204161100,20230204161100
flowersinthebarrelofagun.files.wordpress.com/2012/05/img_0818.jpg?w=980&h=550,image,https://flowersinthebarrelofagun.files.wordpress.com/2012/05/img_0818.jpg?w=980&h=550,image/jpeg,1,20230204141014,20230204141014,20230204141014
flowersinthebarrelofagun.files.wordpress.com/2012/05/meshuggah.jpg,image,https://flowersinthebarrelofagun.files.wordpress.com/2012/05/meshuggah.jpg,image/jpeg,1,20230204140838,20230204140838,20230204140838
flowersinthebarrelofagun.files.wordpress.com/2012/05/meshuggah.jpg?w=150&h=100,image,https://flowersinthebarrelofagun.files.wordpress.com/2012/05/meshuggah.jpg?w=150&h=100,image/jpeg,1,20230204141000,20230204141000,20230204141000
flowersinthebarrelofagun.files.wordpress.com/2012/05/meshuggah.jpg?w=300&h=200,image,https://flowersinthebarrelofagun.files.wordpress.com/2012/05/meshuggah.jpg?w=300&h=200,image/jpeg,1,20230204140952,20230204140952,20230204140952
flowersinthebarrelofagun.files.wordpress.com/2012/05/meshuggah.jpg?w=490&h=326,image,https://flowersinthebarrelofagun.files.wordpress.com/2012/05/meshuggah.jpg?w=490&h=326,image/jpeg,1,20230204140911,20230204140911,20230204140911
flowersinthebarrelofagun.files.wordpress.com/2012/05/meshuggah.jpg?w=768&h=512,image,https://flowersinthebarrelofagun.files.wordpress.com/2012/05/meshuggah.jpg?w=768&h=512,image/jpeg,1,20230204140840,20230204140840,20230204140840
flowersinthebarrelofagun.files.wordpress.com/2012/05/meshuggah.jpg?w=978&h=652,image,https://flowersinthebarrelofagun.files.wordpress.com/2012/05/meshuggah.jpg?w=978&h=652,image/jpeg,1,20230204140835,20230204140835,20230204140835
flowersinthebarrelofagun.files.wordpress.com/2012/05/meshuggah2.jpg,image,https://flowersinthebarrelofagun.files.wordpress.com/2012/05/meshuggah2.jpg,image/jpeg,1,20230204140930,20230204140930,20230204140930
flowersinthebarrelofagun.files.wordpress.com/2012/05/meshuggah2.jpg?w=150&h=100,image,https://flowersinthebarrelofagun.files.wordpress.com/2012/05/meshuggah2.jpg?w=150&h=100,image/jpeg,1,20230204140948,20230204140948,20230204140948
flowersinthebarrelofagun.files.wordpress.com/2012/05/meshuggah2.jpg?w=300&h=200,image,https://flowersinthebarrelofagun.files.wordpress.com/2012/05/meshuggah2.jpg?w=300&h=200,image/jpeg,1,20230204141000,20230204141000,20230204141000
flowersinthebarrelofagun.files.wordpress.com/2012/05/meshuggah2.jpg?w=490&h=326,image,https://flowersinthebarrelofagun.files.wordpress.com/2012/05/meshuggah2.jpg?w=490&h=326,image/jpeg,1,20230204140953,20230204140953,20230204140953
flowersinthebarrelofagun.files.wordpress.com/2012/05/meshuggah2.jpg?w=768&h=512,image,https://flowersinthebarrelofagun.files.wordpress.com/2012/05/meshuggah2.jpg?w=768&h=512,image/jpeg,1,20230204140846,20230204140846,20230204140846
flowersinthebarrelofagun.files.wordpress.com/2012/05/meshuggah2.jpg?w=978&h=652,image,https://flowersinthebarrelofagun.files.wordpress.com/2012/05/meshuggah2.jpg?w=978&h=652,image/jpeg,1,20230204141004,20230204141004,20230204141004
flowersinthebarrelofagun.files.wordpress.com/2012/05/meshuggah3.jpg,image,https://flowersinthebarrelofagun.files.wordpress.com/2012/05/meshuggah3.jpg,image/jpeg,1,20230204140854,20230204140854,20230204140854
flowersinthebarrelofagun.files.wordpress.com/2012/05/meshuggah3.jpg?w=150&h=84,image,https://flowersinthebarrelofagun.files.wordpress.com/2012/05/meshuggah3.jpg?w=150&h=84,image/jpeg,1,20230204140835,20230204140835,20230204140835
flowersinthebarrelofagun.files.wordpress.com/2012/05/meshuggah3.jpg?w=300&h=168,image,https://flowersinthebarrelofagun.files.wordpress.com/2012/05/meshuggah3.jpg?w=300&h=168,image/jpeg,1,20230204140908,20230204140908,20230204140908
flowersinthebarrelofagun.files.wordpress.com/2012/05/meshuggah3.jpg?w=490&h=275,image,https://flowersinthebarrelofagun.files.wordpress.com/2012/05/meshuggah3.jpg?w=490&h=275,image/jpeg,1,20230204140848,20230204140848,20230204140848
flowersinthebarrelofagun.files.wordpress.com/2012/05/meshuggah3.jpg?w=768&h=431,image,https://flowersinthebarrelofagun.files.wordpress.com/2012/05/meshuggah3.jpg?w=768&h=431,image/jpeg,1,20230204140834,20230204140834,20230204140834
flowersinthebarrelofagun.files.wordpress.com/2012/05/meshuggah3.jpg?w=980&h=550,image,https://flowersinthebarrelofagun.files.wordpress.com/2012/05/meshuggah3.jpg?w=980&h=550,image/jpeg,1,20230204140951,20230204140951,20230204140951
flowersinthebarrelofagun.files.wordpress.com/2012/05/meshuggah4.jpg,image,https://flowersinthebarrelofagun.files.wordpress.com/2012/05/meshuggah4.jpg,image/jpeg,1,20230204140958,20230204140958,20230204140958
flowersinthebarrelofagun.files.wordpress.com/2012/05/meshuggah4.jpg?w=150&h=100,image,https://flowersinthebarrelofagun.files.wordpress.com/2012/05/meshuggah4.jpg?w=150&h=100,image/jpeg,1,20230204141009,20230204141009,20230204141009
flowersinthebarrelofagun.files.wordpress.com/2012/05/meshuggah4.jpg?w=300&h=200,image,https://flowersinthebarrelofagun.files.wordpress.com/2012/05/meshuggah4.jpg?w=300&h=200,image/jpeg,1,20230204141007,20230204141007,20230204141007
flowersinthebarrelofagun.files.wordpress.com/2012/05/meshuggah4.jpg?w=490&h=326,image,https://flowersinthebarrelofagun.files.wordpress.com/2012/05/meshuggah4.jpg?w=490&h=326,image/jpeg,1,20230204140910,20230204140910,20230204140910
flowersinthebarrelofagun.files.wordpress.com/2012/05/meshuggah4.jpg?w=768&h=512,image,https://flowersinthebarrelofagun.files.wordpress.com/2012/05/meshuggah4.jpg?w=768&h=512,image/jpeg,1,20230204141039,20230204141039,20230204141039
flowersinthebarrelofagun.files.wordpress.com/2012/05/meshuggah4.jpg?w=978&h=652,image,https://flowersinthebarrelofagun.files.wordpress.com/2012/05/meshuggah4.jpg?w=978&h=652,image/jpeg,1,20230204140906,20230204140906,20230204140906
flowersinthebarrelofagun.files.wordpress.com/2012/05/meshuggah5.jpg,image,https://flowersinthebarrelofagun.files.wordpress.com/2012/05/meshuggah5.jpg,image/jpeg,1,20230204140902,20230204140902,20230204140902
flowersinthebarrelofagun.files.wordpress.com/2012/05/meshuggah5.jpg?w=150&h=100,image,https://flowersinthebarrelofagun.files.wordpress.com/2012/05/meshuggah5.jpg?w=150&h=100,image/jpeg,1,20230204140903,20230204140903,20230204140903
flowersinthebarrelofagun.files.wordpress.com/2012/05/meshuggah5.jpg?w=300&h=200,image,https://flowersinthebarrelofagun.files.wordpress.com/2012/05/meshuggah5.jpg?w=300&h=200,image/jpeg,1,20230204140836,20230204140836,20230204140836
flowersinthebarrelofagun.files.wordpress.com/2012/05/meshuggah5.jpg?w=490&h=326,image,https://flowersinthebarrelofagun.files.wordpress.com/2012/05/meshuggah5.jpg?w=490&h=326,image/jpeg,1,20230204140908,20230204140908,20230204140908
flowersinthebarrelofagun.files.wordpress.com/2012/05/meshuggah5.jpg?w=768&h=512,image,https://flowersinthebarrelofagun.files.wordpress.com/2012/05/meshuggah5.jpg?w=768&h=512,image/jpeg,1,20230204140843,20230204140843,20230204140843
flowersinthebarrelofagun.files.wordpress.com/2012/05/meshuggah5.jpg?w=978&h=652,image,https://flowersinthebarrelofagun.files.wordpress.com/2012/05/meshuggah5.jpg?w=978&h=652,image/jpeg,1,20230204140902,20230204140902,20230204140902
flowersinthebarrelofagun.files.wordpress.com/2012/05/thebalconies.jpg,image,https://flowersinthebarrelofagun.files.wordpress.com/2012/05/thebalconies.jpg,image/jpeg,1,20230204140912,20230204140912,20230204140912
flowersinthebarrelofagun.files.wordpress.com/2012/05/thebalconies.jpg?w=150&h=84,image,https://flowersinthebarrelofagun.files.wordpress.com/2012/05/thebalconies.jpg?w=150&h=84,image/jpeg,1,20230204140946,20230204140946,20230204140946
flowersinthebarrelofagun.files.wordpress.com/2012/05/thebalconies.jpg?w=300&h=168,image,https://flowersinthebarrelofagun.files.wordpress.com/2012/05/thebalconies.jpg?w=300&h=168,image/jpeg,1,20230204140840,20230204140840,20230204140840
flowersinthebarrelofagun.files.wordpress.com/2012/05/thebalconies.jpg?w=490&h=275,image,https://flowersinthebarrelofagun.files.wordpress.com/2012/05/thebalconies.jpg?w=490&h=275,image/jpeg,1,20230204140920,20230204140920,20230204140920
flowersinthebarrelofagun.files.wordpress.com/2012/05/thebalconies.jpg?w=768&h=431,image,https://flowersinthebarrelofagun.files.wordpress.com/2012/05/thebalconies.jpg?w=768&h=431,image/jpeg,1,20230204140951,20230204140951,20230204140951
flowersinthebarrelofagun.files.wordpress.com/2012/05/thebalconies.jpg?w=980&h=550,image,https://flowersinthebarrelofagun.files.wordpress.com/2012/05/thebalconies.jpg?w=980&h=550,image/jpeg,1,20230204140834,20230204140834,20230204140834
flowersinthebarrelofagun.files.wordpress.com/2012/06/bklove.jpg,image,https://flowersinthebarrelofagun.files.wordpress.com/2012/06/bklove.jpg,image/jpeg,1,20230204141004,20230204141004,20230204141004
flowersinthebarrelofagun.files.wordpress.com/2012/06/bklove.jpg?w=150&h=100,image,https://flowersinthebarrelofagun.files.wordpress.com/2012/06/bklove.jpg?w=150&h=100,image/jpeg,1,20230204140844,20230204140844,20230204140844
flowersinthebarrelofagun.files.wordpress.com/2012/06/bklove.jpg?w=300&h=200,image,https://flowersinthebarrelofagun.files.wordpress.com/2012/06/bklove.jpg?w=300&h=200,image/jpeg,1,20230204140954,20230204140954,20230204140954
flowersinthebarrelofagun.files.wordpress.com/2012/06/bklove.jpg?w=490&h=326,image,https://flowersinthebarrelofagun.files.wordpress.com/2012/06/bklove.jpg?w=490&h=326,image/jpeg,1,20230204140833,20230204140833,20230204140833
flowersinthebarrelofagun.files.wordpress.com/2012/06/bklove.jpg?w=768&h=512,image,https://flowersinthebarrelofagun.files.wordpress.com/2012/06/bklove.jpg?w=768&h=512,image/jpeg,1,20230204140837,20230204140837,20230204140837
flowersinthebarrelofagun.files.wordpress.com/2012/06/groupies.jpg,image,https://flowersinthebarrelofagun.files.wordpress.com/2012/06/groupies.jpg,image/jpeg,1,20230204140916,20230204140916,20230204140916
flowersinthebarrelofagun.files.wordpress.com/2012/06/groupies.jpg?w=150&h=100,image,https://flowersinthebarrelofagun.files.wordpress.com/2012/06/groupies.jpg?w=150&h=100,image/jpeg,1,20230204141025,20230204141025,20230204141025
flowersinthebarrelofagun.files.wordpress.com/2012/06/groupies.jpg?w=300&h=200,image,https://flowersinthebarrelofagun.files.wordpress.com/2012/06/groupies.jpg?w=300&h=200,image/jpeg,1,20230204140929,20230204140929,20230204140929
flowersinthebarrelofagun.files.wordpress.com/2012/06/groupies.jpg?w=490&h=326,image,https://flowersinthebarrelofagun.files.wordpress.com/2012/06/groupies.jpg?w=490&h=326,image/jpeg,1,20230204140851,20230204140851,20230204140851
flowersinthebarrelofagun.files.wordpress.com/2012/06/groupies.jpg?w=768&h=512,image,https://flowersinthebarrelofagun.files.wordpress.com/2012/06/groupies.jpg?w=768&h=512,image/jpeg,1,20230204140938,20230204140938,20230204140938
flowersinthebarrelofagun.files.wordpress.com/2012/06/groupies.jpg?w=978&h=652,image,https://flowersinthebarrelofagun.files.wordpress.com/2012/06/groupies.jpg?w=978&h=652,image/jpeg,1,20230204164458,20230204164458,20230204164458
flowersinthebarrelofagun.files.wordpress.com/2012/06/img_0231.jpg,image,https://flowersinthebarrelofagun.files.wordpress.com/2012/06/img_0231.jpg,image/jpeg,1,20230204140845,20230204140845,20230204140845
flowersinthebarrelofagun.files.wordpress.com/2012/06/img_0231.jpg?w=150&h=100,image,https://flowersinthebarrelofagun.files.wordpress.com/2012/06/img_0231.jpg?w=150&h=100,image/jpeg,1,20230204140853,20230204140853,20230204140853
flowersinthebarrelofagun.files.wordpress.com/2012/06/img_0231.jpg?w=300&h=200,image,https://flowersinthebarrelofagun.files.wordpress.com/2012/06/img_0231.jpg?w=300&h=200,image/jpeg,1,20230204140838,20230204140838,20230204140838
flowersinthebarrelofagun.files.wordpress.com/2012/06/img_0231.jpg?w=490&h=326,image,https://flowersinthebarrelofagun.files.wordpress.com/2012/06/img_0231.jpg?w=490&h=326,image/jpeg,1,20230204140837,20230204140837,20230204140837
flowersinthebarrelofagun.files.wordpress.com/2012/06/img_0231.jpg?w=768&h=512,image,https://flowersinthebarrelofagun.files.wordpress.com/2012/06/img_0231.jpg?w=768&h=512,image/jpeg,1,20230204140844,20230204140844,20230204140844
flowersinthebarrelofagun.files.wordpress.com/2012/06/img_0231.jpg?w=978&h=652,image,https://flowersinthebarrelofagun.files.wordpress.com/2012/06/img_0231.jpg?w=978&h=652,image/jpeg,1,20230204140842,20230204140842,20230204140842
flowersinthebarrelofagun.files.wordpress.com/2012/06/jeffbeam1.jpg,image,https://flowersinthebarrelofagun.files.wordpress.com/2012/06/jeffbeam1.jpg,image/jpeg,1,20230204140939,20230204140939,20230204140939
flowersinthebarrelofagun.files.wordpress.com/2012/06/jeffbeam1.jpg?w=150&h=100,image,https://flowersinthebarrelofagun.files.wordpress.com/2012/06/jeffbeam1.jpg?w=150&h=100,image/jpeg,1,20230204140845,20230204140845,20230204140845
flowersinthebarrelofagun.files.wordpress.com/2012/06/jeffbeam1.jpg?w=300&h=200,image,https://flowersinthebarrelofagun.files.wordpress.com/2012/06/jeffbeam1.jpg?w=300&h=200,image/jpeg,1,20230204140857,20230204140857,20230204140857
flowersinthebarrelofagun.files.wordpress.com/2012/06/jeffbeam1.jpg?w=490&h=326,image,https://flowersinthebarrelofagun.files.wordpress.com/2012/06/jeffbeam1.jpg?w=490&h=326,image/jpeg,1,20230204140838,20230204140838,20230204140838
flowersinthebarrelofagun.files.wordpress.com/2012/06/jeffbeam1.jpg?w=768&h=512,image,https://flowersinthebarrelofagun.files.wordpress.com/2012/06/jeffbeam1.jpg?w=768&h=512,image/jpeg,1,20230204140935,20230204140935,20230204140935
flowersinthebarrelofagun.files.wordpress.com/2012/06/jeffbeam2.jpg,image,https://flowersinthebarrelofagun.files.wordpress.com/2012/06/jeffbeam2.jpg,image/jpeg,1,20230204140906,20230204140906,20230204140906
flowersinthebarrelofagun.files.wordpress.com/2012/06/jeffbeam2.jpg?w=150&h=100,image,https://flowersinthebarrelofagun.files.wordpress.com/2012/06/jeffbeam2.jpg?w=150&h=100,image/jpeg,1,20230204140951,20230204140951,20230204140951
flowersinthebarrelofagun.files.wordpress.com/2012/06/jeffbeam2.jpg?w=300&h=200,image,https://flowersinthebarrelofagun.files.wordpress.com/2012/06/jeffbeam2.jpg?w=300&h=200,image/jpeg,1,20230204140917,20230204140917,20230204140917
flowersinthebarrelofagun.files.wordpress.com/2012/06/jeffbeam2.jpg?w=490&h=326,image,https://flowersinthebarrelofagun.files.wordpress.com/2012/06/jeffbeam2.jpg?w=490&h=326,image/jpeg,1,20230204140854,20230204140854,20230204140854
flowersinthebarrelofagun.files.wordpress.com/2012/06/jeffbeam2.jpg?w=768&h=512,image,https://flowersinthebarrelofagun.files.wordpress.com/2012/06/jeffbeam2.jpg?w=768&h=512,image/jpeg,1,20230204140944,20230204140944,20230204140944
flowersinthebarrelofagun.files.wordpress.com/2012/06/jeffbeam3.jpg,image,https://flowersinthebarrelofagun.files.wordpress.com/2012/06/jeffbeam3.jpg,image/jpeg,1,20230204140838,20230204140838,20230204140838
flowersinthebarrelofagun.files.wordpress.com/2012/06/jeffbeam3.jpg?w=150&h=100,image,https://flowersinthebarrelofagun.files.wordpress.com/2012/06/jeffbeam3.jpg?w=150&h=100,image/jpeg,1,20230204140900,20230204140900,20230204140900
flowersinthebarrelofagun.files.wordpress.com/2012/06/jeffbeam3.jpg?w=300&h=200,image,https://flowersinthebarrelofagun.files.wordpress.com/2012/06/jeffbeam3.jpg?w=300&h=200,image/jpeg,1,20230204140910,20230204140910,20230204140910
flowersinthebarrelofagun.files.wordpress.com/2012/06/jeffbeam3.jpg?w=490&h=326,image,https://flowersinthebarrelofagun.files.wordpress.com/2012/06/jeffbeam3.jpg?w=490&h=326,image/jpeg,1,20230204140954,20230204140954,20230204140954
flowersinthebarrelofagun.files.wordpress.com/2012/06/jeffbeam3.jpg?w=768&h=512,image,https://flowersinthebarrelofagun.files.wordpress.com/2012/06/jeffbeam3.jpg?w=768&h=512,image/jpeg,1,20230204140902,20230204140902,20230204140902
flowersinthebarrelofagun.files.wordpress.com/2012/06/untitled.jpg,image,https://flowersinthebarrelofagun.files.wordpress.com/2012/06/untitled.jpg,image/jpeg,1,20230204140837,20230204140837,20230204140837
flowersinthebarrelofagun.files.wordpress.com/2012/06/untitled.jpg?w=150&h=84,image,https://flowersinthebarrelofagun.files.wordpress.com/2012/06/untitled.jpg?w=150&h=84,image/jpeg,1,20230204160728,20230204160728,20230204160728
flowersinthebarrelofagun.files.wordpress.com/2012/06/untitled.jpg?w=300&h=169,image,https://flowersinthebarrelofagun.files.wordpress.com/2012/06/untitled.jpg?w=300&h=169,image/jpeg,1,20230204140955,20230204140955,20230204140955
flowersinthebarrelofagun.files.wordpress.com/2012/06/untitled.jpg?w=490&h=275,image,https://flowersinthebarrelofagun.files.wordpress.com/2012/06/untitled.jpg?w=490&h=275,image/jpeg,1,20230204140907,20230204140907,20230204140907
flowersinthebarrelofagun.files.wordpress.com/2012/06/untitled.jpg?w=768&h=432,image,https://flowersinthebarrelofagun.files.wordpress.com/2012/06/untitled.jpg?w=768&h=432,image/jpeg,1,20230204140858,20230204140858,20230204140858
flowersinthebarrelofagun.files.wordpress.com/2012/06/untitled.jpg?w=978&h=550,image,https://flowersinthebarrelofagun.files.wordpress.com/2012/06/untitled.jpg?w=978&h=550,image/jpeg,1,20230204140944,20230204140944,20230204140944
flowersinthebarrelofagun.files.wordpress.com/2012/06/untitled2.jpg,image,https://flowersinthebarrelofagun.files.wordpress.com/2012/06/untitled2.jpg,image/jpeg,1,20230204172858,20230204172858,20230204172858
flowersinthebarrelofagun.files.wordpress.com/2012/06/untitled2.jpg?w=150&h=84,image,https://flowersinthebarrelofagun.files.wordpress.com/2012/06/untitled2.jpg?w=150&h=84,image/jpeg,1,20230204140946,20230204140946,20230204140946
flowersinthebarrelofagun.files.wordpress.com/2012/06/untitled2.jpg?w=300&h=169,image,https://flowersinthebarrelofagun.files.wordpress.com/2012/06/untitled2.jpg?w=300&h=169,image/jpeg,1,20230204140840,20230204140840,20230204140840
flowersinthebarrelofagun.files.wordpress.com/2012/06/untitled2.jpg?w=490&h=275,image,https://flowersinthebarrelofagun.files.wordpress.com/2012/06/untitled2.jpg?w=490&h=275,image/jpeg,1,20230204140904,20230204140904,20230204140904
flowersinthebarrelofagun.files.wordpress.com/2012/06/untitled2.jpg?w=768&h=432,image,https://flowersinthebarrelofagun.files.wordpress.com/2012/06/untitled2.jpg?w=768&h=432,image/jpeg,1,20230204140844,20230204140844,20230204140844
flowersinthebarrelofagun.files.wordpress.com/2012/06/untitled2.jpg?w=978&h=550,image,https://flowersinthebarrelofagun.files.wordpress.com/2012/06/untitled2.jpg?w=978&h=550,image/jpeg,1,20230204140902,20230204140902,20230204140902
flowersinthebarrelofagun.files.wordpress.com/2012/06/untitled3.jpg,image,https://flowersinthebarrelofagun.files.wordpress.com/2012/06/untitled3.jpg,image/jpeg,1,20230204140845,20230204140845,20230204140845
flowersinthebarrelofagun.files.wordpress.com/2012/06/untitled3.jpg?w=150&h=84,image,https://flowersinthebarrelofagun.files.wordpress.com/2012/06/untitled3.jpg?w=150&h=84,image/jpeg,1,20230204141001,20230204141001,20230204141001
flowersinthebarrelofagun.files.wordpress.com/2012/06/untitled3.jpg?w=300&h=169,image,https://flowersinthebarrelofagun.files.wordpress.com/2012/06/untitled3.jpg?w=300&h=169,image/jpeg,1,20230204140832,20230204140832,20230204140832
flowersinthebarrelofagun.files.wordpress.com/2012/06/untitled3.jpg?w=490&h=275,image,https://flowersinthebarrelofagun.files.wordpress.com/2012/06/untitled3.jpg?w=490&h=275,image/jpeg,1,20230204140832,20230204140832,20230204140832
flowersinthebarrelofagun.files.wordpress.com/2012/06/untitled3.jpg?w=768&h=432,image,https://flowersinthebarrelofagun.files.wordpress.com/2012/06/untitled3.jpg?w=768&h=432,image/jpeg,1,20230204140832,20230204140832,20230204140832
flowersinthebarrelofagun.files.wordpress.com/2012/06/untitled3.jpg?w=978&h=550,image,https://flowersinthebarrelofagun.files.wordpress.com/2012/06/untitled3.jpg?w=978&h=550,image/jpeg,1,20230204140851,20230204140851,20230204140851
flowersinthebarrelofagun.files.wordpress.com/2012/06/untitled4.jpg,image,https://flowersinthebarrelofagun.files.wordpress.com/2012/06/untitled4.jpg,image/jpeg,1,20230204140946,20230204140946,20230204140946
flowersinthebarrelofagun.files.wordpress.com/2012/06/untitled4.jpg?w=150&h=84,image,https://flowersinthebarrelofagun.files.wordpress.com/2012/06/untitled4.jpg?w=150&h=84,image/jpeg,1,20230204140844,20230204140844,20230204140844
flowersinthebarrelofagun.files.wordpress.com/2012/06/untitled4.jpg?w=300&h=169,image,https://flowersinthebarrelofagun.files.wordpress.com/2012/06/untitled4.jpg?w=300&h=169,image/jpeg,1,20230204140954,20230204140954,20230204140954
flowersinthebarrelofagun.files.wordpress.com/2012/06/untitled4.jpg?w=490&h=275,image,https://flowersinthebarrelofagun.files.wordpress.com/2012/06/untitled4.jpg?w=490&h=275,image/jpeg,1,20230204140958,20230204140958,20230204140958
flowersinthebarrelofagun.files.wordpress.com/2012/06/untitled4.jpg?w=768&h=432,image,https://flowersinthebarrelofagun.files.wordpress.com/2012/06/untitled4.jpg?w=768&h=432,image/jpeg,1,20230204140912,20230204140912,20230204140912
flowersinthebarrelofagun.files.wordpress.com/2012/06/untitled4.jpg?w=978&h=550,image,https://flowersinthebarrelofagun.files.wordpress.com/2012/06/untitled4.jpg?w=978&h=550,image/jpeg,1,20230204141003,20230204141003,20230204141003
flowersinthebarrelofagun.files.wordpress.com/2012/06/untitled51.jpg,image,https://flowersinthebarrelofagun.files.wordpress.com/2012/06/untitled51.jpg,image/jpeg,1,20230204140917,20230204140917,20230204140917
flowersinthebarrelofagun.files.wordpress.com/2012/06/untitled51.jpg?w=150&h=84,image,https://flowersinthebarrelofagun.files.wordpress.com/2012/06/untitled51.jpg?w=150&h=84,image/jpeg,1,20230204164202,20230204164202,20230204164202
flowersinthebarrelofagun.files.wordpress.com/2012/06/untitled51.jpg?w=300&h=169,image,https://flowersinthebarrelofagun.files.wordpress.com/2012/06/untitled51.jpg?w=300&h=169,image/jpeg,1,20230204140903,20230204140903,20230204140903
flowersinthebarrelofagun.files.wordpress.com/2012/06/untitled51.jpg?w=490&h=275,image,https://flowersinthebarrelofagun.files.wordpress.com/2012/06/untitled51.jpg?w=490&h=275,image/jpeg,1,20230204140835,20230204140835,20230204140835
flowersinthebarrelofagun.files.wordpress.com/2012/06/untitled51.jpg?w=768&h=432,image,https://flowersinthebarrelofagun.files.wordpress.com/2012/06/untitled51.jpg?w=768&h=432,image/jpeg,1,20230204140919,20230204140919,20230204140919
flowersinthebarrelofagun.files.wordpress.com/2012/06/untitled51.jpg?w=978&h=550,image,https://flowersinthebarrelofagun.files.wordpress.com/2012/06/untitled51.jpg?w=978&h=550,image/jpeg,1,20230204140906,20230204140906,20230204140906
flowersinthebarrelofagun.files.wordpress.com/2012/06/wintersleep1.jpg,image,https://flowersinthebarrelofagun.files.wordpress.com/2012/06/wintersleep1.jpg,image/jpeg,1,20230204140902,20230204140902,20230204140902
flowersinthebarrelofagun.files.wordpress.com/2012/06/wintersleep1.jpg?w=150&h=84,image,https://flowersinthebarrelofagun.files.wordpress.com/2012/06/wintersleep1.jpg?w=150&h=84,image/jpeg,1,20230204140908,20230204140908,20230204140908
flowersinthebarrelofagun.files.wordpress.com/2012/06/wintersleep1.jpg?w=300&h=168,image,https://flowersinthebarrelofagun.files.wordpress.com/2012/06/wintersleep1.jpg?w=300&h=168,image/jpeg,1,20230204140834,20230204140834,20230204140834
flowersinthebarrelofagun.files.wordpress.com/2012/06/wintersleep1.jpg?w=490&h=275,image,https://flowersinthebarrelofagun.files.wordpress.com/2012/06/wintersleep1.jpg?w=490&h=275,image/jpeg,1,20230204140856,20230204140856,20230204140856
flowersinthebarrelofagun.files.wordpress.com/2012/06/wintersleep1.jpg?w=768&h=431,image,https://flowersinthebarrelofagun.files.wordpress.com/2012/06/wintersleep1.jpg?w=768&h=431,image/jpeg,1,20230204140840,20230204140840,20230204140840
flowersinthebarrelofagun.files.wordpress.com/2012/06/wintersleep2.jpg,image,https://flowersinthebarrelofagun.files.wordpress.com/2012/06/wintersleep2.jpg,image/jpeg,1,20230204140840,20230204140840,20230204140840
flowersinthebarrelofagun.files.wordpress.com/2012/06/wintersleep2.jpg?w=150&h=100,image,https://flowersinthebarrelofagun.files.wordpress.com/2012/06/wintersleep2.jpg?w=150&h=100,image/jpeg,1,20230204140849,20230204140849,20230204140849
flowersinthebarrelofagun.files.wordpress.com/2012/06/wintersleep2.jpg?w=300&h=200,image,https://flowersinthebarrelofagun.files.wordpress.com/2012/06/wintersleep2.jpg?w=300&h=200,image/jpeg,1,20230204140840,20230204140840,20230204140840
flowersinthebarrelofagun.files.wordpress.com/2012/06/wintersleep2.jpg?w=490&h=326,image,https://flowersinthebarrelofagun.files.wordpress.com/2012/06/wintersleep2.jpg?w=490&h=326,image/jpeg,1,20230204154702,20230204154702,20230204154702
flowersinthebarrelofagun.files.wordpress.com/2012/06/wintersleep2.jpg?w=768&h=512,image,https://flowersinthebarrelofagun.files.wordpress.com/2012/06/wintersleep2.jpg?w=768&h=512,image/jpeg,1,20230204140932,20230204140932,20230204140932
flowersinthebarrelofagun.files.wordpress.com/2012/06/wintersleep3.jpg,image,https://flowersinthebarrelofagun.files.wordpress.com/2012/06/wintersleep3.jpg,image/jpeg,1,20230204140905,20230204140905,20230204140905
flowersinthebarrelofagun.files.wordpress.com/2012/06/wintersleep3.jpg?w=150&h=100,image,https://flowersinthebarrelofagun.files.wordpress.com/2012/06/wintersleep3.jpg?w=150&h=100,image/jpeg,1,20230204140855,20230204140855,20230204140855
flowersinthebarrelofagun.files.wordpress.com/2012/06/wintersleep3.jpg?w=300&h=200,image,https://flowersinthebarrelofagun.files.wordpress.com/2012/06/wintersleep3.jpg?w=300&h=200,image/jpeg,1,20230204140855,20230204140855,20230204140855
flowersinthebarrelofagun.files.wordpress.com/2012/06/wintersleep3.jpg?w=490&h=326,image,https://flowersinthebarrelofagun.files.wordpress.com/2012/06/wintersleep3.jpg?w=490&h=326,image/jpeg,1,20230204140859,20230204140859,20230204140859
flowersinthebarrelofagun.files.wordpress.com/2012/06/wintersleep3.jpg?w=768&h=512,image,https://flowersinthebarrelofagun.files.wordpress.com/2012/06/wintersleep3.jpg?w=768&h=512,image/jpeg,1,20230204140837,20230204140837,20230204140837
webmail.flowersinagun.com/cPanel_magic_revision_1536951675/unprotected/cpanel/images/webmail-logo.svg,image,http://webmail.flowersinagun.com/cPanel_magic_revision_1536951675/unprotected/cpanel/images/webmail-logo.svg,image/svg+xml,1,20220624231229,20220624231229,20220624231229
webmail.flowersinagun.com/cPanel_magic_revision_1660251973/unprotected/cpanel/images/webmail-logo.svg,image,http://webmail.flowersinagun.com/cPanel_magic_revision_1660251973/unprotected/cpanel/images/webmail-logo.svg,image/svg+xml,1,20231225164202,20231225164202,20231225164202
flowersinthebarrelofagun.com/,legacy_page,http://flowersinthebarrelofagun.com/,text/html,19,20120717195512,20180307083524,20180307083524 20170914212929 20170520195103 20141217103625 20140911174414 20140622052312 20140522001628 20140517141822 20140420051504 20140318030234 20140214065655 20140113111418 20140106045548 20131213144301 20131112110519
flowersinthebarrelofagun.com/2011/07,legacy_page,http://www.flowersinthebarrelofagun.com:80/2011/07/,text/html,4,20121001103502,20130906193513,20130906193513 20130704085740 20130121224929 20121001103502
flowersinthebarrelofagun.com/2011/08,legacy_page,http://www.flowersinthebarrelofagun.com:80/2011/08/,text/html,4,20121001103736,20130906214649,20130906214649 20130704100146 20130121224935 20121001103736
flowersinthebarrelofagun.com/2011/09,legacy_page,http://www.flowersinthebarrelofagun.com:80/2011/09/,text/html,3,20121001104050,20130706103836,20130706103836 20130121224940 20121001104050
flowersinthebarrelofagun.com/2011/10,legacy_page,http://www.flowersinthebarrelofagun.com:80/2011/10/,text/html,3,20121001104055,20130708050923,20130708050923 20130121224233 20121001104055
flowersinthebarrelofagun.com/2011/11,legacy_page,http://www.flowersinthebarrelofagun.com:80/2011/11/,text/html,4,20121001104100,20130906210135,20130906210135 20130706105309 20130121224237 20121001104100
flowersinthebarrelofagun.com/2011/12,legacy_page,http://www.flowersinthebarrelofagun.com:80/2011/12/,text/html,4,20121001104106,20130906194425,20130906194425 20130704082217 20130121224242 20121001104106
flowersinthebarrelofagun.com/2012/01,legacy_page,http://www.flowersinthebarrelofagun.com:80/2012/01/,text/html,4,20121001103508,20130904184430,20130904184430 20130704085649 20130121224946 20121001103508
flowersinthebarrelofagun.com/2012/02,legacy_page,http://www.flowersinthebarrelofagun.com:80/2012/02/,text/html,3,20121001104111,20130708212913,20130708212913 20130121224951 20121001104111
flowersinthebarrelofagun.com/2012/03,legacy_page,http://www.flowersinthebarrelofagun.com:80/2012/03/,text/html,3,20121001103011,20130706105302,20130706105302 20130121224955 20121001103011
flowersinthebarrelofagun.com/2012/04,legacy_page,http://www.flowersinthebarrelofagun.com:80/2012/04/,text/html,3,20121001104116,20130704082252,20130704082252 20130121225000 20121001104116
flowersinthebarrelofagun.com/2012/05,legacy_page,http://www.flowersinthebarrelofagun.com:80/2012/05/,text/html,4,20121001104121,20130906194829,20130906194829 20130704080229 20130121225006 20121001104121
flowersinthebarrelofagun.com/2012/06,legacy_page,http://www.flowersinthebarrelofagun.com:80/2012/06/,text/html,4,20121001104126,20130906214819,20130906214819 20130704082352 20130121225011 20121001104126
flowersinthebarrelofagun.com/2012/06/28/sunday-brunch-is-over-its-tiki-disco-party-time-robertas,legacy_page,http://www.flowersinthebarrelofagun.com:80/2012/06/28/sunday-brunch-is-over-its-tiki-disco-party-time-robertas/,text/html,1,20120719090224,20120719090224,20120719090224
flowersinthebarrelofagun.com/2012/06/28/thigh-hights-for-your-night-out,legacy_page,http://www.flowersinthebarrelofagun.com:80/2012/06/28/thigh-hights-for-your-night-out/,text/html,1,20120719090042,20120719090042,20120719090042
flowersinthebarrelofagun.com/2012/06/28/vntage-look-for-long-summer-nights,legacy_page,http://www.flowersinthebarrelofagun.com:80/2012/06/28/vntage-look-for-long-summer-nights/,text/html,1,20120719090047,20120719090047,20120719090047
flowersinthebarrelofagun.com/2012/07,legacy_page,http://www.flowersinthebarrelofagun.com:80/2012/07/,text/html,4,20121001103515,20130904190329,20130904190329 20130704083232 20130121224247 20121001103515
flowersinthebarrelofagun.com/2012/07/06/10-distinctive-albums-of-2012-beach-house-bloom,legacy_page,http://www.flowersinthebarrelofagun.com:80/2012/07/06/10-distinctive-albums-of-2012-beach-house-bloom/,text/html,1,20120719090052,20120719090052,20120719090052
flowersinthebarrelofagun.com/2012/07/09/50-shades-of-grey-and-the-real-face,legacy_page,http://www.flowersinthebarrelofagun.com:80/2012/07/09/50-shades-of-grey-and-the-real-face/,text/html,1,20120719090057,20120719090057,20120719090057
flowersinthebarrelofagun.com/2012/07/09/james-deen-is-adorable,legacy_page,http://www.flowersinthebarrelofagun.com:80/2012/07/09/james-deen-is-adorable/,text/html,1,20120719090229,20120719090229,20120719090229
flowersinthebarrelofagun.com/2012/07/10/sex-changes,legacy_page,http://www.flowersinthebarrelofagun.com:80/2012/07/10/sex-changes/,text/html,1,20120719090234,20120719090234,20120719090234
flowersinthebarrelofagun.com/2012/07/11/the-decadence-allures,legacy_page,http://www.flowersinthebarrelofagun.com:80/2012/07/11/the-decadence-allures/,text/html,1,20120719090102,20120719090102,20120719090102
flowersinthebarrelofagun.com/2012/07/12/phoenix-too-young,legacy_page,http://www.flowersinthebarrelofagun.com:80/2012/07/12/phoenix-too-young/,text/html,1,20120719090239,20120719090239,20120719090239
flowersinthebarrelofagun.com/2012/07/13/underrated-b-sides-pulp-you-are-the-one,legacy_page,http://www.flowersinthebarrelofagun.com:80/2012/07/13/underrated-b-sides-pulp-you-are-the-one/,text/html,1,20120719090244,20120719090244,20120719090244
flowersinthebarrelofagun.com/2012/08,legacy_page,http://www.flowersinthebarrelofagun.com:80/2012/08/,text/html,3,20121001104131,20130704082538,20130704082538 20130121225016 20121001104131
flowersinthebarrelofagun.com/2012/08/08/hentai-gifs-i-dig-003-2,legacy_page,http://www.flowersinthebarrelofagun.com:80/2012/08/08/hentai-gifs-i-dig-003-2/,text/html,1,20121001032750,20121001032750,20121001032750
flowersinthebarrelofagun.com/2012/08/23/dream-08-23-12,legacy_page,http://www.flowersinthebarrelofagun.com:80/2012/08/23/dream-08-23-12/,text/html,1,20121001104136,20121001104136,20121001104136
flowersinthebarrelofagun.com/2012/08/23/robert-c-wiles-the-iconic-photo-of-evelyn-mchale-who-just-jumped-out-of-the-empire-state-building-observation-deck,legacy_page,http://www.flowersinthebarrelofagun.com:80/2012/08/23/robert-c-wiles-the-iconic-photo-of-evelyn-mchale-who-just-jumped-out-of-the-empire-state-building-observation-deck/,text/html,1,20121001104142,20121001104142,20121001104142
flowersinthebarrelofagun.com/2012/09,legacy_page,http://www.flowersinthebarrelofagun.com:80/2012/09/,text/html,3,20121001103741,20130706103840,20130706103840 20130121225021 20121001103741
flowersinthebarrelofagun.com/2012/09/01/im-having-a-great-time-in-sofia,legacy_page,http://www.flowersinthebarrelofagun.com:80/2012/09/01/im-having-a-great-time-in-sofia/,text/html,1,20121001104147,20121001104147,20121001104147
flowersinthebarrelofagun.com/2012/09/02/talking-to-strangers-for-nerve-com,legacy_page,http://www.flowersinthebarrelofagun.com:80/2012/09/02/talking-to-strangers-for-nerve-com/,text/html,1,20121001103519,20121001103519,20121001103519
flowersinthebarrelofagun.com/2012/09/16/it-always-rains,legacy_page,http://www.flowersinthebarrelofagun.com:80/2012/09/16/it-always-rains/,text/html,1,20121001103524,20121001103524,20121001103524
flowersinthebarrelofagun.com/2012/09/17/raveonettes-she-owns-the-street,legacy_page,http://www.flowersinthebarrelofagun.com:80/2012/09/17/raveonettes-she-owns-the-street/,text/html,1,20121001103530,20121001103530,20121001103530
flowersinthebarrelofagun.com/2012/09/21/dinah-washington-beggin-mama-blues,legacy_page,http://www.flowersinthebarrelofagun.com:80/2012/09/21/dinah-washington-beggin-mama-blues/,text/html,1,20121001104152,20121001104152,20121001104152
flowersinthebarrelofagun.com/2012/09/23/1960s-recipe-for-bangkok-style-chicken-pad-thai,legacy_page,http://www.flowersinthebarrelofagun.com:80/2012/09/23/1960s-recipe-for-bangkok-style-chicken-pad-thai/,text/html,1,20121001103535,20121001103535,20121001103535
flowersinthebarrelofagun.com/2012/09/25/two-unpublished-talking-to-strangers,legacy_page,http://www.flowersinthebarrelofagun.com:80/2012/09/25/two-unpublished-talking-to-strangers/,text/html,1,20121001103540,20121001103540,20121001103540
flowersinthebarrelofagun.com/2012/09/27/haikus,legacy_page,http://www.flowersinthebarrelofagun.com:80/2012/09/27/haikus/,text/html,1,20121001103014,20121001103014,20121001103014
flowersinthebarrelofagun.com/2012/10,legacy_page,http://www.flowersinthebarrelofagun.com:80/2012/10/,text/html,3,20130121224252,20130906193617,20130906193617 20130706085539 20130121224252
flowersinthebarrelofagun.com/2012/11,legacy_page,http://www.flowersinthebarrelofagun.com:80/2012/11/,text/html,2,20130121224257,20130708055643,20130708055643 20130121224257
flowersinthebarrelofagun.com/2012/11/19/balkansky-brat,legacy_page,http://www.flowersinthebarrelofagun.com:80/2012/11/19/balkansky-brat/,text/html,1,20121201024724,20121201024724,20121201024724
flowersinthebarrelofagun.com/2012/11/21/urban-saints,legacy_page,http://www.flowersinthebarrelofagun.com:80/2012/11/21/urban-saints/,text/html,4,20121128080130,20130202185943,20130202185943 20130102163950 20121130043159 20121128080130
flowersinthebarrelofagun.com/2012/11/26/song-of-the-night-1-odyssey-native-new-yorker,legacy_page,http://www.flowersinthebarrelofagun.com:80/2012/11/26/song-of-the-night-1-odyssey-native-new-yorker/,text/html,1,20121201025727,20121201025727,20121201025727
flowersinthebarrelofagun.com/2012/12,legacy_page,http://www.flowersinthebarrelofagun.com:80/2012/12/,text/html,2,20130121225026,20130706102547,20130706102547 20130121225026
flowersinthebarrelofagun.com/2013/01,legacy_page,http://www.flowersinthebarrelofagun.com:80/2013/01/,text/html,3,20130121225031,20130904182800,20130904182800 20130704100237 20130121225031
flowersinthebarrelofagun.com/2013/01/16/big-cat-time-and-elmyra,legacy_page,http://www.flowersinthebarrelofagun.com:80/2013/01/16/big-cat-time-and-elmyra/,text/html,1,20130121224302,20130121224302,20130121224302
flowersinthebarrelofagun.com/2013/01/16/my-reaction-to-the-recent-bulgarian-scandal-with-about-eur-1-million-granted-to-bulgarian-chalga-monopolist-tv-planeta,legacy_page,http://www.flowersinthebarrelofagun.com:80/2013/01/16/my-reaction-to-the-recent-bulgarian-scandal-with-about-eur-1-million-granted-to-bulgarian-chalga-monopolist-tv-planeta/,text/html,3,20130120085024,20130223042046,20130223042046 20130122063951 20130120085024
flowersinthebarrelofagun.com/2013/02,legacy_page,http://www.flowersinthebarrelofagun.com:80/2013/02/,text/html,3,20130306190219,20130809064117,20130809064117 20130530101404 20130306190219
flowersinthebarrelofagun.com/2013/03,legacy_page,http://www.flowersinthebarrelofagun.com:80/2013/03/,text/html,1,20130706085637,20130706085637,20130706085637
flowersinthebarrelofagun.com/2013/04,legacy_page,http://www.flowersinthebarrelofagun.com:80/2013/04/,text/html,1,20130706085028,20130706085028,20130706085028
flowersinthebarrelofagun.com/2013/05,legacy_page,http://www.flowersinthebarrelofagun.com:80/2013/05/,text/html,2,20130706105333,20130906192802,20130906192802 20130706105333
flowersinthebarrelofagun.com/2013/06,legacy_page,http://www.flowersinthebarrelofagun.com:80/2013/06/,text/html,2,20130704083248,20130904182824,20130904182824 20130704083248
flowersinthebarrelofagun.com/2013/07,legacy_page,http://www.flowersinthebarrelofagun.com:80/2013/07/,text/html,1,20130708050942,20130708050942,20130708050942
flowersinthebarrelofagun.com/about,legacy_page,http://www.flowersinthebarrelofagun.com:80/about/,text/html,3,20121001103546,20130706085058,20130706085058 20130121225042 20121001103546
flowersinthebarrelofagun.com/author/admin,legacy_page,http://www.flowersinthebarrelofagun.com:80/author/admin/,text/html,4,20120719081150,20130809064122,20130809064122 20130121225047 20121001103551 20120719081150
flowersinthebarrelofagun.com/author/martkawaii,legacy_page,http://www.flowersinthebarrelofagun.com:80/author/martkawaii/,text/html,1,20130706103954,20130706103954,20130706103954
flowersinthebarrelofagun.com/bulgarian-pop-music-porn,legacy_page,http://www.flowersinthebarrelofagun.com:80/bulgarian-pop-music-porn/,text/html,7,20130702000248,20131007164049,20131007164049 20130905192249 20130805130604 20130804083235 20130705061403 20130704012011 20130702000248
flowersinthebarrelofagun.com/category/abuse-the-net,legacy_page,http://www.flowersinthebarrelofagun.com:80/category/abuse-the-net/,text/html,3,20121001104203,20130708051028,20130708051028 20130121225053 20121001104203
flowersinthebarrelofagun.com/category/aint-easy-being-cool,legacy_page,http://www.flowersinthebarrelofagun.com:80/category/aint-easy-being-cool/,text/html,1,20120719090249,20120719090249,20120719090249
flowersinthebarrelofagun.com/category/arts,legacy_page,http://www.flowersinthebarrelofagun.com:80/category/arts/,text/html,3,20130121224323,20130906194453,20130906194453 20130706105341 20130121224323
flowersinthebarrelofagun.com/category/books,legacy_page,http://www.flowersinthebarrelofagun.com:80/category/books/,text/html,2,20130121224328,20130706102147,20130706102147 20130121224328
flowersinthebarrelofagun.com/category/concert-reviews-more,legacy_page,http://www.flowersinthebarrelofagun.com:80/category/concert-reviews-more/,text/html,3,20130121224333,20130906192931,20130906192931 20130704080310 20130121224333
flowersinthebarrelofagun.com/category/dreams-intimate-parts-of-the-subconscious,legacy_page,http://www.flowersinthebarrelofagun.com:80/category/dreams-intimate-parts-of-the-subconscious/,text/html,1,20121001104208,20121001104208,20121001104208
flowersinthebarrelofagun.com/category/exciting-events,legacy_page,http://www.flowersinthebarrelofagun.com:80/category/exciting-events/,text/html,2,20120721025530,20121001103746,20121001103746 20120721025530
flowersinthebarrelofagun.com/category/flowers-in-the-barrel-of-a-gun-presents,legacy_page,http://www.flowersinthebarrelofagun.com:80/category/flowers-in-the-barrel-of-a-gun-presents/,text/html,3,20130121225058,20130904190528,20130904190528 20130704090000 20130121225058
flowersinthebarrelofagun.com/category/interviews,legacy_page,http://www.flowersinthebarrelofagun.com:80/category/interviews/,text/html,3,20121001104213,20130704095135,20130704095135 20130121224338 20121001104213
flowersinthebarrelofagun.com/category/kawaii-cuisine,legacy_page,http://www.flowersinthebarrelofagun.com:80/category/kawaii-cuisine/,text/html,4,20121001103556,20130906210230,20130906210230 20130706094614 20130121224343 20121001103556
flowersinthebarrelofagun.com/category/loud-music,legacy_page,http://www.flowersinthebarrelofagun.com:80/category/loud-music/,text/html,4,20120719090107,20130706092006,20130706092006 20130121224348 20121001103857 20120719090107
flowersinthebarrelofagun.com/category/loud-music/song-of-the-night,legacy_page,http://www.flowersinthebarrelofagun.com:80/category/loud-music/song-of-the-night/,text/html,1,20130121225102,20130121225102,20130121225102
flowersinthebarrelofagun.com/category/loud-music/underrated-b-sides-loud-music,legacy_page,http://www.flowersinthebarrelofagun.com:80/category/loud-music/underrated-b-sides-loud-music/,text/html,1,20121001103601,20121001103601,20121001103601
flowersinthebarrelofagun.com/category/lousy-bar-poetry,legacy_page,http://www.flowersinthebarrelofagun.com:80/category/lousy-bar-poetry/,text/html,1,20121001103607,20121001103607,20121001103607
flowersinthebarrelofagun.com/category/nighty-art,legacy_page,http://www.flowersinthebarrelofagun.com:80/category/nighty-art/,text/html,1,20121001044636,20121001044636,20121001044636
flowersinthebarrelofagun.com/category/nighty-art/hentai-gifs-nighty-art,legacy_page,http://www.flowersinthebarrelofagun.com:80/category/nighty-art/hentai-gifs-nighty-art/,text/html,1,20121001103613,20121001103613,20121001103613
flowersinthebarrelofagun.com/category/nighty-art/non-hentai-gifs,legacy_page,http://www.flowersinthebarrelofagun.com:80/category/nighty-art/non-hentai-gifs/,text/html,1,20121001044756,20121001044756,20121001044756
flowersinthebarrelofagun.com/category/nighty-art/photography,legacy_page,http://www.flowersinthebarrelofagun.com:80/category/nighty-art/photography/,text/html,1,20121001103617,20121001103617,20121001103617
flowersinthebarrelofagun.com/category/other-reviews,legacy_page,http://www.flowersinthebarrelofagun.com:80/category/other-reviews/,text/html,3,20121001103029,20130708054916,20130708054916 20130121224354 20121001103029
flowersinthebarrelofagun.com/category/photography,legacy_page,http://www.flowersinthebarrelofagun.com:80/category/photography/,text/html,3,20130121225108,20130904175824,20130904175824 20130704095233 20130121225108
flowersinthebarrelofagun.com/category/random,legacy_page,http://www.flowersinthebarrelofagun.com:80/category/random/,text/html,3,20121001103622,20130708042646,20130708042646 20130121225112 20121001103622
flowersinthebarrelofagun.com/category/scary-movies,legacy_page,http://www.flowersinthebarrelofagun.com:80/category/scary-movies/,text/html,4,20120719133104,20130704095242,20130704095242 20130121225117 20121001103034 20120719133104
flowersinthebarrelofagun.com/category/song-of-the-night,legacy_page,http://www.flowersinthebarrelofagun.com:80/category/song-of-the-night/,text/html,2,20130704100249,20130904181546,20130904181546 20130704100249
flowersinthebarrelofagun.com/category/stories-poetry,legacy_page,http://www.flowersinthebarrelofagun.com:80/category/stories-poetry/,text/html,2,20130121224358,20130708050929,20130708050929 20130121224358
flowersinthebarrelofagun.com/category/styling-2,legacy_page,http://www.flowersinthebarrelofagun.com:80/category/styling-2/,text/html,3,20121001103905,20130706102215,20130706102215 20130121225122 20121001103905
flowersinthebarrelofagun.com/category/true-stories,legacy_page,http://www.flowersinthebarrelofagun.com:80/category/true-stories/,text/html,3,20120720004516,20121001103630,20121001103630 20120721025622 20120720004516
flowersinthebarrelofagun.com/category/uncategorized,legacy_page,http://www.flowersinthebarrelofagun.com:80/category/uncategorized/,text/html,2,20120719133106,20121001103052,20121001103052 20120719133106
flowersinthebarrelofagun.com/category/very-random,legacy_page,http://www.flowersinthebarrelofagun.com:80/category/very-random/,text/html,1,20120719090255,20120719090255,20120719090255
flowersinthebarrelofagun.com/category/you-love-photos,legacy_page,http://www.flowersinthebarrelofagun.com:80/category/you-love-photos/,text/html,1,20120719090113,20120719090113,20120719090113
flowersinthebarrelofagun.com/how-megan-turned-into-fox,legacy_page,http://www.flowersinthebarrelofagun.com:80/how-megan-turned-into-fox/,text/html,1,20130706094702,20130706094702,20130706094702
flowersinthebarrelofagun.com/how-to-get-your-art-covered-here,legacy_page,http://www.flowersinthebarrelofagun.com:80/how-to-get-your-art-covered-here/,text/html,1,20130308110434,20130308110434,20130308110434
flowersinthebarrelofagun.com/jay-roach-interview-at-directors-series-tff-2013-video,legacy_page,http://www.flowersinthebarrelofagun.com:80/jay-roach-interview-at-directors-series-tff-2013-video/,text/html,1,20130809063528,20130809063528,20130809063528
flowersinthebarrelofagun.com/page/2,legacy_page,http://www.flowersinthebarrelofagun.com:80/page/2/,text/html,2,20120720004529,20120721024947,20120721024947 20120720004529
flowersinthebarrelofagun.com/tag/azis,legacy_page,http://www.flowersinthebarrelofagun.com:80/tag/azis/,text/html,1,20130121224414,20130121224414,20130121224414
flowersinthebarrelofagun.com/tag/bulgaria,legacy_page,http://www.flowersinthebarrelofagun.com:80/tag/bulgaria/,text/html,1,20130121225132,20130121225132,20130121225132
flowersinthebarrelofagun.com/tag/bulgarian-chalga,legacy_page,http://www.flowersinthebarrelofagun.com:80/tag/bulgarian-chalga/,text/html,1,20130121224420,20130121224420,20130121224420
flowersinthebarrelofagun.com/tag/chalga,legacy_page,http://www.flowersinthebarrelofagun.com:80/tag/chalga/,text/html,1,20130121225141,20130121225141,20130121225141
flowersinthebarrelofagun.com/tag/dark-touch,legacy_page,http://www.flowersinthebarrelofagun.com:80/tag/dark-touch/,text/html,1,20130810032330,20130810032330,20130810032330
flowersinthebarrelofagun.com/tag/fuck-50-shades-of-grey,legacy_page,http://www.flowersinthebarrelofagun.com:80/tag/fuck-50-shades-of-grey/,text/html,1,20120721025052,20120721025052,20120721025052
flowersinthebarrelofagun.com/tag/funny,legacy_page,http://www.flowersinthebarrelofagun.com:80/tag/funny/,text/html,1,20121001104218,20121001104218,20121001104218
flowersinthebarrelofagun.com/tag/galena,legacy_page,http://www.flowersinthebarrelofagun.com:80/tag/galena/,text/html,1,20130121230641,20130121230641,20130121230641
flowersinthebarrelofagun.com/tag/gif,legacy_page,http://www.flowersinthebarrelofagun.com:80/tag/gif/,text/html,1,20121001103633,20121001103633,20121001103633
flowersinthebarrelofagun.com/tag/horror,legacy_page,http://www.flowersinthebarrelofagun.com:80/tag/horror/,text/html,1,20130809063532,20130809063532,20130809063532
flowersinthebarrelofagun.com/tag/how-to-still-see-isanyoneup-com,legacy_page,http://flowersinthebarrelofagun.com:80/tag/how-to-still-see-isanyoneup-com/,text/html,2,20150222191846,20150325060238,20150325060238 20150222191846
flowersinthebarrelofagun.com/tag/indiie,legacy_page,http://www.flowersinthebarrelofagun.com:80/tag/indiie/,text/html,1,20130812065813,20130812065813,20130812065813
flowersinthebarrelofagun.com/tag/little-girl,legacy_page,http://www.flowersinthebarrelofagun.com:80/tag/little-girl/,text/html,1,20130810032330,20130810032330,20130810032330
flowersinthebarrelofagun.com/tag/movie,legacy_page,http://www.flowersinthebarrelofagun.com:80/tag/movie/,text/html,1,20130812065907,20130812065907,20130812065907
flowersinthebarrelofagun.com/tag/planeta-tv-scandal,legacy_page,http://www.flowersinthebarrelofagun.com:80/tag/planeta-tv-scandal/,text/html,1,20130121230643,20130121230643,20130121230643
flowersinthebarrelofagun.com/tag/scary,legacy_page,http://www.flowersinthebarrelofagun.com:80/tag/scary/,text/html,1,20130809064132,20130809064132,20130809064132
flowersinthebarrelofagun.com/tag/strange-joseph-gordon-levitt,legacy_page,http://www.flowersinthebarrelofagun.com:80/tag/strange-joseph-gordon-levitt/,text/html,1,20121001103923,20121001103923,20121001103923
flowersinthebarrelofagun.com/tag/the-upcoming-2,legacy_page,http://www.flowersinthebarrelofagun.com:80/tag/the-upcoming-2/,text/html,1,20130812070049,20130812070049,20130812070049
flowersinthebarrelofagun.com/tag/tribeca-film-fest-2013,legacy_page,http://www.flowersinthebarrelofagun.com:80/tag/tribeca-film-fest-2013/,text/html,1,20130812070057,20130812070057,20130812070057
flowersinthebarrelofagun.com/tag/weird-gif,legacy_page,http://www.flowersinthebarrelofagun.com:80/tag/weird-gif/,text/html,1,20121001103936,20121001103936,20121001103936
flowersinthebarrelofagun.com/tag/weird-joseph-gordon-levitt-naked,legacy_page,http://www.flowersinthebarrelofagun.com:80/tag/weird-joseph-gordon-levitt-naked/,text/html,3,20120930004146,20121130094159,20121130094159 20121030130611 20120930004146
flowersinthebarrelofagun.com/tribeca-film-fest-2013-interviews-with-the-cast-of-reaching-for-the-moon,legacy_page,http://www.flowersinthebarrelofagun.com:80/tribeca-film-fest-2013-interviews-with-the-cast-of-reaching-for-the-moon/,text/html,1,20130809063547,20130809063547,20130809063547
flowersinthebarrelofagun.com/tribeca-film-festival-2013-dark-touch-review-trailer,legacy_page,http://www.flowersinthebarrelofagun.com:80/tribeca-film-festival-2013-dark-touch-review-trailer/,text/html,5,20130807090138,20131211092939,20131211092939 20131109115951 20131009102051 20130907064825 20130807090138
flowersinthebarrelofagun.com/underground-after-party-alphabet-city,legacy_page,http://www.flowersinthebarrelofagun.com:80/underground-after-party-alphabet-city/,text/html,1,20130706105424,20130706105424,20130706105424
flowersinagun.com/2011/07,listing,https://www.flowersinagun.com/2011/07/,text/html,28,20131003110225,20230605051135,20230605051135 20211019185150 20190809193345 20190603154314 20190516111452 20190403140901 20190201075950 20181202002824 20181130211208 20180929235850 20180126180624 20180103071555 20171103021155 20160822152534 20160811223942
flowersinagun.com/2011/08,listing,https://www.flowersinagun.com/2011/08/,text/html,30,20130930065535,20230607183736,20230607183736 20211019143552 20190809195013 20190603154057 20190516102604 20190403140246 20190201075420 20181202002830 20181130211212 20180930001248 20180126154026 20180105122744 20180103071954 20171103021927 20160822153032
flowersinagun.com/2011/09,listing,https://www.flowersinagun.com/2011/09/,text/html,28,20131003110238,20230605051126,20230605051126 20211020050255 20190809193509 20190603154319 20190516081530 20190403140346 20190201080049 20181202002654 20181130211539 20180930001253 20180126082655 20180103071559 20171103022144 20160822153306 20160811103215
flowersinagun.com/2011/10,listing,https://www.flowersinagun.com/2011/10/,text/html,28,20131003111051,20230606042938,20230606042938 20211019161745 20190809195129 20190603154324 20190516112700 20190403140641 20190201080319 20181202002324 20181130212300 20180930000317 20180126184604 20180103071604 20171103021933 20160822153037 20160811163747
flowersinagun.com/2011/11,listing,https://www.flowersinagun.com/2011/11/,text/html,29,20130930065541,20230605133841,20230605133841 20211019175209 20190809195018 20190603154102 20190516134748 20190403140646 20190201080219 20181202002155 20181130211709 20180930001258 20180127020357 20180109045236 20180105122512 20180103071959 20171103015915
flowersinagun.com/2011/12,listing,https://www.flowersinagun.com/2011/12/,text/html,29,20130930073039,20230605064553,20230605064553 20211019044837 20190809195118 20190603152501 20190516094802 20190403140651 20190201075649 20181202002024 20181130212600 20180929235854 20180126125745 20180105122750 20180103072004 20171103021938 20170220122752
flowersinagun.com/2012/01,listing,https://www.flowersinagun.com/2012/01/,text/html,29,20130930073048,20230605051136,20230605051136 20211019194850 20190809194959 20190603154329 20190516144629 20190403140351 20190201080738 20181202003912 20181130211336 20180930000322 20180127040510 20180105122607 20180103072009 20171103022331 20160822153311
flowersinagun.com/2012/02,listing,https://www.flowersinagun.com/2012/02/,text/html,28,20130930065547,20230607183735,20230607183735 20211020021749 20190809193420 20190603152507 20190516085248 20190403140251 20190201075654 20181202002528 20181130212430 20180930000327 20180126103537 20180103072015 20171103022148 20160822153316 20160811110406
flowersinagun.com/2012/03,listing,https://www.flowersinagun.com/2012/03/,text/html,29,20131004092626,20230605051126,20230605051126 20211020051203 20190809193513 20190603154525 20190516094823 20190403140657 20190201080743 20181202002835 20181130211217 20180929235859 20180126133927 20180103071609 20171103015920 20160822153321 20160811111002
flowersinagun.com/2012/04,listing,https://www.flowersinagun.com/2012/04/,text/html,28,20131004095058,20230606042938,20230606042938 20211019185928 20190809195001 20190603154531 20190516112051 20190403140541 20190201075425 20181202003125 20181130212305 20180930001305 20180126182550 20180103072020 20171103021159 20160822152537 20160811163736
flowersinagun.com/2012/05,listing,https://www.flowersinagun.com/2012/05/,text/html,28,20131003110244,20230605133840,20230605133840 20211019193804 20190809193353 20190603154107 20190516085615 20190403140356 20190201075053 20181202002840 20181130211222 20180930000110 20180126104429 20180103072025 20171103021950 20160822153326 20160811104951
flowersinagun.com/2012/06,listing,https://www.flowersinagun.com/2012/06/,text/html,29,20131004092631,20230605064551,20230605064551 20211019044835 20190809195047 20190603154536 20190516131823 20190403140135 20190201074921 20181202002030 20181130212605 20180930000115 20180127002517 20180103071614 20171103022335 20160822152543 20160811223938
flowersinagun.com/2012/07,listing,https://www.flowersinagun.com/2012/07/,text/html,29,20130930072247,20230605051135,20230605051135 20211019194848 20190809193455 20190603154334 20190516120727 20190403140701 20190201081138 20181202002845 20181130211227 20180930000120 20180126205731 20180103072030 20171103021951 20160822153043 20160812045327
flowersinagun.com/2012/08,listing,https://www.flowersinagun.com/2012/08/,text/html,28,20130930065553,20230607183735,20230607183735 20211020021747 20190809195028 20190603152511 20190516125823 20190403140706 20190201080325 20181202003919 20181130211343 20180930001308 20180126232640 20180103071619 20171103022004 20160822153049 20160811165708
flowersinagun.com/2012/09,listing,https://www.flowersinagun.com/2012/09/,text/html,28,20130930065558,20230605051126,20230605051126 20211019171453 20190809193437 20190603152516 20190516135855 20190403140547 20190201075431 20181202002200 20181130211715 20180930001314 20180127024037 20180103072035 20171103022341 20160822153053 20160811171535
flowersinagun.com/2012/10,listing,https://www.flowersinagun.com/2012/10/,text/html,28,20130930072252,20230606042938,20230606042938 20211019185909 20190809193323 20190603154112 20190516103809 20190403140811 20190201075700 20181202004313 20181130212610 20180930000332 20180126161720 20180103072040 20171103022346 20160822153058 20160811114925
flowersinagun.com/2012/11,listing,https://www.flowersinagun.com/2012/11/,text/html,28,20130930072257,20230605133841,20230605133841 20211019193823 20190809193446 20190603152521 20190516094816 20190403140551 20190201080054 20181202003255 20181130212436 20180930001319 20180126131832 20180103071624 20171103015924 20160822152744 20160811110741
flowersinagun.com/2012/12,listing,https://www.flowersinagun.com/2012/12/,text/html,27,20130930072506,20230605064553,20230605064553 20211019041655 20190809195055 20190603154117 20190516134308 20190403140817 20190201075435 20181202004442 20181130211544 20180930000337 20180127014635 20180103071629 20171103021717 20160822152547 20160811125019
flowersinagun.com/2013/01,listing,https://www.flowersinagun.com/2013/01/,text/html,28,20130930065604,20230605051135,20230605051135 20211019183606 20190809193551 20190603152526 20190516122744 20190403140401 20190201074926 20181202004317 20181130212615 20180929235904 20180126215602 20180103072045 20171103022005 20160822153331 20160812045351
flowersinagun.com/2013/02,listing,https://www.flowersinagun.com/2013/02/,text/html,27,20130930072512,20230607183735,20230607183735 20211020022500 20190809193416 20190603152531 20190516094350 20190403140711 20190201075055 20181202002330 20181130212310 20180930001323 20180126132911 20180103072050 20171103021204 20160822153103 20160811110912
flowersinagun.com/2013/03,listing,https://www.flowersinagun.com/2013/03/,text/html,28,20130930072517,20230605051125,20230605051125 20211020051201 20190809193322 20190603154339 20190516084909 20190403140139 20190201081007 20181202004322 20181130212620 20180930001328 20180126102246 20180103072055 20171103022159 20160822152552 20160811104725
flowersinagun.com/2013/04,listing,https://www.flowersinagun.com/2013/04/,text/html,27,20130930073049,20230606042938,20230606042938 20211019103944 20190809193328 20190603154122 20190516085931 20190403140436 20190201080059 20181202002205 20181130211719 20180930000125 20180126105427 20180103071634 20171103021723 20160822152749 20160811105100
flowersinagun.com/2013/05,listing,https://www.flowersinagun.com/2013/05/,text/html,28,20130930073055,20230605133841,20230605133841 20211019193821 20190809195031 20190603154540 20190516112310 20190403140821 20190201075819 20181202002851 20181130211232 20180929235910 20180126183303 20180103072101 20171103021422 20160822152754 20160811224015
flowersinagun.com/2013/06,listing,https://www.flowersinagun.com/2013/06/,text/html,29,20131004095118,20230605064551,20230605064551 20211019081426 20190809195043 20190603154127 20190516120213 20190403140906 20190201075825 20181202002701 20181130211549 20180930000342 20180126204144 20180103072105 20171103021728 20160822152558 20160811121725
flowersinagun.com/2013/07,listing,https://www.flowersinagun.com/2013/07/,text/html,27,20131003110256,20230605051135,20230605051135 20211019194835 20190809195042 20190603154344 20190516131615 20190403140826 20190201080104 20181202001825 20181130211237 20180930000130 20180127001944 20180103071639 20171103022200 20160822153108 20160811165804
flowersinagun.com/2013/08,listing,https://www.flowersinagun.com/2013/08/,text/html,27,20130930065609,20230607183736,20230607183736 20211020022457 20190809194957 20190603152536 20190516140249 20190403140831 20190201075705 20181202004447 20181130211554 20180930001333 20180127025047 20180103071644 20171103015929 20160822153113 20160518122221
flowersinagun.com/2013/09,listing,https://www.flowersinagun.com/2013/09/,text/html,27,20130930073100,20230605051126,20230605051126 20211019154616 20190809195040 20190516130048 20190405130147 20190201075710 20181202002855 20181130211243 20180930000135 20180126233257 20180103071649 20171103022009 20160822153337 20160811165721 20160518123220
flowersinagun.com/2013/10,listing,https://www.flowersinagun.com/2013/10/,text/html,28,20131114003057,20230606042938,20230606042938 20211019103900 20190809193327 20190603154545 20190516094809 20190403140218 20190201080748 20181202003301 20181130212441 20180929235915 20180126130839 20180103071654 20171103022015 20160822152603 20160811110636
flowersinagun.com/2013/11,listing,https://www.flowersinagun.com/2013/11/,text/html,27,20131114003101,20230605133840,20230605133840 20211019193818 20190809193520 20190605130739 20190516103348 20190404213837 20190202060327 20181202080922 20181001221820 20180929235919 20180126160549 20180103072110 20171103021532 20160822152608 20160811114110
flowersinagun.com/2013/12,listing,https://www.flowersinagun.com/2013/12/,text/html,26,20140203101154,20230605064551,20230605064551 20211019050343 20190809195007 20190603154132 20190516113512 20190403140837 20190201075149 20181202004452 20181130211559 20180930001341 20180126191025 20180103071659 20171103022357 20160822153118 20160811120832
flowersinagun.com/2014/01,listing,https://www.flowersinagun.com/2014/01/,text/html,26,20140203095743,20230605051135,20230605051135 20211019123814 20190809193523 20190605130414 20190516115356 20190404213953 20190202060723 20181202081014 20181001221919 20180929235925 20180126201209 20180103072116 20171103022020 20160822152613 20160812045314
flowersinagun.com/2014/02,listing,https://www.flowersinagun.com/2014/02/,text/html,25,20140906070304,20230607183735,20230607183735 20211019143550 20190809193352 20190603154550 20190516110817 20190403140912 20190201075549 20181202002035 20181130212625 20180930001344 20180126174848 20180103071704 20171103021427 20160822153123 20160811223911
flowersinagun.com/2014/03,listing,https://www.flowersinagun.com/2014/03/,text/html,25,20140906070309,20230605051126,20230605051126 20211020051159 20190809193414 20190603152541 20190516090741 20190403140717 20190201075955 20181202003130 20181130212315 20180930001349 20180126112341 20180103072121 20171103022025 20160822153342 20160811110416
flowersinagun.com/2014/04,listing,https://www.flowersinagun.com/2014/04/,text/html,24,20140906070315,20230606042938,20230606042938 20211019185926 20190809193410 20190603154138 20190516084136 20190403140256 20190201075322 20181202004328 20181130212631 20180930000347 20180126095325 20180103071710 20171103021209 20160822153128 20160811111352
flowersinagun.com/2014/05,listing,https://www.flowersinagun.com/2014/05/,text/html,25,20140906070036,20230605133840,20230605133840 20211019180847 20190809195117 20190603154556 20190516095847 20190403140556 20190201075155 20181202004042 20181130211724 20180930001354 20180126141449 20180103071714 20171103022359 20160822153134 20160811223835
flowersinagun.com/2014/06,listing,https://www.flowersinagun.com/2014/06/,text/html,25,20140906070041,20230605064553,20230605064553 20211019081424 20190809195032 20190603154349 20190516123649 20190403140842 20190201075200 20181202002335 20181130212320 20180929235930 20180126223302 20180103071720 20171103021734 20160822152759 20160812045403
flowersinagun.com/2014/07,listing,https://www.flowersinagun.com/2014/07/,text/html,25,20140906070048,20230605051135,20230605051135 20211019194833 20190809193324 20190603154354 20190516141909 20190403140603 20190201080000 20181202003925 20181130211347 20180930000140 20180127033302 20180103072126 20171103015935 20160822152618 20160811130451
flowersinagun.com/2014/08,listing,https://www.flowersinagun.com/2014/08/,text/html,24,20140906070320,20230607183735,20230607183735 20211020022455 20190809195051 20190603154142 20190516133519 20190403140721 20190201080109 20181202004457 20181130211604 20180930000352 20180127012413 20180103072131 20171103015939 20160822153349 20160811124656
flowersinagun.com/2014/09,listing,https://www.flowersinagun.com/2014/09/,text/html,24,20140906070053,20230605051126,20230605051126 20211020032755 20190809195016 20190603152546 20190516114744 20190403140441 20190201081143 20181202004214 20181130211839 20180930001359 20180126195133 20180103071724 20171103021432 20160822152623 20160811121145
flowersinagun.com/2014/10,listing,https://www.flowersinagun.com/2014/10/,text/html,23,20141116103448,20230606042938,20230606042938 20211019105726 20190809195058 20190603154359 20190516081920 20190403140446 20190201080007 20181202001832 20181130211248 20180930000357 20180126084312 20180103071729 20171103021538 20160822153139 20160811103505
flowersinagun.com/2014/11,listing,https://www.flowersinagun.com/2014/11/,text/html,22,20150212154559,20230605133841,20230605133841 20211019122949 20190809193342 20190603154147 20190516101451 20190403140301 20190201075830 20181202002954 20181130211845 20180929235935 20180126150501 20180103071734 20171103021544 20160822153354 20160811112032
flowersinagun.com/2014/12,listing,https://www.flowersinagun.com/2014/12/,text/html,22,20150212181749,20230605064554,20230605064554 20211019081326 20190809195051 20190603152551 20190516124745 20190403140726 20190201080908 20181202004333 20181130212636 20180929235940 20180126225937 20180103071739 20171103021549 20160822153145 20160812045414
flowersinagun.com/2015/01,listing,https://www.flowersinagun.com/2015/01/,text/html,20,20150619013955,20230605051136,20230605051136 20211019185130 20190809193534 20190603154152 20190516132634 20190403140306 20190201081012 20181202004220 20181130211953 20180930001404 20180127005508 20180103072136 20171103021214 20160822153359 20160811124315
flowersinagun.com/2015/02,listing,https://www.flowersinagun.com/2015/02/,text/html,20,20150619002522,20230607183735,20230607183735 20211020011414 20190809193345 20190603154404 20190516091210 20190403140311 20190201075100 20181202002210 20181130211729 20180930000402 20180126113841 20180103072141 20171103021219 20160822152805 20160811110427
flowersinagun.com/2015/03,listing,https://www.flowersinagun.com/2015/03/,text/html,21,20150619011014,20230605051126,20230605051126 20211020050253 20190809195127 20190603154601 20190516110933 20190403140451 20190201081148 20181202002340 20181130212325 20180930001111 20180126175458 20180103071744 20171103022030 20160822152628 20160811120112
flowersinagun.com/2015/04,listing,https://www.flowersinagun.com/2015/04/,text/html,20,20150619004631,20230606042938,20230606042938 20211019162050 20190809195055 20190603154409 20190516095644 20190403140607 20190201081018 20181202001837 20181130211253 20180929235944 20180126140848 20180103072146 20171103022412 20160822153149 20160811223826
flowersinagun.com/2015/05,listing,https://www.flowersinagun.com/2015/05/,text/html,21,20150619001314,20230605133841,20230605133841 20211019111547 20190809195004 20190603154157 20190516083551 20190403140456 20190201074930 20181202004049 20181130211734 20180930001409 20180126094840 20180103072151 20171103015945 20160822152633 20160811104158
flowersinagun.com/2015/06,listing,https://www.flowersinagun.com/2015/06/,text/html,21,20150619020117,20230605064551,20230605064551 20211019050335 20190809193545 20190603154414 20190516142210 20190403140501 20190201080753 20181202003135 20181130212330 20180930001116 20180127033939 20180103071749 20171103015950 20160822153404 20160811130538
flowersinagun.com/2015/07,listing,https://www.flowersinagun.com/2015/07/,text/html,20,20150715212348,20230605051136,20230605051136 20211019112049 20190809195048 20190603152556 20190516124131 20190403140916 20190201080331 20181202003809 20181130212446 20180930001122 20180126224136 20180103071754 20171103021437 20160822152638 20160811171436
flowersinagun.com/2015/08,listing,https://www.flowersinagun.com/2015/08/,text/html,19,20150916021929,20230607183735,20230607183735 20211019151408 20190809195009 20190603154206 20190516114521 20190403140406 20190201080914 20181202004502 20181130211609 20180929235950 20180126194514 20180103071800 20171103022205 20160822152809 20160812045257
flowersinagun.com/2015/09,listing,https://www.flowersinagun.com/2015/09/,text/html,18,20150922192648,20230605051126,20230605051126 20211020050251 20190809193435 20190603154605 20190516133151 20190403140411 20190201080919 20181202003001 20181130211958 20180930001128 20180127011122 20180103072155 20171103015955 20160822153154 20160812045443
flowersinagun.com/2015/10,listing,https://www.flowersinagun.com/2015/10/,text/html,17,20160317045545,20230606042939,20230606042939 20211019161742 20190809193550 20190603154208 20190516101910 20190403140316 20190201075205 20181202003930 20181130211352 20180930000145 20180126151852 20180103071805 20171103022413 20160822153159 20160811112222
flowersinagun.com/2015/11,listing,https://www.flowersinagun.com/2015/11/,text/html,17,20160316164734,20230605133841,20230605133841 20211019111545 20190809193414 20190603152601 20190516082208 20190403140506 20190201080225 20181202001842 20181130211259 20180930000150 20180126084827 20180103071810 20171103020000 20160822153204 20160811103544
flowersinagun.com/2015/12,listing,https://www.flowersinagun.com/2015/12/,text/html,16,20160518123655,20230605064551,20230605064551 20211019081422 20190809195057 20190603154419 20190516141221 20190403140221 20190201075105 20181202002900 20181130211304 20180929235955 20180127031333 20180103071814 20171103021738 20160822152814 20160811223959
flowersinagun.com/2016/01,listing,https://www.flowersinagun.com/2016/01/,text/html,16,20160518123303,20230605051135,20230605051135 20211019194830 20190809193445 20190603154425 20190516091718 20190403140416 20190201081022 20181202001659 20181130211357 20180930000000 20180126115939 20180103071820 20171103021553 20160822152819 20160811105814
flowersinagun.com/2016/02,listing,https://www.flowersinagun.com/2016/02/,text/html,17,20160317044829,20230607183736,20230607183736 20211020021744 20190809193532 20190603154213 20190516132110 20190403140611 20190201081153 20181202004507 20181130211615 20180930001132 20180127003646 20180103072201 20171103022210 20160822153209 20160812045434
flowersinagun.com/2016/03,listing,https://www.flowersinagun.com/2016/03/,text/html,16,20160518122248,20230605051126,20230605051126 20211019154518 20190809193346 20190603154611 20190516115640 20190403140921 20190201081027 20181202001703 20181130211402 20180930000155 20180126202203 20180103071824 20171103022034 20160822153409 20160811171408
flowersinagun.com/2016/04,listing,https://www.flowersinagun.com/2016/04/,text/html,15,20160518123701,20230606042939,20230606042939 20211019105722 20190809193414 20190603154429 20190516123345 20190403140616 20190201075555 20181202003006 20181130212004 20180930001137 20180126222539 20180103072206 20171103022041 20160822152643 20160518123701
flowersinagun.com/2016/05,listing,https://www.flowersinagun.com/2016/05/,text/html,14,20160822152824,20230605133840,20230605133840 20211019193816 20190809193416 20190603154218 20190516142809 20190403140321 20190201080230 20181202004512 20181130211620 20180930000200 20180127035436 20180103072211 20171103020005 20160822152824
flowersinagun.com/2016/06,listing,https://www.flowersinagun.com/2016/06/,text/html,14,20160822153214,20230605064551,20230605064551 20211019044830 20190809193504 20190603154616 20190516083044 20190403140926 20190201081033 20181202003140 20181130212335 20180930001414 20180126091943 20180103072216 20171103021442 20160822153214
flowersinagun.com/2016/07,listing,https://www.flowersinagun.com/2016/07/,text/html,14,20160822152829,20230605051135,20230605051135 20211019194846 20190809195011 20190603152606 20190516101725 20190403140511 20190201075834 20181202004053 20181130211739 20180930001142 20180126142744 20180103071829 20171103022047 20160822152829
flowersinagun.com/2016/09,listing,https://www.flowersinagun.com/2016/09/,text/html,13,20171103022419,20230607183735,20230607183735 20211019151345 20190809195026 20190603154621 20190516092220 20190403140326 20190201074935 20181202002040 20181130212641 20180930000006 20180126121715 20180103072221 20171103022419
flowersinagun.com/2016/10,listing,https://www.flowersinagun.com/2016/10/,text/html,13,20171103021558,20230605051126,20230605051126 20211020032750 20190809193506 20190603154627 20190516125143 20190403140731 20190201075440 20181202002215 20181130211745 20180930000205 20180126230917 20180103072226 20171103021558
flowersinagun.com/2016/11,listing,https://www.flowersinagun.com/2016/11/,text/html,13,20171103021744,20230606042938,20230606042938 20211019162047 20190809195116 20190603152611 20190516140609 20190403140931 20190201080114 20181202004517 20181130211625 20180930001147 20180127025754 20180103072231 20171103021744
flowersinagun.com/2017/02,listing,https://www.flowersinagun.com/2017/02/,text/html,14,20170220072838,20230605133841,20230605133841 20211019175146 20190809195029 20190603152616 20190516115956 20190403140331 20190201080010 20181202002906 20181130211314 20180930000010 20180126203310 20180103072236 20171103022052 20170220072838
flowersinagun.com/2017/07,listing,https://www.flowersinagun.com/2017/07/,text/html,13,20171103021225,20230605064551,20230605064551 20211019081420 20190809195053 20190603154632 20190516083340 20190403140736 20190201081037 20181202003011 20181130212008 20180930001153 20180126094837 20180103071834 20171103021225
flowersinagun.com/2017/09,listing,https://www.flowersinagun.com/2017/09/,text/html,13,20171103021604,20230605051135,20230605051135 20211019194843 20190809193421 20190603152621 20190516105442 20190403140421 20190201081042 20181202003814 20181130212450 20180930001419 20180126170625 20180103071839 20171103021604
flowersinagun.com/2017/10,listing,https://www.flowersinagun.com/2017/10/,text/html,12,20171103021749,20230607183735,20230607183735 20211019143547 20190809193416 20190605130418 20190516140942 20190404214623 20190202060928 20181202081053 20181001221930 20180127030610 20180103072241 20171103021749
flowersinagun.com/2017/11,listing,https://www.flowersinagun.com/2017/11/,text/html,13,20171125235227,20230605051126,20230605051126 20211019171450 20190809193412 20190603152626 20190516125411 20190403140336 20190201075714 20181202004058 20181130211749 20180930001158 20180126231637 20171226153739 20171125235227
flowersinagun.com/2017/12,listing,https://www.flowersinagun.com/2017/12/,text/html,11,20171226153943,20230606042938,20230606042938 20211019161740 20190809193443 20190603154637 20190516100829 20190403140621 20190201075210 20181202004522 20181130211630 20180930001204 20171226153943
flowersinagun.com/2018/01,listing,https://www.flowersinagun.com/2018/01/,text/html,10,20180930001208,20230605133840,20230605133840 20211019175140 20190809193355 20190603154223 20190516095335 20190403140516 20190201080235 20181202002912 20181130211319 20180930001208
flowersinagun.com/2018/02,listing,https://www.flowersinagun.com/2018/02/,text/html,10,20180930000247,20230605064551,20230605064551 20211019081323 20190809195033 20190603154434 20190516121802 20190403140936 20190201080240 20181202002531 20181130212455 20180930000247
flowersinagun.com/2018/05,listing,https://www.flowersinagun.com/2018/05/,text/html,10,20180930001425,20230605051135,20230605051135 20211019123812 20190809195038 20190603154227 20190516121136 20190403140425 20190201080336 20181202002045 20181130212646 20180930001425
flowersinagun.com/2018/08,listing,https://www.flowersinagun.com/2018/08/,text/html,10,20180930001213,20230607183735,20230607183735 20211020011547 20190809193453 20190603154642 20190516081700 20190403140226 20190201075214 20181202003145 20181130212340 20180930001213
flowersinagun.com/2018/10,listing,https://www.flowersinagun.com/2018/10/,text/html,7,20181030141550,20230605051126,20230605051126 20211019154505 20190809195120 20190507025809 20190304183124 20181231000920 20181030141550
flowersinagun.com/2019/06,listing,https://www.flowersinagun.com/2019/06/,text/html,3,20190809193327,20230606042938,20230606042938 20211019162045 20190809193327
flowersinagun.com/2019/07,listing,https://www.flowersinagun.com/2019/07/,text/html,3,20190809195025,20230605133841,20230605133841 20211019111543 20190809195025
flowersinagun.com/2019/12,listing,https://www.flowersinagun.com/2019/12/,text/html,3,20200614034249,20230605064553,20230605064553 20211019081411 20200614034249
flowersinagun.com/2020/01,listing,https://www.flowersinagun.com/2020/01/,text/html,3,20200614034258,20230605051135,20230605051135 20211019194841 20200614034258
flowersinagun.com/2021/10,listing,https://www.flowersinagun.com/2021/10/,text/html,2,20211019151338,20230607183735,20230607183735 20211019151338
flowersinagun.com/author/adam-palmer,listing,http://www.flowersinagun.com/author/adam-palmer/,text/html,2,20141125190308,20160904020532,20160904020532 20141125190308
flowersinagun.com/author/admin,listing,https://www.flowersinagun.com/author/admin/,text/html,22,20131003111057,20230606042938,20230606042938 20211019105717 20190809195044 20190603154444 20190516092748 20190403140941 20190201080119 20181202003150 20181130212345 20180930000020 20171226154006 20160904025017 20150923224525 20150715210726 20150619003432
flowersinagun.com/author/alexandra-ramirez,listing,http://www.flowersinagun.com/author/alexandra-ramirez/,text/html,2,20170419010614,20190516135716,20190516135716 20170419010614
flowersinagun.com/author/anna-yatskevich,listing,http://www.flowersinagun.com:80/author/anna-yatskevich/,text/html,11,20140203101159,20171029195833,20171029195833 20160401123550 20160306081703 20160204074610 20160203205402 20150922192319 20150308115647 20150212184321 20141130062216 20140906070104 20140203101159
flowersinagun.com/author/bats,listing,http://www.flowersinagun.com/author/bats/,text/html,2,20180126232726,20190516125830,20190516125830 20180126232726
flowersinagun.com/author/jeff-schaer-moses,listing,http://www.flowersinagun.com:80/author/jeff-schaer-moses/,text/html,3,20160822152654,20171103021619,20171103021619 20160903233627 20160822152654
flowersinagun.com/author/mario-norena,listing,http://www.flowersinagun.com/author/mario-norena/,text/html,4,20141126061421,20190516104905,20190516104905 20160811223854 20150924044034 20141126061421
flowersinagun.com/author/michael-nolte,listing,http://www.flowersinagun.com/author/michael-nolte/,text/html,2,20151203010920,20160811224024,20160811224024 20151203010920
flowersinagun.com/author/nic-taylor,listing,http://www.flowersinagun.com:80/author/nic-taylor/,text/html,1,20131114094507,20131114094507,20131114094507
flowersinagun.com/author/peyt-stefanova,listing,http://www.flowersinagun.com/author/peyt-stefanova/,text/html,1,20160904063152,20160904063152,20160904063152
flowersinagun.com/author/shawn-mishak,listing,http://www.flowersinagun.com/author/shawn-mishak/,text/html,1,20141130175228,20141130175228,20141130175228
flowersinagun.com/author/teo-chepilov,listing,http://www.flowersinagun.com/author/teo-chepilov/,text/html,3,20150212132409,20160811104148,20160811104148 20150312002336 20150212132409
flowersinagun.com/author/tsvete-tyuleva,listing,http://www.flowersinagun.com/author/tsvete-tyuleva/,text/html,1,20160811105659,20160811105659,20160811105659
flowersinagun.com/category/abuse-the-net,listing,http://www.flowersinagun.com:80/category/abuse-the-net/,text/html,4,20130930021810,20131202101943,20131202101943 20131201044515 20131001033144 20130930021810
flowersinagun.com/category/arts,listing,http://www.flowersinagun.com:80/category/arts/,text/html,17,20130930065621,20171103021624,20171103021624 20160822152835 20160811103647 20160518122702 20160316165002 20150922182402 20150916021252 20150715211718 20150619000923 20150311183046 20150212130625 20141125063247 20141115082036 20140906070340 20140204133926
flowersinagun.com/category/avant-gardeexperimental,listing,https://www.flowersinagun.com/category/avant-gardeexperimental/,text/html,25,20140203101206,20230605064551,20230605064551 20211019081409 20190809193329 20190603154449 20190516093004 20190403140846 20190201081158 20181202002345 20181130212356 20180930000252 20180126124823 20180103071850 20171103020010 20160822153220 20160518123705
flowersinagun.com/category/band-of-the-week-2,listing,https://www.flowersinagun.com/category/band-of-the-week-2/,text/html,26,20140203101212,20230605133840,20230605133840 20211019180845 20190809193450 20190603154238 20190516143836 20190403140231 20190201075446 20181202004527 20181130211635 20180930000257 20180127042410 20180103072251 20171103022057 20160822152659 20160811224009
flowersinagun.com/category/bang-bang,listing,https://www.flowersinagun.com/category/bang-bang/,text/html,26,20140204133941,20230605051125,20230605051125 20211020050248 20190809193329 20190603154243 20190516113603 20190403140626 20190201075840 20181202004338 20181130212651 20180930000030 20180126191303 20180103071855 20171103022102 20160822152704 20160811165624
flowersinagun.com/category/books,listing,http://www.flowersinagun.com:80/category/books/,text/html,2,20130930073112,20131130134036,20131130134036 20130930073112
flowersinagun.com/category/concert-reviews-more,listing,https://www.flowersinagun.com/category/concert-reviews-more/,text/html,30,20130930073117,20230607183736,20230607183736 20211020022452 20190809195046 20190603154249 20190516124546 20190403140341 20190201074941 20181201094240 20181130070638 20180929201519 20180126225329 20180102110416 20171102102338 20160823120609 20160822094702
flowersinagun.com/category/electronica-2,listing,https://www.flowersinagun.com/category/electronica-2/,text/html,27,20140203095341,20230605051135,20230605051135 20211019112046 20190809195053 20190603154254 20190516124641 20190403140236 20190201081203 20181201095815 20181130070743 20180930001229 20180126225541 20180102110134 20171102102654 20160822153424 20160811165656
flowersinagun.com/category/hip-hop-2,listing,https://www.flowersinagun.com/category/hip-hop-2/,text/html,28,20140204131737,20230606042938,20230606042938 20211019185906 20190809193448 20190603154455 20190516081712 20190403140432 20190201075220 20181202002706 20181130211641 20180930000035 20180126083607 20180103043108 20171103022430 20160822152709 20160811103339
flowersinagun.com/category/indie-bands-youve-never-heard-before,listing,http://www.flowersinagun.com:80/category/indie-bands-youve-never-heard-before/,text/html,2,20130930072527,20131130134353,20131130134353 20130930072527
flowersinagun.com/category/jazz-2,listing,https://www.flowersinagun.com/category/jazz-2/,text/html,28,20140203034342,20230605051125,20230605051125 20211020050246 20190809193433 20190603152631 20190516133350 20190403140526 20190201075740 20181201094304 20181130070842 20180929201619 20180127011815 20171230102339 20171029194441 20160822153225 20160518123716
flowersinagun.com/category/jazz-2/page/2,listing,http://www.flowersinagun.com/category/jazz-2/page/2/,text/html,1,20160811114806,20160811114806,20160811114806
flowersinagun.com/category/jazz-2/page/3,listing,http://www.flowersinagun.com/category/jazz-2/page/3/,text/html,1,20160811110754,20160811110754,20160811110754
flowersinagun.com/category/jazz-2/page/4,listing,http://www.flowersinagun.com/category/jazz-2/page/4/,text/html,1,20160811102516,20160811102516,20160811102516
flowersinagun.com/category/kawaii-cuisine,listing,http://www.flowersinagun.com:80/category/kawaii-cuisine/,text/html,2,20130930065626,20131130134359,20131130134359 20130930065626
flowersinagun.com/category/loud-music,listing,http://www.flowersinagun.com:80/category/loud-music/,text/html,2,20131003111129,20131203161725,20131203161725 20131003111129
flowersinagun.com/category/other-reviews,listing,http://www.flowersinagun.com:80/category/other-reviews/,text/html,3,20130930072532,20140218010611,20140218010611 20131130114851 20130930072532
flowersinagun.com/category/photography,listing,http://www.flowersinagun.com:80/category/photography/,text/html,6,20130930065632,20140224033356,20140224033356 20140123092848 20131222144243 20131130133838 20131112072310 20130930065632
flowersinagun.com/category/popindie,listing,https://www.flowersinagun.com/category/popindie/,text/html,29,20140204131740,20230605133841,20230605133841 20211019175130 20190809195115 20190603154259 20190516082844 20190403140851 20190201075332 20181202002050 20181130212656 20180930000304 20180126091031 20180102110140 20171102102343 20170220122704 20160822153429
flowersinagun.com/category/punk-2,listing,https://www.flowersinagun.com/category/punk-2/,text/html,27,20140203095346,20230607183735,20230607183735 20211020011412 20190809195025 20190603152636 20190516144124 20190403140746 20190201075600 20181202002220 20181130211755 20180930001430 20180127043138 20180103071900 20171103022435 20160823120025 20160822094323
flowersinagun.com/category/random,listing,http://www.flowersinagun.com:80/category/random/,text/html,2,20130930065637,20131130133843,20131130133843 20130930065637
flowersinagun.com/category/rockalternative,listing,https://www.flowersinagun.com/category/rockalternative/,text/html,27,20140203101217,20230605064553,20230605064553 20211019044832 20190809193543 20190603154500 20190516111745 20190403140751 20190201081048 20181202004225 20181130212014 20180930001233 20180126181453 20180102110152 20171102102147 20160822153230 20160811223959
flowersinagun.com/category/scary-movies,listing,http://www.flowersinagun.com:80/category/scary-movies/,text/html,17,20131001033031,20160822153435,20160822153435 20160811105714 20160518123323 20160316175439 20150922183615 20150916022314 20150715203934 20150619002808 20150310115041 20150212141813 20141125150106 20141115080357 20140906070129 20140203095351 20131202101949
flowersinagun.com/category/song-of-the-night,listing,https://www.flowersinagun.com/category/song-of-the-night/,text/html,28,20130930073123,20230605051135,20230605051135 20211019194838 20190809193355 20190603152641 20190516123653 20190403140241 20190201080125 20181202002225 20181130211800 20180930000040 20180126223305 20180103071905 20171103020015 20160822153439 20160811165644
flowersinagun.com/category/stories-poetry,listing,http://www.flowersinagun.com:80/category/stories-poetry/,text/html,16,20130930065642,20160822152840,20160822152840 20160811111123 20160518123333 20160316232657 20150922184515 20150916022428 20150715211832 20150619004321 20150311183049 20150212151342 20141125214621 20141115082106 20140906070406 20140204133946 20131130133853
flowersinagun.com/category/styling-2,listing,http://www.flowersinagun.com:80/category/styling-2/,text/html,2,20130930065649,20131130133941,20131130133941 20130930065649
flowersinagun.com/category/uncategorized,listing,http://www.flowersinagun.com:80/category/uncategorized/,text/html,11,20140906070411,20190603152646,20190603152646 20190516120337 20190403140531 20190201080016 20181202002232 20181130211806 20180930001436 20171103021447 20150922191221 20141126180918 20140906070411
flowersinagun.com/category/videos,listing,http://www.flowersinagun.com:80/category/videos/,text/html,2,20130930073127,20131130134409,20131130134409 20130930073127
flowersinagun.com/page/18,listing,http://www.flowersinagun.com/page/18/,text/html,1,20141130180824,20141130180824,20141130180824
flowersinagun.com/page/2,listing,http://www.flowersinagun.com/page/2/,text/html,5,20131114033856,20190516121915,20190516121915 20160904074815 20150212175503 20141126203012 20131114033856
flowersinagun.com/page/20,listing,http://www.flowersinagun.com/page/20/,text/html,1,20150212132121,20150212132121,20150212132121
flowersinagun.com/page/3,listing,http://www.flowersinagun.com/page/3/,text/html,5,20131114095449,20190516144021,20190516144021 20160904121336 20150212200032 20141130195224 20131114095449
flowersinagun.com/page/79,listing,http://www.flowersinagun.com/page/79/,text/html,1,20160904090456,20160904090456,20160904090456
flowersinagun.com/page/86,listing,http://www.flowersinagun.com/page/86/,text/html,1,20190516132057,20190516132057,20190516132057
flowersinagun.com/tag/2015,listing,http://www.flowersinagun.com/tag/2015/,text/html,3,20150619011506,20160324172314,20160324172314 20151027195443 20150619011506
flowersinagun.com/tag/80s-classics,listing,http://www.flowersinagun.com/tag/80s-classics/,text/html,1,20150924044822,20150924044822,20150924044822
flowersinagun.com/tag/acoustic,listing,http://www.flowersinagun.com/tag/acoustic/,text/html,1,20151021031549,20151021031549,20151021031549
flowersinagun.com/tag/alternative,listing,http://www.flowersinagun.com/tag/alternative/,text/html,1,20150925134152,20150925134152,20150925134152
flowersinagun.com/tag/alternative-tentacles,listing,http://www.flowersinagun.com:80/tag/alternative-tentacles/,text/html,1,20160822153236,20160822153236,20160822153236
flowersinagun.com/tag/anarcho-punk,listing,http://www.flowersinagun.com:80/tag/anarcho-punk/,text/html,1,20160822153244,20160822153244,20160822153244
flowersinagun.com/tag/anthem,listing,http://www.flowersinagun.com/tag/anthem/,text/html,1,20150925134205,20150925134205,20150925134205
flowersinagun.com/tag/blue-note,listing,http://www.flowersinagun.com:80/tag/blue-note/,text/html,1,20140203095402,20140203095402,20140203095402
flowersinagun.com/tag/break-the-silence,listing,http://www.flowersinagun.com/tag/break-the-silence/,text/html,1,20150925140855,20150925140855,20150925140855
flowersinagun.com/tag/british,listing,http://www.flowersinagun.com/tag/british/,text/html,1,20150923233652,20150923233652,20150923233652
flowersinagun.com/tag/bruno-mars,listing,http://www.flowersinagun.com/tag/bruno-mars/,text/html,1,20150924055452,20150924055452,20150924055452
flowersinagun.com/tag/cabaret,listing,http://www.flowersinagun.com/tag/cabaret/,text/html,1,20151021033105,20151021033105,20151021033105
flowersinagun.com/tag/canada,listing,http://www.flowersinagun.com/tag/canada/,text/html,1,20150927012245,20150927012245,20150927012245
flowersinagun.com/tag/caravan-palace,listing,http://www.flowersinagun.com:80/tag/caravan-palace/,text/html,1,20181030141220,20181030141220,20181030141220
flowersinagun.com/tag/charlie-parker-jazz-festival,listing,http://www.flowersinagun.com:80/tag/charlie-parker-jazz-festival/,text/html,1,20140906070150,20140906070150,20140906070150
flowersinagun.com/tag/christian,listing,http://www.flowersinagun.com:80/tag/christian/,text/html,1,20140204133959,20140204133959,20140204133959
flowersinagun.com/tag/christian-atunde-adjuan,listing,http://www.flowersinagun.com:80/tag/christian-atunde-adjuan/,text/html,1,20140203095813,20140203095813,20140203095813
flowersinagun.com/tag/christian-scott,listing,http://www.flowersinagun.com:80/tag/christian-scott/,text/html,2,20140204131817,20140206063024,20140206063024 20140204131817
flowersinagun.com/tag/chvrches,listing,http://www.flowersinagun.com:80/tag/chvrches/,text/html,1,20171103021230,20171103021230,20171103021230
flowersinagun.com/tag/classical,listing,http://www.flowersinagun.com/tag/classical/,text/html,1,20150926114144,20150926114144,20150926114144
flowersinagun.com/tag/coming-back-bands,listing,http://www.flowersinagun.com/tag/coming-back-bands/,text/html,1,20150926235741,20150926235741,20150926235741
flowersinagun.com/tag/conceptual,listing,http://www.flowersinagun.com/tag/conceptual/,text/html,1,20150927015941,20150927015941,20150927015941
flowersinagun.com/tag/concert,listing,http://www.flowersinagun.com:80/tag/concert/,text/html,2,20160401105732,20180930000045,20180930000045 20160401105732
flowersinagun.com/tag/dark-pop,listing,http://www.flowersinagun.com/tag/dark-pop/,text/html,1,20150923233220,20150923233220,20150923233220
flowersinagun.com/tag/disorder,listing,http://www.flowersinagun.com/tag/disorder/,text/html,1,20150924000036,20150924000036,20150924000036
flowersinagun.com/tag/downtown,listing,https://www.flowersinagun.com/tag/downtown/,text/html,1,20190809193511,20190809193511,20190809193511
flowersinagun.com/tag/ectronica,listing,http://www.flowersinagun.com:80/tag/ectronica/,text/html,1,20171103022449,20171103022449,20171103022449
flowersinagun.com/tag/elcctropop,listing,http://www.flowersinagun.com:80/tag/elcctropop/,text/html,1,20171103021235,20171103021235,20171103021235
flowersinagun.com/tag/electro,listing,http://www.flowersinagun.com/tag/electro/,text/html,1,20150924044051,20150924044051,20150924044051
flowersinagun.com/tag/electronica,listing,http://www.flowersinagun.com:80/tag/electronica/,text/html,1,20181030141225,20181030141225,20181030141225
flowersinagun.com/tag/eleutherios,listing,http://www.flowersinagun.com/tag/eleutherios/,text/html,1,20151021103224,20151021103224,20151021103224
flowersinagun.com/tag/emo,listing,http://www.flowersinagun.com:80/tag/emo/,text/html,1,20171103021629,20171103021629,20171103021629
flowersinagun.com/tag/enrique-iglesias,listing,http://www.flowersinagun.com/tag/enrique-iglesias/,text/html,1,20150923223700,20150923223700,20150923223700
flowersinagun.com/tag/erik-petersen,listing,http://www.flowersinagun.com:80/tag/erik-petersen/,text/html,1,20160822153454,20160822153454,20160822153454
flowersinagun.com/tag/experimental,listing,http://www.flowersinagun.com/tag/experimental/,text/html,1,20150925072919,20150925072919,20150925072919
flowersinagun.com/tag/female-vocalists,listing,http://www.flowersinagun.com/tag/female-vocalists/,text/html,2,20150715223839,20160316225046,20160316225046 20150715223839
flowersinagun.com/tag/fistolo-records,listing,http://www.flowersinagun.com:80/tag/fistolo-records/,text/html,1,20160822153459,20160822153459,20160822153459
flowersinagun.com/tag/folk-punk,listing,http://www.flowersinagun.com:80/tag/folk-punk/,text/html,1,20160822152845,20160822152845,20160822152845
flowersinagun.com/tag/france,listing,http://www.flowersinagun.com/tag/france/,text/html,1,20150715203057,20150715203057,20150715203057
flowersinagun.com/tag/funn,listing,http://www.flowersinagun.com:80/tag/funn/,text/html,1,20140203101227,20140203101227,20140203101227
flowersinagun.com/tag/george-michael,listing,http://www.flowersinagun.com/tag/george-michael/,text/html,1,20150923235452,20150923235452,20150923235452
flowersinagun.com/tag/goth-folk,listing,http://www.flowersinagun.com/tag/goth-folk/,text/html,1,20151021103236,20151021103236,20151021103236
flowersinagun.com/tag/guy-klucevsek,listing,http://www.flowersinagun.com/tag/guy-klucevsek/,text/html,1,20150926112631,20150926112631,20150926112631
flowersinagun.com/tag/heartbreak,listing,http://www.flowersinagun.com/tag/heartbreak/,text/html,1,20150924053336,20150924053336,20150924053336
flowersinagun.com/tag/highline-ballroom,listing,http://www.flowersinagun.com/tag/highline-ballroom/,text/html,1,20160401062439,20160401062439,20160401062439
flowersinagun.com/tag/indie,listing,http://www.flowersinagun.com:80/tag/indie/,text/html,2,20140914162422,20171103022107,20171103022107 20140914162422
flowersinagun.com/tag/indie-pop,listing,http://www.flowersinagun.com:80/tag/indie-pop/,text/html,3,20150619005951,20171103021634,20171103021634 20151027193607 20150619005951
flowersinagun.com/tag/industrial,listing,http://www.flowersinagun.com/tag/industrial/,text/html,1,20150927005933,20150927005933,20150927005933
flowersinagun.com/tag/interview,listing,http://www.flowersinagun.com:80/tag/interview/,text/html,3,20140914162445,20171112103734,20171112103734 20150926120412 20140914162445
flowersinagun.com/tag/jamescarter,listing,http://www.flowersinagun.com:80/tag/jamescarter/,text/html,1,20180930000050,20180930000050,20180930000050
flowersinagun.com/tag/jazz,listing,http://www.flowersinagun.com:80/tag/jazz/,text/html,5,20140205080301,20180930000055,20180930000055 20171112104204 20150922193350 20140906070155 20140205080301
flowersinagun.com/tag/jazz-standard,listing,http://www.flowersinagun.com/tag/jazz-standard/,text/html,1,20150922191459,20150922191459,20150922191459
flowersinagun.com/tag/joy-division,listing,http://www.flowersinagun.com/tag/joy-division/,text/html,1,20150923224752,20150923224752,20150923224752
flowersinagun.com/tag/like-a-feather,listing,http://www.flowersinagun.com/tag/like-a-feather/,text/html,3,20150619012625,20160324172321,20160324172321 20151027200945 20150619012625
flowersinagun.com/tag/lili-roquelin,listing,http://www.flowersinagun.com/tag/lili-roquelin/,text/html,4,20150619014135,20160317001529,20160317001529 20151028164336 20150715230235 20150619014135
flowersinagun.com/tag/london,listing,http://www.flowersinagun.com/tag/london/,text/html,1,20150923235453,20150923235453,20150923235453
flowersinagun.com/tag/lower-east-side,listing,https://www.flowersinagun.com/tag/lower-east-side/,text/html,1,20190809193331,20190809193331,20190809193331
flowersinagun.com/tag/mad-meg,listing,https://www.flowersinagun.com/tag/mad-meg/,text/html,1,20190809193325,20190809193325,20190809193325
flowersinagun.com/tag/marcus-gilmore,listing,http://www.flowersinagun.com/tag/marcus-gilmore/,text/html,1,20151203002810,20151203002810,20151203002810
flowersinagun.com/tag/marianne-solivan,listing,http://www.flowersinagun.com/tag/marianne-solivan/,text/html,1,20151019000722,20151019000722,20151019000722
flowersinagun.com/tag/mark-maze,listing,http://www.flowersinagun.com/tag/mark-maze/,text/html,1,20150923223741,20150923223741,20150923223741
flowersinagun.com/tag/mercury-lounge,listing,https://www.flowersinagun.com/tag/mercury-lounge/,text/html,1,20190809193421,20190809193421,20190809193421
flowersinagun.com/tag/metal,listing,http://www.flowersinagun.com/tag/metal/,text/html,1,20150925135633,20150925135633,20150925135633
flowersinagun.com/tag/mischief-brew,listing,http://www.flowersinagun.com:80/tag/mischief-brew/,text/html,1,20160822153246,20160822153246,20160822153246
flowersinagun.com/tag/music-2,listing,https://www.flowersinagun.com/tag/music-2/,text/html,1,20190809195131,20190809195131,20190809195131
flowersinagun.com/tag/must-hear,listing,http://www.flowersinagun.com/tag/must-hear/,text/html,1,20150925071713,20150925071713,20150925071713
flowersinagun.com/tag/new-new-orleans,listing,http://www.flowersinagun.com:80/tag/new-new-orleans/,text/html,1,20140203101232,20140203101232,20140203101232
flowersinagun.com/tag/new-world-music,listing,http://www.flowersinagun.com/tag/new-world-music/,text/html,1,20150925071344,20150925071344,20150925071344
flowersinagun.com/tag/new-york-city,listing,http://www.flowersinagun.com:80/tag/new-york-city/,text/html,1,20171103022228,20171103022228,20171103022228
flowersinagun.com/tag/nic-nassuet,listing,http://www.flowersinagun.com/tag/nic-nassuet/,text/html,1,20151021103242,20151021103242,20151021103242
flowersinagun.com/tag/nyc,listing,https://www.flowersinagun.com/tag/nyc/,text/html,3,20140906070200,20190809193426,20190809193426 20151018203942 20140906070200
flowersinagun.com/tag/piano,listing,http://www.flowersinagun.com/tag/piano/,text/html,2,20150715225942,20160317045645,20160317045645 20150715225942
flowersinagun.com/tag/pop,listing,http://www.flowersinagun.com/tag/pop/,text/html,2,20150619001903,20150923223553,20150923223553 20150619001903
flowersinagun.com/tag/pop-rock,listing,http://www.flowersinagun.com/tag/pop-rock/,text/html,2,20150715202200,20160317001441,20160317001441 20150715202200
flowersinagun.com/tag/positive,listing,http://www.flowersinagun.com/tag/positive/,text/html,2,20150619014636,20151028225218,20151028225218 20150619014636
flowersinagun.com/tag/post-punk,listing,http://www.flowersinagun.com/tag/post-punk/,text/html,1,20150924044818,20150924044818,20150924044818
flowersinagun.com/tag/potty-mouth,listing,http://www.flowersinagun.com:80/tag/potty-mouth/,text/html,1,20171103021817,20171103021817,20171103021817
flowersinagun.com/tag/powerful,listing,http://www.flowersinagun.com/tag/powerful/,text/html,1,20150925135942,20150925135942,20150925135942
flowersinagun.com/tag/pugs,listing,http://www.flowersinagun.com:80/tag/pugs/,text/html,1,20160822153504,20160822153504,20160822153504
flowersinagun.com/tag/punk,listing,http://www.flowersinagun.com:80/tag/punk/,text/html,1,20160822152850,20160822152850,20160822152850
flowersinagun.com/tag/punx,listing,http://www.flowersinagun.com:80/tag/punx/,text/html,1,20160822152856,20160822152856,20160822152856
flowersinagun.com/tag/pux,listing,http://www.flowersinagun.com:80/tag/pux/,text/html,1,20160822153509,20160822153509,20160822153509
flowersinagun.com/tag/rachel-ann-weiss,listing,http://www.flowersinagun.com:80/tag/rachel-ann-weiss/,text/html,1,20140914161859,20140914161859,20140914161859
flowersinagun.com/tag/review,listing,http://www.flowersinagun.com:80/tag/review/,text/html,1,20180930001452,20180930001452,20180930001452
flowersinagun.com/tag/revolt,listing,http://www.flowersinagun.com/tag/revolt/,text/html,1,20150927011707,20150927011707,20150927011707
flowersinagun.com/tag/rock,listing,http://www.flowersinagun.com/tag/rock/,text/html,1,20150925134807,20150925134807,20150925134807
flowersinagun.com/tag/rockwood-music-hall,listing,http://www.flowersinagun.com:80/tag/rockwood-music-hall/,text/html,1,20140914161913,20140914161913,20140914161913
flowersinagun.com/tag/science,listing,http://www.flowersinagun.com/tag/science/,text/html,1,20150925072835,20150925072835,20150925072835
flowersinagun.com/tag/sfjazz,listing,http://www.flowersinagun.com/tag/sfjazz/,text/html,1,20150922184057,20150922184057,20150922184057
flowersinagun.com/tag/sfjazz-collective,listing,http://www.flowersinagun.com/tag/sfjazz-collective/,text/html,1,20150922194304,20150922194304,20150922194304
flowersinagun.com/tag/singer,listing,http://www.flowersinagun.com:80/tag/singer/,text/html,1,20140914162450,20140914162450,20140914162450
flowersinagun.com/tag/singer-songwriter,listing,http://www.flowersinagun.com/tag/singer-songwriter/,text/html,3,20150619014023,20160324233021,20160324233021 20151021044000 20150619014023
flowersinagun.com/tag/smalls-jazz-club,listing,http://www.flowersinagun.com/tag/smalls-jazz-club/,text/html,1,20151019000654,20151019000654,20151019000654
flowersinagun.com/tag/smile,listing,http://www.flowersinagun.com/tag/smile/,text/html,2,20150619015924,20151028022104,20151028022104 20150619015924
flowersinagun.com/tag/smoke-jazz-club,listing,http://www.flowersinagun.com:80/tag/smoke-jazz-club/,text/html,1,20171112110910,20171112110910,20171112110910
flowersinagun.com/tag/song-review,listing,http://www.flowersinagun.com/tag/song-review/,text/html,1,20150923232847,20150923232847,20150923232847
flowersinagun.com/tag/spring,listing,http://www.flowersinagun.com/tag/spring/,text/html,2,20150619014531,20151028022054,20151028022054 20150619014531
flowersinagun.com/tag/staring-out-the-sun,listing,http://www.flowersinagun.com/tag/staring-out-the-sun/,text/html,1,20150925134835,20150925134835,20150925134835
flowersinagun.com/tag/stephan-crump,listing,http://www.flowersinagun.com/tag/stephan-crump/,text/html,1,20151203012632,20151203012632,20151203012632
flowersinagun.com/tag/summer-stage,listing,http://www.flowersinagun.com:80/tag/summer-stage/,text/html,1,20140906070206,20140906070206,20140906070206
flowersinagun.com/tag/swing,listing,http://www.flowersinagun.com:80/tag/swing/,text/html,2,20151018213139,20181030141349,20181030141349 20151018213139
flowersinagun.com/tag/synth-pop,listing,http://www.flowersinagun.com:80/tag/synth-pop/,text/html,1,20171103021452,20171103021452,20171103021452
flowersinagun.com/tag/television,listing,http://www.flowersinagun.com/tag/television/,text/html,1,20150925072301,20150925072301,20150925072301
flowersinagun.com/tag/terminal-5,listing,http://www.flowersinagun.com:80/tag/terminal-5/,text/html,1,20171103021510,20171103021510,20171103021510
flowersinagun.com/tag/the-great-game,listing,http://www.flowersinagun.com/tag/the-great-game/,text/html,1,20150925072403,20150925072403,20150925072403
flowersinagun.com/tag/the-only-one,listing,http://www.flowersinagun.com/tag/the-only-one/,text/html,2,20150715213201,20160317044741,20160317044741 20150715213201
flowersinagun.com/tag/the-stone,listing,http://www.flowersinagun.com/tag/the-stone/,text/html,1,20150926115638,20150926115638,20150926115638
flowersinagun.com/tag/the-unravelling,listing,http://www.flowersinagun.com/tag/the-unravelling/,text/html,1,20150926234607,20150926234607,20150926234607
flowersinagun.com/tag/uncomfortable-truths,listing,http://www.flowersinagun.com/tag/uncomfortable-truths/,text/html,1,20150924044055,20150924044055,20150924044055
flowersinagun.com/tag/up-the-pugs,listing,http://www.flowersinagun.com:80/tag/up-the-pugs/,text/html,1,20160822153251,20160822153251,20160822153251
flowersinagun.com/tag/urban,listing,http://www.flowersinagun.com/tag/urban/,text/html,1,20150924044806,20150924044806,20150924044806
flowersinagun.com/tag/usa,listing,http://www.flowersinagun.com/tag/usa/,text/html,2,20150715230837,20160317001510,20160317001510 20150715230837
flowersinagun.com/tag/vijay-iyer,listing,http://www.flowersinagun.com/tag/vijay-iyer/,text/html,1,20151203003349,20151203003349,20151203003349
flowersinagun.com/tag/warren-wolf,listing,http://www.flowersinagun.com:80/tag/warren-wolf/,text/html,1,20171112103424,20171112103424,20171112103424
flowersinagun.com/tag/world-music,listing,http://www.flowersinagun.com/tag/world-music/,text/html,1,20150925072527,20150925072527,20150925072527
flowersinagun.com/tag/yann-tiersen,listing,http://www.flowersinagun.com/tag/yann-tiersen/,text/html,1,20160401123557,20160401123557,20160401123557
flowersinagun.com/tag/yesterday-you-said-tomorrow,listing,http://www.flowersinagun.com:80/tag/yesterday-you-said-tomorrow/,text/html,1,20140203095818,20140203095818,20140203095818
cpanel.flowersinagun.com/?locale=ar,noise,http://cpanel.flowersinagun.com/?locale=ar,text/html,2,20230223192646,20230223201839,20230223201839 20230223192646
cpanel.flowersinagun.com/?locale=bg,noise,http://cpanel.flowersinagun.com/?locale=bg,text/html,2,20230223192723,20230223201926,20230223201926 20230223192723
cpanel.flowersinagun.com/?locale=cs,noise,http://cpanel.flowersinagun.com/?locale=cs,text/html,2,20230223192810,20230223202124,20230223202124 20230223192810
cpanel.flowersinagun.com/?locale=da,noise,http://cpanel.flowersinagun.com/?locale=da,text/html,2,20230223192840,20230223202205,20230223202205 20230223192840
cpanel.flowersinagun.com/?locale=de,noise,http://cpanel.flowersinagun.com/?locale=de,text/html,2,20230223192929,20230223202333,20230223202333 20230223192929
cpanel.flowersinagun.com/?locale=el,noise,http://cpanel.flowersinagun.com/?locale=el,text/html,2,20230223193015,20230223202437,20230223202437 20230223193015
cpanel.flowersinagun.com/?locale=en,noise,http://cpanel.flowersinagun.com/?locale=en,text/html,2,20230223193107,20230223202559,20230223202559 20230223193107
cpanel.flowersinagun.com/?locale=es,noise,http://cpanel.flowersinagun.com/?locale=es,text/html,2,20230223193215,20230223202724,20230223202724 20230223193215
cpanel.flowersinagun.com/?locale=es_419,noise,http://cpanel.flowersinagun.com/?locale=es_419,text/html,1,20230223193222,20230223193222,20230223193222
cpanel.flowersinagun.com/?locale=es_es,noise,http://cpanel.flowersinagun.com/?locale=es_es,text/html,1,20230223193445,20230223193445,20230223193445
cpanel.flowersinagun.com/?locale=fi,noise,http://cpanel.flowersinagun.com/?locale=fi,text/html,1,20230223193507,20230223193507,20230223193507
cpanel.flowersinagun.com/?locale=fil,noise,http://cpanel.flowersinagun.com/?locale=fil,text/html,1,20230223193628,20230223193628,20230223193628
cpanel.flowersinagun.com/?locale=fr,noise,http://cpanel.flowersinagun.com/?locale=fr,text/html,1,20230223193651,20230223193651,20230223193651
cpanel.flowersinagun.com/?locale=he,noise,http://cpanel.flowersinagun.com/?locale=he,text/html,1,20230223193741,20230223193741,20230223193741
cpanel.flowersinagun.com/?locale=hu,noise,http://cpanel.flowersinagun.com/?locale=hu,text/html,1,20230223193846,20230223193846,20230223193846
cpanel.flowersinagun.com/?locale=i_cpanel_snowmen,noise,http://cpanel.flowersinagun.com/?locale=i_cpanel_snowmen,text/html,1,20230223193930,20230223193930,20230223193930
cpanel.flowersinagun.com/?locale=i_en,noise,http://cpanel.flowersinagun.com/?locale=i_en,text/html,1,20230223193951,20230223193951,20230223193951
cpanel.flowersinagun.com/?locale=id,noise,http://cpanel.flowersinagun.com/?locale=id,text/html,1,20230223194044,20230223194044,20230223194044
cpanel.flowersinagun.com/?locale=it,noise,http://cpanel.flowersinagun.com/?locale=it,text/html,1,20230223194908,20230223194908,20230223194908
cpanel.flowersinagun.com/?locale=ja,noise,http://cpanel.flowersinagun.com/?locale=ja,text/html,1,20230223194937,20230223194937,20230223194937
cpanel.flowersinagun.com/?locale=ko,noise,http://cpanel.flowersinagun.com/?locale=ko,text/html,1,20230223195045,20230223195045,20230223195045
cpanel.flowersinagun.com/?locale=ms,noise,http://cpanel.flowersinagun.com/?locale=ms,text/html,1,20230223195159,20230223195159,20230223195159
cpanel.flowersinagun.com/?locale=nb,noise,http://cpanel.flowersinagun.com/?locale=nb,text/html,1,20230223195311,20230223195311,20230223195311
cpanel.flowersinagun.com/?locale=nl,noise,http://cpanel.flowersinagun.com/?locale=nl,text/html,1,20230223195332,20230223195332,20230223195332
cpanel.flowersinagun.com/?locale=no,noise,http://cpanel.flowersinagun.com/?locale=no,text/html,1,20230223195446,20230223195446,20230223195446
cpanel.flowersinagun.com/?locale=pl,noise,http://cpanel.flowersinagun.com/?locale=pl,text/html,1,20230223195520,20230223195520,20230223195520
cpanel.flowersinagun.com/?locale=pt,noise,http://cpanel.flowersinagun.com/?locale=pt,text/html,1,20230223195706,20230223195706,20230223195706
cpanel.flowersinagun.com/?locale=pt_br,noise,http://cpanel.flowersinagun.com/?locale=pt_br,text/html,1,20230223195802,20230223195802,20230223195802
cpanel.flowersinagun.com/?locale=ro,noise,http://cpanel.flowersinagun.com/?locale=ro,text/html,1,20230223195823,20230223195823,20230223195823
cpanel.flowersinagun.com/?locale=ru,noise,http://cpanel.flowersinagun.com/?locale=ru,text/html,1,20230223195919,20230223195919,20230223195919
cpanel.flowersinagun.com/?locale=sl,noise,http://cpanel.flowersinagun.com/?locale=sl,text/html,1,20230223200028,20230223200028,20230223200028
cpanel.flowersinagun.com/?locale=sv,noise,http://cpanel.flowersinagun.com/?locale=sv,text/html,1,20230223200118,20230223200118,20230223200118
cpanel.flowersinagun.com/?locale=th,noise,http://cpanel.flowersinagun.com/?locale=th,text/html,1,20230223200310,20230223200310,20230223200310
cpanel.flowersinagun.com/?locale=tr,noise,http://cpanel.flowersinagun.com/?locale=tr,text/html,1,20230223200404,20230223200404,20230223200404
cpanel.flowersinagun.com/?locale=uk,noise,http://cpanel.flowersinagun.com/?locale=uk,text/html,1,20230223200508,20230223200508,20230223200508
cpanel.flowersinagun.com/?locale=vi,noise,http://cpanel.flowersinagun.com/?locale=vi,text/html,1,20230223200521,20230223200521,20230223200521
cpanel.flowersinagun.com/?locale=zh,noise,http://cpanel.flowersinagun.com/?locale=zh,text/html,1,20230223200708,20230223200708,20230223200708
cpanel.flowersinagun.com/?locale=zh_cn,noise,http://cpanel.flowersinagun.com/?locale=zh_cn,text/html,1,20230223200734,20230223200734,20230223200734
cpanel.flowersinagun.com/?locale=zh_tw,noise,http://cpanel.flowersinagun.com/?locale=zh_tw,text/html,1,20230223200837,20230223200837,20230223200837
flowersinagun.com/30-years-sepultura-webster-hall/feed,noise,http://www.flowersinagun.com/30-years-sepultura-webster-hall/feed/,application/rss+xml,1,20150929060545,20150929060545,20150929060545
flowersinagun.com/about/feed,noise,https://www.flowersinagun.com/about/feed/,application/rss+xml,9,20131114100425,20230606160647,20230606160647 20211020010053 20190806040939 20190621231508 20180221083551 20160418004852 20150716093941 20150619071014 20131114100425
flowersinagun.com/about?replytocom=10,noise,http://www.flowersinagun.com:80/about/?replytocom=10,text/html,1,20131114095350,20131114095350,20131114095350
flowersinagun.com/about?replytocom=11,noise,http://www.flowersinagun.com:80/about/?replytocom=11,text/html,1,20131114095354,20131114095354,20131114095354
flowersinagun.com/about?replytocom=12,noise,http://www.flowersinagun.com:80/about/?replytocom=12,text/html,1,20131114100816,20131114100816,20131114100816
flowersinagun.com/about?replytocom=13,noise,http://www.flowersinagun.com:80/about/?replytocom=13,text/html,1,20131114095403,20131114095403,20131114095403
flowersinagun.com/about?replytocom=14,noise,http://www.flowersinagun.com:80/about/?replytocom=14,text/html,1,20131114094430,20131114094430,20131114094430
flowersinagun.com/about?replytocom=15,noise,http://www.flowersinagun.com:80/about/?replytocom=15,text/html,1,20131114094433,20131114094433,20131114094433
flowersinagun.com/about?replytocom=16,noise,http://www.flowersinagun.com:80/about/?replytocom=16,text/html,1,20131114094438,20131114094438,20131114094438
flowersinagun.com/about?replytocom=2,noise,http://www.flowersinagun.com:80/about/?replytocom=2,text/html,1,20131114095944,20131114095944,20131114095944
flowersinagun.com/about?replytocom=3,noise,http://www.flowersinagun.com:80/about/?replytocom=3,text/html,1,20131114095418,20131114095418,20131114095418
flowersinagun.com/about?replytocom=4,noise,http://www.flowersinagun.com:80/about/?replytocom=4,text/html,1,20131114095427,20131114095427,20131114095427
flowersinagun.com/about?replytocom=5,noise,http://www.flowersinagun.com:80/about/?replytocom=5,text/html,1,20131114094452,20131114094452,20131114094452
flowersinagun.com/about?replytocom=6,noise,http://www.flowersinagun.com:80/about/?replytocom=6,text/html,1,20131114100821,20131114100821,20131114100821
flowersinagun.com/about?replytocom=7,noise,http://www.flowersinagun.com:80/about/?replytocom=7,text/html,1,20131114094456,20131114094456,20131114094456
flowersinagun.com/about?replytocom=8,noise,http://www.flowersinagun.com:80/about/?replytocom=8,text/html,1,20131114100826,20131114100826,20131114100826
flowersinagun.com/about?replytocom=9,noise,http://www.flowersinagun.com:80/about/?replytocom=9,text/html,1,20131114101158,20131114101158,20131114101158
flowersinagun.com/alice-sungurov-releases-debut-video/feed,noise,http://www.flowersinagun.com/alice-sungurov-releases-debut-video/feed/,application/rss+xml,1,20151121150329,20151121150329,20151121150329
flowersinagun.com/author/admin/feed,noise,https://www.flowersinagun.com/author/admin/feed/,application/rss+xml,7,20150619065337,20230607064201,20230607064201 20211021012025 20190809195107 20190621222737 20150930055512 20150716082937 20150619065337
flowersinagun.com/author/alexandra-ramirez/feed,noise,http://www.flowersinagun.com/author/alexandra-ramirez/feed/,application/rss+xml,1,20190621225025,20190621225025,20190621225025
flowersinagun.com/author/bats/feed,noise,http://www.flowersinagun.com/author/bats/feed/,application/rss+xml,2,20180221182856,20190621230251,20190621230251 20180221182856
flowersinagun.com/author/mario-norena/feed,noise,http://www.flowersinagun.com/author/mario-norena/feed/,application/rss+xml,1,20190621223434,20190621223434,20190621223434
flowersinagun.com/autoktronix-noise-from-the-dessert/feed,noise,http://www.flowersinagun.com/autoktronix-noise-from-the-dessert/feed/,application/rss+xml,2,20170227233552,20170912144500,20170912144500 20170227233552
flowersinagun.com/band-of-the-week-hall-of-fame/feed,noise,https://www.flowersinagun.com/band-of-the-week-hall-of-fame/feed/,application/rss+xml,8,20150619062200,20230607064202,20230607064202 20211020053127 20190806041333 20190621222047 20180220062501 20150929083736 20150716024903 20150619062200
flowersinagun.com/category/arts/feed,noise,http://www.flowersinagun.com/category/arts/feed/,text/xml,3,20150619071449,20150929114502,20150929114502 20150716092957 20150619071449
flowersinagun.com/category/avant-gardeexperimental/feed,noise,https://www.flowersinagun.com/category/avant-gardeexperimental/feed/,application/rss+xml,8,20150619065058,20230607194841,20230607194841 20211020200253 20190809193348 20190621222655 20180219131123 20150930055020 20150716085833 20150619065058
flowersinagun.com/category/band-of-the-week-2/feed,noise,https://www.flowersinagun.com/category/band-of-the-week-2/feed/,application/rss+xml,8,20150619085710,20230605133841,20230605133841 20211022014107 20190809193502 20190621225139 20180222202748 20150929083121 20150716081311 20150619085710
flowersinagun.com/category/bang-bang/feed,noise,https://www.flowersinagun.com/category/bang-bang/feed/,application/rss+xml,9,20150619065052,20230607182309,20230607182309 20211022160344 20190809193339 20190621230724 20180221043248 20160417191444 20150929083954 20150716015045 20150619065052
flowersinagun.com/category/concert-reviews-more/feed,noise,https://www.flowersinagun.com/category/concert-reviews-more/feed/,application/rss+xml,9,20150619070648,20230607195505,20230607195505 20211021175348 20190809195109 20190621231318 20180221233251 20160418004845 20150929084249 20150716075322 20150619070648
flowersinagun.com/category/electronica-2/feed,noise,https://www.flowersinagun.com/category/electronica-2/feed/,application/rss+xml,9,20150619045801,20230607183735,20230607183735 20211020130200 20190809195116 20190621225126 20180221132525 20160417130417 20150930050850 20150716063249 20150619045801
flowersinagun.com/category/hip-hop-2/feed,noise,https://www.flowersinagun.com/category/hip-hop-2/feed/,application/rss+xml,9,20150619070359,20230606042940,20230606042940 20211020205612 20190809194957 20190621223257 20180218203831 20160417072838 20150929084206 20150716015048 20150619070359
flowersinagun.com/category/jazz-2/feed,noise,https://www.flowersinagun.com/category/jazz-2/feed/,application/rss+xml,10,20150619053742,20230605060108,20230605060108 20211021235919 20190809194927 20190621225633 20180222071742 20160601215443 20160417133346 20150929083429 20150716031705 20150619053742
flowersinagun.com/category/other-reviews/feed,noise,http://www.flowersinagun.com:80/category/other-reviews/feed/,application/rss+xml,1,20160522201527,20160522201527,20160522201527
flowersinagun.com/category/photography/feed,noise,http://www.flowersinagun.com:80/category/photography/feed/,text/xml,1,20131114094513,20131114094513,20131114094513
flowersinagun.com/category/popindie/feed,noise,https://www.flowersinagun.com/category/popindie/feed/,application/rss+xml,8,20150619044504,20230607223340,20230607223340 20211020114250 20190809200625 20190621220819 20180218080623 20160417064007 20150716011407 20150619044504
flowersinagun.com/category/punk-2/feed,noise,https://www.flowersinagun.com/category/punk-2/feed/,application/rss+xml,8,20150619045859,20230609023046,20230609023046 20211020150421 20190809195036 20190621225132 20180222202615 20160417190733 20150716064639 20150619045859
flowersinagun.com/category/rockalternative/feed,noise,https://www.flowersinagun.com/category/rockalternative/feed/,application/rss+xml,8,20150619052336,20230605064554,20230605064554 20211020184327 20190809195014 20190621221252 20180220220222 20160418004659 20150716070740 20150619052336
flowersinagun.com/category/scary-movies/feed,noise,http://www.flowersinagun.com/category/scary-movies/feed/,text/xml,3,20150619044500,20160417081239,20160417081239 20150716020608 20150619044500
flowersinagun.com/category/song-of-the-night/feed,noise,https://www.flowersinagun.com/category/song-of-the-night/feed/,application/rss+xml,9,20150619085459,20230605133920,20230605133920 20211021102303 20190809194908 20190621232224 20180222023254 20160417191430 20150929084549 20150716093713 20150619085459
flowersinagun.com/category/stories-poetry/feed,noise,http://www.flowersinagun.com/category/stories-poetry/feed/,text/xml,3,20150619071454,20160417141941,20160417141941 20150716085941 20150619071454
flowersinagun.com/category/uncategorized/feed,noise,http://www.flowersinagun.com/category/uncategorized/feed/,application/rss+xml,2,20150929083628,20190621221727,20190621221727 20150929083628
flowersinagun.com/cgi-sys/suspendedpage.cgi?ver=3.7.4,noise,https://www.flowersinagun.com/cgi-sys/suspendedpage.cgi?ver=3.7.4,text/html,1,20240713211710,20240713211710,20240713211710
flowersinagun.com/charlie-parker-festival-celebrates-the-legacy-of-bird/feed,noise,http://www.flowersinagun.com:80/charlie-parker-festival-celebrates-the-legacy-of-bird/feed/,text/xml,1,20140906070416,20140906070416,20140906070416
flowersinagun.com/christian-scott-at-the-blue-note-intereview/feed,noise,http://www.flowersinagun.com:80/christian-scott-at-the-blue-note-intereview/feed/,text/xml,1,20140203095803,20140203095803,20140203095803
flowersinagun.com/christian-scott-at-the-blue-note-intereview?replytocom=3495,noise,http://www.flowersinagun.com:80/christian-scott-at-the-blue-note-intereview/?replytocom=3495,text/html,1,20140203101222,20140203101222,20140203101222
flowersinagun.com/christian-scott-at-the-blue-note-intereview?replytocom=3497,noise,http://www.flowersinagun.com:80/christian-scott-at-the-blue-note-intereview/?replytocom=3497,text/html,1,20140204133954,20140204133954,20140204133954
flowersinagun.com/chvrches-shows-out-in-nyc-opener-potty-mouth-nearly-stole-the-show/feed,noise,http://www.flowersinagun.com:80/chvrches-shows-out-in-nyc-opener-potty-mouth-nearly-stole-the-show/feed/,application/rss+xml,2,20170210221743,20171103022215,20171103022215 20170210221743
flowersinagun.com/comments/feed,noise,https://www.flowersinagun.com/comments/feed/,application/rss+xml,34,20130930065655,20230605051145,20230605051145 20211019180842 20200309075438 20190803180401 20190603154505 20190207013858 20181202004532 20180123044716 20180103072257 20171103022439 20171024190532 20170808154354 20170331005511 20160822153444 20160601223925
flowersinagun.com/double-album-cd-release-party-at-shapeshifter-lab-matthew-shipp-darius-jones-gerald-cleaver-william-parker-craig-taborn/feed,noise,https://www.flowersinagun.com/double-album-cd-release-party-at-shapeshifter-lab-matthew-shipp-darius-jones-gerald-cleaver-william-parker-craig-taborn/feed/,application/rss+xml,1,20190809195140,20190809195140,20190809195140
flowersinagun.com/feed,noise,https://www.flowersinagun.com/feed/,application/rss+xml,35,20130930072645,20230605051143,20230605051143 20220505102945 20211019044823 20200315084038 20190803175740 20190603154055 20190207054453 20181202002236 20180930001441 20180123121633 20180103071910 20171103022445 20171024194904 20170808154150 20170331121836
flowersinagun.com/gene-simmons-nobody-pays-for-music/feed,noise,http://www.flowersinagun.com/gene-simmons-nobody-pays-for-music/feed/,application/rss+xml,1,20180212024547,20180212024547,20180212024547
flowersinagun.com/guy-klucevsek-teetering-on-the-verge-of-normalcy/feed,noise,http://www.flowersinagun.com/guy-klucevsek-teetering-on-the-verge-of-normalcy/feed/,application/rss+xml,1,20150909122918,20150909122918,20150909122918
flowersinagun.com/hardcore-xmas-2017-eastern-europes-finest/feed,noise,http://www.flowersinagun.com:80/hardcore-xmas-2017-eastern-europes-finest/feed/,application/rss+xml,1,20171226153750,20171226153750,20171226153750
flowersinagun.com/in-remembrance-of-erik-petersen-the-punk-poet-of-pennsylvania/feed,noise,http://www.flowersinagun.com:80/in-remembrance-of-erik-petersen-the-punk-poet-of-pennsylvania/feed/,application/rss+xml,1,20160822153451,20160822153451,20160822153451
flowersinagun.com/interview-with-indaze-brooklyn-bowl-the-english-beat/feed,noise,http://www.flowersinagun.com/interview-with-indaze-brooklyn-bowl-the-english-beat/feed/,application/rss+xml,1,20151016220114,20151016220114,20151016220114
flowersinagun.com/interview-with-matthew-shipp/feed,noise,http://www.flowersinagun.com/interview-with-matthew-shipp/feed/,application/rss+xml,1,20150928174658,20150928174658,20150928174658
flowersinagun.com/interview-with-michael-gira-from-swans/feed,noise,http://www.flowersinagun.com/interview-with-michael-gira-from-swans/feed/,application/rss+xml,3,20141115082115,20170909095539,20170909095539 20170210221314 20141115082115
flowersinagun.com/interview-with-rachel-ann-weiss-the-rockwood-music-hall/feed,noise,http://www.flowersinagun.com:80/interview-with-rachel-ann-weiss-the-rockwood-music-hall/feed/,text/xml,1,20140914161838,20140914161838,20140914161838
flowersinagun.com/joy-division-disorder-song-review/feed,noise,http://www.flowersinagun.com/joy-division-disorder-song-review/feed/,application/rss+xml,1,20150907174616,20150907174616,20150907174616
flowersinagun.com/kmfdm-rock-irving-plaza-for-hell-yeah-tour/feed,noise,http://www.flowersinagun.com/kmfdm-rock-irving-plaza-for-hell-yeah-tour/feed/,text/html,1,20180123003237,20180123003237,20180123003237
flowersinagun.com/life-along-the-borderline-a-tribute-to-nico-curated-by-john-cale-at-bam/feed,noise,http://www.flowersinagun.com/life-along-the-borderline-a-tribute-to-nico-curated-by-john-cale-at-bam/feed/,application/rss+xml,2,20170227233510,20170912102303,20170912102303 20170227233510
flowersinagun.com/lili-roquelin-with-brand-new-video-for-the-only-one/feed,noise,https://www.flowersinagun.com/lili-roquelin-with-brand-new-video-for-the-only-one/feed/,application/rss+xml,3,20150713135239,20230627042202,20230627042202 20160307002353 20150713135239
flowersinagun.com/marianne-solivan-big-band-at-smalls-jazz-club-lady-got-balls/feed,noise,http://www.flowersinagun.com/marianne-solivan-big-band-at-smalls-jazz-club-lady-got-balls/feed/,application/rss+xml,4,20150619070839,20170817203301,20170817203301 20160328142551 20150914161407 20150619070839
flowersinagun.com/mark-maze-takes-on-heartbreak-and-individualism-in-new-album-uncomfortable-truths/feed,noise,http://www.flowersinagun.com/mark-maze-takes-on-heartbreak-and-individualism-in-new-album-uncomfortable-truths/feed/,application/rss+xml,1,20150907114506,20150907114506,20150907114506
flowersinagun.com/mary-lynns-animal-is-a-great-listen-end-to-end/feed,noise,http://www.flowersinagun.com/mary-lynns-animal-is-a-great-listen-end-to-end/feed/,application/rss+xml,2,20170227233533,20171125000017,20171125000017 20170227233533
flowersinagun.com/mel-washington/feed,noise,http://www.flowersinagun.com/mel-washington/feed/,application/rss+xml,1,20160828131536,20160828131536,20160828131536
flowersinagun.com/nic-nassuet-releases-two-tracks-from-new-album-eleutherios/feed,noise,http://www.flowersinagun.com/nic-nassuet-releases-two-tracks-from-new-album-eleutherios/feed/,application/rss+xml,1,20150913025421,20150913025421,20150913025421
flowersinagun.com/ravi-coltrane-residency-at-jazz-standard/feed,noise,http://www.flowersinagun.com/ravi-coltrane-residency-at-jazz-standard/feed/,application/rss+xml,3,20150619053957,20170817203808,20170817203808 20150928231701 20150619053957
flowersinagun.com/seminal-cinema-recommends-town-bloody-hall/feed,noise,http://www.flowersinagun.com/seminal-cinema-recommends-town-bloody-hall/feed/,text/xml,1,20131115091858,20131115091858,20131115091858
flowersinagun.com/sfjazz-collective-plays-the-music-of-joe-henderson/feed,noise,http://www.flowersinagun.com/sfjazz-collective-plays-the-music-of-joe-henderson/feed/,application/rss+xml,1,20150907093752,20150907093752,20150907093752
flowersinagun.com/small-leaks-sink-ships-sign-with-lefse-records-talk-new-record/feed,noise,http://www.flowersinagun.com/small-leaks-sink-ships-sign-with-lefse-records-talk-new-record/feed/,application/rss+xml,2,20170227233524,20171124235557,20171124235557 20170227233524
flowersinagun.com/smile-and-like-a-feather-lili-roquelin-with-new-song-and-video/feed,noise,https://www.flowersinagun.com/smile-and-like-a-feather-lili-roquelin-with-new-song-and-video/feed/,application/rss+xml,5,20150619004459,20230624204729,20230624204729 20170808155139 20160307124009 20150920095232 20150619004459
flowersinagun.com/song-of-the-night-58-i-am-kloot-twist/feed,noise,http://www.flowersinagun.com/song-of-the-night-58-i-am-kloot-twist/feed/,application/rss+xml,1,20160828123224,20160828123224,20160828123224
flowersinagun.com/soulfly-to-kick-off-north-american-tour-this-friday-performing-nailbombs-point-blank-album-in-full-each-night/feed,noise,http://www.flowersinagun.com/soulfly-to-kick-off-north-american-tour-this-friday-performing-nailbombs-point-blank-album-in-full-each-night/feed/,application/rss+xml,1,20180212015752,20180212015752,20180212015752
flowersinagun.com/staring-out-the-sun-rock-out-with-high-energy-in-debut-ep/feed,noise,http://www.flowersinagun.com/staring-out-the-sun-rock-out-with-high-energy-in-debut-ep/feed/,application/rss+xml,1,20150908055336,20150908055336,20150908055336
flowersinagun.com/strugare-petnoto-plovdiv/feed,noise,http://www.flowersinagun.com:80/strugare-petnoto-plovdiv/feed/,text/html,1,20171230222000,20171230222000,20171230222000
flowersinagun.com/tag/2015/feed,noise,http://www.flowersinagun.com/tag/2015/feed/,application/rss+xml,2,20150619061524,20160424212811,20160424212811 20150619061524
flowersinagun.com/tag/80s-classics/feed,noise,http://www.flowersinagun.com/tag/80s-classics/feed/,application/rss+xml,1,20150929122550,20150929122550,20150929122550
flowersinagun.com/tag/acoustic/feed,noise,http://www.flowersinagun.com/tag/acoustic/feed/,application/rss+xml,1,20151124040642,20151124040642,20151124040642
flowersinagun.com/tag/alternative/feed,noise,http://www.flowersinagun.com/tag/alternative/feed/,application/rss+xml,1,20151001012033,20151001012033,20151001012033
flowersinagun.com/tag/anthem/feed,noise,http://www.flowersinagun.com/tag/anthem/feed/,application/rss+xml,1,20151001014541,20151001014541,20151001014541
flowersinagun.com/tag/bruno-mars/feed,noise,http://www.flowersinagun.com/tag/bruno-mars/feed/,application/rss+xml,1,20150930055610,20150930055610,20150930055610
flowersinagun.com/tag/concert/feed,noise,http://www.flowersinagun.com/tag/concert/feed/,application/rss+xml,1,20160513002506,20160513002506,20160513002506
flowersinagun.com/tag/disorder/feed,noise,http://www.flowersinagun.com/tag/disorder/feed/,application/rss+xml,1,20150930055545,20150930055545,20150930055545
flowersinagun.com/tag/downtown/feed,noise,https://www.flowersinagun.com/tag/downtown/feed/,application/rss+xml,1,20190809194944,20190809194944,20190809194944
flowersinagun.com/tag/electro/feed,noise,http://www.flowersinagun.com/tag/electro/feed/,application/rss+xml,1,20150929122538,20150929122538,20150929122538
flowersinagun.com/tag/eleutherios/feed,noise,http://www.flowersinagun.com/tag/eleutherios/feed/,application/rss+xml,1,20151124082048,20151124082048,20151124082048
flowersinagun.com/tag/experimental/feed,noise,http://www.flowersinagun.com/tag/experimental/feed/,application/rss+xml,1,20150930190200,20150930190200,20150930190200
flowersinagun.com/tag/female-vocalists/feed,noise,http://www.flowersinagun.com/tag/female-vocalists/feed/,application/rss+xml,2,20150716093944,20160417123412,20160417123412 20150716093944
flowersinagun.com/tag/france/feed,noise,http://www.flowersinagun.com/tag/france/feed/,text/xml,1,20150716032819,20150716032819,20150716032819
flowersinagun.com/tag/george-michael/feed,noise,http://www.flowersinagun.com/tag/george-michael/feed/,application/rss+xml,1,20150929120527,20150929120527,20150929120527
flowersinagun.com/tag/goth-folk/feed,noise,http://www.flowersinagun.com/tag/goth-folk/feed/,application/rss+xml,1,20151124082929,20151124082929,20151124082929
flowersinagun.com/tag/highline-ballroom/feed,noise,http://www.flowersinagun.com/tag/highline-ballroom/feed/,application/rss+xml,1,20160512221044,20160512221044,20160512221044
flowersinagun.com/tag/indie-pop/feed,noise,http://www.flowersinagun.com/tag/indie-pop/feed/,text/xml,1,20150619062309,20150619062309,20150619062309
flowersinagun.com/tag/jazz/feed,noise,http://www.flowersinagun.com/tag/jazz/feed/,application/rss+xml,1,20150929084411,20150929084411,20150929084411
flowersinagun.com/tag/like-a-feather/feed,noise,http://www.flowersinagun.com/tag/like-a-feather/feed/,application/rss+xml,2,20150619060456,20160424212807,20160424212807 20150619060456
flowersinagun.com/tag/lili-roquelin/feed,noise,http://www.flowersinagun.com/tag/lili-roquelin/feed/,text/xml,3,20150619061521,20160417132737,20160417132737 20150716093600 20150619061521
flowersinagun.com/tag/lower-east-side/feed,noise,https://www.flowersinagun.com/tag/lower-east-side/feed/,application/rss+xml,1,20190809193352,20190809193352,20190809193352
flowersinagun.com/tag/mad-meg/feed,noise,https://www.flowersinagun.com/tag/mad-meg/feed/,application/rss+xml,1,20190809193348,20190809193348,20190809193348
flowersinagun.com/tag/marianne-solivan/feed,noise,http://www.flowersinagun.com/tag/marianne-solivan/feed/,application/rss+xml,1,20151122210935,20151122210935,20151122210935
flowersinagun.com/tag/mark-maze/feed,noise,http://www.flowersinagun.com/tag/mark-maze/feed/,application/rss+xml,1,20150930050201,20150930050201,20150930050201
flowersinagun.com/tag/mercury-lounge/feed,noise,https://www.flowersinagun.com/tag/mercury-lounge/feed/,application/rss+xml,1,20190809193431,20190809193431,20190809193431
flowersinagun.com/tag/music-2/feed,noise,https://www.flowersinagun.com/tag/music-2/feed/,application/rss+xml,1,20190809195139,20190809195139,20190809195139
flowersinagun.com/tag/must-hear/feed,noise,http://www.flowersinagun.com/tag/must-hear/feed/,application/rss+xml,1,20151001010935,20151001010935,20151001010935
flowersinagun.com/tag/new-world-music/feed,noise,http://www.flowersinagun.com/tag/new-world-music/feed/,application/rss+xml,1,20150930191332,20150930191332,20150930191332
flowersinagun.com/tag/nic-nassuet/feed,noise,http://www.flowersinagun.com/tag/nic-nassuet/feed/,application/rss+xml,1,20151124084156,20151124084156,20151124084156
flowersinagun.com/tag/nyc/feed,noise,https://www.flowersinagun.com/tag/nyc/feed/,application/rss+xml,1,20190809193441,20190809193441,20190809193441
flowersinagun.com/tag/piano/feed,noise,http://www.flowersinagun.com/tag/piano/feed/,application/rss+xml,2,20150716085742,20160418131938,20160418131938 20150716085742
flowersinagun.com/tag/pop-rock/feed,noise,http://www.flowersinagun.com/tag/pop-rock/feed/,application/rss+xml,2,20150716032716,20160417131946,20160417131946 20150716032716
flowersinagun.com/tag/pop/feed,noise,http://www.flowersinagun.com/tag/pop/feed/,application/rss+xml,2,20150619060701,20150929115215,20150929115215 20150619060701
flowersinagun.com/tag/positive/feed,noise,http://www.flowersinagun.com/tag/positive/feed/,text/xml,1,20150619065223,20150619065223,20150619065223
flowersinagun.com/tag/post-punk/feed,noise,http://www.flowersinagun.com/tag/post-punk/feed/,application/rss+xml,1,20150930051715,20150930051715,20150930051715
flowersinagun.com/tag/powerful/feed,noise,http://www.flowersinagun.com/tag/powerful/feed/,application/rss+xml,1,20151001023154,20151001023154,20151001023154
flowersinagun.com/tag/sfjazz-collective/feed,noise,http://www.flowersinagun.com/tag/sfjazz-collective/feed/,application/rss+xml,1,20150929083122,20150929083122,20150929083122
flowersinagun.com/tag/sfjazz/feed,noise,http://www.flowersinagun.com/tag/sfjazz/feed/,application/rss+xml,1,20150929083536,20150929083536,20150929083536
flowersinagun.com/tag/singer-songwriter/feed,noise,http://www.flowersinagun.com/tag/singer-songwriter/feed/,application/rss+xml,2,20150619070607,20160425213616,20160425213616 20150619070607
flowersinagun.com/tag/smalls-jazz-club/feed,noise,http://www.flowersinagun.com/tag/smalls-jazz-club/feed/,application/rss+xml,1,20151122211443,20151122211443,20151122211443
flowersinagun.com/tag/smile/feed,noise,http://www.flowersinagun.com/tag/smile/feed/,text/xml,1,20150619071513,20150619071513,20150619071513
flowersinagun.com/tag/spring/feed,noise,http://www.flowersinagun.com/tag/spring/feed/,text/xml,1,20150619051803,20150619051803,20150619051803
flowersinagun.com/tag/the-great-game/feed,noise,http://www.flowersinagun.com/tag/the-great-game/feed/,application/rss+xml,1,20150930194203,20150930194203,20150930194203
flowersinagun.com/tag/the-only-one/feed,noise,http://www.flowersinagun.com/tag/the-only-one/feed/,application/rss+xml,2,20150716092427,20160417201513,20160417201513 20150716092427
flowersinagun.com/tag/the-unravelling/feed,noise,http://www.flowersinagun.com/tag/the-unravelling/feed/,application/rss+xml,1,20151003153022,20151003153022,20151003153022
flowersinagun.com/tag/urban/feed,noise,http://www.flowersinagun.com/tag/urban/feed/,application/rss+xml,1,20150929121707,20150929121707,20150929121707
flowersinagun.com/tag/usa/feed,noise,http://www.flowersinagun.com/tag/usa/feed/,application/rss+xml,2,20150716075239,20160417140412,20160417140412 20150716075239
flowersinagun.com/tag/yann-tiersen/feed,noise,http://www.flowersinagun.com/tag/yann-tiersen/feed/,application/rss+xml,1,20160513042430,20160513042430,20160513042430
flowersinagun.com/the-beauty-of-breaking-stuff/feed,noise,http://www.flowersinagun.com/the-beauty-of-breaking-stuff/feed/,application/rss+xml,1,20150922093209,20150922093209,20150922093209
flowersinagun.com/the-divers/feed,noise,http://www.flowersinagun.com/the-divers/feed/,text/xml,1,20131115103442,20131115103442,20131115103442
flowersinagun.com/the-great-game-creates-new-world-music-with-debut-album/feed,noise,http://www.flowersinagun.com/the-great-game-creates-new-world-music-with-debut-album/feed/,application/rss+xml,1,20150907234800,20150907234800,20150907234800
flowersinagun.com/the-koniac-net/feed,noise,https://www.flowersinagun.com/the-koniac-net/feed/,application/rss+xml,2,20150713222603,20230628125253,20230628125253 20150713222603
flowersinagun.com/the-partizan-song-%d0%bf%d0%b5%d1%81%d0%bd%d1%8f-%d0%bf%d0%b0%d1%80%d1%82%d0%b8%d0%b7%d0%b0%d0%bd%d0%b0/feed,noise,http://www.flowersinagun.com/the-partizan-song-%d0%bf%d0%b5%d1%81%d0%bd%d1%8f-%d0%bf%d0%b0%d1%80%d1%82%d0%b8%d0%b7%d0%b0%d0%bd%d0%b0/feed/,text/xml,1,20150713230210,20150713230210,20150713230210
flowersinagun.com/the-plum-magnetic/feed,noise,http://www.flowersinagun.com/the-plum-magnetic/feed/,application/rss+xml,1,20160811171043,20160811171043,20160811171043
flowersinagun.com/the-unravelling-dig-again-into-beautiful-darkness-with-new-single-revolt/feed,noise,http://www.flowersinagun.com/the-unravelling-dig-again-into-beautiful-darkness-with-new-single-revolt/feed/,application/rss+xml,1,20150909234859,20150909234859,20150909234859
flowersinagun.com/the-unravelling-dig-again-into-beautiful-darkness-with-new-single-revolt?replytocom=9028,noise,http://www.flowersinagun.com/the-unravelling-dig-again-into-beautiful-darkness-with-new-single-revolt/?replytocom=9028,text/html,1,20150927010406,20150927010406,20150927010406
flowersinagun.com/tonights-flick-graphic-sexual-terror/feed,noise,http://www.flowersinagun.com:80/tonights-flick-graphic-sexual-terror/feed/,text/xml,1,20130930072650,20130930072650,20130930072650
flowersinagun.com/warren-wolf-the-wolfpack-at-smoke-jazz-club/feed,noise,http://www.flowersinagun.com:80/warren-wolf-the-wolfpack-at-smoke-jazz-club/feed/,application/rss+xml,1,20171112094735,20171112094735,20171112094735
flowersinagun.com/wp-admin/admin-ajax.php,noise,http://www.flowersinagun.com:80/wp-admin/admin-ajax.php,text/html,3,20160822152901,20171230025400,20171230025400
flowersinagun.com/wp-admin/admin-ajax.php?action=yop_poll_load_js&id=1&location=page&unique_id=_yp5583a123101b9&ver=4.9,noise,http://www.flowersinagun.com/wp-admin/admin-ajax.php?action=yop_poll_load_js&id=1&location=page&unique_id=_yp5583a123101b9&ver=4.9,text/javascript,1,20150619092703,20150619092703,20150619092703
flowersinagun.com/wp-admin/admin-ajax.php?action=yop_poll_load_js&id=1&location=page&unique_id=_yp55a72200b574d&ver=4.9,noise,http://www.flowersinagun.com/wp-admin/admin-ajax.php?action=yop_poll_load_js&id=1&location=page&unique_id=_yp55a72200b574d&ver=4.9,text/javascript,1,20150716104530,20150716104530,20150716104530
flowersinagun.com/wp-admin/admin-ajax.php?action=yop_poll_load_js&id=10&location=page&unique_id=_yp5583a12315254&ver=4.9,noise,http://www.flowersinagun.com/wp-admin/admin-ajax.php?action=yop_poll_load_js&id=10&location=page&unique_id=_yp5583a12315254&ver=4.9,text/javascript,1,20150619093815,20150619093815,20150619093815
flowersinagun.com/wp-admin/admin-ajax.php?action=yop_poll_load_js&id=10&location=page&unique_id=_yp55a72200b96fb&ver=4.9,noise,http://www.flowersinagun.com/wp-admin/admin-ajax.php?action=yop_poll_load_js&id=10&location=page&unique_id=_yp55a72200b96fb&ver=4.9,text/javascript,1,20150716113518,20150716113518,20150716113518
flowersinagun.com/wp-admin/admin-ajax.php?action=yop_poll_load_js&id=7&location=page&unique_id=_yp5583a12319e64&ver=4.9,noise,http://www.flowersinagun.com/wp-admin/admin-ajax.php?action=yop_poll_load_js&id=7&location=page&unique_id=_yp5583a12319e64&ver=4.9,text/javascript,1,20150619095010,20150619095010,20150619095010
flowersinagun.com/wp-admin/admin-ajax.php?action=yop_poll_load_js&id=7&location=page&unique_id=_yp55a72200bec51&ver=4.9,noise,http://www.flowersinagun.com/wp-admin/admin-ajax.php?action=yop_poll_load_js&id=7&location=page&unique_id=_yp55a72200bec51&ver=4.9,text/javascript,1,20150716105513,20150716105513,20150716105513
flowersinagun.com/wp-admin/admin-ajax.php?action=yop_poll_load_js&id=8&location=page&unique_id=_yp5583a12317d4f&ver=4.9,noise,http://www.flowersinagun.com/wp-admin/admin-ajax.php?action=yop_poll_load_js&id=8&location=page&unique_id=_yp5583a12317d4f&ver=4.9,text/javascript,1,20150619092654,20150619092654,20150619092654
flowersinagun.com/wp-admin/admin-ajax.php?action=yop_poll_load_js&id=8&location=page&unique_id=_yp55a72200bc74d&ver=4.9,noise,http://www.flowersinagun.com/wp-admin/admin-ajax.php?action=yop_poll_load_js&id=8&location=page&unique_id=_yp55a72200bc74d&ver=4.9,text/javascript,1,20150716112244,20150716112244,20150716112244
flowersinagun.com/wp-admin/admin-ajax.php?action=yop_poll_load_js&id=9&location=page&unique_id=_yp5583a12316c0c&ver=4.9,noise,http://www.flowersinagun.com/wp-admin/admin-ajax.php?action=yop_poll_load_js&id=9&location=page&unique_id=_yp5583a12316c0c&ver=4.9,text/javascript,1,20150619090113,20150619090113,20150619090113
flowersinagun.com/wp-admin/admin-ajax.php?action=yop_poll_load_js&id=9&location=page&unique_id=_yp55a72200bb113&ver=4.9,noise,http://www.flowersinagun.com/wp-admin/admin-ajax.php?action=yop_poll_load_js&id=9&location=page&unique_id=_yp55a72200bb113&ver=4.9,text/javascript,1,20150716110317,20150716110317,20150716110317
flowersinagun.com/wp-admin/load-scripts.php,noise,https://www.flowersinagun.com/wp-admin/load-scripts.php,application/javascript,1,20230523181644,20230523181644,20230523181644
"flowersinagun.com/wp-admin/load-scripts.php?c=0&load%5B%5D=jquery-core,jquery-migrate&ver=4.9.23",noise,"https://www.flowersinagun.com/wp-admin/load-scripts.php?c=0&load%5B%5D=jquery-core,jquery-migrate&ver=4.9.23",application/javascript,1,20230523183349,20230523183349,20230523183349
flowersinagun.com/wp-admin/load-scripts.php?c=0&load%5B%5D=thickbox&ver=4.9.23,noise,https://www.flowersinagun.com/wp-admin/load-scripts.php?c=0&load%5B%5D=thickbox&ver=4.9.23,application/javascript,1,20230523195557,20230523195557,20230523195557
flowersinagun.com/wp-admin/load-styles.php,noise,https://www.flowersinagun.com/wp-admin/load-styles.php,text/css,1,20230523204933,20230523204933,20230523204933
"flowersinagun.com/wp-admin/load-styles.php?c=0&dir=ltr&load%5B%5D=dashicons,buttons,forms,l10n,login&ver=4.9.23",noise,"https://www.flowersinagun.com/wp-admin/load-styles.php?c=0&dir=ltr&load%5B%5D=dashicons,buttons,forms,l10n,login&ver=4.9.23",text/css,1,20230524121122,20230524121122,20230524121122
flowersinagun.com/wp-json,noise,https://www.flowersinagun.com/wp-json/,application/json,21,20160307002430,20230605051126,20230605051126 20220924191039 20190603154309 20180123103049 20180103072309 20171103022537 20170808155219 20170331065723 20160822152718
flowersinagun.com/wp-json/oembed/1.0/embed?url=http%3A%2F%2Fwww.flowersinagun.com%2Fa-moment-with-spirit-of%2F,noise,http://www.flowersinagun.com/wp-json/oembed/1.0/embed?url=http%3A%2F%2Fwww.flowersinagun.com%2Fa-moment-with-spirit-of%2F,application/json,1,20190621221531,20190621221531,20190621221531
flowersinagun.com/wp-json/oembed/1.0/embed?url=http%3A%2F%2Fwww.flowersinagun.com%2Fa-moment-with-spirit-of%2F&format=xml,noise,http://www.flowersinagun.com/wp-json/oembed/1.0/embed?url=http%3A%2F%2Fwww.flowersinagun.com%2Fa-moment-with-spirit-of%2F&format=xml,text/xml,1,20190621222039,20190621222039,20190621222039
flowersinagun.com/wp-json/oembed/1.0/embed?url=http%3A%2F%2Fwww.flowersinagun.com%2Fabout%2F,noise,http://www.flowersinagun.com/wp-json/oembed/1.0/embed?url=http%3A%2F%2Fwww.flowersinagun.com%2Fabout%2F,application/json,3,20160417201523,20190621224946,20190621224946 20180220192144 20160417201523
flowersinagun.com/wp-json/oembed/1.0/embed?url=http%3A%2F%2Fwww.flowersinagun.com%2Fabout%2F&format=xml,noise,http://www.flowersinagun.com/wp-json/oembed/1.0/embed?url=http%3A%2F%2Fwww.flowersinagun.com%2Fabout%2F&format=xml,text/xml,3,20160418013355,20190621231823,20190621231823 20180221095307 20160418013355
flowersinagun.com/wp-json/oembed/1.0/embed?url=http%3A%2F%2Fwww.flowersinagun.com%2Falt-j-dissolve-me-song-review%2F&format=xml,noise,http://www.flowersinagun.com/wp-json/oembed/1.0/embed?url=http%3A%2F%2Fwww.flowersinagun.com%2Falt-j-dissolve-me-song-review%2F&format=xml,text/xml,1,20160411111403,20160411111403,20160411111403
flowersinagun.com/wp-json/oembed/1.0/embed?url=http%3A%2F%2Fwww.flowersinagun.com%2Fandrea-remordini%2F,noise,http://www.flowersinagun.com/wp-json/oembed/1.0/embed?url=http%3A%2F%2Fwww.flowersinagun.com%2Fandrea-remordini%2F,application/json,1,20160410233832,20160410233832,20160410233832
flowersinagun.com/wp-json/oembed/1.0/embed?url=http%3A%2F%2Fwww.flowersinagun.com%2Fandy-michaels-eclectic-revisited-has-bits-for-every-music-fan%2F,noise,http://www.flowersinagun.com/wp-json/oembed/1.0/embed?url=http%3A%2F%2Fwww.flowersinagun.com%2Fandy-michaels-eclectic-revisited-has-bits-for-every-music-fan%2F,application/json,1,20190621222705,20190621222705,20190621222705
flowersinagun.com/wp-json/oembed/1.0/embed?url=http%3A%2F%2Fwww.flowersinagun.com%2Fandy-michaels-eclectic-revisited-has-bits-for-every-music-fan%2F&format=xml,noise,http://www.flowersinagun.com/wp-json/oembed/1.0/embed?url=http%3A%2F%2Fwww.flowersinagun.com%2Fandy-michaels-eclectic-revisited-has-bits-for-every-music-fan%2F&format=xml,text/xml,1,20190621221328,20190621221328,20190621221328
flowersinagun.com/wp-json/oembed/1.0/embed?url=http%3A%2F%2Fwww.flowersinagun.com%2Fautoktronix-noise-from-the-dessert%2F,noise,http://www.flowersinagun.com/wp-json/oembed/1.0/embed?url=http%3A%2F%2Fwww.flowersinagun.com%2Fautoktronix-noise-from-the-dessert%2F,application/json,2,20160326004609,20170227233544,20170227233544 20160326004609
flowersinagun.com/wp-json/oembed/1.0/embed?url=http%3A%2F%2Fwww.flowersinagun.com%2Fautoktronix-noise-from-the-dessert%2F&format=xml,noise,http://www.flowersinagun.com/wp-json/oembed/1.0/embed?url=http%3A%2F%2Fwww.flowersinagun.com%2Fautoktronix-noise-from-the-dessert%2F&format=xml,text/xml,2,20160325235313,20170227233507,20170227233507 20160325235313
flowersinagun.com/wp-json/oembed/1.0/embed?url=http%3A%2F%2Fwww.flowersinagun.com%2Fband-of-the-week-hall-of-fame%2F,noise,http://www.flowersinagun.com/wp-json/oembed/1.0/embed?url=http%3A%2F%2Fwww.flowersinagun.com%2Fband-of-the-week-hall-of-fame%2F,application/json,2,20180219232306,20190621220922,20190621220922 20180219232306
flowersinagun.com/wp-json/oembed/1.0/embed?url=http%3A%2F%2Fwww.flowersinagun.com%2Fband-of-the-week-hall-of-fame%2F&format=xml,noise,http://www.flowersinagun.com/wp-json/oembed/1.0/embed?url=http%3A%2F%2Fwww.flowersinagun.com%2Fband-of-the-week-hall-of-fame%2F&format=xml,text/xml,2,20180220112604,20190621223056,20190621223056 20180220112604
flowersinagun.com/wp-json/oembed/1.0/embed?url=http%3A%2F%2Fwww.flowersinagun.com%2Fchvrches-shows-out-in-nyc-opener-potty-mouth-nearly-stole-the-show%2F,noise,http://www.flowersinagun.com/wp-json/oembed/1.0/embed?url=http%3A%2F%2Fwww.flowersinagun.com%2Fchvrches-shows-out-in-nyc-opener-potty-mouth-nearly-stole-the-show%2F,application/json,1,20170210221507,20170210221507,20170210221507
flowersinagun.com/wp-json/oembed/1.0/embed?url=http%3A%2F%2Fwww.flowersinagun.com%2Fchvrches-shows-out-in-nyc-opener-potty-mouth-nearly-stole-the-show%2F&format=xml,noise,http://www.flowersinagun.com/wp-json/oembed/1.0/embed?url=http%3A%2F%2Fwww.flowersinagun.com%2Fchvrches-shows-out-in-nyc-opener-potty-mouth-nearly-stole-the-show%2F&format=xml,text/xml,2,20170210222322,20171116031730,20171116031730 20170210222322
flowersinagun.com/wp-json/oembed/1.0/embed?url=http%3A%2F%2Fwww.flowersinagun.com%2Ffiona-silver-mercury-lounge%2F,noise,http://www.flowersinagun.com/wp-json/oembed/1.0/embed?url=http%3A%2F%2Fwww.flowersinagun.com%2Ffiona-silver-mercury-lounge%2F,application/json,1,20190621230040,20190621230040,20190621230040
flowersinagun.com/wp-json/oembed/1.0/embed?url=http%3A%2F%2Fwww.flowersinagun.com%2Ffiona-silver-mercury-lounge%2F&format=xml,noise,http://www.flowersinagun.com/wp-json/oembed/1.0/embed?url=http%3A%2F%2Fwww.flowersinagun.com%2Ffiona-silver-mercury-lounge%2F&format=xml,text/xml,1,20190621225957,20190621225957,20190621225957
flowersinagun.com/wp-json/oembed/1.0/embed?url=http%3A%2F%2Fwww.flowersinagun.com%2Fgene-simmons-nobody-pays-for-music%2F,noise,http://www.flowersinagun.com/wp-json/oembed/1.0/embed?url=http%3A%2F%2Fwww.flowersinagun.com%2Fgene-simmons-nobody-pays-for-music%2F,application/json,1,20180213060412,20180213060412,20180213060412
flowersinagun.com/wp-json/oembed/1.0/embed?url=http%3A%2F%2Fwww.flowersinagun.com%2Fgene-simmons-nobody-pays-for-music%2F&format=xml,noise,http://www.flowersinagun.com/wp-json/oembed/1.0/embed?url=http%3A%2F%2Fwww.flowersinagun.com%2Fgene-simmons-nobody-pays-for-music%2F&format=xml,text/xml,1,20180212020937,20180212020937,20180212020937
flowersinagun.com/wp-json/oembed/1.0/embed?url=http%3A%2F%2Fwww.flowersinagun.com%2Fin-remembrance-of-erik-petersen-the-punk-poet-of-pennsylvania%2F,noise,http://www.flowersinagun.com:80/wp-json/oembed/1.0/embed?url=http%3A%2F%2Fwww.flowersinagun.com%2Fin-remembrance-of-erik-petersen-the-punk-poet-of-pennsylvania%2F,application/json,1,20160822153256,20160822153256,20160822153256
flowersinagun.com/wp-json/oembed/1.0/embed?url=http%3A%2F%2Fwww.flowersinagun.com%2Fin-remembrance-of-erik-petersen-the-punk-poet-of-pennsylvania%2F&format=xml,noise,http://www.flowersinagun.com:80/wp-json/oembed/1.0/embed?url=http%3A%2F%2Fwww.flowersinagun.com%2Fin-remembrance-of-erik-petersen-the-punk-poet-of-pennsylvania%2F&format=xml,text/xml,1,20160822152723,20160822152723,20160822152723
flowersinagun.com/wp-json/oembed/1.0/embed?url=http%3A%2F%2Fwww.flowersinagun.com%2Finterview-with-michael-gira-from-swans%2F,noise,http://www.flowersinagun.com/wp-json/oembed/1.0/embed?url=http%3A%2F%2Fwww.flowersinagun.com%2Finterview-with-michael-gira-from-swans%2F,application/json,2,20170210221943,20181119064830,20181119064830 20170210221943
flowersinagun.com/wp-json/oembed/1.0/embed?url=http%3A%2F%2Fwww.flowersinagun.com%2Finterview-with-michael-gira-from-swans%2F&format=xml,noise,http://www.flowersinagun.com/wp-json/oembed/1.0/embed?url=http%3A%2F%2Fwww.flowersinagun.com%2Finterview-with-michael-gira-from-swans%2F&format=xml,text/xml,3,20160307082343,20181119064905,20181119064905 20170210221740 20160307082343
flowersinagun.com/wp-json/oembed/1.0/embed?url=http%3A%2F%2Fwww.flowersinagun.com%2Fkate-fenner-releases-middle-voice-a-deep-look-into-life%2F,noise,http://www.flowersinagun.com/wp-json/oembed/1.0/embed?url=http%3A%2F%2Fwww.flowersinagun.com%2Fkate-fenner-releases-middle-voice-a-deep-look-into-life%2F,application/json,1,20190621230556,20190621230556,20190621230556
flowersinagun.com/wp-json/oembed/1.0/embed?url=http%3A%2F%2Fwww.flowersinagun.com%2Fkate-fenner-releases-middle-voice-a-deep-look-into-life%2F&format=xml,noise,http://www.flowersinagun.com/wp-json/oembed/1.0/embed?url=http%3A%2F%2Fwww.flowersinagun.com%2Fkate-fenner-releases-middle-voice-a-deep-look-into-life%2F&format=xml,text/xml,1,20190621231239,20190621231239,20190621231239
flowersinagun.com/wp-json/oembed/1.0/embed?url=http%3A%2F%2Fwww.flowersinagun.com%2Fkmfdm-rock-irving-plaza-for-hell-yeah-tour%2F,noise,http://www.flowersinagun.com/wp-json/oembed/1.0/embed?url=http%3A%2F%2Fwww.flowersinagun.com%2Fkmfdm-rock-irving-plaza-for-hell-yeah-tour%2F,text/html,1,20180123075946,20180123075946,20180123075946
flowersinagun.com/wp-json/oembed/1.0/embed?url=http%3A%2F%2Fwww.flowersinagun.com%2Fkmfdm-rock-irving-plaza-for-hell-yeah-tour%2F&format=xml,noise,http://www.flowersinagun.com/wp-json/oembed/1.0/embed?url=http%3A%2F%2Fwww.flowersinagun.com%2Fkmfdm-rock-irving-plaza-for-hell-yeah-tour%2F&format=xml,text/html,1,20180123070514,20180123070514,20180123070514
flowersinagun.com/wp-json/oembed/1.0/embed?url=http%3A%2F%2Fwww.flowersinagun.com%2Flife-along-the-borderline-a-tribute-to-nico-curated-by-john-cale-at-bam%2F,noise,http://www.flowersinagun.com/wp-json/oembed/1.0/embed?url=http%3A%2F%2Fwww.flowersinagun.com%2Flife-along-the-borderline-a-tribute-to-nico-curated-by-john-cale-at-bam%2F,application/json,1,20170227233545,20170227233545,20170227233545
flowersinagun.com/wp-json/oembed/1.0/embed?url=http%3A%2F%2Fwww.flowersinagun.com%2Flife-along-the-borderline-a-tribute-to-nico-curated-by-john-cale-at-bam%2F&format=xml,noise,http://www.flowersinagun.com/wp-json/oembed/1.0/embed?url=http%3A%2F%2Fwww.flowersinagun.com%2Flife-along-the-borderline-a-tribute-to-nico-curated-by-john-cale-at-bam%2F&format=xml,text/xml,1,20170227233520,20170227233520,20170227233520
flowersinagun.com/wp-json/oembed/1.0/embed?url=http%3A%2F%2Fwww.flowersinagun.com%2Flili-roquelin-with-brand-new-video-for-the-only-one%2F,noise,http://www.flowersinagun.com/wp-json/oembed/1.0/embed?url=http%3A%2F%2Fwww.flowersinagun.com%2Flili-roquelin-with-brand-new-video-for-the-only-one%2F,application/json,1,20160307004326,20160307004326,20160307004326
flowersinagun.com/wp-json/oembed/1.0/embed?url=http%3A%2F%2Fwww.flowersinagun.com%2Fmarianne-solivan-big-band-at-smalls-jazz-club-lady-got-balls%2F,noise,http://www.flowersinagun.com/wp-json/oembed/1.0/embed?url=http%3A%2F%2Fwww.flowersinagun.com%2Fmarianne-solivan-big-band-at-smalls-jazz-club-lady-got-balls%2F,application/json,2,20160328141044,20170817203535,20170817203535 20160328141044
flowersinagun.com/wp-json/oembed/1.0/embed?url=http%3A%2F%2Fwww.flowersinagun.com%2Fmarianne-solivan-big-band-at-smalls-jazz-club-lady-got-balls%2F&format=xml,noise,http://www.flowersinagun.com/wp-json/oembed/1.0/embed?url=http%3A%2F%2Fwww.flowersinagun.com%2Fmarianne-solivan-big-band-at-smalls-jazz-club-lady-got-balls%2F&format=xml,text/xml,2,20160328141031,20170817210109,20170817210109 20160328141031
flowersinagun.com/wp-json/oembed/1.0/embed?url=http%3A%2F%2Fwww.flowersinagun.com%2Fmary-lynns-animal-is-a-great-listen-end-to-end%2F,noise,http://www.flowersinagun.com/wp-json/oembed/1.0/embed?url=http%3A%2F%2Fwww.flowersinagun.com%2Fmary-lynns-animal-is-a-great-listen-end-to-end%2F,application/json,2,20170227233503,20171124234923,20171124234923 20170227233503
flowersinagun.com/wp-json/oembed/1.0/embed?url=http%3A%2F%2Fwww.flowersinagun.com%2Fmary-lynns-animal-is-a-great-listen-end-to-end%2F&format=xml,noise,http://www.flowersinagun.com/wp-json/oembed/1.0/embed?url=http%3A%2F%2Fwww.flowersinagun.com%2Fmary-lynns-animal-is-a-great-listen-end-to-end%2F&format=xml,text/xml,2,20170227233554,20171125000450,20171125000450 20170227233554
flowersinagun.com/wp-json/oembed/1.0/embed?url=http%3A%2F%2Fwww.flowersinagun.com%2Fmel-washington%2F,noise,http://www.flowersinagun.com/wp-json/oembed/1.0/embed?url=http%3A%2F%2Fwww.flowersinagun.com%2Fmel-washington%2F,application/json,1,20160828124428,20160828124428,20160828124428
flowersinagun.com/wp-json/oembed/1.0/embed?url=http%3A%2F%2Fwww.flowersinagun.com%2Fmel-washington%2F&format=xml,noise,http://www.flowersinagun.com/wp-json/oembed/1.0/embed?url=http%3A%2F%2Fwww.flowersinagun.com%2Fmel-washington%2F&format=xml,text/xml,1,20160828130958,20160828130958,20160828130958
flowersinagun.com/wp-json/oembed/1.0/embed?url=http%3A%2F%2Fwww.flowersinagun.com%2Fmy-instagram-feed%2F,noise,http://www.flowersinagun.com/wp-json/oembed/1.0/embed?url=http%3A%2F%2Fwww.flowersinagun.com%2Fmy-instagram-feed%2F,application/json,2,20180222232745,20190621232113,20190621232113 20180222232745
flowersinagun.com/wp-json/oembed/1.0/embed?url=http%3A%2F%2Fwww.flowersinagun.com%2Fmy-instagram-feed%2F&format=xml,noise,http://www.flowersinagun.com/wp-json/oembed/1.0/embed?url=http%3A%2F%2Fwww.flowersinagun.com%2Fmy-instagram-feed%2F&format=xml,text/xml,2,20180222213305,20190621231245,20190621231245 20180222213305
flowersinagun.com/wp-json/oembed/1.0/embed?url=http%3A%2F%2Fwww.flowersinagun.com%2Fravi-coltrane-residency-at-jazz-standard%2F,noise,http://www.flowersinagun.com/wp-json/oembed/1.0/embed?url=http%3A%2F%2Fwww.flowersinagun.com%2Fravi-coltrane-residency-at-jazz-standard%2F,application/json,1,20170817205501,20170817205501,20170817205501
flowersinagun.com/wp-json/oembed/1.0/embed?url=http%3A%2F%2Fwww.flowersinagun.com%2Fravi-coltrane-residency-at-jazz-standard%2F&format=xml,noise,http://www.flowersinagun.com/wp-json/oembed/1.0/embed?url=http%3A%2F%2Fwww.flowersinagun.com%2Fravi-coltrane-residency-at-jazz-standard%2F&format=xml,text/xml,2,20160328180213,20170817210037,20170817210037 20160328180213
flowersinagun.com/wp-json/oembed/1.0/embed?url=http%3A%2F%2Fwww.flowersinagun.com%2Froyal-thunder-backwoods-payback-heavy-temple-at-st-vitus-11917%2F,noise,http://www.flowersinagun.com/wp-json/oembed/1.0/embed?url=http%3A%2F%2Fwww.flowersinagun.com%2Froyal-thunder-backwoods-payback-heavy-temple-at-st-vitus-11917%2F,application/json,1,20190621230315,20190621230315,20190621230315
flowersinagun.com/wp-json/oembed/1.0/embed?url=http%3A%2F%2Fwww.flowersinagun.com%2Froyal-thunder-backwoods-payback-heavy-temple-at-st-vitus-11917%2F&format=xml,noise,http://www.flowersinagun.com/wp-json/oembed/1.0/embed?url=http%3A%2F%2Fwww.flowersinagun.com%2Froyal-thunder-backwoods-payback-heavy-temple-at-st-vitus-11917%2F&format=xml,text/xml,1,20190621230810,20190621230810,20190621230810
flowersinagun.com/wp-json/oembed/1.0/embed?url=http%3A%2F%2Fwww.flowersinagun.com%2Fsmall-leaks-sink-ships-sign-with-lefse-records-talk-new-record%2F,noise,http://www.flowersinagun.com/wp-json/oembed/1.0/embed?url=http%3A%2F%2Fwww.flowersinagun.com%2Fsmall-leaks-sink-ships-sign-with-lefse-records-talk-new-record%2F,application/json,2,20170227233603,20171125000635,20171125000635 20170227233603
flowersinagun.com/wp-json/oembed/1.0/embed?url=http%3A%2F%2Fwww.flowersinagun.com%2Fsmall-leaks-sink-ships-sign-with-lefse-records-talk-new-record%2F&format=xml,noise,http://www.flowersinagun.com/wp-json/oembed/1.0/embed?url=http%3A%2F%2Fwww.flowersinagun.com%2Fsmall-leaks-sink-ships-sign-with-lefse-records-talk-new-record%2F&format=xml,text/xml,2,20170227233518,20171124235343,20171124235343 20170227233518
flowersinagun.com/wp-json/oembed/1.0/embed?url=http%3A%2F%2Fwww.flowersinagun.com%2Fsmile-and-like-a-feather-lili-roquelin-with-new-song-and-video%2F,noise,http://www.flowersinagun.com/wp-json/oembed/1.0/embed?url=http%3A%2F%2Fwww.flowersinagun.com%2Fsmile-and-like-a-feather-lili-roquelin-with-new-song-and-video%2F,application/json,1,20170808155008,20170808155008,20170808155008
flowersinagun.com/wp-json/oembed/1.0/embed?url=http%3A%2F%2Fwww.flowersinagun.com%2Fsmile-and-like-a-feather-lili-roquelin-with-new-song-and-video%2F&format=xml,noise,http://www.flowersinagun.com/wp-json/oembed/1.0/embed?url=http%3A%2F%2Fwww.flowersinagun.com%2Fsmile-and-like-a-feather-lili-roquelin-with-new-song-and-video%2F&format=xml,text/xml,1,20170808155014,20170808155014,20170808155014
flowersinagun.com/wp-json/oembed/1.0/embed?url=http%3A%2F%2Fwww.flowersinagun.com%2Fsong-of-the-night-58-i-am-kloot-twist%2F,noise,http://www.flowersinagun.com/wp-json/oembed/1.0/embed?url=http%3A%2F%2Fwww.flowersinagun.com%2Fsong-of-the-night-58-i-am-kloot-twist%2F,application/json,1,20160828123217,20160828123217,20160828123217
flowersinagun.com/wp-json/oembed/1.0/embed?url=http%3A%2F%2Fwww.flowersinagun.com%2Fsong-of-the-night-58-i-am-kloot-twist%2F&format=xml,noise,http://www.flowersinagun.com/wp-json/oembed/1.0/embed?url=http%3A%2F%2Fwww.flowersinagun.com%2Fsong-of-the-night-58-i-am-kloot-twist%2F&format=xml,text/xml,1,20160828125544,20160828125544,20160828125544
flowersinagun.com/wp-json/oembed/1.0/embed?url=http%3A%2F%2Fwww.flowersinagun.com%2Fsoulfly-to-kick-off-north-american-tour-this-friday-performing-nailbombs-point-blank-album-in-full-each-night%2F,noise,http://www.flowersinagun.com/wp-json/oembed/1.0/embed?url=http%3A%2F%2Fwww.flowersinagun.com%2Fsoulfly-to-kick-off-north-american-tour-this-friday-performing-nailbombs-point-blank-album-in-full-each-night%2F,application/json,1,20180213050648,20180213050648,20180213050648
flowersinagun.com/wp-json/oembed/1.0/embed?url=http%3A%2F%2Fwww.flowersinagun.com%2Fsoulfly-to-kick-off-north-american-tour-this-friday-performing-nailbombs-point-blank-album-in-full-each-night%2F&format=xml,noise,http://www.flowersinagun.com/wp-json/oembed/1.0/embed?url=http%3A%2F%2Fwww.flowersinagun.com%2Fsoulfly-to-kick-off-north-american-tour-this-friday-performing-nailbombs-point-blank-album-in-full-each-night%2F&format=xml,text/xml,1,20180212023402,20180212023402,20180212023402
flowersinagun.com/wp-json/oembed/1.0/embed?url=http%3A%2F%2Fwww.flowersinagun.com%2Fstrugare-petnoto-plovdiv%2F,noise,http://www.flowersinagun.com/wp-json/oembed/1.0/embed?url=http%3A%2F%2Fwww.flowersinagun.com%2Fstrugare-petnoto-plovdiv%2F,application/json,1,20190621232121,20190621232121,20190621232121
flowersinagun.com/wp-json/oembed/1.0/embed?url=http%3A%2F%2Fwww.flowersinagun.com%2Fstrugare-petnoto-plovdiv%2F&format=xml,noise,http://www.flowersinagun.com/wp-json/oembed/1.0/embed?url=http%3A%2F%2Fwww.flowersinagun.com%2Fstrugare-petnoto-plovdiv%2F&format=xml,text/xml,1,20190621225539,20190621225539,20190621225539
flowersinagun.com/wp-json/oembed/1.0/embed?url=http%3A%2F%2Fwww.flowersinagun.com%2Fthe-partizan-song-%25d0%25bf%25d0%25b5%25d1%2581%25d0%25bd%25d1%258f-%25d0%25bf%25d0%25b0%25d1%2580%25d1%2582%25d0%25b8%25d0%25b7%25d0%25b0%25d0%25bd%25d0%25b0%2F&format=xml,noise,http://www.flowersinagun.com/wp-json/oembed/1.0/embed?url=http%3A%2F%2Fwww.flowersinagun.com%2Fthe-partizan-song-%25d0%25bf%25d0%25b5%25d1%2581%25d0%25bd%25d1%258f-%25d0%25bf%25d0%25b0%25d1%2580%25d1%2582%25d0%25b8%25d0%25b7%25d0%25b0%25d0%25bd%25d0%25b0%2F&format=xml,text/xml,1,20160324233116,20160324233116,20160324233116
flowersinagun.com/wp-json/oembed/1.0/embed?url=http%3A%2F%2Fwww.flowersinagun.com%2Fthe-plum-magnetic%2F,noise,http://www.flowersinagun.com/wp-json/oembed/1.0/embed?url=http%3A%2F%2Fwww.flowersinagun.com%2Fthe-plum-magnetic%2F,application/json,1,20160811165419,20160811165419,20160811165419
flowersinagun.com/wp-json/oembed/1.0/embed?url=http%3A%2F%2Fwww.flowersinagun.com%2Fthe-plum-magnetic%2F&format=xml,noise,http://www.flowersinagun.com/wp-json/oembed/1.0/embed?url=http%3A%2F%2Fwww.flowersinagun.com%2Fthe-plum-magnetic%2F&format=xml,text/xml,1,20160811152855,20160811152855,20160811152855
flowersinagun.com/wp-json/oembed/1.0/embed?url=http://www.flowersinagun.com/caravan-palace-hits-nyc-electric-swing-madness/,noise,http://www.flowersinagun.com:80/wp-json/oembed/1.0/embed?url=http://www.flowersinagun.com/caravan-palace-hits-nyc-electric-swing-madness/,application/json,1,20181030141600,20181030141600,20181030141600
flowersinagun.com/wp-json/oembed/1.0/embed?url=http://www.flowersinagun.com/caravan-palace-hits-nyc-electric-swing-madness/&format=xml,noise,http://www.flowersinagun.com:80/wp-json/oembed/1.0/embed?url=http://www.flowersinagun.com/caravan-palace-hits-nyc-electric-swing-madness/&format=xml,text/xml,1,20181030143154,20181030143154,20181030143154
flowersinagun.com/wp-json/oembed/1.0/embed?url=http://www.flowersinagun.com/chvrches-shows-out-in-nyc-opener-potty-mouth-nearly-stole-the-show/,noise,http://www.flowersinagun.com:80/wp-json/oembed/1.0/embed?url=http://www.flowersinagun.com/chvrches-shows-out-in-nyc-opener-potty-mouth-nearly-stole-the-show/,application/json,1,20171103021258,20171103021258,20171103021258
flowersinagun.com/wp-json/oembed/1.0/embed?url=http://www.flowersinagun.com/chvrches-shows-out-in-nyc-opener-potty-mouth-nearly-stole-the-show/&format=xml,noise,http://www.flowersinagun.com:80/wp-json/oembed/1.0/embed?url=http://www.flowersinagun.com/chvrches-shows-out-in-nyc-opener-potty-mouth-nearly-stole-the-show/&format=xml,text/xml,1,20171103021522,20171103021522,20171103021522
flowersinagun.com/wp-json/oembed/1.0/embed?url=http://www.flowersinagun.com/hardcore-xmas-2017-eastern-europes-finest/,noise,http://www.flowersinagun.com:80/wp-json/oembed/1.0/embed?url=http://www.flowersinagun.com/hardcore-xmas-2017-eastern-europes-finest/,application/json,1,20171226153618,20171226153618,20171226153618
flowersinagun.com/wp-json/oembed/1.0/embed?url=http://www.flowersinagun.com/hardcore-xmas-2017-eastern-europes-finest/&format=xml,noise,http://www.flowersinagun.com:80/wp-json/oembed/1.0/embed?url=http://www.flowersinagun.com/hardcore-xmas-2017-eastern-europes-finest/&format=xml,text/xml,1,20171226153712,20171226153712,20171226153712
flowersinagun.com/wp-json/oembed/1.0/embed?url=http://www.flowersinagun.com/james-carter-plays-tribute-to-john-coltrane-at-the-philadelphia-clef-club-of-jazz/,noise,http://www.flowersinagun.com:80/wp-json/oembed/1.0/embed?url=http://www.flowersinagun.com/james-carter-plays-tribute-to-john-coltrane-at-the-philadelphia-clef-club-of-jazz/,application/json,1,20180930001238,20180930001238,20180930001238
flowersinagun.com/wp-json/oembed/1.0/embed?url=http://www.flowersinagun.com/james-carter-plays-tribute-to-john-coltrane-at-the-philadelphia-clef-club-of-jazz/&format=xml,noise,http://www.flowersinagun.com:80/wp-json/oembed/1.0/embed?url=http://www.flowersinagun.com/james-carter-plays-tribute-to-john-coltrane-at-the-philadelphia-clef-club-of-jazz/&format=xml,text/xml,1,20180930000311,20180930000311,20180930000311
flowersinagun.com/wp-json/oembed/1.0/embed?url=http://www.flowersinagun.com/strugare-petnoto-plovdiv/,noise,http://www.flowersinagun.com:80/wp-json/oembed/1.0/embed?url=http://www.flowersinagun.com/strugare-petnoto-plovdiv/,text/html,1,20171230222005,20171230222005,20171230222005
flowersinagun.com/wp-json/oembed/1.0/embed?url=http://www.flowersinagun.com/strugare-petnoto-plovdiv/&format=xml,noise,http://www.flowersinagun.com:80/wp-json/oembed/1.0/embed?url=http://www.flowersinagun.com/strugare-petnoto-plovdiv/&format=xml,text/html,1,20171230222020,20171230222020,20171230222020
flowersinagun.com/wp-json/oembed/1.0/embed?url=http://www.flowersinagun.com/warren-wolf-the-wolfpack-at-smoke-jazz-club/,noise,http://www.flowersinagun.com:80/wp-json/oembed/1.0/embed?url=http://www.flowersinagun.com/warren-wolf-the-wolfpack-at-smoke-jazz-club/,application/json,1,20171112103003,20171112103003,20171112103003
flowersinagun.com/wp-json/oembed/1.0/embed?url=http://www.flowersinagun.com/warren-wolf-the-wolfpack-at-smoke-jazz-club/&format=xml,noise,http://www.flowersinagun.com:80/wp-json/oembed/1.0/embed?url=http://www.flowersinagun.com/warren-wolf-the-wolfpack-at-smoke-jazz-club/&format=xml,text/xml,1,20171112101220,20171112101220,20171112101220
flowersinagun.com/wp-json/oembed/1.0/embed?url=https%3A%2F%2Fwww.flowersinagun.com%2Fa-moment-with-spirit-of%2F,noise,https://www.flowersinagun.com/wp-json/oembed/1.0/embed?url=https%3A%2F%2Fwww.flowersinagun.com%2Fa-moment-with-spirit-of%2F,application/json,1,20190806042615,20190806042615,20190806042615
flowersinagun.com/wp-json/oembed/1.0/embed?url=https%3A%2F%2Fwww.flowersinagun.com%2Fa-moment-with-spirit-of%2F&format=xml,noise,https://www.flowersinagun.com/wp-json/oembed/1.0/embed?url=https%3A%2F%2Fwww.flowersinagun.com%2Fa-moment-with-spirit-of%2F&format=xml,text/xml,1,20190806041522,20190806041522,20190806041522
flowersinagun.com/wp-json/oembed/1.0/embed?url=https%3A%2F%2Fwww.flowersinagun.com%2Fabout%2F,noise,https://www.flowersinagun.com/wp-json/oembed/1.0/embed?url=https%3A%2F%2Fwww.flowersinagun.com%2Fabout%2F,application/json,3,20190806041308,20230606160647,20230606160647 20211021162204 20190806041308
flowersinagun.com/wp-json/oembed/1.0/embed?url=https%3A%2F%2Fwww.flowersinagun.com%2Fabout%2F&format=xml,noise,https://www.flowersinagun.com/wp-json/oembed/1.0/embed?url=https%3A%2F%2Fwww.flowersinagun.com%2Fabout%2F&format=xml,text/xml,3,20190806042632,20230606160647,20230606160647 20211020220926 20190806042632
flowersinagun.com/wp-json/oembed/1.0/embed?url=https%3A%2F%2Fwww.flowersinagun.com%2Fandy-michaels-eclectic-revisited-has-bits-for-every-music-fan%2F,noise,https://www.flowersinagun.com/wp-json/oembed/1.0/embed?url=https%3A%2F%2Fwww.flowersinagun.com%2Fandy-michaels-eclectic-revisited-has-bits-for-every-music-fan%2F,application/json,1,20190806042127,20190806042127,20190806042127
flowersinagun.com/wp-json/oembed/1.0/embed?url=https%3A%2F%2Fwww.flowersinagun.com%2Fandy-michaels-eclectic-revisited-has-bits-for-every-music-fan%2F&format=xml,noise,https://www.flowersinagun.com/wp-json/oembed/1.0/embed?url=https%3A%2F%2Fwww.flowersinagun.com%2Fandy-michaels-eclectic-revisited-has-bits-for-every-music-fan%2F&format=xml,text/xml,1,20190806041836,20190806041836,20190806041836
flowersinagun.com/wp-json/oembed/1.0/embed?url=https%3A%2F%2Fwww.flowersinagun.com%2Fautoktronix-noise-from-the-dessert%2F,noise,https://www.flowersinagun.com/wp-json/oembed/1.0/embed?url=https%3A%2F%2Fwww.flowersinagun.com%2Fautoktronix-noise-from-the-dessert%2F,application/json,4,20200614034302,20230813213623,20230813213623 20211020061025 20200614034302
flowersinagun.com/wp-json/oembed/1.0/embed?url=https%3A%2F%2Fwww.flowersinagun.com%2Fautoktronix-noise-from-the-dessert%2F&format=xml,noise,https://www.flowersinagun.com/wp-json/oembed/1.0/embed?url=https%3A%2F%2Fwww.flowersinagun.com%2Fautoktronix-noise-from-the-dessert%2F&format=xml,text/xml,4,20200614034316,20230813204552,20230813204552 20211020205729 20200614034316
flowersinagun.com/wp-json/oembed/1.0/embed?url=https%3A%2F%2Fwww.flowersinagun.com%2Fband-of-the-week-hall-of-fame%2F,noise,https://www.flowersinagun.com/wp-json/oembed/1.0/embed?url=https%3A%2F%2Fwww.flowersinagun.com%2Fband-of-the-week-hall-of-fame%2F,application/json,3,20190806042645,20230607115127,20230607115127 20211022024622 20190806042645
flowersinagun.com/wp-json/oembed/1.0/embed?url=https%3A%2F%2Fwww.flowersinagun.com%2Fband-of-the-week-hall-of-fame%2F&format=xml,noise,https://www.flowersinagun.com/wp-json/oembed/1.0/embed?url=https%3A%2F%2Fwww.flowersinagun.com%2Fband-of-the-week-hall-of-fame%2F&format=xml,text/xml,3,20190806040927,20230607115127,20230607115127 20211021100034 20190806040927
flowersinagun.com/wp-json/oembed/1.0/embed?url=https%3A%2F%2Fwww.flowersinagun.com%2Fdouble-album-cd-release-party-at-shapeshifter-lab-matthew-shipp-darius-jones-gerald-cleaver-william-parker-craig-taborn%2F,noise,https://www.flowersinagun.com/wp-json/oembed/1.0/embed?url=https%3A%2F%2Fwww.flowersinagun.com%2Fdouble-album-cd-release-party-at-shapeshifter-lab-matthew-shipp-darius-jones-gerald-cleaver-william-parker-craig-taborn%2F,application/json,1,20190809193609,20190809193609,20190809193609
flowersinagun.com/wp-json/oembed/1.0/embed?url=https%3A%2F%2Fwww.flowersinagun.com%2Fdouble-album-cd-release-party-at-shapeshifter-lab-matthew-shipp-darius-jones-gerald-cleaver-william-parker-craig-taborn%2F&format=xml,noise,https://www.flowersinagun.com/wp-json/oembed/1.0/embed?url=https%3A%2F%2Fwww.flowersinagun.com%2Fdouble-album-cd-release-party-at-shapeshifter-lab-matthew-shipp-darius-jones-gerald-cleaver-william-parker-craig-taborn%2F&format=xml,text/xml,1,20190809195149,20190809195149,20190809195149
flowersinagun.com/wp-json/oembed/1.0/embed?url=https%3A%2F%2Fwww.flowersinagun.com%2Ffiona-silver-mercury-lounge%2F,noise,https://www.flowersinagun.com/wp-json/oembed/1.0/embed?url=https%3A%2F%2Fwww.flowersinagun.com%2Ffiona-silver-mercury-lounge%2F,application/json,1,20190806041839,20190806041839,20190806041839
flowersinagun.com/wp-json/oembed/1.0/embed?url=https%3A%2F%2Fwww.flowersinagun.com%2Ffiona-silver-mercury-lounge%2F&format=xml,noise,https://www.flowersinagun.com/wp-json/oembed/1.0/embed?url=https%3A%2F%2Fwww.flowersinagun.com%2Ffiona-silver-mercury-lounge%2F&format=xml,text/xml,1,20190806041111,20190806041111,20190806041111
flowersinagun.com/wp-json/oembed/1.0/embed?url=https%3A%2F%2Fwww.flowersinagun.com%2Finterview-with-michael-gira-from-swans%2F,noise,https://www.flowersinagun.com/wp-json/oembed/1.0/embed?url=https%3A%2F%2Fwww.flowersinagun.com%2Finterview-with-michael-gira-from-swans%2F,application/json,4,20200302185314,20230812203953,20230812203953 20211020011545 20200302185314
flowersinagun.com/wp-json/oembed/1.0/embed?url=https%3A%2F%2Fwww.flowersinagun.com%2Finterview-with-michael-gira-from-swans%2F&format=xml,noise,https://www.flowersinagun.com/wp-json/oembed/1.0/embed?url=https%3A%2F%2Fwww.flowersinagun.com%2Finterview-with-michael-gira-from-swans%2F&format=xml,text/xml,4,20200312093857,20230812204153,20230812204153 20211019112043 20200312093857
flowersinagun.com/wp-json/oembed/1.0/embed?url=https%3A%2F%2Fwww.flowersinagun.com%2Fjoy-division-disorder-song-review%2F,noise,https://www.flowersinagun.com/wp-json/oembed/1.0/embed?url=https%3A%2F%2Fwww.flowersinagun.com%2Fjoy-division-disorder-song-review%2F,application/json,1,20230804075729,20230804075729,20230804075729
flowersinagun.com/wp-json/oembed/1.0/embed?url=https%3A%2F%2Fwww.flowersinagun.com%2Fjoy-division-disorder-song-review%2F&format=xml,noise,https://www.flowersinagun.com/wp-json/oembed/1.0/embed?url=https%3A%2F%2Fwww.flowersinagun.com%2Fjoy-division-disorder-song-review%2F&format=xml,text/xml,1,20230804075729,20230804075729,20230804075729
flowersinagun.com/wp-json/oembed/1.0/embed?url=https%3A%2F%2Fwww.flowersinagun.com%2Fkate-fenner-releases-middle-voice-a-deep-look-into-life%2F,noise,https://www.flowersinagun.com/wp-json/oembed/1.0/embed?url=https%3A%2F%2Fwww.flowersinagun.com%2Fkate-fenner-releases-middle-voice-a-deep-look-into-life%2F,application/json,1,20190806041520,20190806041520,20190806041520
flowersinagun.com/wp-json/oembed/1.0/embed?url=https%3A%2F%2Fwww.flowersinagun.com%2Fkate-fenner-releases-middle-voice-a-deep-look-into-life%2F&format=xml,noise,https://www.flowersinagun.com/wp-json/oembed/1.0/embed?url=https%3A%2F%2Fwww.flowersinagun.com%2Fkate-fenner-releases-middle-voice-a-deep-look-into-life%2F&format=xml,text/xml,1,20190806041245,20190806041245,20190806041245
flowersinagun.com/wp-json/oembed/1.0/embed?url=https%3A%2F%2Fwww.flowersinagun.com%2Flife-along-the-borderline-a-tribute-to-nico-curated-by-john-cale-at-bam%2F,noise,https://www.flowersinagun.com/wp-json/oembed/1.0/embed?url=https%3A%2F%2Fwww.flowersinagun.com%2Flife-along-the-borderline-a-tribute-to-nico-curated-by-john-cale-at-bam%2F,application/json,4,20200324074033,20230813204447,20230813204447 20211019204010 20200324074033
flowersinagun.com/wp-json/oembed/1.0/embed?url=https%3A%2F%2Fwww.flowersinagun.com%2Flife-along-the-borderline-a-tribute-to-nico-curated-by-john-cale-at-bam%2F&format=xml,noise,https://www.flowersinagun.com/wp-json/oembed/1.0/embed?url=https%3A%2F%2Fwww.flowersinagun.com%2Flife-along-the-borderline-a-tribute-to-nico-curated-by-john-cale-at-bam%2F&format=xml,text/xml,4,20200319104558,20230813230122,20230813230122 20211019094841 20200319104558
flowersinagun.com/wp-json/oembed/1.0/embed?url=https%3A%2F%2Fwww.flowersinagun.com%2Flili-roquelin-with-brand-new-video-for-the-only-one%2F,noise,https://www.flowersinagun.com/wp-json/oembed/1.0/embed?url=https%3A%2F%2Fwww.flowersinagun.com%2Flili-roquelin-with-brand-new-video-for-the-only-one%2F,application/json,1,20230627042202,20230627042202,20230627042202
flowersinagun.com/wp-json/oembed/1.0/embed?url=https%3A%2F%2Fwww.flowersinagun.com%2Flili-roquelin-with-brand-new-video-for-the-only-one%2F&format=xml,noise,https://www.flowersinagun.com/wp-json/oembed/1.0/embed?url=https%3A%2F%2Fwww.flowersinagun.com%2Flili-roquelin-with-brand-new-video-for-the-only-one%2F&format=xml,text/xml,1,20230627042202,20230627042202,20230627042202
flowersinagun.com/wp-json/oembed/1.0/embed?url=https%3A%2F%2Fwww.flowersinagun.com%2Fmad-meg-mercury-lounge%2F,noise,https://www.flowersinagun.com/wp-json/oembed/1.0/embed?url=https%3A%2F%2Fwww.flowersinagun.com%2Fmad-meg-mercury-lounge%2F,application/json,1,20190809193307,20190809193307,20190809193307
flowersinagun.com/wp-json/oembed/1.0/embed?url=https%3A%2F%2Fwww.flowersinagun.com%2Fmad-meg-mercury-lounge%2F&format=xml,noise,https://www.flowersinagun.com/wp-json/oembed/1.0/embed?url=https%3A%2F%2Fwww.flowersinagun.com%2Fmad-meg-mercury-lounge%2F&format=xml,text/xml,1,20190809193316,20190809193316,20190809193316
flowersinagun.com/wp-json/oembed/1.0/embed?url=https%3A%2F%2Fwww.flowersinagun.com%2Fmarianne-solivan-big-band-at-smalls-jazz-club-lady-got-balls%2F,noise,https://www.flowersinagun.com/wp-json/oembed/1.0/embed?url=https%3A%2F%2Fwww.flowersinagun.com%2Fmarianne-solivan-big-band-at-smalls-jazz-club-lady-got-balls%2F,application/json,1,20230623153927,20230623153927,20230623153927
flowersinagun.com/wp-json/oembed/1.0/embed?url=https%3A%2F%2Fwww.flowersinagun.com%2Fmarianne-solivan-big-band-at-smalls-jazz-club-lady-got-balls%2F&format=xml,noise,https://www.flowersinagun.com/wp-json/oembed/1.0/embed?url=https%3A%2F%2Fwww.flowersinagun.com%2Fmarianne-solivan-big-band-at-smalls-jazz-club-lady-got-balls%2F&format=xml,text/xml,1,20230623153928,20230623153928,20230623153928
flowersinagun.com/wp-json/oembed/1.0/embed?url=https%3A%2F%2Fwww.flowersinagun.com%2Fmodest-mouse-at-kings-theater-worth-the-trip%2F,noise,https://www.flowersinagun.com/wp-json/oembed/1.0/embed?url=https%3A%2F%2Fwww.flowersinagun.com%2Fmodest-mouse-at-kings-theater-worth-the-trip%2F,application/json,1,20190803180549,20190803180549,20190803180549
flowersinagun.com/wp-json/oembed/1.0/embed?url=https%3A%2F%2Fwww.flowersinagun.com%2Fmodest-mouse-at-kings-theater-worth-the-trip%2F&format=xml,noise,https://www.flowersinagun.com/wp-json/oembed/1.0/embed?url=https%3A%2F%2Fwww.flowersinagun.com%2Fmodest-mouse-at-kings-theater-worth-the-trip%2F&format=xml,text/xml,1,20190803174753,20190803174753,20190803174753
flowersinagun.com/wp-json/oembed/1.0/embed?url=https%3A%2F%2Fwww.flowersinagun.com%2Fmy-instagram-feed%2F,noise,https://www.flowersinagun.com/wp-json/oembed/1.0/embed?url=https%3A%2F%2Fwww.flowersinagun.com%2Fmy-instagram-feed%2F,application/json,3,20190806041606,20230605145807,20230605145807 20211020195954 20190806041606
flowersinagun.com/wp-json/oembed/1.0/embed?url=https%3A%2F%2Fwww.flowersinagun.com%2Fmy-instagram-feed%2F&format=xml,noise,https://www.flowersinagun.com/wp-json/oembed/1.0/embed?url=https%3A%2F%2Fwww.flowersinagun.com%2Fmy-instagram-feed%2F&format=xml,text/xml,3,20190806043643,20230605145807,20230605145807 20211020125638 20190806043643
flowersinagun.com/wp-json/oembed/1.0/embed?url=https%3A%2F%2Fwww.flowersinagun.com%2Fneneh-cherry-palmengarten-frankfurt%2F,noise,https://www.flowersinagun.com/wp-json/oembed/1.0/embed?url=https%3A%2F%2Fwww.flowersinagun.com%2Fneneh-cherry-palmengarten-frankfurt%2F,application/json,1,20190809193617,20190809193617,20190809193617
flowersinagun.com/wp-json/oembed/1.0/embed?url=https%3A%2F%2Fwww.flowersinagun.com%2Fneneh-cherry-palmengarten-frankfurt%2F&format=xml,noise,https://www.flowersinagun.com/wp-json/oembed/1.0/embed?url=https%3A%2F%2Fwww.flowersinagun.com%2Fneneh-cherry-palmengarten-frankfurt%2F&format=xml,text/xml,1,20190809193611,20190809193611,20190809193611
flowersinagun.com/wp-json/oembed/1.0/embed?url=https%3A%2F%2Fwww.flowersinagun.com%2Fravi-coltrane-residency-at-jazz-standard%2F,noise,https://www.flowersinagun.com/wp-json/oembed/1.0/embed?url=https%3A%2F%2Fwww.flowersinagun.com%2Fravi-coltrane-residency-at-jazz-standard%2F,application/json,1,20230624141224,20230624141224,20230624141224
flowersinagun.com/wp-json/oembed/1.0/embed?url=https%3A%2F%2Fwww.flowersinagun.com%2Fravi-coltrane-residency-at-jazz-standard%2F&format=xml,noise,https://www.flowersinagun.com/wp-json/oembed/1.0/embed?url=https%3A%2F%2Fwww.flowersinagun.com%2Fravi-coltrane-residency-at-jazz-standard%2F&format=xml,text/xml,1,20230624141224,20230624141224,20230624141224
flowersinagun.com/wp-json/oembed/1.0/embed?url=https%3A%2F%2Fwww.flowersinagun.com%2Froyal-thunder-backwoods-payback-heavy-temple-at-st-vitus-11917%2F,noise,https://www.flowersinagun.com/wp-json/oembed/1.0/embed?url=https%3A%2F%2Fwww.flowersinagun.com%2Froyal-thunder-backwoods-payback-heavy-temple-at-st-vitus-11917%2F,application/json,1,20190806042051,20190806042051,20190806042051
flowersinagun.com/wp-json/oembed/1.0/embed?url=https%3A%2F%2Fwww.flowersinagun.com%2Froyal-thunder-backwoods-payback-heavy-temple-at-st-vitus-11917%2F&format=xml,noise,https://www.flowersinagun.com/wp-json/oembed/1.0/embed?url=https%3A%2F%2Fwww.flowersinagun.com%2Froyal-thunder-backwoods-payback-heavy-temple-at-st-vitus-11917%2F&format=xml,text/xml,1,20190806042605,20190806042605,20190806042605
flowersinagun.com/wp-json/oembed/1.0/embed?url=https%3A%2F%2Fwww.flowersinagun.com%2Fsfjazz-collective-plays-the-music-of-joe-henderson%2F,noise,https://www.flowersinagun.com/wp-json/oembed/1.0/embed?url=https%3A%2F%2Fwww.flowersinagun.com%2Fsfjazz-collective-plays-the-music-of-joe-henderson%2F,application/json,1,20230805190245,20230805190245,20230805190245
flowersinagun.com/wp-json/oembed/1.0/embed?url=https%3A%2F%2Fwww.flowersinagun.com%2Fsfjazz-collective-plays-the-music-of-joe-henderson%2F&format=xml,noise,https://www.flowersinagun.com/wp-json/oembed/1.0/embed?url=https%3A%2F%2Fwww.flowersinagun.com%2Fsfjazz-collective-plays-the-music-of-joe-henderson%2F&format=xml,text/xml,1,20230805190244,20230805190244,20230805190244
flowersinagun.com/wp-json/oembed/1.0/embed?url=https%3A%2F%2Fwww.flowersinagun.com%2Fsmile-and-like-a-feather-lili-roquelin-with-new-song-and-video%2F,noise,https://www.flowersinagun.com/wp-json/oembed/1.0/embed?url=https%3A%2F%2Fwww.flowersinagun.com%2Fsmile-and-like-a-feather-lili-roquelin-with-new-song-and-video%2F,application/json,1,20230624204729,20230624204729,20230624204729
flowersinagun.com/wp-json/oembed/1.0/embed?url=https%3A%2F%2Fwww.flowersinagun.com%2Fsmile-and-like-a-feather-lili-roquelin-with-new-song-and-video%2F&format=xml,noise,https://www.flowersinagun.com/wp-json/oembed/1.0/embed?url=https%3A%2F%2Fwww.flowersinagun.com%2Fsmile-and-like-a-feather-lili-roquelin-with-new-song-and-video%2F&format=xml,text/xml,1,20230624204729,20230624204729,20230624204729
flowersinagun.com/wp-json/oembed/1.0/embed?url=https%3A%2F%2Fwww.flowersinagun.com%2Fstrugare-petnoto-plovdiv%2F,noise,https://www.flowersinagun.com/wp-json/oembed/1.0/embed?url=https%3A%2F%2Fwww.flowersinagun.com%2Fstrugare-petnoto-plovdiv%2F,application/json,1,20190806041104,20190806041104,20190806041104
flowersinagun.com/wp-json/oembed/1.0/embed?url=https%3A%2F%2Fwww.flowersinagun.com%2Fstrugare-petnoto-plovdiv%2F&format=xml,noise,https://www.flowersinagun.com/wp-json/oembed/1.0/embed?url=https%3A%2F%2Fwww.flowersinagun.com%2Fstrugare-petnoto-plovdiv%2F&format=xml,text/xml,1,20190806042611,20190806042611,20190806042611
flowersinagun.com/wp-json/oembed/1.0/embed?url=https%3A%2F%2Fwww.flowersinagun.com%2Fthe-great-game-creates-new-world-music-with-debut-album%2F,noise,https://www.flowersinagun.com/wp-json/oembed/1.0/embed?url=https%3A%2F%2Fwww.flowersinagun.com%2Fthe-great-game-creates-new-world-music-with-debut-album%2F,application/json,1,20230804075730,20230804075730,20230804075730
flowersinagun.com/wp-json/oembed/1.0/embed?url=https%3A%2F%2Fwww.flowersinagun.com%2Fthe-great-game-creates-new-world-music-with-debut-album%2F&format=xml,noise,https://www.flowersinagun.com/wp-json/oembed/1.0/embed?url=https%3A%2F%2Fwww.flowersinagun.com%2Fthe-great-game-creates-new-world-music-with-debut-album%2F&format=xml,text/xml,1,20230804075730,20230804075730,20230804075730
flowersinagun.com/wp-json/oembed/1.0/embed?url=https%3A%2F%2Fwww.flowersinagun.com%2Fthe-koniac-net%2F,noise,https://www.flowersinagun.com/wp-json/oembed/1.0/embed?url=https%3A%2F%2Fwww.flowersinagun.com%2Fthe-koniac-net%2F,application/json,1,20230628125254,20230628125254,20230628125254
flowersinagun.com/wp-json/oembed/1.0/embed?url=https%3A%2F%2Fwww.flowersinagun.com%2Fthe-koniac-net%2F&format=xml,noise,https://www.flowersinagun.com/wp-json/oembed/1.0/embed?url=https%3A%2F%2Fwww.flowersinagun.com%2Fthe-koniac-net%2F&format=xml,text/xml,1,20230628125254,20230628125254,20230628125254
flowersinagun.com/wp-json/oembed/1.0/embed?url=https%3A%2F%2Fwww.flowersinagun.com%2Fthe-partizan-song-%25d0%25bf%25d0%25b5%25d1%2581%25d0%25bd%25d1%258f-%25d0%25bf%25d0%25b0%25d1%2580%25d1%2582%25d0%25b8%25d0%25b7%25d0%25b0%25d0%25bd%25d0%25b0%2F,noise,https://www.flowersinagun.com/wp-json/oembed/1.0/embed?url=https%3A%2F%2Fwww.flowersinagun.com%2Fthe-partizan-song-%25d0%25bf%25d0%25b5%25d1%2581%25d0%25bd%25d1%258f-%25d0%25bf%25d0%25b0%25d1%2580%25d1%2582%25d0%25b8%25d0%25b7%25d0%25b0%25d0%25bd%25d0%25b0%2F,application/json,1,20230627042203,20230627042203,20230627042203
flowersinagun.com/wp-json/oembed/1.0/embed?url=https%3A%2F%2Fwww.flowersinagun.com%2Fthe-partizan-song-%25d0%25bf%25d0%25b5%25d1%2581%25d0%25bd%25d1%258f-%25d0%25bf%25d0%25b0%25d1%2580%25d1%2582%25d0%25b8%25d0%25b7%25d0%25b0%25d0%25bd%25d0%25b0%2F&format=xml,noise,https://www.flowersinagun.com/wp-json/oembed/1.0/embed?url=https%3A%2F%2Fwww.flowersinagun.com%2Fthe-partizan-song-%25d0%25bf%25d0%25b5%25d1%2581%25d0%25bd%25d1%258f-%25d0%25bf%25d0%25b0%25d1%2580%25d1%2582%25d0%25b8%25d0%25b7%25d0%25b0%25d0%25bd%25d0%25b0%2F&format=xml,text/xml,1,20230627153407,20230627153407,20230627153407
flowersinagun.com/wp-login.php,noise,http://www.flowersinagun.com/wp-login.php,text/html,2,20160317001524,20160811124625,20160811124625 20160317001524
flowersinagun.com/wp-login.php?redirect_to=https%3A%2F%2Fwww.flowersinagun.com%2Fwp-admin%2F&reauth=1,noise,https://www.flowersinagun.com/wp-login.php?redirect_to=https%3A%2F%2Fwww.flowersinagun.com%2Fwp-admin%2F&reauth=1,text/html,1,20230523173113,20230523173113,20230523173113
flowersinagun.com/xmlrpc.php,noise,http://www.flowersinagun.com/xmlrpc.php,text/plain,8,20130930065704,20141221042834,20141221042834
flowersinagun.com/xmlrpc.php?rsd,noise,https://www.flowersinagun.com/xmlrpc.php?rsd,text/xml,24,20130930065809,20230812230927,20230812230927 20211019075257 20190201081216 20150916020254
flowersinagun.com/yop-poll-archive/feed,noise,http://www.flowersinagun.com/yop-poll-archive/feed/,text/xml,2,20150619092656,20150716113833,20150716113833 20150619092656
flowersinthebarrelofagun.com/2013/01/16/my-reaction-to-the-recent-bulgarian-scandal-with-about-eur-1-million-granted-to-bulgarian-chalga-monopolist-tv-planeta/feed,noise,http://www.flowersinthebarrelofagun.com:80/2013/01/16/my-reaction-to-the-recent-bulgarian-scandal-with-about-eur-1-million-granted-to-bulgarian-chalga-monopolist-tv-planeta/feed/,text/xml,1,20130121224313,20130121224313,20130121224313
flowersinthebarrelofagun.com/2013/01/16/my-reaction-to-the-recent-bulgarian-scandal-with-about-eur-1-million-granted-to-bulgarian-chalga-monopolist-tv-planeta?replytocom=829,noise,http://www.flowersinthebarrelofagun.com:80/2013/01/16/my-reaction-to-the-recent-bulgarian-scandal-with-about-eur-1-million-granted-to-bulgarian-chalga-monopolist-tv-planeta/?replytocom=829,text/html,1,20130121225039,20130121225039,20130121225039
flowersinthebarrelofagun.com/2013/01/16/my-reaction-to-the-recent-bulgarian-scandal-with-about-eur-1-million-granted-to-bulgarian-chalga-monopolist-tv-planeta?share=google-plus-1,noise,http://www.flowersinthebarrelofagun.com:80/2013/01/16/my-reaction-to-the-recent-bulgarian-scandal-with-about-eur-1-million-granted-to-bulgarian-chalga-monopolist-tv-planeta/?share=google-plus-1,text/html,1,20130121224307,20130121224307,20130121224307
flowersinthebarrelofagun.com/?f,noise,http://flowersinthebarrelofagun.com:80/?f,text/html,1,20150425074819,20150425074819,20150425074819
flowersinthebarrelofagun.com/bulgarian-pop-music-porn/feed,noise,http://www.flowersinthebarrelofagun.com:80/bulgarian-pop-music-porn/feed/,text/xml,1,20130704085805,20130704085805,20130704085805
flowersinthebarrelofagun.com/bulgarian-pop-music-porn?share=google-plus-1,noise,http://www.flowersinthebarrelofagun.com:80/bulgarian-pop-music-porn/?share=google-plus-1,text/html,1,20130704083343,20130704083343,20130704083343
flowersinthebarrelofagun.com/comments/feed,noise,http://www.flowersinthebarrelofagun.com/comments/feed/,text/xml,5,20120721025524,20131219133736,20131219133736 20130708052526 20130121224409 20121001044801 20120721025524
flowersinthebarrelofagun.com/feed,noise,http://www.flowersinthebarrelofagun.com/feed/,text/xml,6,20120720004524,20131219133841,20131219133841 20130708052610 20130121225127 20121001044716 20120721024937
flowersinthebarrelofagun.com/px.js?ch=1,noise,http://flowersinthebarrelofagun.com/px.js?ch=1,application/javascript,1,20171004012955,20171004012955,20171004012955
flowersinthebarrelofagun.com/px.js?ch=2,noise,http://flowersinthebarrelofagun.com/px.js?ch=2,application/javascript,1,20171004010433,20171004010433,20171004010433
flowersinthebarrelofagun.com/robots.txt,noise,http://flowersinthebarrelofagun.com/robots.txt,text/plain,44,20130415233122,20180309093447,20180309093447 20170630182139 20170520195100 20141221072547 20131008171733
flowersinthebarrelofagun.com/tag/weird-joseph-gordon-levitt-naked/feed,noise,http://www.flowersinthebarrelofagun.com:80/tag/weird-joseph-gordon-levitt-naked/feed/,text/xml,1,20121001103439,20121001103439,20121001103439
flowersinthebarrelofagun.com/tribeca-film-festival-2013-dark-touch-review-trailer/feed,noise,http://www.flowersinthebarrelofagun.com:80/tribeca-film-festival-2013-dark-touch-review-trailer/feed/,text/xml,1,20130810032336,20130810032336,20130810032336
flowersinthebarrelofagun.com/tribeca-film-festival-2013-dark-touch-review-trailer?share=google-plus-1,noise,http://www.flowersinthebarrelofagun.com:80/tribeca-film-festival-2013-dark-touch-review-trailer/?share=google-plus-1,text/html,1,20130809064158,20130809064158,20130809064158
flowersinthebarrelofagun.com/wp-content/plugins/easy-instagram/css/style.css?ver=3.6,noise,http://www.flowersinthebarrelofagun.com/wp-content/plugins/easy-instagram/css/style.css?ver=3.6,text/css,1,20131219134133,20131219134133,20131219134133
flowersinthebarrelofagun.com/wp-content/plugins/schreikasten/libs/htmlEncoder.js?ver=1.21,noise,http://flowersinthebarrelofagun.com/wp-content/plugins/schreikasten/libs/htmlEncoder.js?ver=1.21,text/javascript,2,20140520075941,20141221072342,20141221072342
flowersinthebarrelofagun.com/wp-content/plugins/schreikasten/libs/soundmanager2.js?ver=1.21,noise,http://flowersinthebarrelofagun.com/wp-content/plugins/schreikasten/libs/soundmanager2.js?ver=1.21,text/javascript,2,20140520050126,20141221044037,20141221044037
flowersinthebarrelofagun.com/wp-content/plugins/schreikasten/libs/universal.js?ver=1.21,noise,http://flowersinthebarrelofagun.com/wp-content/plugins/schreikasten/libs/universal.js?ver=1.21,text/javascript,2,20140520074439,20141221071013,20141221071013
flowersinthebarrelofagun.com/wp-content/plugins/schreikasten/schreikasten.js?ver=1.21,noise,http://flowersinthebarrelofagun.com/wp-content/plugins/schreikasten/schreikasten.js?ver=1.21,text/javascript,2,20140520072018,20141221064604,20141221064604
flowersinthebarrelofagun.com/wp-content/plugins/wp-polls/polls-css.css?ver=2.63,noise,http://www.flowersinthebarrelofagun.com/wp-content/plugins/wp-polls/polls-css.css?ver=2.63,text/css,1,20131219134403,20131219134403,20131219134403
flowersinthebarrelofagun.com/wp-content/plugins/wp-polls/polls-js.js?ver=2.63,noise,http://www.flowersinthebarrelofagun.com/wp-content/plugins/wp-polls/polls-js.js?ver=2.63,text/javascript,1,20131219134138,20131219134138,20131219134138
flowersinthebarrelofagun.com/wp-content/themes/magazine-basic/style.css,noise,http://www.flowersinthebarrelofagun.com/wp-content/themes/magazine-basic/style.css,text/css,1,20131219134200,20131219134200,20131219134200
flowersinthebarrelofagun.com/wp-includes/js/jquery/jquery-migrate.min.js?ver=1.2.1,noise,http://www.flowersinthebarrelofagun.com/wp-includes/js/jquery/jquery-migrate.min.js?ver=1.2.1,text/javascript,1,20131219134407,20131219134407,20131219134407
flowersinthebarrelofagun.com/wp-includes/js/jquery/jquery.js?ver=1.10.2,noise,http://www.flowersinthebarrelofagun.com/wp-includes/js/jquery/jquery.js?ver=1.10.2,text/javascript,1,20131219134629,20131219134629,20131219134629
flowersinthebarrelofagun.com/wp-includes/js/thickbox/thickbox.css?ver=20121105,noise,http://www.flowersinthebarrelofagun.com/wp-includes/js/thickbox/thickbox.css?ver=20121105,text/css,1,20131219133739,20131219133739,20131219133739
flowersinthebarrelofagun.com/wp-includes/js/thickbox/thickbox.js?ver=3.1-20121105,noise,http://www.flowersinthebarrelofagun.com/wp-includes/js/thickbox/thickbox.js?ver=3.1-20121105,text/javascript,1,20131219133159,20131219133159,20131219133159
flowersinthebarrelofagun.com/wp-includes/wlwmanifest.xml,noise,http://www.flowersinthebarrelofagun.com/wp-includes/wlwmanifest.xml,text/xml,1,20131219135446,20131219135446,20131219135446
flowersinthebarrelofagun.com/wp-login.php?redirect_to=http%3A%2F%2Fwww.flowersinthebarrelofagun.com%2F2013%2F01%2F16%2Fmy-reaction-to-the-recent-bulgarian-scandal-with-about-eur-1-million-granted-to-bulgarian-chalga-monopolist-tv-planeta%2F,noise,http://www.flowersinthebarrelofagun.com:80/wp-login.php?redirect_to=http%3A%2F%2Fwww.flowersinthebarrelofagun.com%2F2013%2F01%2F16%2Fmy-reaction-to-the-recent-bulgarian-scandal-with-about-eur-1-million-granted-to-bulgarian-chalga-monopolist-tv-planeta%2F,text/html,1,20130121224423,20130121224423,20130121224423
flowersinthebarrelofagun.com/wp-login.php?redirect_to=http%3A%2F%2Fwww.flowersinthebarrelofagun.com%2Fbulgarian-pop-music-porn%2F,noise,http://www.flowersinthebarrelofagun.com:80/wp-login.php?redirect_to=http%3A%2F%2Fwww.flowersinthebarrelofagun.com%2Fbulgarian-pop-music-porn%2F,text/html,1,20130708055801,20130708055801,20130708055801
flowersinthebarrelofagun.com/wp-login.php?redirect_to=http%3A%2F%2Fwww.flowersinthebarrelofagun.com%2Fflowers-in-the-barrel-of-a-gun-presents-grant-lyle%2F,noise,http://www.flowersinthebarrelofagun.com:80/wp-login.php?redirect_to=http%3A%2F%2Fwww.flowersinthebarrelofagun.com%2Fflowers-in-the-barrel-of-a-gun-presents-grant-lyle%2F,text/html,1,20130308030345,20130308030345,20130308030345
flowersinthebarrelofagun.com/wp-login.php?redirect_to=http%3A%2F%2Fwww.flowersinthebarrelofagun.com%2Ftribeca-film-festival-2013-dark-touch-review-trailer%2F,noise,http://www.flowersinthebarrelofagun.com:80/wp-login.php?redirect_to=http%3A%2F%2Fwww.flowersinthebarrelofagun.com%2Ftribeca-film-festival-2013-dark-touch-review-trailer%2F,text/html,1,20130809064247,20130809064247,20130809064247
flowersinthebarrelofagun.com/xmlrpc.php,noise,http://www.flowersinthebarrelofagun.com/xmlrpc.php,text/plain,4,20121001103705,20131219134853,20131219134853
flowersinthebarrelofagun.com/xmlrpc.php?rsd,noise,http://www.flowersinthebarrelofagun.com/xmlrpc.php?rsd,text/xml,5,20121001104028,20131219134427,20131219134427 20130706085642 20121001104028
webmail.flowersinagun.com/?locale=ar,noise,http://webmail.flowersinagun.com/?locale=ar,text/html,2,20230223113507,20230223115639,20230223115639 20230223113507
webmail.flowersinagun.com/?locale=bg,noise,http://webmail.flowersinagun.com/?locale=bg,text/html,2,20230223113458,20230223115600,20230223115600 20230223113458
webmail.flowersinagun.com/?locale=cs,noise,http://webmail.flowersinagun.com/?locale=cs,text/html,2,20230223113440,20230223115454,20230223115454 20230223113440
webmail.flowersinagun.com/?locale=da,noise,http://webmail.flowersinagun.com/?locale=da,text/html,2,20230223113422,20230223115406,20230223115406 20230223113422
webmail.flowersinagun.com/?locale=de,noise,http://webmail.flowersinagun.com/?locale=de,text/html,2,20230223113405,20230223115216,20230223115216 20230223113405
webmail.flowersinagun.com/?locale=el,noise,http://webmail.flowersinagun.com/?locale=el,text/html,2,20230223113335,20230223115148,20230223115148 20230223113335
webmail.flowersinagun.com/?locale=en,noise,http://webmail.flowersinagun.com/?locale=en,text/html,2,20230223113323,20230223115056,20230223115056 20230223113323
webmail.flowersinagun.com/?locale=es,noise,http://webmail.flowersinagun.com/?locale=es,text/html,2,20230223113306,20230223115029,20230223115029 20230223113306
webmail.flowersinagun.com/?locale=es_es,noise,http://webmail.flowersinagun.com/?locale=es_es,text/html,1,20230223114908,20230223114908,20230223114908
webmail.flowersinagun.com/?locale=fi,noise,http://webmail.flowersinagun.com/?locale=fi,text/html,1,20230223114811,20230223114811,20230223114811
webmail.flowersinagun.com/?locale=fil,noise,http://webmail.flowersinagun.com/?locale=fil,text/html,1,20230223114743,20230223114743,20230223114743
webmail.flowersinagun.com/?locale=fr,noise,http://webmail.flowersinagun.com/?locale=fr,text/html,1,20230223114704,20230223114704,20230223114704
webmail.flowersinagun.com/?locale=he,noise,http://webmail.flowersinagun.com/?locale=he,text/html,1,20230223114625,20230223114625,20230223114625
webmail.flowersinagun.com/?locale=hu,noise,http://webmail.flowersinagun.com/?locale=hu,text/html,1,20230223114548,20230223114548,20230223114548
webmail.flowersinagun.com/?locale=i_cpanel_snowmen,noise,http://webmail.flowersinagun.com/?locale=i_cpanel_snowmen,text/html,1,20230223114509,20230223114509,20230223114509
webmail.flowersinagun.com/?locale=i_en,noise,http://webmail.flowersinagun.com/?locale=i_en,text/html,1,20230223114505,20230223114505,20230223114505
webmail.flowersinagun.com/?locale=id,noise,http://webmail.flowersinagun.com/?locale=id,text/html,1,20230223114421,20230223114421,20230223114421
webmail.flowersinagun.com/?locale=it,noise,http://webmail.flowersinagun.com/?locale=it,text/html,1,20230223114327,20230223114327,20230223114327
webmail.flowersinagun.com/?locale=ja,noise,http://webmail.flowersinagun.com/?locale=ja,text/html,1,20230223114307,20230223114307,20230223114307
webmail.flowersinagun.com/?locale=ko,noise,http://webmail.flowersinagun.com/?locale=ko,text/html,1,20230223114256,20230223114256,20230223114256
webmail.flowersinagun.com/?locale=ms,noise,http://webmail.flowersinagun.com/?locale=ms,text/html,1,20230223114231,20230223114231,20230223114231
webmail.flowersinagun.com/?locale=nl,noise,http://webmail.flowersinagun.com/?locale=nl,text/html,1,20230223114129,20230223114129,20230223114129
webmail.flowersinagun.com/?locale=no,noise,http://webmail.flowersinagun.com/?locale=no,text/html,1,20230223114101,20230223114101,20230223114101
webmail.flowersinagun.com/?locale=pl,noise,http://webmail.flowersinagun.com/?locale=pl,text/html,1,20230223114032,20230223114032,20230223114032
webmail.flowersinagun.com/?locale=pt,noise,http://webmail.flowersinagun.com/?locale=pt,text/html,1,20230223114009,20230223114009,20230223114009
webmail.flowersinagun.com/?locale=pt_br,noise,http://webmail.flowersinagun.com/?locale=pt_br,text/html,1,20230223113955,20230223113955,20230223113955
webmail.flowersinagun.com/?locale=ro,noise,http://webmail.flowersinagun.com/?locale=ro,text/html,1,20230223113927,20230223113927,20230223113927
webmail.flowersinagun.com/?locale=ru,noise,http://webmail.flowersinagun.com/?locale=ru,text/html,1,20230223113843,20230223113843,20230223113843
webmail.flowersinagun.com/?locale=sl,noise,http://webmail.flowersinagun.com/?locale=sl,text/html,1,20230223113832,20230223113832,20230223113832
webmail.flowersinagun.com/?locale=sv,noise,http://webmail.flowersinagun.com/?locale=sv,text/html,1,20230223113753,20230223113753,20230223113753
webmail.flowersinagun.com/?locale=th,noise,http://webmail.flowersinagun.com/?locale=th,text/html,1,20230223113733,20230223113733,20230223113733
webmail.flowersinagun.com/?locale=tr,noise,http://webmail.flowersinagun.com/?locale=tr,text/html,1,20230223113720,20230223113720,20230223113720
webmail.flowersinagun.com/?locale=uk,noise,http://webmail.flowersinagun.com/?locale=uk,text/html,1,20230223113655,20230223113655,20230223113655
webmail.flowersinagun.com/?locale=vi,noise,http://webmail.flowersinagun.com/?locale=vi,text/html,1,20230223113645,20230223113645,20230223113645
webmail.flowersinagun.com/?locale=zh,noise,http://webmail.flowersinagun.com/?locale=zh,text/html,1,20230223113622,20230223113622,20230223113622
webmail.flowersinagun.com/?locale=zh_cn,noise,http://webmail.flowersinagun.com/?locale=zh_cn,text/html,1,20230223113610,20230223113610,20230223113610
webmail.flowersinagun.com/?locale=zh_tw,noise,http://webmail.flowersinagun.com/?locale=zh_tw,text/html,1,20230223113546,20230223113546,20230223113546
webmail.flowersinagun.com/resetpass?start=1,noise,https://webmail.flowersinagun.com/resetpass?start=1,text/html,1,20230223113541,20230223113541,20230223113541
flowersinagun.com/robots.txt,other_file,https://www.flowersinagun.com/robots.txt,text/plain,270,20130916164018,20240411182254,20240411182254 20240409192901 20180218074406 20180123040358 20171229055457 20170916182541 20160112182325 20150924013840 20130925182531
flowersinagun.com/wp-content/uploads/2017/10/VID_28561110_005603_267.mp4?_=1,other_file,http://www.flowersinagun.com/wp-content/uploads/2017/10/VID_28561110_005603_267.mp4?_=1,video/mp4,1,20180213080202,20180213080202,20180213080202
flowersinagun.com/cgi-sys/suspendedpage.cgi,other_html,https://www.flowersinagun.com/cgi-sys/suspendedpage.cgi,text/html,79,20170608083858,20240617125129,20240617125129 20201204064042 20190621103234 20180609184311
flowersinagun.com/kmfdm-rock-irving-plaza-for-hell-yeah-tour/%3Ca%20href=,other_html,http://www.flowersinagun.com/kmfdm-rock-irving-plaza-for-hell-yeah-tour/%3Ca%20href=,text/html,1,20180123012101,20180123012101,20180123012101
flowersinagun.com/?p=7186,shortlink,http://www.flowersinagun.com/?p=7186,text/html,1,20180123023615,20180123023615,20180123023615
flowersinagun.com/?p=7310,shortlink,http://www.flowersinagun.com:80/?p=7310,text/html,1,20171230222144,20171230222144,20171230222144
cpanel.flowersinagun.com/cPanel_magic_revision_1536952528/unprotected/cpanel/style_v2_optimized.css,theme_asset,http://cpanel.flowersinagun.com/cPanel_magic_revision_1536952528/unprotected/cpanel/style_v2_optimized.css,text/css,1,20220624231229,20220624231229,20220624231229
cpanel.flowersinagun.com/cPanel_magic_revision_1616517441/unprotected/cpanel/fonts/open_sans/open_sans.min.css,theme_asset,http://cpanel.flowersinagun.com/cPanel_magic_revision_1616517441/unprotected/cpanel/fonts/open_sans/open_sans.min.css,text/css,1,20220624231229,20220624231229,20220624231229
cpanel.flowersinagun.com/cPanel_magic_revision_1648610195/unprotected/cpanel/fonts/open_sans/open_sans.min.css,theme_asset,http://cpanel.flowersinagun.com/cPanel_magic_revision_1648610195/unprotected/cpanel/fonts/open_sans/open_sans.min.css,text/css,1,20231225164155,20231225164155,20231225164155
cpanel.flowersinagun.com/cPanel_magic_revision_1660253749/unprotected/cpanel/style_v2_optimized.css,theme_asset,http://cpanel.flowersinagun.com/cPanel_magic_revision_1660253749/unprotected/cpanel/style_v2_optimized.css,text/css,1,20231225164155,20231225164155,20231225164155
flowersinagun.com/wp-content/plugins/akismet/_inc/form.js,theme_asset,https://www.flowersinagun.com/wp-content/plugins/akismet/_inc/form.js,application/javascript,1,20230519064849,20230519064849,20230519064849
flowersinagun.com/wp-content/plugins/akismet/_inc/form.js?ver=3.1.7,theme_asset,http://www.flowersinagun.com/wp-content/plugins/akismet/_inc/form.js?ver=3.1.7,text/javascript,1,20160307002341,20160307002341,20160307002341
flowersinagun.com/wp-content/plugins/akismet/_inc/form.js?ver=3.1.8,theme_asset,http://www.flowersinagun.com/wp-content/plugins/akismet/_inc/form.js?ver=3.1.8,text/javascript,1,20160811124226,20160811124226,20160811124226
flowersinagun.com/wp-content/plugins/akismet/_inc/form.js?ver=4.0,theme_asset,https://www.flowersinagun.com/wp-content/plugins/akismet/_inc/form.js?ver=4.0,application/javascript,5,20171116023515,20230605133844,20230605133844 20230522062120
flowersinagun.com/wp-content/plugins/alpine-photo-tile-for-instagram/css/AlpinePhotoTiles_style.css?ver=1.2.6,theme_asset,http://www.flowersinagun.com/wp-content/plugins/alpine-photo-tile-for-instagram/css/AlpinePhotoTiles_style.css?ver=1.2.6,text/css,1,20131115083636,20131115083636,20131115083636
flowersinagun.com/wp-content/plugins/alpine-photo-tile-for-instagram/js/AlpinePhotoTiles_script.js?ver=1.2.6,theme_asset,http://www.flowersinagun.com/wp-content/plugins/alpine-photo-tile-for-instagram/js/AlpinePhotoTiles_script.js?ver=1.2.6,text/javascript,1,20131115082408,20131115082408,20131115082408
flowersinagun.com/wp-content/plugins/custom-facebook-feed/css/cff-style.css?ver=2.3.10,theme_asset,http://www.flowersinagun.com/wp-content/plugins/custom-facebook-feed/css/cff-style.css?ver=2.3.10,text/css,1,20160307002358,20160307002358,20160307002358
flowersinagun.com/wp-content/plugins/custom-facebook-feed/css/cff-style.css?ver=2.4,theme_asset,http://www.flowersinagun.com/wp-content/plugins/custom-facebook-feed/css/cff-style.css?ver=2.4,text/css,1,20160424214516,20160424214516,20160424214516
flowersinagun.com/wp-content/plugins/custom-facebook-feed/css/cff-style.css?ver=3.7.1,theme_asset,http://www.flowersinagun.com/wp-content/plugins/custom-facebook-feed/css/cff-style.css?ver=3.7.1,text/css,1,20131115083559,20131115083559,20131115083559
flowersinagun.com/wp-content/plugins/custom-facebook-feed/css/cff-style.css?ver=3.7.3,theme_asset,http://www.flowersinagun.com/wp-content/plugins/custom-facebook-feed/css/cff-style.css?ver=3.7.3,text/css,1,20140520064859,20140520064859,20140520064859
flowersinagun.com/wp-content/plugins/custom-facebook-feed/css/cff-style.css?ver=3.7.4,theme_asset,http://www.flowersinagun.com/wp-content/plugins/custom-facebook-feed/css/cff-style.css?ver=3.7.4,text/html,1,20250603191606,20250603191606,20250603191606
flowersinagun.com/wp-content/plugins/custom-facebook-feed/css/cff-style.css?ver=3.7.5,theme_asset,http://www.flowersinagun.com/wp-content/plugins/custom-facebook-feed/css/cff-style.css?ver=3.7.5,text/css,1,20150710031147,20150710031147,20150710031147
flowersinagun.com/wp-content/plugins/custom-facebook-feed/css/cff-style.css?ver=3.7.6,theme_asset,http://www.flowersinagun.com/wp-content/plugins/custom-facebook-feed/css/cff-style.css?ver=3.7.6,text/css,1,20160719164433,20160719164433,20160719164433
flowersinagun.com/wp-content/plugins/custom-facebook-feed/css/cff-style.css?ver=3.7.8,theme_asset,http://www.flowersinagun.com/wp-content/plugins/custom-facebook-feed/css/cff-style.css?ver=3.7.8,text/css,1,20150619004313,20150619004313,20150619004313
flowersinagun.com/wp-content/plugins/custom-facebook-feed/css/cff-style.css?ver=4.3,theme_asset,http://www.flowersinagun.com/wp-content/plugins/custom-facebook-feed/css/cff-style.css?ver=4.3,text/css,1,20150907041546,20150907041546,20150907041546
flowersinagun.com/wp-content/plugins/custom-facebook-feed/css/cff-style.css?ver=4.3.1,theme_asset,http://www.flowersinagun.com/wp-content/plugins/custom-facebook-feed/css/cff-style.css?ver=4.3.1,text/css,1,20150928175126,20150928175126,20150928175126
flowersinagun.com/wp-content/plugins/custom-facebook-feed/js/cff-scripts.js?ver=2.3.10,theme_asset,http://www.flowersinagun.com/wp-content/plugins/custom-facebook-feed/js/cff-scripts.js?ver=2.3.10,text/javascript,1,20160307001112,20160307001112,20160307001112
flowersinagun.com/wp-content/plugins/custom-facebook-feed/js/cff-scripts.js?ver=2.4,theme_asset,http://www.flowersinagun.com/wp-content/plugins/custom-facebook-feed/js/cff-scripts.js?ver=2.4,text/javascript,1,20160424212932,20160424212932,20160424212932
flowersinagun.com/wp-content/plugins/custom-facebook-feed/js/cff-scripts.js?ver=3.7.1,theme_asset,http://www.flowersinagun.com/wp-content/plugins/custom-facebook-feed/js/cff-scripts.js?ver=3.7.1,text/javascript,1,20131115083602,20131115083602,20131115083602
flowersinagun.com/wp-content/plugins/custom-facebook-feed/js/cff-scripts.js?ver=3.7.3,theme_asset,http://www.flowersinagun.com/wp-content/plugins/custom-facebook-feed/js/cff-scripts.js?ver=3.7.3,text/javascript,1,20140520063931,20140520063931,20140520063931
flowersinagun.com/wp-content/plugins/custom-facebook-feed/js/cff-scripts.js?ver=3.7.5,theme_asset,http://www.flowersinagun.com/wp-content/plugins/custom-facebook-feed/js/cff-scripts.js?ver=3.7.5,text/javascript,1,20141221034842,20141221034842,20141221034842
flowersinagun.com/wp-content/plugins/custom-facebook-feed/js/cff-scripts.js?ver=3.7.6,theme_asset,http://www.flowersinagun.com/wp-content/plugins/custom-facebook-feed/js/cff-scripts.js?ver=3.7.6,text/javascript,1,20160719164436,20160719164436,20160719164436
flowersinagun.com/wp-content/plugins/custom-facebook-feed/js/cff-scripts.js?ver=3.7.8,theme_asset,http://www.flowersinagun.com/wp-content/plugins/custom-facebook-feed/js/cff-scripts.js?ver=3.7.8,text/javascript,1,20150619010812,20150619010812,20150619010812
flowersinagun.com/wp-content/plugins/custom-facebook-feed/js/cff-scripts.js?ver=4.3,theme_asset,http://www.flowersinagun.com/wp-content/plugins/custom-facebook-feed/js/cff-scripts.js?ver=4.3,text/javascript,1,20150907093813,20150907093813,20150907093813
flowersinagun.com/wp-content/plugins/custom-facebook-feed/js/cff-scripts.js?ver=4.3.1,theme_asset,http://www.flowersinagun.com/wp-content/plugins/custom-facebook-feed/js/cff-scripts.js?ver=4.3.1,text/javascript,1,20150928175054,20150928175054,20150928175054
flowersinagun.com/wp-content/plugins/easy-instagram/assets/colorbox/colorbox.css,theme_asset,https://www.flowersinagun.com/wp-content/plugins/easy-instagram/assets/colorbox/colorbox.css,text/css,1,20230519042615,20230519042615,20230519042615
flowersinagun.com/wp-content/plugins/easy-instagram/assets/colorbox/colorbox.css?ver=4.8.2,theme_asset,http://www.flowersinagun.com/wp-content/plugins/easy-instagram/assets/colorbox/colorbox.css?ver=4.8.2,text/css,1,20171024192828,20171024192828,20171024192828
flowersinagun.com/wp-content/plugins/easy-instagram/assets/colorbox/colorbox.css?ver=4.8.3,theme_asset,http://www.flowersinagun.com/wp-content/plugins/easy-instagram/assets/colorbox/colorbox.css?ver=4.8.3,text/css,1,20171116030341,20171116030341,20171116030341
flowersinagun.com/wp-content/plugins/easy-instagram/assets/colorbox/colorbox.css?ver=4.8.5,theme_asset,http://www.flowersinagun.com/wp-content/plugins/easy-instagram/assets/colorbox/colorbox.css?ver=4.8.5,text/css,1,20180211220405,20180211220405,20180211220405
flowersinagun.com/wp-content/plugins/easy-instagram/assets/colorbox/colorbox.css?ver=4.9.10,theme_asset,http://www.flowersinagun.com/wp-content/plugins/easy-instagram/assets/colorbox/colorbox.css?ver=4.9.10,text/css,1,20190621222129,20190621222129,20190621222129
flowersinagun.com/wp-content/plugins/easy-instagram/assets/colorbox/colorbox.css?ver=4.9.13,theme_asset,https://www.flowersinagun.com/wp-content/plugins/easy-instagram/assets/colorbox/colorbox.css?ver=4.9.13,text/css,1,20200317122037,20200317122037,20200317122037
flowersinagun.com/wp-content/plugins/easy-instagram/assets/colorbox/colorbox.css?ver=4.9.15,theme_asset,https://www.flowersinagun.com/wp-content/plugins/easy-instagram/assets/colorbox/colorbox.css?ver=4.9.15,text/css,2,20200614034240,20200614034255,20200614034255
flowersinagun.com/wp-content/plugins/easy-instagram/assets/colorbox/colorbox.css?ver=4.9.16,theme_asset,http://www.flowersinagun.com/wp-content/plugins/easy-instagram/assets/colorbox/colorbox.css?ver=4.9.16,text/css,1,20210308002607,20210308002607,20210308002607
flowersinagun.com/wp-content/plugins/easy-instagram/assets/colorbox/colorbox.css?ver=4.9.18,theme_asset,http://www.flowersinagun.com/wp-content/plugins/easy-instagram/assets/colorbox/colorbox.css?ver=4.9.18,text/css,2,20211019135532,20220323012959,20220323012959
flowersinagun.com/wp-content/plugins/easy-instagram/assets/colorbox/colorbox.css?ver=4.9.19,theme_asset,http://www.flowersinagun.com/wp-content/plugins/easy-instagram/assets/colorbox/colorbox.css?ver=4.9.19,text/css,1,20220115173408,20220115173408,20220115173408
flowersinagun.com/wp-content/plugins/easy-instagram/assets/colorbox/colorbox.css?ver=4.9.2,theme_asset,http://www.flowersinagun.com/wp-content/plugins/easy-instagram/assets/colorbox/colorbox.css?ver=4.9.2,text/css,1,20180218141135,20180218141135,20180218141135
flowersinagun.com/wp-content/plugins/easy-instagram/assets/colorbox/colorbox.css?ver=4.9.20,theme_asset,http://www.flowersinagun.com/wp-content/plugins/easy-instagram/assets/colorbox/colorbox.css?ver=4.9.20,text/css,1,20220624231230,20220624231230,20220624231230
flowersinagun.com/wp-content/plugins/easy-instagram/assets/colorbox/colorbox.css?ver=4.9.23,theme_asset,https://www.flowersinagun.com/wp-content/plugins/easy-instagram/assets/colorbox/colorbox.css?ver=4.9.23,text/css,2,20230519024101,20230605051136,20230605051136 20230519024101
flowersinagun.com/wp-content/plugins/easy-instagram/assets/colorbox/colorbox.css?ver=4.9.24,theme_asset,https://www.flowersinagun.com/wp-content/plugins/easy-instagram/assets/colorbox/colorbox.css?ver=4.9.24,text/css,1,20231225052732,20231225052732,20231225052732
flowersinagun.com/wp-content/plugins/easy-instagram/assets/colorbox/colorbox.css?ver=4.9.25,theme_asset,https://www.flowersinagun.com/wp-content/plugins/easy-instagram/assets/colorbox/colorbox.css?ver=4.9.25,text/css,1,20240409173829,20240409173829,20240409173829
flowersinagun.com/wp-content/plugins/easy-instagram/assets/colorbox/colorbox.css?ver=4.9.8,theme_asset,http://www.flowersinagun.com/wp-content/plugins/easy-instagram/assets/colorbox/colorbox.css?ver=4.9.8,text/css,1,20181119063148,20181119063148,20181119063148
flowersinagun.com/wp-content/plugins/easy-instagram/assets/colorbox/colorbox.css?ver=4.9.9,theme_asset,http://www.flowersinagun.com/wp-content/plugins/easy-instagram/assets/colorbox/colorbox.css?ver=4.9.9,text/css,1,20190214082205,20190214082205,20190214082205
flowersinagun.com/wp-content/plugins/easy-instagram/assets/colorbox/jquery.colorbox-min.js,theme_asset,https://www.flowersinagun.com/wp-content/plugins/easy-instagram/assets/colorbox/jquery.colorbox-min.js,application/javascript,1,20230522065259,20230522065259,20230522065259
flowersinagun.com/wp-content/plugins/easy-instagram/assets/colorbox/jquery.colorbox-min.js?ver=4.8.2,theme_asset,http://www.flowersinagun.com/wp-content/plugins/easy-instagram/assets/colorbox/jquery.colorbox-min.js?ver=4.8.2,text/javascript,1,20171024185833,20171024185833,20171024185833
flowersinagun.com/wp-content/plugins/easy-instagram/assets/colorbox/jquery.colorbox-min.js?ver=4.8.3,theme_asset,http://www.flowersinagun.com/wp-content/plugins/easy-instagram/assets/colorbox/jquery.colorbox-min.js?ver=4.8.3,text/javascript,1,20171116025618,20171116025618,20171116025618
flowersinagun.com/wp-content/plugins/easy-instagram/assets/colorbox/jquery.colorbox-min.js?ver=4.8.5,theme_asset,http://www.flowersinagun.com/wp-content/plugins/easy-instagram/assets/colorbox/jquery.colorbox-min.js?ver=4.8.5,text/javascript,1,20180211201120,20180211201120,20180211201120
flowersinagun.com/wp-content/plugins/easy-instagram/assets/colorbox/jquery.colorbox-min.js?ver=4.9.10,theme_asset,http://www.flowersinagun.com/wp-content/plugins/easy-instagram/assets/colorbox/jquery.colorbox-min.js?ver=4.9.10,application/javascript,1,20190621222305,20190621222305,20190621222305
flowersinagun.com/wp-content/plugins/easy-instagram/assets/colorbox/jquery.colorbox-min.js?ver=4.9.13,theme_asset,https://www.flowersinagun.com/wp-content/plugins/easy-instagram/assets/colorbox/jquery.colorbox-min.js?ver=4.9.13,application/javascript,1,20200309180842,20200309180842,20200309180842
flowersinagun.com/wp-content/plugins/easy-instagram/assets/colorbox/jquery.colorbox-min.js?ver=4.9.15,theme_asset,https://www.flowersinagun.com/wp-content/plugins/easy-instagram/assets/colorbox/jquery.colorbox-min.js?ver=4.9.15,application/javascript,2,20200614034248,20200614034256,20200614034256
flowersinagun.com/wp-content/plugins/easy-instagram/assets/colorbox/jquery.colorbox-min.js?ver=4.9.16,theme_asset,http://www.flowersinagun.com/wp-content/plugins/easy-instagram/assets/colorbox/jquery.colorbox-min.js?ver=4.9.16,application/javascript,1,20210308002614,20210308002614,20210308002614
flowersinagun.com/wp-content/plugins/easy-instagram/assets/colorbox/jquery.colorbox-min.js?ver=4.9.18,theme_asset,http://www.flowersinagun.com/wp-content/plugins/easy-instagram/assets/colorbox/jquery.colorbox-min.js?ver=4.9.18,application/javascript,2,20211019044828,20220323013000,20220323013000
flowersinagun.com/wp-content/plugins/easy-instagram/assets/colorbox/jquery.colorbox-min.js?ver=4.9.19,theme_asset,http://www.flowersinagun.com/wp-content/plugins/easy-instagram/assets/colorbox/jquery.colorbox-min.js?ver=4.9.19,application/javascript,1,20220115173408,20220115173408,20220115173408
flowersinagun.com/wp-content/plugins/easy-instagram/assets/colorbox/jquery.colorbox-min.js?ver=4.9.2,theme_asset,http://www.flowersinagun.com/wp-content/plugins/easy-instagram/assets/colorbox/jquery.colorbox-min.js?ver=4.9.2,text/javascript,1,20180218170737,20180218170737,20180218170737
flowersinagun.com/wp-content/plugins/easy-instagram/assets/colorbox/jquery.colorbox-min.js?ver=4.9.20,theme_asset,http://www.flowersinagun.com/wp-content/plugins/easy-instagram/assets/colorbox/jquery.colorbox-min.js?ver=4.9.20,application/javascript,1,20220624231230,20220624231230,20220624231230
flowersinagun.com/wp-content/plugins/easy-instagram/assets/colorbox/jquery.colorbox-min.js?ver=4.9.23,theme_asset,https://www.flowersinagun.com/wp-content/plugins/easy-instagram/assets/colorbox/jquery.colorbox-min.js?ver=4.9.23,application/javascript,2,20230519042649,20230605051144,20230605051144 20230519042649
flowersinagun.com/wp-content/plugins/easy-instagram/assets/colorbox/jquery.colorbox-min.js?ver=4.9.24,theme_asset,https://www.flowersinagun.com/wp-content/plugins/easy-instagram/assets/colorbox/jquery.colorbox-min.js?ver=4.9.24,application/javascript,1,20231213215311,20231213215311,20231213215311
flowersinagun.com/wp-content/plugins/easy-instagram/assets/colorbox/jquery.colorbox-min.js?ver=4.9.25,theme_asset,https://www.flowersinagun.com/wp-content/plugins/easy-instagram/assets/colorbox/jquery.colorbox-min.js?ver=4.9.25,application/javascript,1,20240409181439,20240409181439,20240409181439
flowersinagun.com/wp-content/plugins/easy-instagram/assets/colorbox/jquery.colorbox-min.js?ver=4.9.8,theme_asset,http://www.flowersinagun.com/wp-content/plugins/easy-instagram/assets/colorbox/jquery.colorbox-min.js?ver=4.9.8,text/javascript,1,20181119064811,20181119064811,20181119064811
flowersinagun.com/wp-content/plugins/easy-instagram/assets/colorbox/jquery.colorbox-min.js?ver=4.9.9,theme_asset,http://www.flowersinagun.com/wp-content/plugins/easy-instagram/assets/colorbox/jquery.colorbox-min.js?ver=4.9.9,text/javascript,1,20190212102302,20190212102302,20190212102302
flowersinagun.com/wp-content/plugins/easy-instagram/assets/css/style.min.css,theme_asset,https://www.flowersinagun.com/wp-content/plugins/easy-instagram/assets/css/style.min.css,text/css,1,20230519030400,20230519030400,20230519030400
flowersinagun.com/wp-content/plugins/easy-instagram/assets/css/style.min.css?ver=4.8.2,theme_asset,http://www.flowersinagun.com/wp-content/plugins/easy-instagram/assets/css/style.min.css?ver=4.8.2,text/css,1,20171024185635,20171024185635,20171024185635
flowersinagun.com/wp-content/plugins/easy-instagram/assets/css/style.min.css?ver=4.8.3,theme_asset,http://www.flowersinagun.com/wp-content/plugins/easy-instagram/assets/css/style.min.css?ver=4.8.3,text/css,1,20171116031517,20171116031517,20171116031517
flowersinagun.com/wp-content/plugins/easy-instagram/assets/css/style.min.css?ver=4.8.5,theme_asset,http://www.flowersinagun.com/wp-content/plugins/easy-instagram/assets/css/style.min.css?ver=4.8.5,text/css,1,20180211200233,20180211200233,20180211200233
flowersinagun.com/wp-content/plugins/easy-instagram/assets/css/style.min.css?ver=4.9.10,theme_asset,http://www.flowersinagun.com/wp-content/plugins/easy-instagram/assets/css/style.min.css?ver=4.9.10,text/css,1,20190621223340,20190621223340,20190621223340
flowersinagun.com/wp-content/plugins/easy-instagram/assets/css/style.min.css?ver=4.9.13,theme_asset,http://www.flowersinagun.com/wp-content/plugins/easy-instagram/assets/css/style.min.css?ver=4.9.13,text/css,1,20200226223635,20200226223635,20200226223635
flowersinagun.com/wp-content/plugins/easy-instagram/assets/css/style.min.css?ver=4.9.15,theme_asset,https://www.flowersinagun.com/wp-content/plugins/easy-instagram/assets/css/style.min.css?ver=4.9.15,text/css,2,20200614034250,20200614034309,20200614034309
flowersinagun.com/wp-content/plugins/easy-instagram/assets/css/style.min.css?ver=4.9.16,theme_asset,http://www.flowersinagun.com/wp-content/plugins/easy-instagram/assets/css/style.min.css?ver=4.9.16,text/css,1,20210308002611,20210308002611,20210308002611
flowersinagun.com/wp-content/plugins/easy-instagram/assets/css/style.min.css?ver=4.9.18,theme_asset,http://www.flowersinagun.com/wp-content/plugins/easy-instagram/assets/css/style.min.css?ver=4.9.18,text/css,2,20211020032753,20220620113448,20220620113448
flowersinagun.com/wp-content/plugins/easy-instagram/assets/css/style.min.css?ver=4.9.19,theme_asset,http://www.flowersinagun.com/wp-content/plugins/easy-instagram/assets/css/style.min.css?ver=4.9.19,text/css,1,20220115173408,20220115173408,20220115173408
flowersinagun.com/wp-content/plugins/easy-instagram/assets/css/style.min.css?ver=4.9.2,theme_asset,http://www.flowersinagun.com/wp-content/plugins/easy-instagram/assets/css/style.min.css?ver=4.9.2,text/css,1,20180218164545,20180218164545,20180218164545
flowersinagun.com/wp-content/plugins/easy-instagram/assets/css/style.min.css?ver=4.9.20,theme_asset,http://www.flowersinagun.com/wp-content/plugins/easy-instagram/assets/css/style.min.css?ver=4.9.20,text/css,1,20220624231230,20220624231230,20220624231230
flowersinagun.com/wp-content/plugins/easy-instagram/assets/css/style.min.css?ver=4.9.23,theme_asset,https://www.flowersinagun.com/wp-content/plugins/easy-instagram/assets/css/style.min.css?ver=4.9.23,text/css,2,20230519055328,20230605051145,20230605051145 20230519055328
flowersinagun.com/wp-content/plugins/easy-instagram/assets/css/style.min.css?ver=4.9.24,theme_asset,https://www.flowersinagun.com/wp-content/plugins/easy-instagram/assets/css/style.min.css?ver=4.9.24,text/css,1,20231120230313,20231120230313,20231120230313
flowersinagun.com/wp-content/plugins/easy-instagram/assets/css/style.min.css?ver=4.9.25,theme_asset,https://www.flowersinagun.com/wp-content/plugins/easy-instagram/assets/css/style.min.css?ver=4.9.25,text/css,1,20240409180207,20240409180207,20240409180207
flowersinagun.com/wp-content/plugins/easy-instagram/assets/css/style.min.css?ver=4.9.8,theme_asset,http://www.flowersinagun.com/wp-content/plugins/easy-instagram/assets/css/style.min.css?ver=4.9.8,text/css,1,20181119064813,20181119064813,20181119064813
flowersinagun.com/wp-content/plugins/easy-instagram/assets/css/style.min.css?ver=4.9.9,theme_asset,http://www.flowersinagun.com/wp-content/plugins/easy-instagram/assets/css/style.min.css?ver=4.9.9,text/css,1,20190131153028,20190131153028,20190131153028
flowersinagun.com/wp-content/plugins/easy-instagram/assets/js/main.min.js,theme_asset,https://www.flowersinagun.com/wp-content/plugins/easy-instagram/assets/js/main.min.js,application/javascript,1,20230519161402,20230519161402,20230519161402
flowersinagun.com/wp-content/plugins/easy-instagram/assets/js/main.min.js?ver=4.8.2,theme_asset,http://www.flowersinagun.com/wp-content/plugins/easy-instagram/assets/js/main.min.js?ver=4.8.2,text/javascript,1,20171024192810,20171024192810,20171024192810
flowersinagun.com/wp-content/plugins/easy-instagram/assets/js/main.min.js?ver=4.8.3,theme_asset,http://www.flowersinagun.com/wp-content/plugins/easy-instagram/assets/js/main.min.js?ver=4.8.3,text/javascript,1,20180122035730,20180122035730,20180122035730
flowersinagun.com/wp-content/plugins/easy-instagram/assets/js/main.min.js?ver=4.8.5,theme_asset,http://www.flowersinagun.com/wp-content/plugins/easy-instagram/assets/js/main.min.js?ver=4.8.5,text/javascript,1,20180211211155,20180211211155,20180211211155
flowersinagun.com/wp-content/plugins/easy-instagram/assets/js/main.min.js?ver=4.9.10,theme_asset,http://www.flowersinagun.com/wp-content/plugins/easy-instagram/assets/js/main.min.js?ver=4.9.10,application/javascript,1,20190621224121,20190621224121,20190621224121
flowersinagun.com/wp-content/plugins/easy-instagram/assets/js/main.min.js?ver=4.9.13,theme_asset,http://www.flowersinagun.com/wp-content/plugins/easy-instagram/assets/js/main.min.js?ver=4.9.13,application/javascript,1,20200315054455,20200315054455,20200315054455
flowersinagun.com/wp-content/plugins/easy-instagram/assets/js/main.min.js?ver=4.9.15,theme_asset,https://www.flowersinagun.com/wp-content/plugins/easy-instagram/assets/js/main.min.js?ver=4.9.15,application/javascript,2,20200614034254,20200614034305,20200614034305
flowersinagun.com/wp-content/plugins/easy-instagram/assets/js/main.min.js?ver=4.9.16,theme_asset,http://www.flowersinagun.com/wp-content/plugins/easy-instagram/assets/js/main.min.js?ver=4.9.16,application/javascript,1,20210308002607,20210308002607,20210308002607
flowersinagun.com/wp-content/plugins/easy-instagram/assets/js/main.min.js?ver=4.9.18,theme_asset,http://www.flowersinagun.com/wp-content/plugins/easy-instagram/assets/js/main.min.js?ver=4.9.18,application/javascript,2,20211019161738,20220420092230,20220420092230
flowersinagun.com/wp-content/plugins/easy-instagram/assets/js/main.min.js?ver=4.9.19,theme_asset,http://www.flowersinagun.com/wp-content/plugins/easy-instagram/assets/js/main.min.js?ver=4.9.19,application/javascript,1,20220115173408,20220115173408,20220115173408
flowersinagun.com/wp-content/plugins/easy-instagram/assets/js/main.min.js?ver=4.9.2,theme_asset,http://www.flowersinagun.com/wp-content/plugins/easy-instagram/assets/js/main.min.js?ver=4.9.2,text/javascript,1,20180218093456,20180218093456,20180218093456
flowersinagun.com/wp-content/plugins/easy-instagram/assets/js/main.min.js?ver=4.9.20,theme_asset,http://www.flowersinagun.com/wp-content/plugins/easy-instagram/assets/js/main.min.js?ver=4.9.20,application/javascript,1,20220624231230,20220624231230,20220624231230
flowersinagun.com/wp-content/plugins/easy-instagram/assets/js/main.min.js?ver=4.9.23,theme_asset,https://www.flowersinagun.com/wp-content/plugins/easy-instagram/assets/js/main.min.js?ver=4.9.23,application/javascript,2,20230522073714,20230605051126,20230605051126 20230522073714
flowersinagun.com/wp-content/plugins/easy-instagram/assets/js/main.min.js?ver=4.9.24,theme_asset,https://www.flowersinagun.com/wp-content/plugins/easy-instagram/assets/js/main.min.js?ver=4.9.24,application/javascript,1,20231120171216,20231120171216,20231120171216
flowersinagun.com/wp-content/plugins/easy-instagram/assets/js/main.min.js?ver=4.9.25,theme_asset,https://www.flowersinagun.com/wp-content/plugins/easy-instagram/assets/js/main.min.js?ver=4.9.25,application/javascript,1,20240409183135,20240409183135,20240409183135
flowersinagun.com/wp-content/plugins/easy-instagram/assets/js/main.min.js?ver=4.9.8,theme_asset,http://www.flowersinagun.com/wp-content/plugins/easy-instagram/assets/js/main.min.js?ver=4.9.8,text/javascript,1,20181119062601,20181119062601,20181119062601
flowersinagun.com/wp-content/plugins/easy-instagram/assets/js/main.min.js?ver=4.9.9,theme_asset,http://www.flowersinagun.com/wp-content/plugins/easy-instagram/assets/js/main.min.js?ver=4.9.9,text/javascript,1,20190213192233,20190213192233,20190213192233
flowersinagun.com/wp-content/plugins/easy-instagram/assets/video-js/font/vjs.eot,theme_asset,http://www.flowersinagun.com/wp-content/plugins/easy-instagram/assets/video-js/font/vjs.eot,application/vnd.ms-fontobject,3,20171106225947,20210308103709,20210308103709
flowersinagun.com/wp-content/plugins/easy-instagram/assets/video-js/font/vjs.ttf,theme_asset,http://www.flowersinagun.com/wp-content/plugins/easy-instagram/assets/video-js/font/vjs.ttf,text/plain,3,20171106230443,20210308103709,20210308103709
flowersinagun.com/wp-content/plugins/easy-instagram/assets/video-js/font/vjs.woff,theme_asset,http://www.flowersinagun.com/wp-content/plugins/easy-instagram/assets/video-js/font/vjs.woff,text/plain,3,20171106225828,20210308103709,20210308103709
flowersinagun.com/wp-content/plugins/easy-instagram/assets/video-js/video-js.css,theme_asset,https://www.flowersinagun.com/wp-content/plugins/easy-instagram/assets/video-js/video-js.css,text/css,1,20230519034243,20230519034243,20230519034243
flowersinagun.com/wp-content/plugins/easy-instagram/assets/video-js/video-js.css?ver=4.8.2,theme_asset,http://www.flowersinagun.com/wp-content/plugins/easy-instagram/assets/video-js/video-js.css?ver=4.8.2,text/css,1,20171024190510,20171024190510,20171024190510
flowersinagun.com/wp-content/plugins/easy-instagram/assets/video-js/video-js.css?ver=4.8.3,theme_asset,http://www.flowersinagun.com/wp-content/plugins/easy-instagram/assets/video-js/video-js.css?ver=4.8.3,text/css,1,20171116032547,20171116032547,20171116032547
flowersinagun.com/wp-content/plugins/easy-instagram/assets/video-js/video-js.css?ver=4.8.5,theme_asset,http://www.flowersinagun.com/wp-content/plugins/easy-instagram/assets/video-js/video-js.css?ver=4.8.5,text/css,1,20180211192935,20180211192935,20180211192935
flowersinagun.com/wp-content/plugins/easy-instagram/assets/video-js/video-js.css?ver=4.9.10,theme_asset,http://www.flowersinagun.com/wp-content/plugins/easy-instagram/assets/video-js/video-js.css?ver=4.9.10,text/css,1,20190621222841,20190621222841,20190621222841
flowersinagun.com/wp-content/plugins/easy-instagram/assets/video-js/video-js.css?ver=4.9.13,theme_asset,https://www.flowersinagun.com/wp-content/plugins/easy-instagram/assets/video-js/video-js.css?ver=4.9.13,text/css,1,20200316062745,20200316062745,20200316062745
flowersinagun.com/wp-content/plugins/easy-instagram/assets/video-js/video-js.css?ver=4.9.15,theme_asset,https://www.flowersinagun.com/wp-content/plugins/easy-instagram/assets/video-js/video-js.css?ver=4.9.15,text/css,2,20200614034251,20200614034255,20200614034255
flowersinagun.com/wp-content/plugins/easy-instagram/assets/video-js/video-js.css?ver=4.9.16,theme_asset,http://www.flowersinagun.com/wp-content/plugins/easy-instagram/assets/video-js/video-js.css?ver=4.9.16,text/css,1,20210308002613,20210308002613,20210308002613
flowersinagun.com/wp-content/plugins/easy-instagram/assets/video-js/video-js.css?ver=4.9.18,theme_asset,https://www.flowersinagun.com/wp-content/plugins/easy-instagram/assets/video-js/video-js.css?ver=4.9.18,text/css,1,20211019074834,20211019074834,20211019074834
flowersinagun.com/wp-content/plugins/easy-instagram/assets/video-js/video-js.css?ver=4.9.19,theme_asset,http://www.flowersinagun.com/wp-content/plugins/easy-instagram/assets/video-js/video-js.css?ver=4.9.19,text/css,1,20220115173408,20220115173408,20220115173408
flowersinagun.com/wp-content/plugins/easy-instagram/assets/video-js/video-js.css?ver=4.9.2,theme_asset,http://www.flowersinagun.com/wp-content/plugins/easy-instagram/assets/video-js/video-js.css?ver=4.9.2,text/css,1,20180218203419,20180218203419,20180218203419
flowersinagun.com/wp-content/plugins/easy-instagram/assets/video-js/video-js.css?ver=4.9.20,theme_asset,http://www.flowersinagun.com/wp-content/plugins/easy-instagram/assets/video-js/video-js.css?ver=4.9.20,text/css,1,20220624231230,20220624231230,20220624231230
flowersinagun.com/wp-content/plugins/easy-instagram/assets/video-js/video-js.css?ver=4.9.23,theme_asset,https://www.flowersinagun.com/wp-content/plugins/easy-instagram/assets/video-js/video-js.css?ver=4.9.23,text/css,2,20230522050750,20230605051145,20230605051145 20230522050750
flowersinagun.com/wp-content/plugins/easy-instagram/assets/video-js/video-js.css?ver=4.9.24,theme_asset,https://www.flowersinagun.com/wp-content/plugins/easy-instagram/assets/video-js/video-js.css?ver=4.9.24,text/css,1,20231225105754,20231225105754,20231225105754
flowersinagun.com/wp-content/plugins/easy-instagram/assets/video-js/video-js.css?ver=4.9.25,theme_asset,https://www.flowersinagun.com/wp-content/plugins/easy-instagram/assets/video-js/video-js.css?ver=4.9.25,text/css,1,20240409184704,20240409184704,20240409184704
flowersinagun.com/wp-content/plugins/easy-instagram/assets/video-js/video-js.css?ver=4.9.8,theme_asset,http://www.flowersinagun.com/wp-content/plugins/easy-instagram/assets/video-js/video-js.css?ver=4.9.8,text/css,1,20181119064903,20181119064903,20181119064903
flowersinagun.com/wp-content/plugins/easy-instagram/assets/video-js/video-js.css?ver=4.9.9,theme_asset,http://www.flowersinagun.com/wp-content/plugins/easy-instagram/assets/video-js/video-js.css?ver=4.9.9,text/css,1,20190212030118,20190212030118,20190212030118
flowersinagun.com/wp-content/plugins/easy-instagram/assets/video-js/video-js.swf,theme_asset,http://www.flowersinagun.com/wp-content/plugins/easy-instagram/assets/video-js/video-js.swf,application/x-shockwave-flash,1,20220624231230,20220624231230,20220624231230
flowersinagun.com/wp-content/plugins/easy-instagram/assets/video-js/video.js,theme_asset,https://www.flowersinagun.com/wp-content/plugins/easy-instagram/assets/video-js/video.js,application/javascript,1,20230519030520,20230519030520,20230519030520
flowersinagun.com/wp-content/plugins/easy-instagram/assets/video-js/video.js?ver=4.8.2,theme_asset,http://www.flowersinagun.com/wp-content/plugins/easy-instagram/assets/video-js/video.js?ver=4.8.2,text/javascript,1,20171024185135,20171024185135,20171024185135
flowersinagun.com/wp-content/plugins/easy-instagram/assets/video-js/video.js?ver=4.8.3,theme_asset,http://www.flowersinagun.com/wp-content/plugins/easy-instagram/assets/video-js/video.js?ver=4.8.3,text/javascript,1,20171116031731,20171116031731,20171116031731
flowersinagun.com/wp-content/plugins/easy-instagram/assets/video-js/video.js?ver=4.8.5,theme_asset,http://www.flowersinagun.com/wp-content/plugins/easy-instagram/assets/video-js/video.js?ver=4.8.5,text/javascript,1,20180211203237,20180211203237,20180211203237
flowersinagun.com/wp-content/plugins/easy-instagram/assets/video-js/video.js?ver=4.9.10,theme_asset,http://www.flowersinagun.com/wp-content/plugins/easy-instagram/assets/video-js/video.js?ver=4.9.10,application/javascript,1,20190621224009,20190621224009,20190621224009
flowersinagun.com/wp-content/plugins/easy-instagram/assets/video-js/video.js?ver=4.9.13,theme_asset,http://www.flowersinagun.com/wp-content/plugins/easy-instagram/assets/video-js/video.js?ver=4.9.13,application/javascript,1,20200315084042,20200315084042,20200315084042
flowersinagun.com/wp-content/plugins/easy-instagram/assets/video-js/video.js?ver=4.9.15,theme_asset,https://www.flowersinagun.com/wp-content/plugins/easy-instagram/assets/video-js/video.js?ver=4.9.15,application/javascript,2,20200614034247,20200614034307,20200614034307
flowersinagun.com/wp-content/plugins/easy-instagram/assets/video-js/video.js?ver=4.9.16,theme_asset,http://www.flowersinagun.com/wp-content/plugins/easy-instagram/assets/video-js/video.js?ver=4.9.16,application/javascript,1,20210308002603,20210308002603,20210308002603
flowersinagun.com/wp-content/plugins/easy-instagram/assets/video-js/video.js?ver=4.9.18,theme_asset,https://www.flowersinagun.com/wp-content/plugins/easy-instagram/assets/video-js/video.js?ver=4.9.18,application/javascript,1,20211019075300,20211019075300,20211019075300
flowersinagun.com/wp-content/plugins/easy-instagram/assets/video-js/video.js?ver=4.9.2,theme_asset,http://www.flowersinagun.com/wp-content/plugins/easy-instagram/assets/video-js/video.js?ver=4.9.2,text/javascript,1,20180219005415,20180219005415,20180219005415
flowersinagun.com/wp-content/plugins/easy-instagram/assets/video-js/video.js?ver=4.9.20,theme_asset,http://www.flowersinagun.com/wp-content/plugins/easy-instagram/assets/video-js/video.js?ver=4.9.20,application/javascript,1,20220624231230,20220624231230,20220624231230
flowersinagun.com/wp-content/plugins/easy-instagram/assets/video-js/video.js?ver=4.9.23,theme_asset,https://www.flowersinagun.com/wp-content/plugins/easy-instagram/assets/video-js/video.js?ver=4.9.23,application/javascript,2,20230519052502,20230605051143,20230605051143 20230519052502
flowersinagun.com/wp-content/plugins/easy-instagram/assets/video-js/video.js?ver=4.9.24,theme_asset,https://www.flowersinagun.com/wp-content/plugins/easy-instagram/assets/video-js/video.js?ver=4.9.24,application/javascript,1,20231120161005,20231120161005,20231120161005
flowersinagun.com/wp-content/plugins/easy-instagram/assets/video-js/video.js?ver=4.9.25,theme_asset,https://www.flowersinagun.com/wp-content/plugins/easy-instagram/assets/video-js/video.js?ver=4.9.25,application/javascript,1,20240409174203,20240409174203,20240409174203
flowersinagun.com/wp-content/plugins/easy-instagram/assets/video-js/video.js?ver=4.9.8,theme_asset,http://www.flowersinagun.com/wp-content/plugins/easy-instagram/assets/video-js/video.js?ver=4.9.8,text/javascript,1,20181119064958,20181119064958,20181119064958
flowersinagun.com/wp-content/plugins/easy-instagram/assets/video-js/video.js?ver=4.9.9,theme_asset,http://www.flowersinagun.com/wp-content/plugins/easy-instagram/assets/video-js/video.js?ver=4.9.9,text/javascript,1,20190211194811,20190211194811,20190211194811
flowersinagun.com/wp-content/plugins/glastfm/theme/style.css,theme_asset,https://www.flowersinagun.com/wp-content/plugins/glastfm/theme/style.css,text/css,1,20230519061836,20230519061836,20230519061836
flowersinagun.com/wp-content/plugins/glastfm/theme/style.css?ver=3.7.1,theme_asset,http://www.flowersinagun.com/wp-content/plugins/glastfm/theme/style.css?ver=3.7.1,text/css,1,20131115082504,20131115082504,20131115082504
flowersinagun.com/wp-content/plugins/glastfm/theme/style.css?ver=3.7.3,theme_asset,http://www.flowersinagun.com/wp-content/plugins/glastfm/theme/style.css?ver=3.7.3,text/css,1,20140520055034,20140520055034,20140520055034
flowersinagun.com/wp-content/plugins/glastfm/theme/style.css?ver=3.7.5,theme_asset,http://www.flowersinagun.com/wp-content/plugins/glastfm/theme/style.css?ver=3.7.5,text/css,1,20141221060338,20141221060338,20141221060338
flowersinagun.com/wp-content/plugins/glastfm/theme/style.css?ver=3.7.6,theme_asset,http://www.flowersinagun.com/wp-content/plugins/glastfm/theme/style.css?ver=3.7.6,text/css,1,20160719164433,20160719164433,20160719164433
flowersinagun.com/wp-content/plugins/glastfm/theme/style.css?ver=3.7.8,theme_asset,http://www.flowersinagun.com/wp-content/plugins/glastfm/theme/style.css?ver=3.7.8,text/css,1,20150619013633,20150619013633,20150619013633
flowersinagun.com/wp-content/plugins/glastfm/theme/style.css?ver=4.3,theme_asset,http://www.flowersinagun.com/wp-content/plugins/glastfm/theme/style.css?ver=4.3,text/css,1,20150907093827,20150907093827,20150907093827
flowersinagun.com/wp-content/plugins/glastfm/theme/style.css?ver=4.3.1,theme_asset,http://www.flowersinagun.com/wp-content/plugins/glastfm/theme/style.css?ver=4.3.1,text/css,1,20150928174753,20150928174753,20150928174753
flowersinagun.com/wp-content/plugins/glastfm/theme/style.css?ver=4.4.2,theme_asset,http://www.flowersinagun.com/wp-content/plugins/glastfm/theme/style.css?ver=4.4.2,text/css,1,20160307002349,20160307002349,20160307002349
flowersinagun.com/wp-content/plugins/glastfm/theme/style.css?ver=4.4.3,theme_asset,http://www.flowersinagun.com/wp-content/plugins/glastfm/theme/style.css?ver=4.4.3,text/css,1,20160811140919,20160811140919,20160811140919
flowersinagun.com/wp-content/plugins/glastfm/theme/style.css?ver=4.4.4,theme_asset,http://www.flowersinagun.com/wp-content/plugins/glastfm/theme/style.css?ver=4.4.4,text/css,1,20160828123219,20160828123219,20160828123219
flowersinagun.com/wp-content/plugins/glastfm/theme/style.css?ver=4.4.5,theme_asset,http://www.flowersinagun.com/wp-content/plugins/glastfm/theme/style.css?ver=4.4.5,text/css,1,20160919230406,20160919230406,20160919230406
flowersinagun.com/wp-content/plugins/glastfm/theme/style.css?ver=4.7,theme_asset,http://www.flowersinagun.com/wp-content/plugins/glastfm/theme/style.css?ver=4.7,text/css,1,20170210221925,20170210221925,20170210221925
flowersinagun.com/wp-content/plugins/glastfm/theme/style.css?ver=4.7.2,theme_asset,http://www.flowersinagun.com/wp-content/plugins/glastfm/theme/style.css?ver=4.7.2,text/css,1,20170227233517,20170227233517,20170227233517
flowersinagun.com/wp-content/plugins/glastfm/theme/style.css?ver=4.7.4,theme_asset,http://www.flowersinagun.com/wp-content/plugins/glastfm/theme/style.css?ver=4.7.4,text/css,1,20220803005356,20220803005356,20220803005356
flowersinagun.com/wp-content/plugins/glastfm/theme/style.css?ver=4.7.5,theme_asset,http://www.flowersinagun.com/wp-content/plugins/glastfm/theme/style.css?ver=4.7.5,text/css,1,20170710221132,20170710221132,20170710221132
flowersinagun.com/wp-content/plugins/glastfm/theme/style.css?ver=4.8.2,theme_asset,http://www.flowersinagun.com/wp-content/plugins/glastfm/theme/style.css?ver=4.8.2,text/css,1,20171024191559,20171024191559,20171024191559
flowersinagun.com/wp-content/plugins/glastfm/theme/style.css?ver=4.8.3,theme_asset,http://www.flowersinagun.com/wp-content/plugins/glastfm/theme/style.css?ver=4.8.3,text/css,1,20171116023739,20171116023739,20171116023739
flowersinagun.com/wp-content/plugins/glastfm/theme/style.css?ver=4.8.5,theme_asset,http://www.flowersinagun.com/wp-content/plugins/glastfm/theme/style.css?ver=4.8.5,text/css,1,20180211220311,20180211220311,20180211220311
flowersinagun.com/wp-content/plugins/glastfm/theme/style.css?ver=4.9.10,theme_asset,http://www.flowersinagun.com/wp-content/plugins/glastfm/theme/style.css?ver=4.9.10,text/css,1,20190621223449,20190621223449,20190621223449
flowersinagun.com/wp-content/plugins/glastfm/theme/style.css?ver=4.9.13,theme_asset,https://www.flowersinagun.com/wp-content/plugins/glastfm/theme/style.css?ver=4.9.13,text/css,1,20200320074526,20200320074526,20200320074526
flowersinagun.com/wp-content/plugins/glastfm/theme/style.css?ver=4.9.15,theme_asset,https://www.flowersinagun.com/wp-content/plugins/glastfm/theme/style.css?ver=4.9.15,text/css,1,20200614034247,20200614034247,20200614034247
flowersinagun.com/wp-content/plugins/glastfm/theme/style.css?ver=4.9.16,theme_asset,https://www.flowersinagun.com/wp-content/plugins/glastfm/theme/style.css?ver=4.9.16,text/css,1,20210308002611,20210308002611,20210308002611
flowersinagun.com/wp-content/plugins/glastfm/theme/style.css?ver=4.9.18,theme_asset,https://www.flowersinagun.com/wp-content/plugins/glastfm/theme/style.css?ver=4.9.18,text/css,1,20211019080155,20211019080155,20211019080155
flowersinagun.com/wp-content/plugins/glastfm/theme/style.css?ver=4.9.19,theme_asset,https://www.flowersinagun.com/wp-content/plugins/glastfm/theme/style.css?ver=4.9.19,text/css,1,20220115173406,20220115173406,20220115173406
flowersinagun.com/wp-content/plugins/glastfm/theme/style.css?ver=4.9.2,theme_asset,http://www.flowersinagun.com/wp-content/plugins/glastfm/theme/style.css?ver=4.9.2,text/css,1,20180218142024,20180218142024,20180218142024
flowersinagun.com/wp-content/plugins/glastfm/theme/style.css?ver=4.9.20,theme_asset,https://www.flowersinagun.com/wp-content/plugins/glastfm/theme/style.css?ver=4.9.20,text/css,1,20220624231230,20220624231230,20220624231230
flowersinagun.com/wp-content/plugins/glastfm/theme/style.css?ver=4.9.23,theme_asset,https://www.flowersinagun.com/wp-content/plugins/glastfm/theme/style.css?ver=4.9.23,text/css,2,20230522033715,20230605051135,20230605051135 20230522033715
flowersinagun.com/wp-content/plugins/glastfm/theme/style.css?ver=4.9.24,theme_asset,https://www.flowersinagun.com/wp-content/plugins/glastfm/theme/style.css?ver=4.9.24,text/css,1,20231204192015,20231204192015,20231204192015
flowersinagun.com/wp-content/plugins/glastfm/theme/style.css?ver=4.9.25,theme_asset,https://www.flowersinagun.com/wp-content/plugins/glastfm/theme/style.css?ver=4.9.25,text/css,1,20240409184702,20240409184702,20240409184702
flowersinagun.com/wp-content/plugins/glastfm/theme/style.css?ver=4.9.8,theme_asset,http://www.flowersinagun.com/wp-content/plugins/glastfm/theme/style.css?ver=4.9.8,text/css,1,20181119063204,20181119063204,20181119063204
flowersinagun.com/wp-content/plugins/glastfm/theme/style.css?ver=4.9.9,theme_asset,http://www.flowersinagun.com/wp-content/plugins/glastfm/theme/style.css?ver=4.9.9,text/css,1,20190208195913,20190208195913,20190208195913
flowersinagun.com/wp-content/plugins/google-analyticator/external-tracking.min.js,theme_asset,https://www.flowersinagun.com/wp-content/plugins/google-analyticator/external-tracking.min.js,application/javascript,1,20230522041108,20230522041108,20230522041108
flowersinagun.com/wp-content/plugins/google-analyticator/external-tracking.min.js?ver=6.4.5,theme_asset,http://www.flowersinagun.com/wp-content/plugins/google-analyticator/external-tracking.min.js?ver=6.4.5,text/javascript,3,20131115082846,20141221045639,20141221045639
flowersinagun.com/wp-content/plugins/google-analyticator/external-tracking.min.js?ver=6.4.9,theme_asset,http://www.flowersinagun.com/wp-content/plugins/google-analyticator/external-tracking.min.js?ver=6.4.9,text/javascript,1,20160307001124,20160307001124,20160307001124
flowersinagun.com/wp-content/plugins/google-analyticator/external-tracking.min.js?ver=6.5.4,theme_asset,https://www.flowersinagun.com/wp-content/plugins/google-analyticator/external-tracking.min.js?ver=6.5.4,application/javascript,7,20171024185830,20230605051144,20230605051144 20230519084137
flowersinagun.com/wp-content/plugins/ik-facebook/include/css/gallery.css,theme_asset,https://www.flowersinagun.com/wp-content/plugins/ik-facebook/include/css/gallery.css,text/css,1,20230519023257,20230519023257,20230519023257
flowersinagun.com/wp-content/plugins/ik-facebook/include/css/gallery.css?ver=3.7.1,theme_asset,http://www.flowersinagun.com/wp-content/plugins/ik-facebook/include/css/gallery.css?ver=3.7.1,text/css,1,20131115083601,20131115083601,20131115083601
flowersinagun.com/wp-content/plugins/ik-facebook/include/css/gallery.css?ver=3.7.3,theme_asset,http://www.flowersinagun.com/wp-content/plugins/ik-facebook/include/css/gallery.css?ver=3.7.3,text/css,1,20140520065850,20140520065850,20140520065850
flowersinagun.com/wp-content/plugins/ik-facebook/include/css/gallery.css?ver=3.7.4,theme_asset,http://www.flowersinagun.com/wp-content/plugins/ik-facebook/include/css/gallery.css?ver=3.7.4,text/html,1,20250603191606,20250603191606,20250603191606
flowersinagun.com/wp-content/plugins/ik-facebook/include/css/gallery.css?ver=3.7.5,theme_asset,http://www.flowersinagun.com/wp-content/plugins/ik-facebook/include/css/gallery.css?ver=3.7.5,text/css,1,20141221041817,20141221041817,20141221041817
flowersinagun.com/wp-content/plugins/ik-facebook/include/css/gallery.css?ver=3.7.6,theme_asset,http://www.flowersinagun.com/wp-content/plugins/ik-facebook/include/css/gallery.css?ver=3.7.6,text/css,1,20160719164433,20160719164433,20160719164433
flowersinagun.com/wp-content/plugins/ik-facebook/include/css/gallery.css?ver=3.7.8,theme_asset,http://www.flowersinagun.com/wp-content/plugins/ik-facebook/include/css/gallery.css?ver=3.7.8,text/css,1,20150619004626,20150619004626,20150619004626
flowersinagun.com/wp-content/plugins/ik-facebook/include/css/gallery.css?ver=4.3,theme_asset,http://www.flowersinagun.com/wp-content/plugins/ik-facebook/include/css/gallery.css?ver=4.3,text/css,1,20150907041815,20150907041815,20150907041815
flowersinagun.com/wp-content/plugins/ik-facebook/include/css/gallery.css?ver=4.3.1,theme_asset,http://www.flowersinagun.com/wp-content/plugins/ik-facebook/include/css/gallery.css?ver=4.3.1,text/css,1,20150928175201,20150928175201,20150928175201
flowersinagun.com/wp-content/plugins/ik-facebook/include/css/gallery.css?ver=4.4.2,theme_asset,http://www.flowersinagun.com/wp-content/plugins/ik-facebook/include/css/gallery.css?ver=4.4.2,text/css,1,20160307000725,20160307000725,20160307000725
flowersinagun.com/wp-content/plugins/ik-facebook/include/css/gallery.css?ver=4.4.3,theme_asset,http://www.flowersinagun.com/wp-content/plugins/ik-facebook/include/css/gallery.css?ver=4.4.3,text/css,1,20160811171049,20160811171049,20160811171049
flowersinagun.com/wp-content/plugins/ik-facebook/include/css/gallery.css?ver=4.4.4,theme_asset,http://www.flowersinagun.com/wp-content/plugins/ik-facebook/include/css/gallery.css?ver=4.4.4,text/css,1,20160828132643,20160828132643,20160828132643
flowersinagun.com/wp-content/plugins/ik-facebook/include/css/gallery.css?ver=4.4.5,theme_asset,http://www.flowersinagun.com/wp-content/plugins/ik-facebook/include/css/gallery.css?ver=4.4.5,text/css,1,20160920064843,20160920064843,20160920064843
flowersinagun.com/wp-content/plugins/ik-facebook/include/css/gallery.css?ver=4.7,theme_asset,http://www.flowersinagun.com/wp-content/plugins/ik-facebook/include/css/gallery.css?ver=4.7,text/css,1,20170210222128,20170210222128,20170210222128
flowersinagun.com/wp-content/plugins/ik-facebook/include/css/gallery.css?ver=4.7.2,theme_asset,http://www.flowersinagun.com/wp-content/plugins/ik-facebook/include/css/gallery.css?ver=4.7.2,text/css,1,20170227233540,20170227233540,20170227233540
flowersinagun.com/wp-content/plugins/ik-facebook/include/css/gallery.css?ver=4.7.4,theme_asset,http://www.flowersinagun.com/wp-content/plugins/ik-facebook/include/css/gallery.css?ver=4.7.4,text/css,1,20220803005358,20220803005358,20220803005358
flowersinagun.com/wp-content/plugins/ik-facebook/include/css/gallery.css?ver=4.7.5,theme_asset,http://www.flowersinagun.com/wp-content/plugins/ik-facebook/include/css/gallery.css?ver=4.7.5,text/css,1,20170710221132,20170710221132,20170710221132
flowersinagun.com/wp-content/plugins/ik-facebook/include/css/gallery.css?ver=4.8.2,theme_asset,http://www.flowersinagun.com/wp-content/plugins/ik-facebook/include/css/gallery.css?ver=4.8.2,text/css,1,20171024185959,20171024185959,20171024185959
flowersinagun.com/wp-content/plugins/ik-facebook/include/css/gallery.css?ver=4.8.3,theme_asset,http://www.flowersinagun.com/wp-content/plugins/ik-facebook/include/css/gallery.css?ver=4.8.3,text/css,1,20171116074815,20171116074815,20171116074815
flowersinagun.com/wp-content/plugins/ik-facebook/include/css/gallery.css?ver=4.8.5,theme_asset,http://www.flowersinagun.com/wp-content/plugins/ik-facebook/include/css/gallery.css?ver=4.8.5,text/css,1,20180211195535,20180211195535,20180211195535
flowersinagun.com/wp-content/plugins/ik-facebook/include/css/gallery.css?ver=4.9.10,theme_asset,http://www.flowersinagun.com/wp-content/plugins/ik-facebook/include/css/gallery.css?ver=4.9.10,text/css,1,20190621224010,20190621224010,20190621224010
flowersinagun.com/wp-content/plugins/ik-facebook/include/css/gallery.css?ver=4.9.13,theme_asset,http://www.flowersinagun.com/wp-content/plugins/ik-facebook/include/css/gallery.css?ver=4.9.13,text/css,1,20200305084853,20200305084853,20200305084853
flowersinagun.com/wp-content/plugins/ik-facebook/include/css/gallery.css?ver=4.9.15,theme_asset,https://www.flowersinagun.com/wp-content/plugins/ik-facebook/include/css/gallery.css?ver=4.9.15,text/css,2,20200614034234,20200614034304,20200614034304
flowersinagun.com/wp-content/plugins/ik-facebook/include/css/gallery.css?ver=4.9.16,theme_asset,http://www.flowersinagun.com/wp-content/plugins/ik-facebook/include/css/gallery.css?ver=4.9.16,text/css,1,20210308002610,20210308002610,20210308002610
flowersinagun.com/wp-content/plugins/ik-facebook/include/css/gallery.css?ver=4.9.18,theme_asset,http://www.flowersinagun.com/wp-content/plugins/ik-facebook/include/css/gallery.css?ver=4.9.18,text/css,2,20211019074258,20220924191039,20220924191039
flowersinagun.com/wp-content/plugins/ik-facebook/include/css/gallery.css?ver=4.9.19,theme_asset,http://www.flowersinagun.com/wp-content/plugins/ik-facebook/include/css/gallery.css?ver=4.9.19,text/css,1,20220115173405,20220115173405,20220115173405
flowersinagun.com/wp-content/plugins/ik-facebook/include/css/gallery.css?ver=4.9.2,theme_asset,http://www.flowersinagun.com/wp-content/plugins/ik-facebook/include/css/gallery.css?ver=4.9.2,text/css,1,20180218174209,20180218174209,20180218174209
flowersinagun.com/wp-content/plugins/ik-facebook/include/css/gallery.css?ver=4.9.20,theme_asset,http://www.flowersinagun.com/wp-content/plugins/ik-facebook/include/css/gallery.css?ver=4.9.20,text/css,1,20220624231230,20220624231230,20220624231230
flowersinagun.com/wp-content/plugins/ik-facebook/include/css/gallery.css?ver=4.9.23,theme_asset,https://www.flowersinagun.com/wp-content/plugins/ik-facebook/include/css/gallery.css?ver=4.9.23,text/css,2,20230519081656,20230605051135,20230605051135 20230519081656
flowersinagun.com/wp-content/plugins/ik-facebook/include/css/gallery.css?ver=4.9.24,theme_asset,https://www.flowersinagun.com/wp-content/plugins/ik-facebook/include/css/gallery.css?ver=4.9.24,text/css,1,20231225003620,20231225003620,20231225003620
flowersinagun.com/wp-content/plugins/ik-facebook/include/css/gallery.css?ver=4.9.25,theme_asset,https://www.flowersinagun.com/wp-content/plugins/ik-facebook/include/css/gallery.css?ver=4.9.25,text/css,1,20240409174113,20240409174113,20240409174113
flowersinagun.com/wp-content/plugins/ik-facebook/include/css/gallery.css?ver=4.9.8,theme_asset,http://www.flowersinagun.com/wp-content/plugins/ik-facebook/include/css/gallery.css?ver=4.9.8,text/css,1,20181119064827,20181119064827,20181119064827
flowersinagun.com/wp-content/plugins/ik-facebook/include/css/gallery.css?ver=4.9.9,theme_asset,http://www.flowersinagun.com/wp-content/plugins/ik-facebook/include/css/gallery.css?ver=4.9.9,text/css,1,20190208204032,20190208204032,20190208204032
flowersinagun.com/wp-content/plugins/ik-facebook/include/css/style.css?ver=3.7.1,theme_asset,http://www.flowersinagun.com/wp-content/plugins/ik-facebook/include/css/style.css?ver=3.7.1,text/css,1,20131115083234,20131115083234,20131115083234
flowersinagun.com/wp-content/plugins/ik-facebook/include/css/style.css?ver=3.7.3,theme_asset,http://www.flowersinagun.com/wp-content/plugins/ik-facebook/include/css/style.css?ver=3.7.3,text/css,1,20140520074435,20140520074435,20140520074435
flowersinagun.com/wp-content/plugins/ik-facebook/include/css/style.css?ver=3.7.5,theme_asset,http://www.flowersinagun.com/wp-content/plugins/ik-facebook/include/css/style.css?ver=3.7.5,text/css,1,20141221042759,20141221042759,20141221042759
flowersinagun.com/wp-content/plugins/ik-facebook/include/css/style.css?ver=3.7.6,theme_asset,http://www.flowersinagun.com/wp-content/plugins/ik-facebook/include/css/style.css?ver=3.7.6,text/css,1,20160719164433,20160719164433,20160719164433
flowersinagun.com/wp-content/plugins/ik-facebook/include/css/style.css?ver=3.7.8,theme_asset,http://www.flowersinagun.com/wp-content/plugins/ik-facebook/include/css/style.css?ver=3.7.8,text/css,1,20150619003430,20150619003430,20150619003430
flowersinagun.com/wp-content/plugins/ik-facebook/include/css/style.css?ver=4.3,theme_asset,http://www.flowersinagun.com/wp-content/plugins/ik-facebook/include/css/style.css?ver=4.3,text/css,1,20150907041252,20150907041252,20150907041252
flowersinagun.com/wp-content/plugins/ik-facebook/include/css/style.css?ver=4.3.1,theme_asset,http://www.flowersinagun.com/wp-content/plugins/ik-facebook/include/css/style.css?ver=4.3.1,text/css,1,20150928175417,20150928175417,20150928175417
flowersinagun.com/wp-content/plugins/ik-facebook/include/css/video.css,theme_asset,https://www.flowersinagun.com/wp-content/plugins/ik-facebook/include/css/video.css,text/css,1,20230519122133,20230519122133,20230519122133
flowersinagun.com/wp-content/plugins/ik-facebook/include/css/video.css?ver=4.8.2,theme_asset,http://www.flowersinagun.com/wp-content/plugins/ik-facebook/include/css/video.css?ver=4.8.2,text/css,1,20171024190501,20171024190501,20171024190501
flowersinagun.com/wp-content/plugins/ik-facebook/include/css/video.css?ver=4.8.3,theme_asset,http://www.flowersinagun.com/wp-content/plugins/ik-facebook/include/css/video.css?ver=4.8.3,text/css,1,20171116025238,20171116025238,20171116025238
flowersinagun.com/wp-content/plugins/ik-facebook/include/css/video.css?ver=4.8.5,theme_asset,http://www.flowersinagun.com/wp-content/plugins/ik-facebook/include/css/video.css?ver=4.8.5,text/css,1,20180211192937,20180211192937,20180211192937
flowersinagun.com/wp-content/plugins/ik-facebook/include/css/video.css?ver=4.9.10,theme_asset,http://www.flowersinagun.com/wp-content/plugins/ik-facebook/include/css/video.css?ver=4.9.10,text/css,1,20190621222552,20190621222552,20190621222552
flowersinagun.com/wp-content/plugins/ik-facebook/include/css/video.css?ver=4.9.13,theme_asset,http://www.flowersinagun.com/wp-content/plugins/ik-facebook/include/css/video.css?ver=4.9.13,text/css,1,20200302063812,20200302063812,20200302063812
flowersinagun.com/wp-content/plugins/ik-facebook/include/css/video.css?ver=4.9.15,theme_asset,https://www.flowersinagun.com/wp-content/plugins/ik-facebook/include/css/video.css?ver=4.9.15,text/css,2,20200614034246,20200614034306,20200614034306
flowersinagun.com/wp-content/plugins/ik-facebook/include/css/video.css?ver=4.9.16,theme_asset,http://www.flowersinagun.com/wp-content/plugins/ik-facebook/include/css/video.css?ver=4.9.16,text/css,1,20210308002619,20210308002619,20210308002619
flowersinagun.com/wp-content/plugins/ik-facebook/include/css/video.css?ver=4.9.18,theme_asset,http://www.flowersinagun.com/wp-content/plugins/ik-facebook/include/css/video.css?ver=4.9.18,text/css,2,20211019143356,20220620113448,20220620113448
flowersinagun.com/wp-content/plugins/ik-facebook/include/css/video.css?ver=4.9.19,theme_asset,http://www.flowersinagun.com/wp-content/plugins/ik-facebook/include/css/video.css?ver=4.9.19,text/css,1,20220115173405,20220115173405,20220115173405
flowersinagun.com/wp-content/plugins/ik-facebook/include/css/video.css?ver=4.9.2,theme_asset,http://www.flowersinagun.com/wp-content/plugins/ik-facebook/include/css/video.css?ver=4.9.2,text/css,1,20180218203727,20180218203727,20180218203727
flowersinagun.com/wp-content/plugins/ik-facebook/include/css/video.css?ver=4.9.20,theme_asset,http://www.flowersinagun.com/wp-content/plugins/ik-facebook/include/css/video.css?ver=4.9.20,text/css,1,20220624231230,20220624231230,20220624231230
flowersinagun.com/wp-content/plugins/ik-facebook/include/css/video.css?ver=4.9.23,theme_asset,https://www.flowersinagun.com/wp-content/plugins/ik-facebook/include/css/video.css?ver=4.9.23,text/css,2,20230519023152,20230605051153,20230605051153 20230519023152
flowersinagun.com/wp-content/plugins/ik-facebook/include/css/video.css?ver=4.9.24,theme_asset,https://www.flowersinagun.com/wp-content/plugins/ik-facebook/include/css/video.css?ver=4.9.24,text/css,1,20231120224659,20231120224659,20231120224659
flowersinagun.com/wp-content/plugins/ik-facebook/include/css/video.css?ver=4.9.25,theme_asset,https://www.flowersinagun.com/wp-content/plugins/ik-facebook/include/css/video.css?ver=4.9.25,text/css,1,20240409200318,20240409200318,20240409200318
flowersinagun.com/wp-content/plugins/ik-facebook/include/css/video.css?ver=4.9.8,theme_asset,http://www.flowersinagun.com/wp-content/plugins/ik-facebook/include/css/video.css?ver=4.9.8,text/css,1,20181119064901,20181119064901,20181119064901
flowersinagun.com/wp-content/plugins/ik-facebook/include/css/video.css?ver=4.9.9,theme_asset,http://www.flowersinagun.com/wp-content/plugins/ik-facebook/include/css/video.css?ver=4.9.9,text/css,1,20190208234020,20190208234020,20190208234020
flowersinagun.com/wp-content/plugins/instagram-feed/css/sb-instagram.min.css,theme_asset,https://www.flowersinagun.com/wp-content/plugins/instagram-feed/css/sb-instagram.min.css,text/css,1,20230519122625,20230519122625,20230519122625
flowersinagun.com/wp-content/plugins/instagram-feed/css/sb-instagram.min.css?ver=1.5,theme_asset,https://www.flowersinagun.com/wp-content/plugins/instagram-feed/css/sb-instagram.min.css?ver=1.5,text/css,8,20171024185301,20230605051152,20230605051152 20230522053745
flowersinagun.com/wp-content/plugins/instagram-feed/js/sb-instagram.min.js,theme_asset,https://www.flowersinagun.com/wp-content/plugins/instagram-feed/js/sb-instagram.min.js,application/javascript,1,20230519031426,20230519031426,20230519031426
flowersinagun.com/wp-content/plugins/instagram-feed/js/sb-instagram.min.js?ver=1.5,theme_asset,https://www.flowersinagun.com/wp-content/plugins/instagram-feed/js/sb-instagram.min.js?ver=1.5,application/javascript,8,20171024191248,20230605051146,20230605051146 20230519031808
flowersinagun.com/wp-content/plugins/schreikasten/css/schreikasten.css,theme_asset,https://www.flowersinagun.com/wp-content/plugins/schreikasten/css/schreikasten.css,text/css,1,20230522031721,20230522031721,20230522031721
flowersinagun.com/wp-content/plugins/schreikasten/css/schreikasten.css?ver=1.21,theme_asset,https://www.flowersinagun.com/wp-content/plugins/schreikasten/css/schreikasten.css?ver=1.21,text/css,11,20140520075704,20230605051135,20230605051135 20230519032011
flowersinagun.com/wp-content/plugins/schreikasten/img/drop.mp3,theme_asset,http://www.flowersinagun.com/wp-content/plugins/schreikasten/img/drop.mp3,audio/mpeg,1,20210308103709,20210308103709,20210308103709
flowersinagun.com/wp-content/plugins/schreikasten/libs/htmlEncoder.js,theme_asset,https://www.flowersinagun.com/wp-content/plugins/schreikasten/libs/htmlEncoder.js,application/javascript,1,20230519041152,20230519041152,20230519041152
flowersinagun.com/wp-content/plugins/schreikasten/libs/htmlEncoder.js?ver=1.21,theme_asset,https://www.flowersinagun.com/wp-content/plugins/schreikasten/libs/htmlEncoder.js?ver=1.21,application/javascript,9,20150105033237,20230605051126,20230605051126 20230519043454
flowersinagun.com/wp-content/plugins/schreikasten/libs/soundmanager2.js,theme_asset,https://www.flowersinagun.com/wp-content/plugins/schreikasten/libs/soundmanager2.js,application/javascript,1,20230522040946,20230522040946,20230522040946
flowersinagun.com/wp-content/plugins/schreikasten/libs/soundmanager2.js?ver=1.21,theme_asset,https://www.flowersinagun.com/wp-content/plugins/schreikasten/libs/soundmanager2.js?ver=1.21,application/javascript,10,20150105033126,20230605051143,20230605051143 20230519053125
flowersinagun.com/wp-content/plugins/schreikasten/libs/soundmanager2.swf,theme_asset,http://www.flowersinagun.com/wp-content/plugins/schreikasten/libs/soundmanager2.swf,application/x-shockwave-flash,1,20160719164424,20160719164424,20160719164424
flowersinagun.com/wp-content/plugins/schreikasten/libs/universal.js,theme_asset,https://www.flowersinagun.com/wp-content/plugins/schreikasten/libs/universal.js,application/javascript,1,20230519055302,20230519055302,20230519055302
flowersinagun.com/wp-content/plugins/schreikasten/libs/universal.js?ver=1.21,theme_asset,https://www.flowersinagun.com/wp-content/plugins/schreikasten/libs/universal.js?ver=1.21,application/javascript,10,20150105040819,20230605051143,20230605051143 20230519025508
flowersinagun.com/wp-content/plugins/schreikasten/schreikasten.js,theme_asset,https://www.flowersinagun.com/wp-content/plugins/schreikasten/schreikasten.js,application/javascript,1,20230522074824,20230522074824,20230522074824
flowersinagun.com/wp-content/plugins/schreikasten/schreikasten.js?ver=1.21,theme_asset,https://www.flowersinagun.com/wp-content/plugins/schreikasten/schreikasten.js?ver=1.21,application/javascript,8,20150105032732,20230605051145,20230605051145 20230519053425
flowersinagun.com/wp-content/plugins/sem-subscribe-me/css/styles.css?ver=20090903,theme_asset,http://www.flowersinagun.com/wp-content/plugins/sem-subscribe-me/css/styles.css?ver=20090903,text/css,2,20140520043445,20141221034411,20141221034411
flowersinagun.com/wp-content/plugins/sem-subscribe-me/css/styles.css?ver=20140104,theme_asset,http://www.flowersinagun.com/wp-content/plugins/sem-subscribe-me/css/styles.css?ver=20140104,text/css,1,20160307001119,20160307001119,20160307001119
flowersinagun.com/wp-content/plugins/sem-subscribe-me/js/scripts.js?ver=20090906,theme_asset,http://www.flowersinagun.com/wp-content/plugins/sem-subscribe-me/js/scripts.js?ver=20090906,text/javascript,2,20140520050719,20141221041231,20141221041231
flowersinagun.com/wp-content/plugins/sem-subscribe-me/js/scripts.js?ver=20141009,theme_asset,http://www.flowersinagun.com/wp-content/plugins/sem-subscribe-me/js/scripts.js?ver=20141009,text/javascript,1,20160601212129,20160601212129,20160601212129
flowersinagun.com/wp-content/plugins/wp-polls/polls-css.css,theme_asset,https://www.flowersinagun.com/wp-content/plugins/wp-polls/polls-css.css,text/css,1,20230519044611,20230519044611,20230519044611
flowersinagun.com/wp-content/plugins/wp-polls/polls-css.css?ver=2.63,theme_asset,http://www.flowersinagun.com/wp-content/plugins/wp-polls/polls-css.css?ver=2.63,text/css,3,20131115082718,20141221043505,20141221043505
flowersinagun.com/wp-content/plugins/wp-polls/polls-css.css?ver=2.72,theme_asset,http://www.flowersinagun.com/wp-content/plugins/wp-polls/polls-css.css?ver=2.72,text/css,1,20160307002438,20160307002438,20160307002438
flowersinagun.com/wp-content/plugins/wp-polls/polls-css.css?ver=2.73.7,theme_asset,https://www.flowersinagun.com/wp-content/plugins/wp-polls/polls-css.css?ver=2.73.7,text/css,7,20171024191807,20230605051152,20230605051152 20230519040427
flowersinagun.com/wp-content/plugins/wp-polls/polls-js.js,theme_asset,https://www.flowersinagun.com/wp-content/plugins/wp-polls/polls-js.js,application/javascript,1,20230519033454,20230519033454,20230519033454
flowersinagun.com/wp-content/plugins/wp-polls/polls-js.js?ver=2.63,theme_asset,http://www.flowersinagun.com/wp-content/plugins/wp-polls/polls-js.js?ver=2.63,text/javascript,3,20131115084237,20141221100110,20141221100110
flowersinagun.com/wp-content/plugins/wp-polls/polls-js.js?ver=2.72,theme_asset,http://www.flowersinagun.com/wp-content/plugins/wp-polls/polls-js.js?ver=2.72,text/javascript,2,20160601214708,20170808153721,20170808153721
flowersinagun.com/wp-content/plugins/wp-polls/polls-js.js?ver=2.73.7,theme_asset,https://www.flowersinagun.com/wp-content/plugins/wp-polls/polls-js.js?ver=2.73.7,application/javascript,7,20171024192652,20230605051126,20230605051126 20230519033410
flowersinagun.com/wp-content/plugins/yop-poll/css/yop-poll-public.css?ver=4.9,theme_asset,http://www.flowersinagun.com/wp-content/plugins/yop-poll/css/yop-poll-public.css?ver=4.9,text/css,1,20150619091418,20150619091418,20150619091418
flowersinagun.com/wp-content/plugins/yop-poll/js/jquery.popupWindow.js?ver=4.9,theme_asset,http://www.flowersinagun.com/wp-content/plugins/yop-poll/js/jquery.popupWindow.js?ver=4.9,text/javascript,1,20150619102822,20150619102822,20150619102822
flowersinagun.com/wp-content/plugins/yop-poll/js/yop-poll-jquery.base64.min.js?ver=4.9,theme_asset,http://www.flowersinagun.com/wp-content/plugins/yop-poll/js/yop-poll-jquery.base64.min.js?ver=4.9,text/javascript,1,20150619090655,20150619090655,20150619090655
flowersinagun.com/wp-content/plugins/yop-poll/js/yop-poll-json2.js?ver=4.9,theme_asset,http://www.flowersinagun.com/wp-content/plugins/yop-poll/js/yop-poll-json2.js?ver=4.9,text/javascript,1,20150619090433,20150619090433,20150619090433
flowersinagun.com/wp-content/plugins/yop-poll/js/yop-poll-public.js?ver=4.9,theme_asset,http://www.flowersinagun.com/wp-content/plugins/yop-poll/js/yop-poll-public.js?ver=4.9,text/javascript,1,20150619100828,20150619100828,20150619100828
flowersinagun.com/wp-content/themes/magazine-basic/library/css/font-awesome.css,theme_asset,https://www.flowersinagun.com/wp-content/themes/magazine-basic/library/css/font-awesome.css,text/css,1,20230519074317,20230519074317,20230519074317
flowersinagun.com/wp-content/themes/magazine-basic/library/css/font-awesome.css?ver=4.3.0,theme_asset,https://www.flowersinagun.com/wp-content/themes/magazine-basic/library/css/font-awesome.css?ver=4.3.0,text/css,9,20160307002408,20230605051151,20230605051151 20230519025539
flowersinagun.com/wp-content/themes/magazine-basic/library/fonts/fontawesome-webfont.eot,theme_asset,http://www.flowersinagun.com/wp-content/themes/magazine-basic/library/fonts/fontawesome-webfont.eot,application/vnd.ms-fontobject,3,20160324213216,20210308103708,20210308103708
flowersinagun.com/wp-content/themes/magazine-basic/library/fonts/fontawesome-webfont.eot?v=4.3.0,theme_asset,http://www.flowersinagun.com/wp-content/themes/magazine-basic/library/fonts/fontawesome-webfont.eot?v=4.3.0,application/vnd.ms-fontobject,3,20160828113547,20210308103708,20210308103708
flowersinagun.com/wp-content/themes/magazine-basic/library/fonts/fontawesome-webfont.ttf?v=4.3.0,theme_asset,http://www.flowersinagun.com/wp-content/themes/magazine-basic/library/fonts/fontawesome-webfont.ttf?v=4.3.0,text/plain,3,20160828101503,20210308103707,20210308103707
flowersinagun.com/wp-content/themes/magazine-basic/library/fonts/fontawesome-webfont.woff2?v=4.3.0,theme_asset,https://www.flowersinagun.com/wp-content/themes/magazine-basic/library/fonts/fontawesome-webfont.woff2?v=4.3.0,font/woff2,4,20160828102953,20230605051209,20230605051209
flowersinagun.com/wp-content/themes/magazine-basic/library/fonts/fontawesome-webfont.woff?v=4.3.0,theme_asset,https://www.flowersinagun.com/wp-content/themes/magazine-basic/library/fonts/fontawesome-webfont.woff?v=4.3.0,font/woff,4,20160828101435,20230605051209,20230605051209
flowersinagun.com/wp-content/themes/magazine-basic/library/js/harvey.min.js?ver=3.7.1,theme_asset,http://www.flowersinagun.com/wp-content/themes/magazine-basic/library/js/harvey.min.js?ver=3.7.1,text/javascript,1,20131115082844,20131115082844,20131115082844
flowersinagun.com/wp-content/themes/magazine-basic/library/js/harvey.min.js?ver=3.7.3,theme_asset,http://www.flowersinagun.com/wp-content/themes/magazine-basic/library/js/harvey.min.js?ver=3.7.3,text/javascript,1,20140520045024,20140520045024,20140520045024
flowersinagun.com/wp-content/themes/magazine-basic/library/js/harvey.min.js?ver=3.7.4,theme_asset,http://www.flowersinagun.com/wp-content/themes/magazine-basic/library/js/harvey.min.js?ver=3.7.4,text/html,1,20250603191607,20250603191607,20250603191607
flowersinagun.com/wp-content/themes/magazine-basic/library/js/harvey.min.js?ver=3.7.5,theme_asset,http://www.flowersinagun.com/wp-content/themes/magazine-basic/library/js/harvey.min.js?ver=3.7.5,text/javascript,1,20141221051923,20141221051923,20141221051923
flowersinagun.com/wp-content/themes/magazine-basic/library/js/harvey.min.js?ver=3.7.8,theme_asset,http://www.flowersinagun.com/wp-content/themes/magazine-basic/library/js/harvey.min.js?ver=3.7.8,text/javascript,1,20150619020033,20150619020033,20150619020033
flowersinagun.com/wp-content/themes/magazine-basic/library/js/harvey.min.js?ver=4.3,theme_asset,http://www.flowersinagun.com/wp-content/themes/magazine-basic/library/js/harvey.min.js?ver=4.3,text/javascript,1,20150907093809,20150907093809,20150907093809
flowersinagun.com/wp-content/themes/magazine-basic/library/js/harvey.min.js?ver=4.3.1,theme_asset,http://www.flowersinagun.com/wp-content/themes/magazine-basic/library/js/harvey.min.js?ver=4.3.1,text/javascript,1,20150928174454,20150928174454,20150928174454
flowersinagun.com/wp-content/themes/magazine-basic/library/js/html5.js,theme_asset,https://www.flowersinagun.com/wp-content/themes/magazine-basic/library/js/html5.js,text/javascript,4,20160307002345,20230605051135,20230605051135 20181119063003
flowersinagun.com/wp-content/themes/magazine-basic/library/js/theme.js,theme_asset,https://www.flowersinagun.com/wp-content/themes/magazine-basic/library/js/theme.js,application/javascript,1,20230522093331,20230522093331,20230522093331
flowersinagun.com/wp-content/themes/magazine-basic/library/js/theme.js?ver=3.7.1,theme_asset,http://www.flowersinagun.com/wp-content/themes/magazine-basic/library/js/theme.js?ver=3.7.1,text/javascript,1,20131115083415,20131115083415,20131115083415
flowersinagun.com/wp-content/themes/magazine-basic/library/js/theme.js?ver=3.7.3,theme_asset,http://www.flowersinagun.com/wp-content/themes/magazine-basic/library/js/theme.js?ver=3.7.3,text/javascript,1,20140520072448,20140520072448,20140520072448
flowersinagun.com/wp-content/themes/magazine-basic/library/js/theme.js?ver=3.7.4,theme_asset,http://www.flowersinagun.com/wp-content/themes/magazine-basic/library/js/theme.js?ver=3.7.4,text/html,1,20250603191607,20250603191607,20250603191607
flowersinagun.com/wp-content/themes/magazine-basic/library/js/theme.js?ver=3.7.5,theme_asset,http://www.flowersinagun.com/wp-content/themes/magazine-basic/library/js/theme.js?ver=3.7.5,text/javascript,1,20141221044342,20141221044342,20141221044342
flowersinagun.com/wp-content/themes/magazine-basic/library/js/theme.js?ver=3.7.6,theme_asset,http://www.flowersinagun.com/wp-content/themes/magazine-basic/library/js/theme.js?ver=3.7.6,text/javascript,1,20160719164436,20160719164436,20160719164436
flowersinagun.com/wp-content/themes/magazine-basic/library/js/theme.js?ver=3.7.8,theme_asset,http://www.flowersinagun.com/wp-content/themes/magazine-basic/library/js/theme.js?ver=3.7.8,text/javascript,1,20150619002640,20150619002640,20150619002640
flowersinagun.com/wp-content/themes/magazine-basic/library/js/theme.js?ver=4.3,theme_asset,http://www.flowersinagun.com/wp-content/themes/magazine-basic/library/js/theme.js?ver=4.3,text/javascript,1,20150907041151,20150907041151,20150907041151
flowersinagun.com/wp-content/themes/magazine-basic/library/js/theme.js?ver=4.3.1,theme_asset,http://www.flowersinagun.com/wp-content/themes/magazine-basic/library/js/theme.js?ver=4.3.1,text/javascript,1,20150928175319,20150928175319,20150928175319
flowersinagun.com/wp-content/themes/magazine-basic/library/js/theme.js?ver=4.4.2,theme_asset,http://www.flowersinagun.com/wp-content/themes/magazine-basic/library/js/theme.js?ver=4.4.2,text/javascript,1,20160307001137,20160307001137,20160307001137
flowersinagun.com/wp-content/themes/magazine-basic/library/js/theme.js?ver=4.4.3,theme_asset,http://www.flowersinagun.com/wp-content/themes/magazine-basic/library/js/theme.js?ver=4.4.3,text/javascript,1,20160811175858,20160811175858,20160811175858
flowersinagun.com/wp-content/themes/magazine-basic/library/js/theme.js?ver=4.4.4,theme_asset,http://www.flowersinagun.com/wp-content/themes/magazine-basic/library/js/theme.js?ver=4.4.4,text/javascript,1,20160828131838,20160828131838,20160828131838
flowersinagun.com/wp-content/themes/magazine-basic/library/js/theme.js?ver=4.4.5,theme_asset,http://www.flowersinagun.com/wp-content/themes/magazine-basic/library/js/theme.js?ver=4.4.5,text/javascript,1,20160920065126,20160920065126,20160920065126
flowersinagun.com/wp-content/themes/magazine-basic/library/js/theme.js?ver=4.7,theme_asset,http://www.flowersinagun.com/wp-content/themes/magazine-basic/library/js/theme.js?ver=4.7,text/javascript,1,20170210222046,20170210222046,20170210222046
flowersinagun.com/wp-content/themes/magazine-basic/library/js/theme.js?ver=4.7.2,theme_asset,http://www.flowersinagun.com/wp-content/themes/magazine-basic/library/js/theme.js?ver=4.7.2,text/javascript,1,20170227233536,20170227233536,20170227233536
flowersinagun.com/wp-content/themes/magazine-basic/library/js/theme.js?ver=4.7.4,theme_asset,http://www.flowersinagun.com/wp-content/themes/magazine-basic/library/js/theme.js?ver=4.7.4,application/javascript,1,20220803005405,20220803005405,20220803005405
flowersinagun.com/wp-content/themes/magazine-basic/library/js/theme.js?ver=4.7.5,theme_asset,http://www.flowersinagun.com/wp-content/themes/magazine-basic/library/js/theme.js?ver=4.7.5,text/javascript,1,20170710221135,20170710221135,20170710221135
flowersinagun.com/wp-content/themes/magazine-basic/library/js/theme.js?ver=4.8.2,theme_asset,http://www.flowersinagun.com/wp-content/themes/magazine-basic/library/js/theme.js?ver=4.8.2,text/javascript,1,20171024185340,20171024185340,20171024185340
flowersinagun.com/wp-content/themes/magazine-basic/library/js/theme.js?ver=4.8.3,theme_asset,http://www.flowersinagun.com/wp-content/themes/magazine-basic/library/js/theme.js?ver=4.8.3,text/javascript,1,20171116033326,20171116033326,20171116033326
flowersinagun.com/wp-content/themes/magazine-basic/library/js/theme.js?ver=4.8.5,theme_asset,http://www.flowersinagun.com/wp-content/themes/magazine-basic/library/js/theme.js?ver=4.8.5,text/javascript,1,20180211201523,20180211201523,20180211201523
flowersinagun.com/wp-content/themes/magazine-basic/library/js/theme.js?ver=4.9.10,theme_asset,http://www.flowersinagun.com/wp-content/themes/magazine-basic/library/js/theme.js?ver=4.9.10,application/javascript,1,20190621221414,20190621221414,20190621221414
flowersinagun.com/wp-content/themes/magazine-basic/library/js/theme.js?ver=4.9.13,theme_asset,http://www.flowersinagun.com/wp-content/themes/magazine-basic/library/js/theme.js?ver=4.9.13,application/javascript,1,20200413014748,20200413014748,20200413014748
flowersinagun.com/wp-content/themes/magazine-basic/library/js/theme.js?ver=4.9.15,theme_asset,https://www.flowersinagun.com/wp-content/themes/magazine-basic/library/js/theme.js?ver=4.9.15,application/javascript,2,20200614034246,20200614034253,20200614034253
flowersinagun.com/wp-content/themes/magazine-basic/library/js/theme.js?ver=4.9.16,theme_asset,http://www.flowersinagun.com/wp-content/themes/magazine-basic/library/js/theme.js?ver=4.9.16,application/javascript,1,20210308002614,20210308002614,20210308002614
flowersinagun.com/wp-content/themes/magazine-basic/library/js/theme.js?ver=4.9.18,theme_asset,https://www.flowersinagun.com/wp-content/themes/magazine-basic/library/js/theme.js?ver=4.9.18,application/javascript,1,20211019135554,20211019135554,20211019135554
flowersinagun.com/wp-content/themes/magazine-basic/library/js/theme.js?ver=4.9.2,theme_asset,http://www.flowersinagun.com/wp-content/themes/magazine-basic/library/js/theme.js?ver=4.9.2,text/javascript,1,20180219011706,20180219011706,20180219011706
flowersinagun.com/wp-content/themes/magazine-basic/library/js/theme.js?ver=4.9.20,theme_asset,http://www.flowersinagun.com/wp-content/themes/magazine-basic/library/js/theme.js?ver=4.9.20,application/javascript,1,20220624231230,20220624231230,20220624231230
flowersinagun.com/wp-content/themes/magazine-basic/library/js/theme.js?ver=4.9.23,theme_asset,https://www.flowersinagun.com/wp-content/themes/magazine-basic/library/js/theme.js?ver=4.9.23,application/javascript,2,20230522030338,20230605051135,20230605051135 20230522030338
flowersinagun.com/wp-content/themes/magazine-basic/library/js/theme.js?ver=4.9.24,theme_asset,https://www.flowersinagun.com/wp-content/themes/magazine-basic/library/js/theme.js?ver=4.9.24,application/javascript,1,20231225061938,20231225061938,20231225061938
flowersinagun.com/wp-content/themes/magazine-basic/library/js/theme.js?ver=4.9.25,theme_asset,https://www.flowersinagun.com/wp-content/themes/magazine-basic/library/js/theme.js?ver=4.9.25,application/javascript,1,20240409173855,20240409173855,20240409173855
flowersinagun.com/wp-content/themes/magazine-basic/library/js/theme.js?ver=4.9.8,theme_asset,http://www.flowersinagun.com/wp-content/themes/magazine-basic/library/js/theme.js?ver=4.9.8,text/javascript,1,20181119065015,20181119065015,20181119065015
flowersinagun.com/wp-content/themes/magazine-basic/library/js/theme.js?ver=4.9.9,theme_asset,http://www.flowersinagun.com/wp-content/themes/magazine-basic/library/js/theme.js?ver=4.9.9,text/javascript,1,20190208234017,20190208234017,20190208234017
flowersinagun.com/wp-content/themes/magazine-basic/style.css,theme_asset,https://www.flowersinagun.com/wp-content/themes/magazine-basic/style.css,text/css,1,20230519063138,20230519063138,20230519063138
flowersinagun.com/wp-content/themes/magazine-basic/style.css?ver=3.7.1,theme_asset,http://www.flowersinagun.com/wp-content/themes/magazine-basic/style.css?ver=3.7.1,text/css,1,20131115083109,20131115083109,20131115083109
flowersinagun.com/wp-content/themes/magazine-basic/style.css?ver=3.7.3,theme_asset,http://www.flowersinagun.com/wp-content/themes/magazine-basic/style.css?ver=3.7.3,text/css,1,20140520081446,20140520081446,20140520081446
flowersinagun.com/wp-content/themes/magazine-basic/style.css?ver=3.7.5,theme_asset,http://www.flowersinagun.com/wp-content/themes/magazine-basic/style.css?ver=3.7.5,text/css,1,20150710031148,20150710031148,20150710031148
flowersinagun.com/wp-content/themes/magazine-basic/style.css?ver=3.7.6,theme_asset,http://www.flowersinagun.com/wp-content/themes/magazine-basic/style.css?ver=3.7.6,text/css,1,20160719164435,20160719164435,20160719164435
flowersinagun.com/wp-content/themes/magazine-basic/style.css?ver=3.7.8,theme_asset,http://www.flowersinagun.com/wp-content/themes/magazine-basic/style.css?ver=3.7.8,text/css,1,20150619001520,20150619001520,20150619001520
flowersinagun.com/wp-content/themes/magazine-basic/style.css?ver=4.3,theme_asset,http://www.flowersinagun.com/wp-content/themes/magazine-basic/style.css?ver=4.3,text/css,1,20150907093900,20150907093900,20150907093900
flowersinagun.com/wp-content/themes/magazine-basic/style.css?ver=4.3.1,theme_asset,http://www.flowersinagun.com/wp-content/themes/magazine-basic/style.css?ver=4.3.1,text/css,1,20150928175559,20150928175559,20150928175559
flowersinagun.com/wp-content/themes/magazine-basic/style.css?ver=4.4.2,theme_asset,http://www.flowersinagun.com/wp-content/themes/magazine-basic/style.css?ver=4.4.2,text/css,2,20160307000738,20160602033305,20160602033305 20160307000738
flowersinagun.com/wp-content/themes/magazine-basic/style.css?ver=4.4.3,theme_asset,http://www.flowersinagun.com/wp-content/themes/magazine-basic/style.css?ver=4.4.3,text/css,1,20160811160154,20160811160154,20160811160154
flowersinagun.com/wp-content/themes/magazine-basic/style.css?ver=4.4.4,theme_asset,http://www.flowersinagun.com/wp-content/themes/magazine-basic/style.css?ver=4.4.4,text/css,1,20160828124727,20160828124727,20160828124727
flowersinagun.com/wp-content/themes/magazine-basic/style.css?ver=4.4.5,theme_asset,http://www.flowersinagun.com/wp-content/themes/magazine-basic/style.css?ver=4.4.5,text/css,1,20160920065128,20160920065128,20160920065128
flowersinagun.com/wp-content/themes/magazine-basic/style.css?ver=4.7,theme_asset,http://www.flowersinagun.com/wp-content/themes/magazine-basic/style.css?ver=4.7,text/css,1,20170210221923,20170210221923,20170210221923
flowersinagun.com/wp-content/themes/magazine-basic/style.css?ver=4.7.2,theme_asset,http://www.flowersinagun.com/wp-content/themes/magazine-basic/style.css?ver=4.7.2,text/css,1,20170227233607,20170227233607,20170227233607
flowersinagun.com/wp-content/themes/magazine-basic/style.css?ver=4.7.4,theme_asset,http://www.flowersinagun.com/wp-content/themes/magazine-basic/style.css?ver=4.7.4,text/css,1,20220803005357,20220803005357,20220803005357
flowersinagun.com/wp-content/themes/magazine-basic/style.css?ver=4.7.5,theme_asset,http://www.flowersinagun.com/wp-content/themes/magazine-basic/style.css?ver=4.7.5,text/css,1,20170710221132,20170710221132,20170710221132
flowersinagun.com/wp-content/themes/magazine-basic/style.css?ver=4.8.2,theme_asset,http://www.flowersinagun.com/wp-content/themes/magazine-basic/style.css?ver=4.8.2,text/css,1,20171024184452,20171024184452,20171024184452
flowersinagun.com/wp-content/themes/magazine-basic/style.css?ver=4.8.3,theme_asset,http://www.flowersinagun.com/wp-content/themes/magazine-basic/style.css?ver=4.8.3,text/css,1,20171116030542,20171116030542,20171116030542
flowersinagun.com/wp-content/themes/magazine-basic/style.css?ver=4.8.5,theme_asset,http://www.flowersinagun.com/wp-content/themes/magazine-basic/style.css?ver=4.8.5,text/css,1,20180211205222,20180211205222,20180211205222
flowersinagun.com/wp-content/themes/magazine-basic/style.css?ver=4.9.10,theme_asset,http://www.flowersinagun.com/wp-content/themes/magazine-basic/style.css?ver=4.9.10,text/css,1,20190621223708,20190621223708,20190621223708
flowersinagun.com/wp-content/themes/magazine-basic/style.css?ver=4.9.13,theme_asset,http://www.flowersinagun.com/wp-content/themes/magazine-basic/style.css?ver=4.9.13,text/css,1,20200315054454,20200315054454,20200315054454
flowersinagun.com/wp-content/themes/magazine-basic/style.css?ver=4.9.15,theme_asset,https://www.flowersinagun.com/wp-content/themes/magazine-basic/style.css?ver=4.9.15,text/css,2,20200614034241,20200614034310,20200614034310
flowersinagun.com/wp-content/themes/magazine-basic/style.css?ver=4.9.16,theme_asset,http://www.flowersinagun.com/wp-content/themes/magazine-basic/style.css?ver=4.9.16,text/css,1,20210308002613,20210308002613,20210308002613
flowersinagun.com/wp-content/themes/magazine-basic/style.css?ver=4.9.18,theme_asset,http://www.flowersinagun.com/wp-content/themes/magazine-basic/style.css?ver=4.9.18,text/css,2,20211020050244,20220717160646,20220717160646
flowersinagun.com/wp-content/themes/magazine-basic/style.css?ver=4.9.19,theme_asset,http://www.flowersinagun.com/wp-content/themes/magazine-basic/style.css?ver=4.9.19,text/css,1,20220115173406,20220115173406,20220115173406
flowersinagun.com/wp-content/themes/magazine-basic/style.css?ver=4.9.2,theme_asset,http://www.flowersinagun.com/wp-content/themes/magazine-basic/style.css?ver=4.9.2,text/css,1,20180218211824,20180218211824,20180218211824
flowersinagun.com/wp-content/themes/magazine-basic/style.css?ver=4.9.20,theme_asset,http://www.flowersinagun.com/wp-content/themes/magazine-basic/style.css?ver=4.9.20,text/css,1,20220624231230,20220624231230,20220624231230
flowersinagun.com/wp-content/themes/magazine-basic/style.css?ver=4.9.23,theme_asset,https://www.flowersinagun.com/wp-content/themes/magazine-basic/style.css?ver=4.9.23,text/css,2,20230519041742,20230605051125,20230605051125 20230519041742
flowersinagun.com/wp-content/themes/magazine-basic/style.css?ver=4.9.24,theme_asset,https://www.flowersinagun.com/wp-content/themes/magazine-basic/style.css?ver=4.9.24,text/css,1,20231120170916,20231120170916,20231120170916
flowersinagun.com/wp-content/themes/magazine-basic/style.css?ver=4.9.25,theme_asset,https://www.flowersinagun.com/wp-content/themes/magazine-basic/style.css?ver=4.9.25,text/css,1,20240409173039,20240409173039,20240409173039
flowersinagun.com/wp-content/themes/magazine-basic/style.css?ver=4.9.8,theme_asset,http://www.flowersinagun.com/wp-content/themes/magazine-basic/style.css?ver=4.9.8,text/css,1,20181119064908,20181119064908,20181119064908
flowersinagun.com/wp-content/themes/magazine-basic/style.css?ver=4.9.9,theme_asset,http://www.flowersinagun.com/wp-content/themes/magazine-basic/style.css?ver=4.9.9,text/css,1,20190131032755,20190131032755,20190131032755
flowersinagun.com/wp-includes/css/dashicons.min.css,theme_asset,https://www.flowersinagun.com/wp-includes/css/dashicons.min.css,text/css,1,20230519060859,20230519060859,20230519060859
flowersinagun.com/wp-includes/css/dashicons.min.css?ver=4.4.2,theme_asset,http://www.flowersinagun.com/wp-includes/css/dashicons.min.css?ver=4.4.2,text/css,1,20160417192457,20160417192457,20160417192457
flowersinagun.com/wp-includes/css/dashicons.min.css?ver=4.8.2,theme_asset,http://www.flowersinagun.com/wp-includes/css/dashicons.min.css?ver=4.8.2,text/css,1,20171024185409,20171024185409,20171024185409
flowersinagun.com/wp-includes/css/dashicons.min.css?ver=4.8.3,theme_asset,http://www.flowersinagun.com/wp-includes/css/dashicons.min.css?ver=4.8.3,text/css,1,20171116024438,20171116024438,20171116024438
flowersinagun.com/wp-includes/css/dashicons.min.css?ver=4.8.5,theme_asset,http://www.flowersinagun.com/wp-includes/css/dashicons.min.css?ver=4.8.5,text/css,1,20180211201708,20180211201708,20180211201708
flowersinagun.com/wp-includes/css/dashicons.min.css?ver=4.9.10,theme_asset,http://www.flowersinagun.com/wp-includes/css/dashicons.min.css?ver=4.9.10,text/css,1,20190621222647,20190621222647,20190621222647
flowersinagun.com/wp-includes/css/dashicons.min.css?ver=4.9.13,theme_asset,http://www.flowersinagun.com/wp-includes/css/dashicons.min.css?ver=4.9.13,text/css,1,20200309173712,20200309173712,20200309173712
flowersinagun.com/wp-includes/css/dashicons.min.css?ver=4.9.15,theme_asset,https://www.flowersinagun.com/wp-includes/css/dashicons.min.css?ver=4.9.15,text/css,2,20200614034233,20200614034257,20200614034257
flowersinagun.com/wp-includes/css/dashicons.min.css?ver=4.9.16,theme_asset,http://www.flowersinagun.com/wp-includes/css/dashicons.min.css?ver=4.9.16,text/css,1,20210308002602,20210308002602,20210308002602
flowersinagun.com/wp-includes/css/dashicons.min.css?ver=4.9.18,theme_asset,https://www.flowersinagun.com/wp-includes/css/dashicons.min.css?ver=4.9.18,text/css,1,20211019161735,20211019161735,20211019161735
flowersinagun.com/wp-includes/css/dashicons.min.css?ver=4.9.19,theme_asset,http://www.flowersinagun.com/wp-includes/css/dashicons.min.css?ver=4.9.19,text/css,1,20220115173405,20220115173405,20220115173405
flowersinagun.com/wp-includes/css/dashicons.min.css?ver=4.9.2,theme_asset,http://www.flowersinagun.com/wp-includes/css/dashicons.min.css?ver=4.9.2,text/css,1,20180219010516,20180219010516,20180219010516
flowersinagun.com/wp-includes/css/dashicons.min.css?ver=4.9.20,theme_asset,http://www.flowersinagun.com/wp-includes/css/dashicons.min.css?ver=4.9.20,text/css,1,20220624231230,20220624231230,20220624231230
flowersinagun.com/wp-includes/css/dashicons.min.css?ver=4.9.23,theme_asset,https://www.flowersinagun.com/wp-includes/css/dashicons.min.css?ver=4.9.23,text/css,3,20230519023903,20230812204333,20230812204333 20230519023903
flowersinagun.com/wp-includes/css/dashicons.min.css?ver=4.9.24,theme_asset,https://www.flowersinagun.com/wp-includes/css/dashicons.min.css?ver=4.9.24,text/css,1,20231120230301,20231120230301,20231120230301
flowersinagun.com/wp-includes/css/dashicons.min.css?ver=4.9.25,theme_asset,https://www.flowersinagun.com/wp-includes/css/dashicons.min.css?ver=4.9.25,text/css,1,20240409175009,20240409175009,20240409175009
flowersinagun.com/wp-includes/css/dashicons.min.css?ver=4.9.8,theme_asset,http://www.flowersinagun.com/wp-includes/css/dashicons.min.css?ver=4.9.8,text/css,1,20181119065013,20181119065013,20181119065013
flowersinagun.com/wp-includes/css/dashicons.min.css?ver=4.9.9,theme_asset,http://www.flowersinagun.com/wp-includes/css/dashicons.min.css?ver=4.9.9,text/css,1,20190131013443,20190131013443,20190131013443
flowersinagun.com/wp-includes/fonts/dashicons.eot,theme_asset,https://www.flowersinagun.com/wp-includes/fonts/dashicons.eot,application/vnd.ms-fontobject,7,20160603160412,20230813203643,20230813203643 20160603160412
flowersinagun.com/wp-includes/fonts/dashicons.ttf,theme_asset,https://www.flowersinagun.com/wp-includes/fonts/dashicons.ttf,font/ttf,7,20160603160107,20230813203552,20230813203552 20160603160107
flowersinagun.com/wp-includes/js/comment-reply.min.js,theme_asset,https://www.flowersinagun.com/wp-includes/js/comment-reply.min.js,application/javascript,1,20230519094425,20230519094425,20230519094425
flowersinagun.com/wp-includes/js/comment-reply.min.js?ver=3.7.1,theme_asset,http://www.flowersinagun.com/wp-includes/js/comment-reply.min.js?ver=3.7.1,text/javascript,1,20131115091811,20131115091811,20131115091811
flowersinagun.com/wp-includes/js/comment-reply.min.js?ver=3.7.4,theme_asset,http://www.flowersinagun.com/wp-includes/js/comment-reply.min.js?ver=3.7.4,text/html,1,20250603191606,20250603191606,20250603191606
flowersinagun.com/wp-includes/js/comment-reply.min.js?ver=3.7.5,theme_asset,http://www.flowersinagun.com/wp-includes/js/comment-reply.min.js?ver=3.7.5,text/javascript,1,20160719164455,20160719164455,20160719164455
flowersinagun.com/wp-includes/js/comment-reply.min.js?ver=3.7.6,theme_asset,http://www.flowersinagun.com/wp-includes/js/comment-reply.min.js?ver=3.7.6,text/javascript,1,20160719164436,20160719164436,20160719164436
flowersinagun.com/wp-includes/js/comment-reply.min.js?ver=3.7.8,theme_asset,http://www.flowersinagun.com/wp-includes/js/comment-reply.min.js?ver=3.7.8,text/javascript,1,20150619004854,20150619004854,20150619004854
flowersinagun.com/wp-includes/js/comment-reply.min.js?ver=4.3,theme_asset,http://www.flowersinagun.com/wp-includes/js/comment-reply.min.js?ver=4.3,text/javascript,1,20150907093816,20150907093816,20150907093816
flowersinagun.com/wp-includes/js/comment-reply.min.js?ver=4.3.1,theme_asset,http://www.flowersinagun.com/wp-includes/js/comment-reply.min.js?ver=4.3.1,text/javascript,1,20150928175142,20150928175142,20150928175142
flowersinagun.com/wp-includes/js/comment-reply.min.js?ver=4.4.2,theme_asset,http://www.flowersinagun.com/wp-includes/js/comment-reply.min.js?ver=4.4.2,text/javascript,1,20160307002405,20160307002405,20160307002405
flowersinagun.com/wp-includes/js/comment-reply.min.js?ver=4.4.3,theme_asset,http://www.flowersinagun.com/wp-includes/js/comment-reply.min.js?ver=4.4.3,text/javascript,1,20160811154640,20160811154640,20160811154640
flowersinagun.com/wp-includes/js/comment-reply.min.js?ver=4.4.4,theme_asset,http://www.flowersinagun.com/wp-includes/js/comment-reply.min.js?ver=4.4.4,text/javascript,1,20160828125344,20160828125344,20160828125344
flowersinagun.com/wp-includes/js/comment-reply.min.js?ver=4.4.5,theme_asset,http://www.flowersinagun.com/wp-includes/js/comment-reply.min.js?ver=4.4.5,text/javascript,1,20160920065701,20160920065701,20160920065701
flowersinagun.com/wp-includes/js/comment-reply.min.js?ver=4.7,theme_asset,http://www.flowersinagun.com/wp-includes/js/comment-reply.min.js?ver=4.7,text/javascript,1,20170210222147,20170210222147,20170210222147
flowersinagun.com/wp-includes/js/comment-reply.min.js?ver=4.7.2,theme_asset,http://www.flowersinagun.com/wp-includes/js/comment-reply.min.js?ver=4.7.2,text/javascript,1,20170227233556,20170227233556,20170227233556
flowersinagun.com/wp-includes/js/comment-reply.min.js?ver=4.7.4,theme_asset,http://www.flowersinagun.com/wp-includes/js/comment-reply.min.js?ver=4.7.4,application/javascript,1,20220803005408,20220803005408,20220803005408
flowersinagun.com/wp-includes/js/comment-reply.min.js?ver=4.7.5,theme_asset,http://www.flowersinagun.com/wp-includes/js/comment-reply.min.js?ver=4.7.5,text/javascript,1,20170710221135,20170710221135,20170710221135
flowersinagun.com/wp-includes/js/comment-reply.min.js?ver=4.8.3,theme_asset,http://www.flowersinagun.com/wp-includes/js/comment-reply.min.js?ver=4.8.3,text/javascript,1,20171116030838,20171116030838,20171116030838
flowersinagun.com/wp-includes/js/comment-reply.min.js?ver=4.8.5,theme_asset,http://www.flowersinagun.com/wp-includes/js/comment-reply.min.js?ver=4.8.5,text/javascript,1,20180211225923,20180211225923,20180211225923
flowersinagun.com/wp-includes/js/comment-reply.min.js?ver=4.9.10,theme_asset,http://www.flowersinagun.com/wp-includes/js/comment-reply.min.js?ver=4.9.10,application/javascript,1,20190621220641,20190621220641,20190621220641
flowersinagun.com/wp-includes/js/comment-reply.min.js?ver=4.9.13,theme_asset,http://www.flowersinagun.com/wp-includes/js/comment-reply.min.js?ver=4.9.13,application/javascript,1,20200309173713,20200309173713,20200309173713
flowersinagun.com/wp-includes/js/comment-reply.min.js?ver=4.9.15,theme_asset,http://www.flowersinagun.com/wp-includes/js/comment-reply.min.js?ver=4.9.15,application/javascript,2,20200614034259,20200614034301,20200614034301
flowersinagun.com/wp-includes/js/comment-reply.min.js?ver=4.9.16,theme_asset,http://www.flowersinagun.com/wp-includes/js/comment-reply.min.js?ver=4.9.16,application/javascript,1,20210308002609,20210308002609,20210308002609
flowersinagun.com/wp-includes/js/comment-reply.min.js?ver=4.9.18,theme_asset,https://www.flowersinagun.com/wp-includes/js/comment-reply.min.js?ver=4.9.18,application/javascript,1,20211020032849,20211020032849,20211020032849
flowersinagun.com/wp-includes/js/comment-reply.min.js?ver=4.9.19,theme_asset,http://www.flowersinagun.com/wp-includes/js/comment-reply.min.js?ver=4.9.19,application/javascript,1,20220115173408,20220115173408,20220115173408
flowersinagun.com/wp-includes/js/comment-reply.min.js?ver=4.9.2,theme_asset,http://www.flowersinagun.com/wp-includes/js/comment-reply.min.js?ver=4.9.2,text/javascript,1,20180220092702,20180220092702,20180220092702
flowersinagun.com/wp-includes/js/comment-reply.min.js?ver=4.9.23,theme_asset,https://www.flowersinagun.com/wp-includes/js/comment-reply.min.js?ver=4.9.23,application/javascript,3,20230519074524,20230812203953,20230812203953 20230519074524
flowersinagun.com/wp-includes/js/comment-reply.min.js?ver=4.9.24,theme_asset,https://www.flowersinagun.com/wp-includes/js/comment-reply.min.js?ver=4.9.24,application/javascript,1,20231225235817,20231225235817,20231225235817
flowersinagun.com/wp-includes/js/comment-reply.min.js?ver=4.9.25,theme_asset,https://www.flowersinagun.com/wp-includes/js/comment-reply.min.js?ver=4.9.25,application/javascript,1,20240409181628,20240409181628,20240409181628
flowersinagun.com/wp-includes/js/comment-reply.min.js?ver=4.9.8,theme_asset,http://www.flowersinagun.com/wp-includes/js/comment-reply.min.js?ver=4.9.8,text/javascript,1,20181119064829,20181119064829,20181119064829
flowersinagun.com/wp-includes/js/jquery/jquery-migrate.min.js,theme_asset,https://www.flowersinagun.com/wp-includes/js/jquery/jquery-migrate.min.js,application/javascript,1,20230519064024,20230519064024,20230519064024
flowersinagun.com/wp-includes/js/jquery/jquery-migrate.min.js?ver=1.2.1,theme_asset,http://www.flowersinagun.com/wp-includes/js/jquery/jquery-migrate.min.js?ver=1.2.1,text/javascript,3,20131115083513,20170331045924,20170331045924 20140520072839
flowersinagun.com/wp-includes/js/jquery/jquery-migrate.min.js?ver=1.4.1,theme_asset,https://www.flowersinagun.com/wp-includes/js/jquery/jquery-migrate.min.js?ver=1.4.1,application/javascript,10,20170210222419,20230812204007,20230812204007 20230519052448
flowersinagun.com/wp-includes/js/jquery/jquery.js,theme_asset,https://www.flowersinagun.com/wp-includes/js/jquery/jquery.js,application/javascript,1,20230522033121,20230522033121,20230522033121
flowersinagun.com/wp-includes/js/jquery/jquery.js?ver=1.10.2,theme_asset,http://www.flowersinagun.com/wp-includes/js/jquery/jquery.js?ver=1.10.2,text/javascript,3,20131115082842,20141221044924,20141221044924
flowersinagun.com/wp-includes/js/jquery/jquery.js?ver=1.11.3,theme_asset,http://www.flowersinagun.com/wp-includes/js/jquery/jquery.js?ver=1.11.3,text/javascript,3,20150907093820,20170331005959,20170331005959 20160307002401
flowersinagun.com/wp-includes/js/jquery/jquery.js?ver=1.12.4,theme_asset,https://www.flowersinagun.com/wp-includes/js/jquery/jquery.js?ver=1.12.4,application/javascript,12,20170211074848,20230812204028,20230812204028 20230519032808 20181119064957 20180123104932
flowersinagun.com/wp-includes/js/thickbox/thickbox.css,theme_asset,https://www.flowersinagun.com/wp-includes/js/thickbox/thickbox.css,text/css,1,20230519065117,20230519065117,20230519065117
flowersinagun.com/wp-includes/js/thickbox/thickbox.css?ver=4.8.2,theme_asset,http://www.flowersinagun.com/wp-includes/js/thickbox/thickbox.css?ver=4.8.2,text/css,1,20171024185307,20171024185307,20171024185307
flowersinagun.com/wp-includes/js/thickbox/thickbox.css?ver=4.8.3,theme_asset,http://www.flowersinagun.com/wp-includes/js/thickbox/thickbox.css?ver=4.8.3,text/css,1,20171116021927,20171116021927,20171116021927
flowersinagun.com/wp-includes/js/thickbox/thickbox.css?ver=4.8.5,theme_asset,http://www.flowersinagun.com/wp-includes/js/thickbox/thickbox.css?ver=4.8.5,text/css,1,20180211201228,20180211201228,20180211201228
flowersinagun.com/wp-includes/js/thickbox/thickbox.css?ver=4.9.10,theme_asset,http://www.flowersinagun.com/wp-includes/js/thickbox/thickbox.css?ver=4.9.10,text/css,1,20190621224347,20190621224347,20190621224347
flowersinagun.com/wp-includes/js/thickbox/thickbox.css?ver=4.9.13,theme_asset,http://www.flowersinagun.com/wp-includes/js/thickbox/thickbox.css?ver=4.9.13,text/css,1,20200313165727,20200313165727,20200313165727
flowersinagun.com/wp-includes/js/thickbox/thickbox.css?ver=4.9.15,theme_asset,https://www.flowersinagun.com/wp-includes/js/thickbox/thickbox.css?ver=4.9.15,text/css,2,20200614034235,20200614034304,20200614034304
flowersinagun.com/wp-includes/js/thickbox/thickbox.css?ver=4.9.16,theme_asset,http://www.flowersinagun.com/wp-includes/js/thickbox/thickbox.css?ver=4.9.16,text/css,1,20210308002613,20210308002613,20210308002613
flowersinagun.com/wp-includes/js/thickbox/thickbox.css?ver=4.9.18,theme_asset,https://www.flowersinagun.com/wp-includes/js/thickbox/thickbox.css?ver=4.9.18,text/css,1,20211020032846,20211020032846,20211020032846
flowersinagun.com/wp-includes/js/thickbox/thickbox.css?ver=4.9.19,theme_asset,http://www.flowersinagun.com/wp-includes/js/thickbox/thickbox.css?ver=4.9.19,text/css,1,20220115173405,20220115173405,20220115173405
flowersinagun.com/wp-includes/js/thickbox/thickbox.css?ver=4.9.2,theme_asset,http://www.flowersinagun.com/wp-includes/js/thickbox/thickbox.css?ver=4.9.2,text/css,1,20180219013152,20180219013152,20180219013152
flowersinagun.com/wp-includes/js/thickbox/thickbox.css?ver=4.9.20,theme_asset,http://www.flowersinagun.com/wp-includes/js/thickbox/thickbox.css?ver=4.9.20,text/css,1,20220624231230,20220624231230,20220624231230
flowersinagun.com/wp-includes/js/thickbox/thickbox.css?ver=4.9.23,theme_asset,https://www.flowersinagun.com/wp-includes/js/thickbox/thickbox.css?ver=4.9.23,text/css,3,20230519023636,20230812203943,20230812203943 20230519023636
flowersinagun.com/wp-includes/js/thickbox/thickbox.css?ver=4.9.24,theme_asset,https://www.flowersinagun.com/wp-includes/js/thickbox/thickbox.css?ver=4.9.24,text/css,1,20231227053405,20231227053405,20231227053405
flowersinagun.com/wp-includes/js/thickbox/thickbox.css?ver=4.9.25,theme_asset,https://www.flowersinagun.com/wp-includes/js/thickbox/thickbox.css?ver=4.9.25,text/css,1,20240409174848,20240409174848,20240409174848
flowersinagun.com/wp-includes/js/thickbox/thickbox.css?ver=4.9.8,theme_asset,http://www.flowersinagun.com/wp-includes/js/thickbox/thickbox.css?ver=4.9.8,text/css,1,20181119065029,20181119065029,20181119065029
flowersinagun.com/wp-includes/js/thickbox/thickbox.css?ver=4.9.9,theme_asset,http://www.flowersinagun.com/wp-includes/js/thickbox/thickbox.css?ver=4.9.9,text/css,1,20190214020815,20190214020815,20190214020815
flowersinagun.com/wp-includes/js/thickbox/thickbox.js,theme_asset,https://www.flowersinagun.com/wp-includes/js/thickbox/thickbox.js,application/javascript,1,20230519035220,20230519035220,20230519035220
flowersinagun.com/wp-includes/js/thickbox/thickbox.js?ver=3.1-20121105,theme_asset,https://www.flowersinagun.com/wp-includes/js/thickbox/thickbox.js?ver=3.1-20121105,application/javascript,8,20171024192752,20230605051144,20230605051144 20230519032437
flowersinagun.com/wp-includes/js/tw-sack.min.js,theme_asset,https://www.flowersinagun.com/wp-includes/js/tw-sack.min.js,application/javascript,1,20230519110923,20230519110923,20230519110923
flowersinagun.com/wp-includes/js/tw-sack.min.js?ver=1.6.1,theme_asset,https://www.flowersinagun.com/wp-includes/js/tw-sack.min.js?ver=1.6.1,application/javascript,12,20140520064139,20230812204044,20230812204044 20230522134713 20210308002603 20141221052827
flowersinagun.com/wp-includes/js/wp-embed.min.js,theme_asset,https://www.flowersinagun.com/wp-includes/js/wp-embed.min.js,application/javascript,1,20230519043333,20230519043333,20230519043333
flowersinagun.com/wp-includes/js/wp-embed.min.js?ver=4.4.2,theme_asset,http://www.flowersinagun.com/wp-includes/js/wp-embed.min.js?ver=4.4.2,text/javascript,1,20160601214549,20160601214549,20160601214549
flowersinagun.com/wp-includes/js/wp-embed.min.js?ver=4.4.3,theme_asset,http://www.flowersinagun.com/wp-includes/js/wp-embed.min.js?ver=4.4.3,text/javascript,1,20160811164656,20160811164656,20160811164656
flowersinagun.com/wp-includes/js/wp-embed.min.js?ver=4.4.4,theme_asset,http://www.flowersinagun.com/wp-includes/js/wp-embed.min.js?ver=4.4.4,text/javascript,1,20160828123243,20160828123243,20160828123243
flowersinagun.com/wp-includes/js/wp-embed.min.js?ver=4.4.5,theme_asset,http://www.flowersinagun.com/wp-includes/js/wp-embed.min.js?ver=4.4.5,text/javascript,2,20160920065402,20170330223303,20170330223303 20160920065402
flowersinagun.com/wp-includes/js/wp-embed.min.js?ver=4.7,theme_asset,http://www.flowersinagun.com/wp-includes/js/wp-embed.min.js?ver=4.7,text/javascript,1,20170210222352,20170210222352,20170210222352
flowersinagun.com/wp-includes/js/wp-embed.min.js?ver=4.7.2,theme_asset,http://www.flowersinagun.com/wp-includes/js/wp-embed.min.js?ver=4.7.2,text/javascript,1,20170227233605,20170227233605,20170227233605
flowersinagun.com/wp-includes/js/wp-embed.min.js?ver=4.7.4,theme_asset,http://www.flowersinagun.com/wp-includes/js/wp-embed.min.js?ver=4.7.4,application/javascript,1,20220803005405,20220803005405,20220803005405
flowersinagun.com/wp-includes/js/wp-embed.min.js?ver=4.7.5,theme_asset,http://www.flowersinagun.com/wp-includes/js/wp-embed.min.js?ver=4.7.5,text/javascript,1,20170710221135,20170710221135,20170710221135
flowersinagun.com/wp-includes/js/wp-embed.min.js?ver=4.8.2,theme_asset,http://www.flowersinagun.com/wp-includes/js/wp-embed.min.js?ver=4.8.2,text/javascript,1,20171024193323,20171024193323,20171024193323
flowersinagun.com/wp-includes/js/wp-embed.min.js?ver=4.8.3,theme_asset,http://www.flowersinagun.com/wp-includes/js/wp-embed.min.js?ver=4.8.3,text/javascript,1,20171116030036,20171116030036,20171116030036
flowersinagun.com/wp-includes/js/wp-embed.min.js?ver=4.8.5,theme_asset,http://www.flowersinagun.com/wp-includes/js/wp-embed.min.js?ver=4.8.5,text/javascript,1,20180211210526,20180211210526,20180211210526
flowersinagun.com/wp-includes/js/wp-embed.min.js?ver=4.9.10,theme_asset,http://www.flowersinagun.com/wp-includes/js/wp-embed.min.js?ver=4.9.10,application/javascript,1,20190621223857,20190621223857,20190621223857
flowersinagun.com/wp-includes/js/wp-embed.min.js?ver=4.9.13,theme_asset,https://www.flowersinagun.com/wp-includes/js/wp-embed.min.js?ver=4.9.13,application/javascript,1,20200310181017,20200310181017,20200310181017
flowersinagun.com/wp-includes/js/wp-embed.min.js?ver=4.9.15,theme_asset,https://www.flowersinagun.com/wp-includes/js/wp-embed.min.js?ver=4.9.15,application/javascript,2,20200614034259,20200614034307,20200614034307
flowersinagun.com/wp-includes/js/wp-embed.min.js?ver=4.9.16,theme_asset,http://www.flowersinagun.com/wp-includes/js/wp-embed.min.js?ver=4.9.16,application/javascript,1,20210308002559,20210308002559,20210308002559
flowersinagun.com/wp-includes/js/wp-embed.min.js?ver=4.9.18,theme_asset,https://www.flowersinagun.com/wp-includes/js/wp-embed.min.js?ver=4.9.18,application/javascript,1,20211019123810,20211019123810,20211019123810
flowersinagun.com/wp-includes/js/wp-embed.min.js?ver=4.9.19,theme_asset,http://www.flowersinagun.com/wp-includes/js/wp-embed.min.js?ver=4.9.19,application/javascript,1,20220115173408,20220115173408,20220115173408
flowersinagun.com/wp-includes/js/wp-embed.min.js?ver=4.9.2,theme_asset,http://www.flowersinagun.com/wp-includes/js/wp-embed.min.js?ver=4.9.2,text/javascript,1,20180218110941,20180218110941,20180218110941
flowersinagun.com/wp-includes/js/wp-embed.min.js?ver=4.9.20,theme_asset,http://www.flowersinagun.com/wp-includes/js/wp-embed.min.js?ver=4.9.20,application/javascript,1,20220624231230,20220624231230,20220624231230
flowersinagun.com/wp-includes/js/wp-embed.min.js?ver=4.9.23,theme_asset,https://www.flowersinagun.com/wp-includes/js/wp-embed.min.js?ver=4.9.23,application/javascript,3,20230519035429,20230812204009,20230812204009 20230519035429
flowersinagun.com/wp-includes/js/wp-embed.min.js?ver=4.9.24,theme_asset,https://www.flowersinagun.com/wp-includes/js/wp-embed.min.js?ver=4.9.24,application/javascript,1,20231120170258,20231120170258,20231120170258
flowersinagun.com/wp-includes/js/wp-embed.min.js?ver=4.9.25,theme_asset,https://www.flowersinagun.com/wp-includes/js/wp-embed.min.js?ver=4.9.25,application/javascript,1,20240409191242,20240409191242,20240409191242
flowersinagun.com/wp-includes/js/wp-embed.min.js?ver=4.9.8,theme_asset,http://www.flowersinagun.com/wp-includes/js/wp-embed.min.js?ver=4.9.8,text/javascript,1,20181119062633,20181119062633,20181119062633
flowersinagun.com/wp-includes/js/wp-embed.min.js?ver=4.9.9,theme_asset,http://www.flowersinagun.com/wp-includes/js/wp-embed.min.js?ver=4.9.9,text/javascript,1,20190214115637,20190214115637,20190214115637
flowersinagun.com/wp-includes/js/wp-emoji-release.min.js?ver=4.7.5,theme_asset,http://www.flowersinagun.com/wp-includes/js/wp-emoji-release.min.js?ver=4.7.5,text/javascript,1,20170710221136,20170710221136,20170710221136
flowersinagun.com/wp-includes/js/wp-emoji-release.min.js?ver=4.9.20,theme_asset,http://www.flowersinagun.com/wp-includes/js/wp-emoji-release.min.js?ver=4.9.20,application/javascript,1,20220624231230,20220624231230,20220624231230
flowersinagun.com/wp-includes/wlwmanifest.xml,theme_asset,https://www.flowersinagun.com/wp-includes/wlwmanifest.xml,text/xml,23,20131115084238,20211019094822,20211019094822 20141221065007
mail.flowersinagun.com/wp-content/plugins/schreikasten/libs/htmlEncoder.js?ver=1.21,theme_asset,http://mail.flowersinagun.com/wp-content/plugins/schreikasten/libs/htmlEncoder.js?ver=1.21,application/javascript,1,20220624231230,20220624231230,20220624231230
mail.flowersinagun.com/wp-content/plugins/schreikasten/libs/soundmanager2.js?ver=1.21,theme_asset,http://mail.flowersinagun.com/wp-content/plugins/schreikasten/libs/soundmanager2.js?ver=1.21,application/javascript,1,20220624231230,20220624231230,20220624231230
mail.flowersinagun.com/wp-content/plugins/schreikasten/libs/universal.js?ver=1.21,theme_asset,http://mail.flowersinagun.com/wp-content/plugins/schreikasten/libs/universal.js?ver=1.21,application/javascript,1,20220624231230,20220624231230,20220624231230
mail.flowersinagun.com/wp-content/plugins/schreikasten/schreikasten.js?ver=1.21,theme_asset,http://mail.flowersinagun.com/wp-content/plugins/schreikasten/schreikasten.js?ver=1.21,application/javascript,1,20220624231230,20220624231230,20220624231230
webmail.flowersinagun.com/cPanel_magic_revision_1536952528/unprotected/cpanel/style_v2_optimized.css,theme_asset,http://webmail.flowersinagun.com/cPanel_magic_revision_1536952528/unprotected/cpanel/style_v2_optimized.css,text/css,1,20220624231229,20220624231229,20220624231229
webmail.flowersinagun.com/cPanel_magic_revision_1616517441/unprotected/cpanel/fonts/open_sans/open_sans.min.css,theme_asset,http://webmail.flowersinagun.com/cPanel_magic_revision_1616517441/unprotected/cpanel/fonts/open_sans/open_sans.min.css,text/css,1,20220624231229,20220624231229,20220624231229
webmail.flowersinagun.com/cPanel_magic_revision_1648610195/unprotected/cpanel/fonts/open_sans/open_sans.min.css,theme_asset,http://webmail.flowersinagun.com/cPanel_magic_revision_1648610195/unprotected/cpanel/fonts/open_sans/open_sans.min.css,text/css,1,20231225164202,20231225164202,20231225164202
webmail.flowersinagun.com/cPanel_magic_revision_1660253749/unprotected/cpanel/style_v2_optimized.css,theme_asset,http://webmail.flowersinagun.com/cPanel_magic_revision_1660253749/unprotected/cpanel/style_v2_optimized.css,text/css,3,20230223113308,20231225164202,20231225164202 20230223113544 20230223113308
