key,type,original,ts,file,status,bytes,injected
flowersinagun.com/10yr-cleansing-tour-prison-upon-a-burning-body-suicide-silence-at-brooklyn-bazaar,article_or_page,http://www.flowersinagun.com:80/10yr-cleansing-tour-prison-upon-a-burning-body-suicide-silence-at-brooklyn-bazaar/,20171226085102,raw\html\flowersinagun.com_10yr-cleansing-tour-prison-upon-a-burning-body-suicide-silence-at-brooklyn-bazaar__d1357bf802.html,ok,63817,
flowersinagun.com/12-muse-of-the-brighton-bathhouse,article_or_page,https://www.flowersinagun.com/12-muse-of-the-brighton-bathhouse/,20230627042202,raw\html\flowersinagun.com_12-muse-of-the-brighton-bathhouse__f75ea1dd49.html,ok,57528,yes
flowersinagun.com/30-years-sepultura-webster-hall,article_or_page,http://www.flowersinagun.com/30-years-sepultura-webster-hall/,20150922034633,raw\html\flowersinagun.com_30-years-sepultura-webster-hall__ff5e0043e1.html,ok,54199,
flowersinagun.com/5-songs-of-2014,article_or_page,http://www.flowersinagun.com:80/5-songs-of-2014/,20150310114005,raw\html\flowersinagun.com_5-songs-of-2014__35df45769c.html,ok,48672,
flowersinagun.com/a-moment-with-spirit-of,article_or_page,https://www.flowersinagun.com/a-moment-with-spirit-of/,20190623083648,raw\html\flowersinagun.com_a-moment-with-spirit-of__cd242c3d89.html,ok,56646,yes
flowersinagun.com/about,article_or_page,https://www.flowersinagun.com/about/,20240409203707,raw\html\flowersinagun.com_about__6cad10a1c7.html,ok,75520,yes
flowersinagun.com/ajay-mathurs-world-americana-in-9-to-3,article_or_page,http://www.flowersinagun.com/ajay-mathurs-world-americana-in-9-to-3/,20161107053947,raw\html\flowersinagun.com_ajay-mathurs-world-americana-in-9-to-3__987129be1b.html,ok,42440,
flowersinagun.com/alice-sungurov-releases-debut-video,article_or_page,http://www.flowersinagun.com/alice-sungurov-releases-debut-video/,20151017040857,raw\html\flowersinagun.com_alice-sungurov-releases-debut-video__9c984f24e2.html,ok,48559,
flowersinagun.com/alt-j-dissolve-me-song-review,article_or_page,http://www.flowersinagun.com/alt-j-dissolve-me-song-review/,20160310200955,raw\html\flowersinagun.com_alt-j-dissolve-me-song-review__48bb0ee8ac.html,ok,41129,
flowersinagun.com/alzheimers-association-rita-hayworth-gala-30th-anniversary-at-waldorf-astoria,article_or_page,http://www.flowersinagun.com:80/alzheimers-association-rita-hayworth-gala-30th-anniversary-at-waldorf-astoria/,20131114003112,raw\html\flowersinagun.com_alzheimers-association-rita-hayworth-gala-30th-anniversary-at-waldorf-astoria__a8f971307a.html,ok,40731,
flowersinagun.com/andrea-remordini,article_or_page,http://www.flowersinagun.com/andrea-remordini/,20160310133759,raw\html\flowersinagun.com_andrea-remordini__22aa505021.html,ok,40456,
flowersinagun.com/andy-michaels-eclectic-revisited-has-bits-for-every-music-fan,article_or_page,https://www.flowersinagun.com/andy-michaels-eclectic-revisited-has-bits-for-every-music-fan/,20190623083548,raw\html\flowersinagun.com_andy-michaels-eclectic-revisited-has-bits-for-every-music-fan__642de767c7.html,ok,55572,yes
flowersinagun.com/austeya,article_or_page,http://www.flowersinagun.com/austeya/,20130926232344,raw\html\flowersinagun.com_austeya__bb896aaa7c.html,ok,42116,
flowersinagun.com/autoktronix-noise-from-the-dessert,article_or_page,https://www.flowersinagun.com/autoktronix-noise-from-the-dessert/,20230812211611,raw\html\flowersinagun.com_autoktronix-noise-from-the-dessert__e222af4181.html,ok,51757,yes
flowersinagun.com/autumn-in-central-park,article_or_page,http://www.flowersinagun.com:80/autumn-in-central-park/,20150713013408,raw\html\flowersinagun.com_autumn-in-central-park__e1c1f87565.html,ok,48970,
flowersinagun.com/azar-lawrence-plays-a-love-supreme-at-jazz-standard,article_or_page,http://www.flowersinagun.com/azar-lawrence-plays-a-love-supreme-at-jazz-standard/,20160811105312,raw\html\flowersinagun.com_azar-lawrence-plays-a-love-supreme-at-jazz-standard__a081d74e16.html,ok,48060,
flowersinagun.com/balkansky-brat,article_or_page,http://www.flowersinagun.com:80/balkansky-brat/,20150713013256,raw\html\flowersinagun.com_balkansky-brat__af82080fd4.html,ok,44167,
flowersinagun.com/band-of-the-week,article_or_page,http://www.flowersinagun.com/band-of-the-week/,20160828124049,raw\html\flowersinagun.com_band-of-the-week__4398b9f1bc.html,ok,45073,
flowersinagun.com/band-of-the-week-hall-of-fame,article_or_page,https://www.flowersinagun.com/band-of-the-week-hall-of-fame/,20230606042939,raw\html\flowersinagun.com_band-of-the-week-hall-of-fame__ba58eb6d3f.html,ok,53957,yes
flowersinagun.com/band-of-the-week-sweet-fix,article_or_page,http://www.flowersinagun.com/band-of-the-week-sweet-fix/,20150212130532,raw\html\flowersinagun.com_band-of-the-week-sweet-fix__3b87c373ea.html,ok,53751,
flowersinagun.com/ben-frost-brings-violent-darkness-to-the-wick,article_or_page,http://www.flowersinagun.com/ben-frost-brings-violent-darkness-to-the-wick/,20150212180346,raw\html\flowersinagun.com_ben-frost-brings-violent-darkness-to-the-wick__d3268d1e43.html,ok,47124,
flowersinagun.com/bette-midlers-hulaween-party-at-waldorf-astoria,article_or_page,http://www.flowersinagun.com:80/bette-midlers-hulaween-party-at-waldorf-astoria/,20151031092253,raw\html\flowersinagun.com_bette-midlers-hulaween-party-at-waldorf-astoria__801011064e.html,ok,50177,
flowersinagun.com/bieber-or-morbid-angel-first,article_or_page,http://www.flowersinagun.com:80/bieber-or-morbid-angel-first/,20171019105946,raw\html\flowersinagun.com_bieber-or-morbid-angel-first__bfe1ec443e.html,ok,47658,
flowersinagun.com/billy-roberts-and-the-rough-riders-takes-alternatively-country-on-the-last-of-the-originals,article_or_page,http://www.flowersinagun.com:80/billy-roberts-and-the-rough-riders-takes-alternatively-country-on-the-last-of-the-originals/,20150310114026,raw\html\flowersinagun.com_billy-roberts-and-the-rough-riders-takes-alternatively-country-on-the-last-of-the-originals__ddd37cac4e.html,ok,46182,
flowersinagun.com/bitters-kiss-captivating-female-vocals-from-new-jersey,article_or_page,http://www.flowersinagun.com:80/bitters-kiss-captivating-female-vocals-from-new-jersey/,20150912075435,raw\html\flowersinagun.com_bitters-kiss-captivating-female-vocals-from-new-jersey__c7aeae2007.html,ok,49647,
flowersinagun.com/blonde-redhead-bowery-ballroom,article_or_page,http://www.flowersinagun.com:80/blonde-redhead-bowery-ballroom/,20150310115611,raw\html\flowersinagun.com_blonde-redhead-bowery-ballroom__be51ad9fb6.html,ok,47676,
flowersinagun.com/braddock-station-garrison,article_or_page,http://www.flowersinagun.com:80/braddock-station-garrison/,20140206063119,raw\html\flowersinagun.com_braddock-station-garrison__e941520a65.html,ok,65129,
flowersinagun.com/britney-spears-work-bitch-sm-getting-way-too-commercialized,article_or_page,http://www.flowersinagun.com/britney-spears-work-bitch-sm-getting-way-too-commercialized/,20180203062439,raw\html\flowersinagun.com_britney-spears-work-bitch-sm-getting-way-too-commercialized__1f6052026b.html,ok,39874,yes
flowersinagun.com/bushwick-burlesque-bizarre-and-wildly-entertaining,article_or_page,http://www.flowersinagun.com:80/bushwick-burlesque-bizarre-and-wildly-entertaining/,20141126025333,raw\html\flowersinagun.com_bushwick-burlesque-bizarre-and-wildly-entertaining__eedcd36da8.html,ok,50258,
flowersinagun.com/captain-squeegee-defeats-evil-with-music-in-new-video-dually-noted,article_or_page,http://www.flowersinagun.com/captain-squeegee-defeats-evil-with-music-in-new-video-dually-noted/,20171125000351,raw\html\flowersinagun.com_captain-squeegee-defeats-evil-with-music-in-new-video-dually-noted__209eff7084.html,ok,54834,
flowersinagun.com/caravan-palace-hits-nyc-electric-swing-madness,article_or_page,http://www.flowersinagun.com:80/caravan-palace-hits-nyc-electric-swing-madness/,20190910195130,raw\html\flowersinagun.com_caravan-palace-hits-nyc-electric-swing-madness__cee7aacd30.html,ok,57061,yes
flowersinagun.com/charlie-parker-festival-celebrates-the-legacy-of-bird,article_or_page,http://www.flowersinagun.com:80/charlie-parker-festival-celebrates-the-legacy-of-bird/,20140906004844,raw\html\flowersinagun.com_charlie-parker-festival-celebrates-the-legacy-of-bird__1bc4f427f1.html,ok,54255,
flowersinagun.com/christian-scott-at-the-blue-note-intereview,article_or_page,http://www.flowersinagun.com/christian-scott-at-the-blue-note-intereview/,20170825215400,raw\html\flowersinagun.com_christian-scott-at-the-blue-note-intereview__524993aca6.html,ok,64142,
flowersinagun.com/christmas-and-video-game-cheats-2,article_or_page,http://www.flowersinagun.com/christmas-and-video-game-cheats-2/,20160828132737,raw\html\flowersinagun.com_christmas-and-video-game-cheats-2__6fcf186c7c.html,ok,42192,
flowersinagun.com/chvrches-shows-out-in-nyc-opener-potty-mouth-nearly-stole-the-show,article_or_page,http://www.flowersinagun.com:80/chvrches-shows-out-in-nyc-opener-potty-mouth-nearly-stole-the-show/,20180508012513,raw\html\flowersinagun.com_chvrches-shows-out-in-nyc-opener-potty-mouth-nearly-stole-the-show__26b07fd611.html,ok,54719,yes
flowersinagun.com/clayton-brothers-quintet-notes-for-the-love-of-music,article_or_page,http://www.flowersinagun.com/clayton-brothers-quintet-notes-for-the-love-of-music/,20160811111354,raw\html\flowersinagun.com_clayton-brothers-quintet-notes-for-the-love-of-music__d9dda0535a.html,ok,54657,
flowersinagun.com/daniel-morrow-the-bedford-green-project,article_or_page,http://www.flowersinagun.com:80/daniel-morrow-the-bedford-green-project/,20150310114031,raw\html\flowersinagun.com_daniel-morrow-the-bedford-green-project__6e36c6e80f.html,ok,58027,
flowersinagun.com/darkness-falls-with-the-new-record-of-unfanthomed-of-abyss,article_or_page,http://www.flowersinagun.com:80/darkness-falls-with-the-new-record-of-unfanthomed-of-abyss/,20150310114036,raw\html\flowersinagun.com_darkness-falls-with-the-new-record-of-unfanthomed-of-abyss__de41fde6a3.html,ok,45499,
flowersinagun.com/dave-strykers-cd-release-jazz-standard-interview-for-flowers-in-a-gun,article_or_page,https://www.flowersinagun.com/dave-strykers-cd-release-jazz-standard-interview-for-flowers-in-a-gun/,20190809193614,raw\html\flowersinagun.com_dave-strykers-cd-release-jazz-standard-interview-for-flowers-in-a-gun__7c1d701900.html,ok,60631,yes
flowersinagun.com/david-bowie-r-i-p,article_or_page,http://www.flowersinagun.com/david-bowie-r-i-p/,20160904014241,raw\html\flowersinagun.com_david-bowie-r-i-p__2edfa2ed02.html,ok,48740,
flowersinagun.com/dk5600,article_or_page,http://www.flowersinagun.com/dk5600/,20141130151758,raw\html\flowersinagun.com_dk5600__8fa03df1b4.html,ok,43925,
flowersinagun.com/dolls-from-uk-is-the-new-band-of-the-week-winner,article_or_page,http://www.flowersinagun.com/dolls-from-uk-is-the-new-band-of-the-week-winner/,20141125103906,raw\html\flowersinagun.com_dolls-from-uk-is-the-new-band-of-the-week-winner__8525c69248.html,ok,40841,
flowersinagun.com/double-album-cd-release-party-at-shapeshifter-lab-matthew-shipp-darius-jones-gerald-cleaver-william-parker-craig-taborn,article_or_page,https://www.flowersinagun.com/double-album-cd-release-party-at-shapeshifter-lab-matthew-shipp-darius-jones-gerald-cleaver-william-parker-craig-taborn/,20190809193316,raw\html\flowersinagun.com_double-album-cd-release-party-at-shapeshifter-lab-matthew-shipp-darius-jones-gerald-cleaver-william-pa__14eecda9f0.html,ok,62219,yes
flowersinagun.com/dream-08-23-12,article_or_page,http://www.flowersinagun.com:80/dream-08-23-12/,20171019103802,raw\html\flowersinagun.com_dream-08-23-12__993aa8e793.html,ok,45693,
flowersinagun.com/ducati-james-president-trump,article_or_page,http://www.flowersinagun.com/ducati-james-president-trump/,,,failed:too_small,0,
flowersinagun.com/fake-snuff-straight-from-bulgaria-fuck-yeah,article_or_page,http://www.flowersinagun.com:80/fake-snuff-straight-from-bulgaria-fuck-yeah/,20150812114236,raw\html\flowersinagun.com_fake-snuff-straight-from-bulgaria-fuck-yeah__bbe759df10.html,ok,44895,
flowersinagun.com/farrah-burns-speaks-fluent-hip-hop-in-harlem,article_or_page,http://www.flowersinagun.com:80/farrah-burns-speaks-fluent-hip-hop-in-harlem/,20181030114620,raw\html\flowersinagun.com_farrah-burns-speaks-fluent-hip-hop-in-harlem__5e97ff3f0f.html,ok,52580,yes
flowersinagun.com/financial-district-looking-like-a-ghost-town-on-halloween-after-hurricane-sandy,article_or_page,http://www.flowersinagun.com:80/financial-district-looking-like-a-ghost-town-on-halloween-after-hurricane-sandy/,20131114003127,raw\html\flowersinagun.com_financial-district-looking-like-a-ghost-town-on-halloween-after-hurricane-sandy__8207063e27.html,ok,40308,
flowersinagun.com/fiona-silver-mercury-lounge,article_or_page,https://www.flowersinagun.com/fiona-silver-mercury-lounge/,20190623085344,raw\html\flowersinagun.com_fiona-silver-mercury-lounge__cde1a659bd.html,ok,58883,yes
flowersinagun.com/fixe-magazine-party-tammany-hall,article_or_page,https://www.flowersinagun.com/fixe-magazine-party-tammany-hall/,20190809193607,raw\html\flowersinagun.com_fixe-magazine-party-tammany-hall__6cf6b81e1a.html,ok,58439,yes
flowersinagun.com/franz-ferdinand-manhattan-centers-hammerstein-ballroom,article_or_page,http://www.flowersinagun.com:80/franz-ferdinand-manhattan-centers-hammerstein-ballroom/,20160211211154,raw\html\flowersinagun.com_franz-ferdinand-manhattan-centers-hammerstein-ballroom__2013cee731.html,ok,46689,
flowersinagun.com/from-the-south-of-spain-to-the-west-village-alberta-alabreda-and-noemi-perez-flamenco-fusion,article_or_page,http://www.flowersinagun.com:80/from-the-south-of-spain-to-the-west-village-alberta-alabreda-and-noemi-perez-flamenco-fusion/,20160521094331,raw\html\flowersinagun.com_from-the-south-of-spain-to-the-west-village-alberta-alabreda-and-noemi-perez-flamenco-fusion__aed39af604.html,ok,49215,
flowersinagun.com/gene-simmons-nobody-pays-for-music,article_or_page,http://www.flowersinagun.com/gene-simmons-nobody-pays-for-music/,20180123092122,raw\html\flowersinagun.com_gene-simmons-nobody-pays-for-music__71631e1063.html,ok,39782,yes
flowersinagun.com/gloria-petkova-tits-and-phones-vice-volume-9-number-3-fuck-yes-x-1000,article_or_page,http://www.flowersinagun.com:80/gloria-petkova-tits-and-phones-vice-volume-9-number-3-fuck-yes-x-1000/,20160328095928,raw\html\flowersinagun.com_gloria-petkova-tits-and-phones-vice-volume-9-number-3-fuck-yes-x-1000__fb7e4222b0.html,ok,39952,
flowersinagun.com/gogol-bordellos-new-years-eve-bash-interview-with-eugene-hutz,article_or_page,http://www.flowersinagun.com:80/gogol-bordellos-new-years-eve-bash-interview-with-eugene-hutz/,20170722134747,raw\html\flowersinagun.com_gogol-bordellos-new-years-eve-bash-interview-with-eugene-hutz__3e4d00ac20.html,ok,50709,
flowersinagun.com/guided-by-voices-irving-plaza-07112014,article_or_page,http://www.flowersinagun.com:80/guided-by-voices-irving-plaza-07112014/,20150815144929,raw\html\flowersinagun.com_guided-by-voices-irving-plaza-07112014__e1418986fe.html,ok,51205,
flowersinagun.com/guy-klucevsek-teetering-on-the-verge-of-normalcy,article_or_page,https://www.flowersinagun.com/guy-klucevsek-teetering-on-the-verge-of-normalcy/,20230623153927,raw\html\flowersinagun.com_guy-klucevsek-teetering-on-the-verge-of-normalcy__ec04ecdc5b.html,ok,67925,yes
flowersinagun.com/hardcore-xmas-2017-eastern-europes-finest,article_or_page,https://www.flowersinagun.com/hardcore-xmas-2017-eastern-europes-finest/,20190806043702,raw\html\flowersinagun.com_hardcore-xmas-2017-eastern-europes-finest__023ab2b437.html,ok,55893,yes
flowersinagun.com/heylel-blend-prog-rock-with-gothic-influences-in-nebulae,article_or_page,http://www.flowersinagun.com:80/heylel-blend-prog-rock-with-gothic-influences-in-nebulae/,20150815131959,raw\html\flowersinagun.com_heylel-blend-prog-rock-with-gothic-influences-in-nebulae__db2eb7c667.html,ok,48850,
flowersinagun.com/highly-suspect-london-2016,article_or_page,http://www.flowersinagun.com/highly-suspect-london-2016/,20160904053929,raw\html\flowersinagun.com_highly-suspect-london-2016__a94d0cba07.html,ok,49054,
flowersinagun.com/honeychrome-glasslands,article_or_page,http://www.flowersinagun.com/honeychrome-glasslands/,20160612193733,raw\html\flowersinagun.com_honeychrome-glasslands__ed8d6baa60.html,ok,50886,
flowersinagun.com/im-having-a-great-time-in-sofia,article_or_page,http://www.flowersinagun.com:80/im-having-a-great-time-in-sofia/,20131114003138,raw\html\flowersinagun.com_im-having-a-great-time-in-sofia__dc7a76f2bb.html,ok,33231,
flowersinagun.com/in-remembrance-of-erik-petersen-the-punk-poet-of-pennsylvania,article_or_page,http://www.flowersinagun.com:80/in-remembrance-of-erik-petersen-the-punk-poet-of-pennsylvania/,20161024020034,raw\html\flowersinagun.com_in-remembrance-of-erik-petersen-the-punk-poet-of-pennsylvania__f76d964e8f.html,ok,48159,
flowersinagun.com/interview-mndr,article_or_page,http://www.flowersinagun.com:80/interview-mndr/,20140204053403,raw\html\flowersinagun.com_interview-mndr__94d7215ee4.html,ok,54155,
flowersinagun.com/interview-with-avant-garde-musician-yumiko-tanaka-at-japan-society,article_or_page,http://www.flowersinagun.com:80/interview-with-avant-garde-musician-yumiko-tanaka-at-japan-society/,20150310114757,raw\html\flowersinagun.com_interview-with-avant-garde-musician-yumiko-tanaka-at-japan-society__bcd92879cc.html,ok,50439,
flowersinagun.com/interview-with-bassist-composer-ben-wolfe,article_or_page,http://www.flowersinagun.com:80/interview-with-bassist-composer-ben-wolfe/,20171029195838,raw\html\flowersinagun.com_interview-with-bassist-composer-ben-wolfe__9b1b248afd.html,ok,57347,
flowersinagun.com/interview-with-ches-smith-at-the-stone,article_or_page,http://www.flowersinagun.com/interview-with-ches-smith-at-the-stone/,20160811104122,raw\html\flowersinagun.com_interview-with-ches-smith-at-the-stone__f1782b239b.html,ok,50088,
flowersinagun.com/interview-with-dolls-uk,article_or_page,http://www.flowersinagun.com/interview-with-dolls-uk/,20141130025136,raw\html\flowersinagun.com_interview-with-dolls-uk__ca4c3b7f44.html,ok,47575,
flowersinagun.com/interview-with-indaze-brooklyn-bowl-the-english-beat,article_or_page,http://www.flowersinagun.com/interview-with-indaze-brooklyn-bowl-the-english-beat/,20150928174844,raw\html\flowersinagun.com_interview-with-indaze-brooklyn-bowl-the-english-beat__9693526fd4.html,ok,57407,
flowersinagun.com/interview-with-jazz-violinist-scott-tixier,article_or_page,http://www.flowersinagun.com/interview-with-jazz-violinist-scott-tixier/,20141125090732,raw\html\flowersinagun.com_interview-with-jazz-violinist-scott-tixier__90a1f8c863.html,ok,52410,
flowersinagun.com/interview-with-la-industrial-pop-duo-vowws-show-avid-bk,article_or_page,http://www.flowersinagun.com:80/interview-with-la-industrial-pop-duo-vowws-show-avid-bk/,20151019050735,raw\html\flowersinagun.com_interview-with-la-industrial-pop-duo-vowws-show-avid-bk__e0aa37fe91.html,ok,64324,
flowersinagun.com/interview-with-matthew-shipp,article_or_page,https://www.flowersinagun.com/interview-with-matthew-shipp/,20231120160220,raw\html\flowersinagun.com_interview-with-matthew-shipp__5254bacef6.html,ok,56908,yes
flowersinagun.com/interview-with-michael-gira-from-swans,article_or_page,http://www.flowersinagun.com/interview-with-michael-gira-from-swans/,20230811174445,raw\html\flowersinagun.com_interview-with-michael-gira-from-swans__ccf06fc219.html,ok,60175,yes
flowersinagun.com/interview-with-rachel-ann-weiss-the-rockwood-music-hall,article_or_page,http://www.flowersinagun.com:80/interview-with-rachel-ann-weiss-the-rockwood-music-hall/,20140914062713,raw\html\flowersinagun.com_interview-with-rachel-ann-weiss-the-rockwood-music-hall__c3fac913d2.html,ok,58503,
flowersinagun.com/jacob-metcalf-live-at-the-kessler-theatre,article_or_page,http://www.flowersinagun.com/jacob-metcalf-live-at-the-kessler-theatre/,20160904023835,raw\html\flowersinagun.com_jacob-metcalf-live-at-the-kessler-theatre__406e080bf2.html,ok,49511,
flowersinagun.com/james-carter-plays-tribute-to-john-coltrane-at-the-philadelphia-clef-club-of-jazz,article_or_page,http://www.flowersinagun.com:80/james-carter-plays-tribute-to-john-coltrane-at-the-philadelphia-clef-club-of-jazz/,20200220153611,raw\html\flowersinagun.com_james-carter-plays-tribute-to-john-coltrane-at-the-philadelphia-clef-club-of-jazz__eb7fc39689.html,ok,58054,yes
flowersinagun.com/jazz-at-zinc-bar,article_or_page,http://www.flowersinagun.com/jazz-at-zinc-bar/,20171124235210,raw\html\flowersinagun.com_jazz-at-zinc-bar__d69c38e6a4.html,ok,50907,
flowersinagun.com/joy-division-disorder-song-review,article_or_page,https://www.flowersinagun.com/joy-division-disorder-song-review/,20230803191927,raw\html\flowersinagun.com_joy-division-disorder-song-review__ee6269b671.html,ok,52570,yes
flowersinagun.com/kate-fenner-releases-middle-voice-a-deep-look-into-life,article_or_page,https://www.flowersinagun.com/kate-fenner-releases-middle-voice-a-deep-look-into-life/,20190623085739,raw\html\flowersinagun.com_kate-fenner-releases-middle-voice-a-deep-look-into-life__8a7e555e49.html,ok,57945,yes
flowersinagun.com/katya-sanna,article_or_page,http://www.flowersinagun.com:80/katya-sanna/,20180929201533,raw\html\flowersinagun.com_katya-sanna__8ca3c14d29.html,ok,55073,yes
flowersinagun.com/kcas-black-ball-hosted-by-alicia-keys-raises-money-to-fight-aids,article_or_page,http://www.flowersinagun.com/kcas-black-ball-hosted-by-alicia-keys-raises-money-to-fight-aids/,20131010151445,raw\html\flowersinagun.com_kcas-black-ball-hosted-by-alicia-keys-raises-money-to-fight-aids__56126ea4a2.html,ok,39329,
flowersinagun.com/khromozomes,article_or_page,http://www.flowersinagun.com:80/khromozomes/,20160720105515,raw\html\flowersinagun.com_khromozomes__38f8e2f758.html,ok,47042,
flowersinagun.com/kmfdm-rock-irving-plaza-for-hell-yeah-tour,article_or_page,http://www.flowersinagun.com/kmfdm-rock-irving-plaza-for-hell-yeah-tour/,20171108234251,raw\html\flowersinagun.com_kmfdm-rock-irving-plaza-for-hell-yeah-tour__05134a4260.html,ok,53681,
flowersinagun.com/le-butcherettes-the-dead-ships-and-eureka-the-butcher-rough-trade,article_or_page,http://www.flowersinagun.com/le-butcherettes-the-dead-ships-and-eureka-the-butcher-rough-trade/,20160904000541,raw\html\flowersinagun.com_le-butcherettes-the-dead-ships-and-eureka-the-butcher-rough-trade__e095282f4d.html,ok,64360,
flowersinagun.com/life-along-the-borderline-a-tribute-to-nico-curated-by-john-cale-at-bam,article_or_page,https://www.flowersinagun.com/life-along-the-borderline-a-tribute-to-nico-curated-by-john-cale-at-bam/,20230812211340,raw\html\flowersinagun.com_life-along-the-borderline-a-tribute-to-nico-curated-by-john-cale-at-bam__c6ed5d1bce.html,ok,54807,yes
flowersinagun.com/lili-roquelin-with-brand-new-video-for-the-only-one,article_or_page,https://www.flowersinagun.com/lili-roquelin-with-brand-new-video-for-the-only-one/,20230624094502,raw\html\flowersinagun.com_lili-roquelin-with-brand-new-video-for-the-only-one__1659da4572.html,ok,61524,yes
flowersinagun.com/luscious-jackson-the-bell-house,article_or_page,http://www.flowersinagun.com:80/luscious-jackson-the-bell-house/,20150310115046,raw\html\flowersinagun.com_luscious-jackson-the-bell-house__27840e5527.html,ok,48177,
flowersinagun.com/lydia-lunch-doomsday-student-trans-pecos-queens,article_or_page,http://www.flowersinagun.com:80/lydia-lunch-doomsday-student-trans-pecos-queens/,20150709081607,raw\html\flowersinagun.com_lydia-lunch-doomsday-student-trans-pecos-queens__7028f6809e.html,ok,65134,
flowersinagun.com/lydia-lunch-queen-of-siam,article_or_page,http://www.flowersinagun.com:80/lydia-lunch-queen-of-siam/,20150808040545,raw\html\flowersinagun.com_lydia-lunch-queen-of-siam__7091dfe5dd.html,ok,45184,
flowersinagun.com/mad-meg-mercury-lounge,article_or_page,https://www.flowersinagun.com/mad-meg-mercury-lounge/,20190809193259,raw\html\flowersinagun.com_mad-meg-mercury-lounge__14d3e1ff29.html,ok,55163,yes
flowersinagun.com/manilow-cease-and-desist,article_or_page,http://www.flowersinagun.com:80/manilow-cease-and-desist/,20150310114803,raw\html\flowersinagun.com_manilow-cease-and-desist__128b96b8d3.html,ok,44347,
flowersinagun.com/marianne-solivan-big-band-at-smalls-jazz-club-lady-got-balls,article_or_page,https://www.flowersinagun.com/marianne-solivan-big-band-at-smalls-jazz-club-lady-got-balls/,20230623153926,raw\html\flowersinagun.com_marianne-solivan-big-band-at-smalls-jazz-club-lady-got-balls__6c488cc594.html,ok,72729,yes
flowersinagun.com/mark-maze-takes-on-heartbreak-and-individualism-in-new-album-uncomfortable-truths,article_or_page,https://www.flowersinagun.com/mark-maze-takes-on-heartbreak-and-individualism-in-new-album-uncomfortable-truths/,20230805190244,raw\html\flowersinagun.com_mark-maze-takes-on-heartbreak-and-individualism-in-new-album-uncomfortable-truths__e0e8535bae.html,ok,57763,yes
flowersinagun.com/mark-zaleski-bands-album-release-at-smalls-jazz-club,article_or_page,http://www.flowersinagun.com/mark-zaleski-bands-album-release-at-smalls-jazz-club/,20171108143829,raw\html\flowersinagun.com_mark-zaleski-bands-album-release-at-smalls-jazz-club__8bd89e971b.html,ok,45441,
flowersinagun.com/marla-mase-half-life,article_or_page,http://www.flowersinagun.com/marla-mase-half-life/,20141130114813,raw\html\flowersinagun.com_marla-mase-half-life__b592894ec4.html,ok,42548,
flowersinagun.com/mary-lynns-animal-is-a-great-listen-end-to-end,article_or_page,http://www.flowersinagun.com/mary-lynns-animal-is-a-great-listen-end-to-end/,20171116030424,raw\html\flowersinagun.com_mary-lynns-animal-is-a-great-listen-end-to-end__a45232e6c9.html,ok,52778,
flowersinagun.com/matt-wilsons-christmas-tree-o-15-jazz-standard,article_or_page,http://www.flowersinagun.com/matt-wilsons-christmas-tree-o-15-jazz-standard/,20160811120633,raw\html\flowersinagun.com_matt-wilsons-christmas-tree-o-15-jazz-standard__006ef94c52.html,ok,56033,
flowersinagun.com/mel-washington,article_or_page,http://www.flowersinagun.com/mel-washington/,20160910145045,raw\html\flowersinagun.com_mel-washington__e97862b33d.html,ok,41981,
flowersinagun.com/michael-cullen-love-transmitter,article_or_page,http://www.flowersinagun.com/michael-cullen-love-transmitter/,20141130164038,raw\html\flowersinagun.com_michael-cullen-love-transmitter__32947628e4.html,ok,42703,
flowersinagun.com/modest-mouse-at-kings-theater-worth-the-trip,article_or_page,https://www.flowersinagun.com/modest-mouse-at-kings-theater-worth-the-trip/,20190803175500,raw\html\flowersinagun.com_modest-mouse-at-kings-theater-worth-the-trip__34e8ff78ba.html,ok,64410,yes
flowersinagun.com/my-favourite-valentines-card,article_or_page,http://www.flowersinagun.com:80/my-favourite-valentines-card/,20150812114309,raw\html\flowersinagun.com_my-favourite-valentines-card__577146404d.html,ok,43035,
flowersinagun.com/my-instagram-feed,article_or_page,https://www.flowersinagun.com/my-instagram-feed/,20230605063049,raw\html\flowersinagun.com_my-instagram-feed__586fa2955a.html,ok,45200,yes
flowersinagun.com/neneh-cherry-palmengarten-frankfurt,article_or_page,https://www.flowersinagun.com/neneh-cherry-palmengarten-frankfurt/,20190809193313,raw\html\flowersinagun.com_neneh-cherry-palmengarten-frankfurt__3b31657e94.html,ok,59125,yes
flowersinagun.com/nic-nassuet-releases-two-tracks-from-new-album-eleutherios,article_or_page,http://www.flowersinagun.com/nic-nassuet-releases-two-tracks-from-new-album-eleutherios/,20150910000032,raw\html\flowersinagun.com_nic-nassuet-releases-two-tracks-from-new-album-eleutherios__1aa0b2d2cb.html,ok,50276,
flowersinagun.com/nickel-and-dime-ops-album-release-party-killing,article_or_page,https://www.flowersinagun.com/nickel-and-dime-ops-album-release-party-killing/,20230627042202,raw\html\flowersinagun.com_nickel-and-dime-ops-album-release-party-killing__d99134a43d.html,ok,62487,yes
flowersinagun.com/nocarrier-wisdom-failure,article_or_page,http://www.flowersinagun.com/nocarrier-wisdom-failure/,20141126194957,raw\html\flowersinagun.com_nocarrier-wisdom-failure__d531760316.html,ok,43806,
flowersinagun.com/nomads-revolt-mischief-brew-sets-fire-to-the-night-in-brooklyn,article_or_page,https://www.flowersinagun.com/nomads-revolt-mischief-brew-sets-fire-to-the-night-in-brooklyn/,20240409172038,raw\html\flowersinagun.com_nomads-revolt-mischief-brew-sets-fire-to-the-night-in-brooklyn__6203520822.html,ok,56376,yes
flowersinagun.com/okkyung-lee-at-the-stone-6-nights-12-shows-1-interview,article_or_page,http://www.flowersinagun.com/okkyung-lee-at-the-stone-6-nights-12-shows-1-interview/,20151209125238,raw\html\flowersinagun.com_okkyung-lee-at-the-stone-6-nights-12-shows-1-interview__f9cc097f9a.html,ok,59267,
flowersinagun.com/paul-maged-releases-sophomore-album-diamonds-and-demons,article_or_page,http://www.flowersinagun.com:80/paul-maged-releases-sophomore-album-diamonds-and-demons/,20150310114807,raw\html\flowersinagun.com_paul-maged-releases-sophomore-album-diamonds-and-demons__e7ac81ab22.html,ok,45310,
flowersinagun.com/phoenix-hip-hop-lights-up-the-night-in-brooklyn,article_or_page,http://www.flowersinagun.com/phoenix-hip-hop-lights-up-the-night-in-brooklyn/,20210307105200,raw\html\flowersinagun.com_phoenix-hip-hop-lights-up-the-night-in-brooklyn__4044ff698a.html,ok,64121,yes
flowersinagun.com/photo-of-the-night-1-siouxsie-by-pierre-et-gilles,article_or_page,http://www.flowersinagun.com:80/photo-of-the-night-1-siouxsie-by-pierre-et-gilles/,20131114033942,raw\html\flowersinagun.com_photo-of-the-night-1-siouxsie-by-pierre-et-gilles__92b1bc94fd.html,ok,31656,
flowersinagun.com/photos-from-bulgaria-2013,article_or_page,http://www.flowersinagun.com:80/photos-from-bulgaria-2013/,20131114003143,raw\html\flowersinagun.com_photos-from-bulgaria-2013__df72b66da6.html,ok,37980,
flowersinagun.com/pizzafest-3-code-name-pizza-fist,article_or_page,http://www.flowersinagun.com:80/pizzafest-3-code-name-pizza-fist/,20160823120049,raw\html\flowersinagun.com_pizzafest-3-code-name-pizza-fist__746c2930cb.html,ok,43971,
flowersinagun.com/plastic-yellow-band,article_or_page,http://www.flowersinagun.com/plastic-yellow-band/,20141130175653,raw\html\flowersinagun.com_plastic-yellow-band__07ade1de86.html,ok,44341,
flowersinagun.com/playing-to-vapors,article_or_page,http://www.flowersinagun.com/playing-to-vapors/,20141130170224,raw\html\flowersinagun.com_playing-to-vapors__91460c9aa1.html,ok,42132,
flowersinagun.com/pulp-radio-city-music-hall,article_or_page,http://www.flowersinagun.com:80/pulp-radio-city-music-hall/,20131001033149,raw\html\flowersinagun.com_pulp-radio-city-music-hall__d77b31bc8f.html,ok,33852,
flowersinagun.com/ravi-coltrane-residency-at-jazz-standard,article_or_page,https://www.flowersinagun.com/ravi-coltrane-residency-at-jazz-standard/,20230623153926,raw\html\flowersinagun.com_ravi-coltrane-residency-at-jazz-standard__ac1d6005de.html,ok,57916,yes
flowersinagun.com/rip-boro-brodnik,article_or_page,http://www.flowersinagun.com:80/rip-boro-brodnik/,20180507232414,raw\html\flowersinagun.com_rip-boro-brodnik__26a11cebc0.html,ok,48596,yes
flowersinagun.com/rip-is-anyone-up-com,article_or_page,https://www.flowersinagun.com/rip-is-anyone-up-com/,20221102225419,raw\html\flowersinagun.com_rip-is-anyone-up-com__1f20a7553e.html,ok,39710,
flowersinagun.com/robert-c-wiles-the-iconic-photo-of-evelyn-mchale-who-just-jumped-out-of-the-empire-state-building-observation-deck,article_or_page,http://www.flowersinagun.com:80/robert-c-wiles-the-iconic-photo-of-evelyn-mchale-who-just-jumped-out-of-the-empire-state-building-observation-deck/,20200222050234,raw\html\flowersinagun.com_robert-c-wiles-the-iconic-photo-of-evelyn-mchale-who-just-jumped-out-of-the-empire-state-building-obse__90c310966e.html,ok,58720,yes
flowersinagun.com/rock-legend-lou-reed-dies-at-71,article_or_page,http://www.flowersinagun.com:80/rock-legend-lou-reed-dies-at-71/,20131114003153,raw\html\flowersinagun.com_rock-legend-lou-reed-dies-at-71__618eb747fd.html,ok,37117,
flowersinagun.com/royal-thunder-backwoods-payback-heavy-temple-at-st-vitus-11917,article_or_page,https://www.flowersinagun.com/royal-thunder-backwoods-payback-heavy-temple-at-st-vitus-11917/,20190623085607,raw\html\flowersinagun.com_royal-thunder-backwoods-payback-heavy-temple-at-st-vitus-11917__9b833a9efd.html,ok,66073,yes
flowersinagun.com/s-residency-at-union-pool-dancing-is-the-best-revenge,article_or_page,http://www.flowersinagun.com:80/s-residency-at-union-pool-dancing-is-the-best-revenge/,20180525113359,raw\html\flowersinagun.com_s-residency-at-union-pool-dancing-is-the-best-revenge__d2e1dd0626.html,ok,59646,yes
flowersinagun.com/seminal-cinema-recommends-town-bloody-hall,article_or_page,http://www.flowersinagun.com/seminal-cinema-recommends-town-bloody-hall/,20131115072937,raw\html\flowersinagun.com_seminal-cinema-recommends-town-bloody-hall__f67ca28448.html,ok,37361,
flowersinagun.com/sfjazz-collective-plays-the-music-of-joe-henderson,article_or_page,https://www.flowersinagun.com/sfjazz-collective-plays-the-music-of-joe-henderson/,20230804075729,raw\html\flowersinagun.com_sfjazz-collective-plays-the-music-of-joe-henderson__ca1d84d7cc.html,ok,58877,yes
flowersinagun.com/short-movie-bum-luck,article_or_page,http://www.flowersinagun.com:80/short-movie-bum-luck/,20131114003158,raw\html\flowersinagun.com_short-movie-bum-luck__c692289d69.html,ok,34096,
flowersinagun.com/simon-field-with-a-new-vocal-house-track-gravity,article_or_page,http://www.flowersinagun.com:80/simon-field-with-a-new-vocal-house-track-gravity/,20150310115103,raw\html\flowersinagun.com_simon-field-with-a-new-vocal-house-track-gravity__c8a8108ac2.html,ok,44272,
flowersinagun.com/small-leaks-sink-ships-sign-with-lefse-records-talk-new-record,article_or_page,http://www.flowersinagun.com/small-leaks-sink-ships-sign-with-lefse-records-talk-new-record/,20171116032751,raw\html\flowersinagun.com_small-leaks-sink-ships-sign-with-lefse-records-talk-new-record__e99d8d250f.html,ok,64695,
flowersinagun.com/smile-and-like-a-feather-lili-roquelin-with-new-song-and-video,article_or_page,https://www.flowersinagun.com/smile-and-like-a-feather-lili-roquelin-with-new-song-and-video/,20230622000335,raw\html\flowersinagun.com_smile-and-like-a-feather-lili-roquelin-with-new-song-and-video__5e77e51cd6.html,ok,60027,yes
flowersinagun.com/song-of-the-night-23-mojo-nixon-debbie-gibson-is-pregnant-with-my-two-headed-love-child,article_or_page,https://www.flowersinagun.com/song-of-the-night-23-mojo-nixon-debbie-gibson-is-pregnant-with-my-two-headed-love-child/,20230813223248,raw\html\flowersinagun.com_song-of-the-night-23-mojo-nixon-debbie-gibson-is-pregnant-with-my-two-headed-love-child__0043b88af1.html,ok,48946,yes
flowersinagun.com/song-of-the-night-24-nine-inch-nails-lights-in-the-sky,article_or_page,https://www.flowersinagun.com/song-of-the-night-24-nine-inch-nails-lights-in-the-sky/,20230813224340,raw\html\flowersinagun.com_song-of-the-night-24-nine-inch-nails-lights-in-the-sky__7c73020c35.html,ok,48204,yes
flowersinagun.com/song-of-the-night-54-pj-harvey-you-said-something,article_or_page,http://www.flowersinagun.com:80/song-of-the-night-54-pj-harvey-you-said-something/,20200222094018,raw\html\flowersinagun.com_song-of-the-night-54-pj-harvey-you-said-something__f50529766a.html,ok,49384,yes
flowersinagun.com/song-of-the-night-58-i-am-kloot-twist,article_or_page,http://www.flowersinagun.com/song-of-the-night-58-i-am-kloot-twist/,20160910145049,raw\html\flowersinagun.com_song-of-the-night-58-i-am-kloot-twist__2a6ab9ab68.html,ok,38756,
flowersinagun.com/song-of-the-night-60-john-maus-dear-moon,article_or_page,http://www.flowersinagun.com/song-of-the-night-60-john-maus-dear-moon/,20141130195112,raw\html\flowersinagun.com_song-of-the-night-60-john-maus-dear-moon__5e472edbf9.html,ok,40367,
flowersinagun.com/song-of-the-night-61-childish-gambino-3005,article_or_page,http://www.flowersinagun.com/song-of-the-night-61-childish-gambino-3005/,20141130175649,raw\html\flowersinagun.com_song-of-the-night-61-childish-gambino-3005__3f811f3f1e.html,ok,40877,
flowersinagun.com/song-of-the-night-62-devendra-banhart-wont-you-come-over,article_or_page,http://www.flowersinagun.com:80/song-of-the-night-62-devendra-banhart-wont-you-come-over/,20150310115125,raw\html\flowersinagun.com_song-of-the-night-62-devendra-banhart-wont-you-come-over__569f359378.html,ok,44064,
flowersinagun.com/soulfly-to-kick-off-north-american-tour-this-friday-performing-nailbombs-point-blank-album-in-full-each-night,article_or_page,http://www.flowersinagun.com/soulfly-to-kick-off-north-american-tour-this-friday-performing-nailbombs-point-blank-album-in-full-each-night/,20180123070224,raw\html\flowersinagun.com_soulfly-to-kick-off-north-american-tour-this-friday-performing-nailbombs-point-blank-album-in-full-eac__8c2bcde51d.html,ok,41379,yes
flowersinagun.com/st-patricks-parade-nyc-2013,article_or_page,http://www.flowersinagun.com:80/st-patricks-parade-nyc-2013/,20131114003239,raw\html\flowersinagun.com_st-patricks-parade-nyc-2013__a597c0d3fe.html,ok,39747,
flowersinagun.com/staring-out-the-sun-rock-out-with-high-energy-in-debut-ep,article_or_page,http://www.flowersinagun.com/staring-out-the-sun-rock-out-with-high-energy-in-debut-ep/,20150907175048,raw\html\flowersinagun.com_staring-out-the-sun-rock-out-with-high-energy-in-debut-ep__bbf58506ac.html,ok,49694,
flowersinagun.com/stormy-mondays-and-their-music-flying-in-space,article_or_page,http://www.flowersinagun.com:80/stormy-mondays-and-their-music-flying-in-space/,20160211211201,raw\html\flowersinagun.com_stormy-mondays-and-their-music-flying-in-space__b771ae24d8.html,ok,42962,
flowersinagun.com/strugare-petnoto-plovdiv,article_or_page,https://www.flowersinagun.com/strugare-petnoto-plovdiv/,20190623085702,raw\html\flowersinagun.com_strugare-petnoto-plovdiv__4fa8a33cbc.html,ok,53452,yes
flowersinagun.com/sweet-fix-is-the-new-band-of-the-week,article_or_page,http://www.flowersinagun.com/sweet-fix-is-the-new-band-of-the-week/,20151121150425,raw\html\flowersinagun.com_sweet-fix-is-the-new-band-of-the-week__1124502f08.html,ok,46580,
flowersinagun.com/swinging-holiday-party-with-vince-giordano-the-nighthawks-at-the-town-hall,article_or_page,http://www.flowersinagun.com/swinging-holiday-party-with-vince-giordano-the-nighthawks-at-the-town-hall/,20160811171508,raw\html\flowersinagun.com_swinging-holiday-party-with-vince-giordano-the-nighthawks-at-the-town-hall__be57c146b7.html,ok,51866,
flowersinagun.com/tap-fever-with-michela-marino-lerman-group-at-dizzys-coca-cola-club,article_or_page,http://www.flowersinagun.com:80/tap-fever-with-michela-marino-lerman-group-at-dizzys-coca-cola-club/,20170218131749,raw\html\flowersinagun.com_tap-fever-with-michela-marino-lerman-group-at-dizzys-coca-cola-club__98714fa2a5.html,ok,54718,
flowersinagun.com/the-bad-plus-at-the-jazz-standard-dark-and-beautiful,article_or_page,http://www.flowersinagun.com/the-bad-plus-at-the-jazz-standard-dark-and-beautiful/,20141126011407,raw\html\flowersinagun.com_the-bad-plus-at-the-jazz-standard-dark-and-beautiful__a364d145f7.html,ok,44132,
flowersinagun.com/the-beauty-of-breaking-stuff,article_or_page,http://www.flowersinagun.com/the-beauty-of-breaking-stuff/,20160811104403,raw\html\flowersinagun.com_the-beauty-of-breaking-stuff__c769b4e6b4.html,ok,44938,
flowersinagun.com/the-book-of-esther-cd-release-party-at-steinway-hall,article_or_page,http://www.flowersinagun.com/the-book-of-esther-cd-release-party-at-steinway-hall/,20150212173913,raw\html\flowersinagun.com_the-book-of-esther-cd-release-party-at-steinway-hall__7d7fe84a43.html,ok,45613,
flowersinagun.com/the-divers,article_or_page,http://www.flowersinagun.com/the-divers/,20131115090633,raw\html\flowersinagun.com_the-divers__288503333a.html,ok,35506,
flowersinagun.com/the-gravity-drive,article_or_page,http://www.flowersinagun.com/the-gravity-drive/,20130925182532,raw\html\flowersinagun.com_the-gravity-drive__d4a2fb4400.html,ok,39149,
flowersinagun.com/the-great-escape,article_or_page,http://www.flowersinagun.com:80/the-great-escape/,20150310115155,raw\html\flowersinagun.com_the-great-escape__8befda42c9.html,ok,45838,
flowersinagun.com/the-great-game-creates-new-world-music-with-debut-album,article_or_page,https://www.flowersinagun.com/the-great-game-creates-new-world-music-with-debut-album/,20230804075729,raw\html\flowersinagun.com_the-great-game-creates-new-world-music-with-debut-album__22e5a9c6fa.html,ok,53543,yes
flowersinagun.com/the-horrors-release-new-album-v,article_or_page,http://www.flowersinagun.com/the-horrors-release-new-album-v/,20180213050323,raw\html\flowersinagun.com_the-horrors-release-new-album-v__8a74c2112d.html,ok,39215,yes
flowersinagun.com/the-impecable-insanity-of-the-liza-colby-sound-arlenes-grocery,article_or_page,http://www.flowersinagun.com:80/the-impecable-insanity-of-the-liza-colby-sound-arlenes-grocery/,20150815021412,raw\html\flowersinagun.com_the-impecable-insanity-of-the-liza-colby-sound-arlenes-grocery__0bbfa6611e.html,ok,53136,
flowersinagun.com/the-insurance-salesmen,article_or_page,http://www.flowersinagun.com/the-insurance-salesmen/,20141125112816,raw\html\flowersinagun.com_the-insurance-salesmen__3a317709bd.html,ok,43966,
flowersinagun.com/the-jeremy-pelt-show-presents-face-forward-jeremy-at-the-jazz-standard,article_or_page,http://www.flowersinagun.com/the-jeremy-pelt-show-presents-face-forward-jeremy-at-the-jazz-standard/,20141130005626,raw\html\flowersinagun.com_the-jeremy-pelt-show-presents-face-forward-jeremy-at-the-jazz-standard__d425b79ec5.html,ok,45610,
flowersinagun.com/the-koniac-net,article_or_page,https://www.flowersinagun.com/the-koniac-net/,20230627042202,raw\html\flowersinagun.com_the-koniac-net__620adacb54.html,ok,64745,yes
flowersinagun.com/the-last-city-2,article_or_page,http://www.flowersinagun.com/the-last-city-2/,20131005184840,raw\html\flowersinagun.com_the-last-city-2__77eb7847fd.html,ok,42377,
flowersinagun.com/the-legal-aid-society-second-annual-winter-benefit-012816,article_or_page,http://www.flowersinagun.com/the-legal-aid-society-second-annual-winter-benefit-012816/,20160904010147,raw\html\flowersinagun.com_the-legal-aid-society-second-annual-winter-benefit-012816__4d5c655abe.html,ok,60490,
flowersinagun.com/the-library-is-on-fires-new-song-leaked,article_or_page,http://www.flowersinagun.com:80/the-library-is-on-fires-new-song-leaked/,20180929201547,raw\html\flowersinagun.com_the-library-is-on-fires-new-song-leaked__92c9db3fb2.html,ok,54428,yes
flowersinagun.com/the-lost-poets,article_or_page,http://www.flowersinagun.com/the-lost-poets/,20150212183611,raw\html\flowersinagun.com_the-lost-poets__1d9382de63.html,ok,43303,
flowersinagun.com/the-new-winner-of-band-of-the-week-radio-radio-from-south-london,article_or_page,http://www.flowersinagun.com:80/the-new-winner-of-band-of-the-week-radio-radio-from-south-london/,20140204053255,raw\html\flowersinagun.com_the-new-winner-of-band-of-the-week-radio-radio-from-south-london__abac8e358a.html,ok,55143,
flowersinagun.com/the-ny-hot-jazz-festival-sets-players-club-on-fire-opa,article_or_page,http://www.flowersinagun.com:80/the-ny-hot-jazz-festival-sets-players-club-on-fire-opa/,20141227012724,raw\html\flowersinagun.com_the-ny-hot-jazz-festival-sets-players-club-on-fire-opa__3fe8e88f2d.html,ok,58765,
flowersinagun.com/the-partizan-song-%d0%bf%d0%b5%d1%81%d0%bd%d1%8f-%d0%bf%d0%b0%d1%80%d1%82%d0%b8%d0%b7%d0%b0%d0%bd%d0%b0,article_or_page,https://www.flowersinagun.com/the-partizan-song-%d0%bf%d0%b5%d1%81%d0%bd%d1%8f-%d0%bf%d0%b0%d1%80%d1%82%d0%b8%d0%b7%d0%b0%d0%bd%d0%b0/,20230627042201,raw\html\flowersinagun.com_the-partizan-song-_d0_bf_d0_b5_d1_81_d0_bd_d1_8f-_d0_bf_d0_b0_d1_80_d1_82_d0_b8_d0_b7_d0_b0_d0_bd_d0_b__7b4d4561ff.html,ok,53799,yes
flowersinagun.com/the-plum-magnetic,article_or_page,http://www.flowersinagun.com/the-plum-magnetic/,20161206173330,raw\html\flowersinagun.com_the-plum-magnetic__a6709ea58a.html,ok,39768,
flowersinagun.com/the-smallest-creature-release-reboot-album-comes-out-soon,article_or_page,http://www.flowersinagun.com:80/the-smallest-creature-release-reboot-album-comes-out-soon/,20161213225947,raw\html\flowersinagun.com_the-smallest-creature-release-reboot-album-comes-out-soon__8302796d7b.html,ok,46963,
flowersinagun.com/the-society-islands-the-big-sleep,article_or_page,http://www.flowersinagun.com:80/the-society-islands-the-big-sleep/,20150310114816,raw\html\flowersinagun.com_the-society-islands-the-big-sleep__ac05abf822.html,ok,45051,
flowersinagun.com/the-unravelling-dig-again-into-beautiful-darkness-with-new-single-revolt,article_or_page,http://www.flowersinagun.com/the-unravelling-dig-again-into-beautiful-darkness-with-new-single-revolt/,20150908033549,raw\html\flowersinagun.com_the-unravelling-dig-again-into-beautiful-darkness-with-new-single-revolt__ff6afc48bf.html,ok,51506,
flowersinagun.com/thelvnguagethe-textiles-at-pianos,article_or_page,http://www.flowersinagun.com:80/thelvnguagethe-textiles-at-pianos/,20171120213642,raw\html\flowersinagun.com_thelvnguagethe-textiles-at-pianos__70e420d1cd.html,ok,60509,
flowersinagun.com/tim-hecker-at-the-wick-extreme-noise-meets-extreme-darkness,article_or_page,http://www.flowersinagun.com:80/tim-hecker-at-the-wick-extreme-noise-meets-extreme-darkness/,20150310114021,raw\html\flowersinagun.com_tim-hecker-at-the-wick-extreme-noise-meets-extreme-darkness__75a831be25.html,ok,45529,
flowersinagun.com/tonights-flick-graphic-sexual-terror,article_or_page,http://www.flowersinagun.com:80/tonights-flick-graphic-sexual-terror/,20140208145009,raw\html\flowersinagun.com_tonights-flick-graphic-sexual-terror__400b917461.html,ok,56277,
flowersinagun.com/too-many-zooz-f-note-ep,article_or_page,http://www.flowersinagun.com/too-many-zooz-f-note-ep/,20141130095337,raw\html\flowersinagun.com_too-many-zooz-f-note-ep__0a73da9b75.html,ok,45989,
flowersinagun.com/underrated-b-sides-moby-nearer,article_or_page,http://www.flowersinagun.com:80/underrated-b-sides-moby-nearer/,20150712091437,raw\html\flowersinagun.com_underrated-b-sides-moby-nearer__5262d51a74.html,ok,44018,
flowersinagun.com/urban-grey-new-album-teaser,article_or_page,http://www.flowersinagun.com:80/urban-grey-new-album-teaser/,20181030114533,raw\html\flowersinagun.com_urban-grey-new-album-teaser__08d596355a.html,ok,48702,yes
flowersinagun.com/urban-saints,article_or_page,http://www.flowersinagun.com:80/urban-saints/,20131114003244,raw\html\flowersinagun.com_urban-saints__220c6a4e27.html,ok,37796,
flowersinagun.com/video-interview-with-danish-band-fortress-for-flowers-in-a-gun,article_or_page,http://www.flowersinagun.com/video-interview-with-danish-band-fortress-for-flowers-in-a-gun/,20141130020910,raw\html\flowersinagun.com_video-interview-with-danish-band-fortress-for-flowers-in-a-gun__5c57b70adc.html,ok,42707,
flowersinagun.com/warren-wolf-the-wolfpack-at-smoke-jazz-club,article_or_page,http://www.flowersinagun.com:80/warren-wolf-the-wolfpack-at-smoke-jazz-club/,20180508004601,raw\html\flowersinagun.com_warren-wolf-the-wolfpack-at-smoke-jazz-club__d76f6f6b9e.html,ok,63633,yes
flowersinagun.com/who-sang-it-better-im-a-fool-to-love-you,article_or_page,http://www.flowersinagun.com:80/who-sang-it-better-im-a-fool-to-love-you/,20171120215140,raw\html\flowersinagun.com_who-sang-it-better-im-a-fool-to-love-you__c04dbd2a42.html,ok,50629,
flowersinagun.com/whos-ted-bundy,article_or_page,http://www.flowersinagun.com:80/whos-ted-bundy/,20200222004832,raw\html\flowersinagun.com_whos-ted-bundy__878ded1e3b.html,ok,47989,yes
flowersinagun.com/william-parkers-yes-i-dream-of-freedom-in-memory-of-martin-luther-king,article_or_page,https://www.flowersinagun.com/william-parkers-yes-i-dream-of-freedom-in-memory-of-martin-luther-king/,20230624141224,raw\html\flowersinagun.com_william-parkers-yes-i-dream-of-freedom-in-memory-of-martin-luther-king__c4fa9ce8cb.html,ok,61102,yes
flowersinagun.com/wine-cheese-meow-meow,article_or_page,http://www.flowersinagun.com:80/wine-cheese-meow-meow/,20131001033112,raw\html\flowersinagun.com_wine-cheese-meow-meow__6c091fbed7.html,ok,32659,
flowersinagun.com/winter-jazzfest-2015,article_or_page,http://www.flowersinagun.com/winter-jazzfest-2015/,20160811124301,raw\html\flowersinagun.com_winter-jazzfest-2015__4564d0bad0.html,ok,70995,
flowersinagun.com/yann-tiersen-at-the-highline-ballroom-pure-magic,article_or_page,http://www.flowersinagun.com/yann-tiersen-at-the-highline-ballroom-pure-magic/,20160304201509,raw\html\flowersinagun.com_yann-tiersen-at-the-highline-ballroom-pure-magic__2e8376c972.html,ok,44136,
flowersinagun.com/yop-poll-archive,article_or_page,http://www.flowersinagun.com/yop-poll-archive/,20150716031616,raw\html\flowersinagun.com_yop-poll-archive__af024f2c7a.html,ok,74847,
flowersinagun.com/youporn-video-comment-of-the-night-632012,article_or_page,http://www.flowersinagun.com:80/youporn-video-comment-of-the-night-632012/,20170220122836,raw\html\flowersinagun.com_youporn-video-comment-of-the-night-632012__0005e4d8e8.html,ok,37003,
cpanel.flowersinagun.com/,home,http://cpanel.flowersinagun.com/,20231225164140,raw\html\cpanel.flowersinagun.com__b066ee5e94.html,ok,38026,
fitbog.flowersinagun.com/,home,https://www.fitbog.flowersinagun.com/,,,failed:too_small,0,
flowersinagun.com/,home,http://flowersinagun.com/,20240425154258,raw\html\flowersinagun.com__efa6cd409a.html,ok,71794,yes
mail.flowersinagun.com/,home,http://mail.flowersinagun.com/,,,failed:http_404,0,
webmail.flowersinagun.com/,home,http://webmail.flowersinagun.com/,20240425154354,raw\html\webmail.flowersinagun.com__9d47205844.html,ok,38039,
flowersinagun.com/cgi-sys/suspendedpage.cgi,other_html,https://www.flowersinagun.com/cgi-sys/suspendedpage.cgi,,,failed:not_blog,0,
flowersinagun.com/kmfdm-rock-irving-plaza-for-hell-yeah-tour/%3Ca%20href=,other_html,http://www.flowersinagun.com/kmfdm-rock-irving-plaza-for-hell-yeah-tour/%3Ca%20href=,20180123012101,raw\html\flowersinagun.com_kmfdm-rock-irving-plaza-for-hell-yeah-tour_3Ca_20href__074587a3aa.html,ok,27820,yes
cpanel.flowersinagun.com/cPanel_magic_revision_1536951675/unprotected/cpanel/images/cpanel-logo.svg,image,http://cpanel.flowersinagun.com/cPanel_magic_revision_1536951675/unprotected/cpanel/images/cpanel-logo.svg,,,failed:http_404,0,
cpanel.flowersinagun.com/cPanel_magic_revision_1660251973/unprotected/cpanel/images/cpanel-logo.svg,image,http://cpanel.flowersinagun.com/cPanel_magic_revision_1660251973/unprotected/cpanel/images/cpanel-logo.svg,20231225164155,raw\assets\cpanel.flowersinagun.com_cPanel_magic_revision_1660251973_unprotected_cpanel_images_cpanel-logo.svg__42cc386fd1.svg,ok,5617,
flowersinagun.com/favicon.ico,image,https://www.flowersinagun.com/favicon.ico,20240409184014,raw\assets\flowersinagun.com_favicon.ico__1153091acc.ico,ok,822,
flowersinagun.com/wp-admin/images/loading.gif,image,https://www.flowersinagun.com/wp-admin/images/loading.gif,20230524200856,raw\assets\flowersinagun.com_wp-admin_images_loading.gif__172ee99690.gif,ok,2254,
flowersinagun.com/wp-admin/images/w-logo-blue.png,image,https://www.flowersinagun.com/wp-admin/images/w-logo-blue.png,,,failed:http_404,0,
flowersinagun.com/wp-admin/images/w-logo-blue.png?ver=20131202,image,https://www.flowersinagun.com/wp-admin/images/w-logo-blue.png?ver=20131202,20230524124239,raw\assets\flowersinagun.com_wp-admin_images_w-logo-blue.png_ver_20131202__cf14fc232e.png,ok,3113,
flowersinagun.com/wp-admin/images/wordpress-logo.svg,image,https://www.flowersinagun.com/wp-admin/images/wordpress-logo.svg,20230525021738,raw\assets\flowersinagun.com_wp-admin_images_wordpress-logo.svg__985c283785.svg,ok,1521,
flowersinagun.com/wp-admin/images/wordpress-logo.svg?ver=20131107,image,https://www.flowersinagun.com/wp-admin/images/wordpress-logo.svg?ver=20131107,20230524122046,raw\assets\flowersinagun.com_wp-admin_images_wordpress-logo.svg_ver_20131107__0af31a7116.svg,ok,1521,
flowersinagun.com/wp-content/plugins/alpine-photo-tile-for-instagram/css/images/loader.gif,image,http://www.flowersinagun.com/wp-content/plugins/alpine-photo-tile-for-instagram/css/images/loader.gif,20131115092005,raw\assets\flowersinagun.com_wp-content_plugins_alpine-photo-tile-for-instagram_css_images_loader.gif__bd9ba3e801.gif,ok,6494,
flowersinagun.com/wp-content/plugins/alpine-photo-tile-for-instagram/css/images/pin-it.png,image,http://www.flowersinagun.com/wp-content/plugins/alpine-photo-tile-for-instagram/css/images/pin-it.png,20131115093043,raw\assets\flowersinagun.com_wp-content_plugins_alpine-photo-tile-for-instagram_css_images_pin-it.png__358c5f2595.png,ok,936,
flowersinagun.com/wp-content/plugins/easy-instagram/assets/colorbox/images/border.png,image,http://www.flowersinagun.com/wp-content/plugins/easy-instagram/assets/colorbox/images/border.png,20210308103705,raw\assets\flowersinagun.com_wp-content_plugins_easy-instagram_assets_colorbox_images_border.png__efa0d91075.png,ok,112,
flowersinagun.com/wp-content/plugins/easy-instagram/assets/colorbox/images/controls.png,image,http://www.flowersinagun.com/wp-content/plugins/easy-instagram/assets/colorbox/images/controls.png,20210308103705,raw\assets\flowersinagun.com_wp-content_plugins_easy-instagram_assets_colorbox_images_controls.png__bc1e14c134.png,ok,2893,
flowersinagun.com/wp-content/plugins/easy-instagram/assets/colorbox/images/loading.gif,image,http://www.flowersinagun.com/wp-content/plugins/easy-instagram/assets/colorbox/images/loading.gif,20210308103705,raw\assets\flowersinagun.com_wp-content_plugins_easy-instagram_assets_colorbox_images_loading.gif__99cda792a2.gif,ok,9427,
flowersinagun.com/wp-content/plugins/easy-instagram/assets/colorbox/images/loading_background.png,image,http://www.flowersinagun.com/wp-content/plugins/easy-instagram/assets/colorbox/images/loading_background.png,20210308103706,raw\assets\flowersinagun.com_wp-content_plugins_easy-instagram_assets_colorbox_images_loading_background.png__849eed0b34.png,ok,157,
flowersinagun.com/wp-content/plugins/easy-instagram/assets/colorbox/images/overlay.png,image,http://www.flowersinagun.com/wp-content/plugins/easy-instagram/assets/colorbox/images/overlay.png,20210308103705,raw\assets\flowersinagun.com_wp-content_plugins_easy-instagram_assets_colorbox_images_overlay.png__7555b05634.png,ok,182,
flowersinagun.com/wp-content/plugins/glastfm/theme/cdcase_0.png,image,https://www.flowersinagun.com/wp-content/plugins/glastfm/theme/cdcase_0.png,20210308103707,raw\assets\flowersinagun.com_wp-content_plugins_glastfm_theme_cdcase_0.png__192772acc5.png,ok,5512,
flowersinagun.com/wp-content/plugins/glastfm/theme/cdcase_1.png,image,https://www.flowersinagun.com/wp-content/plugins/glastfm/theme/cdcase_1.png,20210308103707,raw\assets\flowersinagun.com_wp-content_plugins_glastfm_theme_cdcase_1.png__5f25bcbe2d.png,ok,10730,
flowersinagun.com/wp-content/plugins/glastfm/theme/cdcase_2.png,image,https://www.flowersinagun.com/wp-content/plugins/glastfm/theme/cdcase_2.png,20210308103706,raw\assets\flowersinagun.com_wp-content_plugins_glastfm_theme_cdcase_2.png__56c9d516a0.png,ok,21635,
flowersinagun.com/wp-content/plugins/glastfm/theme/cdcase_3.png,image,https://www.flowersinagun.com/wp-content/plugins/glastfm/theme/cdcase_3.png,20210308103706,raw\assets\flowersinagun.com_wp-content_plugins_glastfm_theme_cdcase_3.png__f3728396d5.png,ok,54524,
flowersinagun.com/wp-content/plugins/instagram-feed/img/loader.png,image,http://www.flowersinagun.com/wp-content/plugins/instagram-feed/img/loader.png,20210308103705,raw\assets\flowersinagun.com_wp-content_plugins_instagram-feed_img_loader.png__d2ab482189.png,ok,151,
flowersinagun.com/wp-content/plugins/instagram-feed/img/small-logo.png,image,http://www.flowersinagun.com/wp-content/plugins/instagram-feed/img/small-logo.png,20210308103705,raw\assets\flowersinagun.com_wp-content_plugins_instagram-feed_img_small-logo.png__f71f141963.png,ok,1312,
flowersinagun.com/wp-content/plugins/schreikasten/img/clear.png,image,https://www.flowersinagun.com/wp-content/plugins/schreikasten/img/clear.png,20230519023827,raw\assets\flowersinagun.com_wp-content_plugins_schreikasten_img_clear.png__6c822d732c.png,ok,388,
flowersinagun.com/wp-content/plugins/schreikasten/img/loading.gif,image,http://www.flowersinagun.com/wp-content/plugins/schreikasten/img/loading.gif,20210308103705,raw\assets\flowersinagun.com_wp-content_plugins_schreikasten_img_loading.gif__87331a1289.gif,ok,2892,
flowersinagun.com/wp-content/plugins/sem-subscribe-me/icons/icons.gif,image,http://www.flowersinagun.com/wp-content/plugins/sem-subscribe-me/icons/icons.gif,20170817210133,raw\assets\flowersinagun.com_wp-content_plugins_sem-subscribe-me_icons_icons.gif__45da11c0f6.gif,ok,2483,
flowersinagun.com/wp-content/plugins/wp-polls/images/default/pollbg.gif,image,https://www.flowersinagun.com/wp-content/plugins/wp-polls/images/default/pollbg.gif,20230519095828,raw\assets\flowersinagun.com_wp-content_plugins_wp-polls_images_default_pollbg.gif__106f1e9bf7.gif,ok,65,
flowersinagun.com/wp-content/themes/magazine-basic/library/fonts/fontawesome-webfont.svg?v=4.3.0,image,http://www.flowersinagun.com/wp-content/themes/magazine-basic/library/fonts/fontawesome-webfont.svg?v=4.3.0,20210308103708,raw\assets\flowersinagun.com_wp-content_themes_magazine-basic_library_fonts_fontawesome-webfont.svg_v_4.3.0__dd13409358.svg,ok,313398,
flowersinagun.com/wp-content/themes/magazine-basic/library/images/404.png,image,http://www.flowersinagun.com/wp-content/themes/magazine-basic/library/images/404.png,20180211222250,raw\assets\flowersinagun.com_wp-content_themes_magazine-basic_library_images_404.png__565b45fdb0.png,ok,6509,
flowersinagun.com/wp-content/themes/magazine-basic/library/images/80pixel.png,image,http://www.flowersinagun.com/wp-content/themes/magazine-basic/library/images/80pixel.png,20131115093401,raw\assets\flowersinagun.com_wp-content_themes_magazine-basic_library_images_80pixel.png__4e28d85d53.png,ok,109,
flowersinagun.com/wp-content/themes/magazine-basic/library/images/bg-hatch.gif,image,https://www.flowersinagun.com/wp-content/themes/magazine-basic/library/images/bg-hatch.gif,20230605133905,raw\assets\flowersinagun.com_wp-content_themes_magazine-basic_library_images_bg-hatch.gif__e5da23ad7b.gif,ok,86,
flowersinagun.com/wp-content/themes/magazine-basic/library/images/line.gif,image,https://www.flowersinagun.com/wp-content/themes/magazine-basic/library/images/line.gif,20230605133906,raw\assets\flowersinagun.com_wp-content_themes_magazine-basic_library_images_line.gif__691204345c.gif,ok,43,
flowersinagun.com/wp-content/themes/magazine-basic/library/images/sprite.png,image,http://www.flowersinagun.com/wp-content/themes/magazine-basic/library/images/sprite.png,20131115092050,raw\assets\flowersinagun.com_wp-content_themes_magazine-basic_library_images_sprite.png__121665ba50.png,ok,1206,
flowersinagun.com/wp-content/uploads/2011/07/10344806_1563734667181750_3835363726789077439_n-150x150.jpg,image,https://www.flowersinagun.com/wp-content/uploads/2011/07/10344806_1563734667181750_3835363726789077439_n-150x150.jpg,20230519060024,raw\assets\flowersinagun.com_wp-content_uploads_2011_07_10344806_1563734667181750_3835363726789077439_n-150x150.jpg__2510a9a1c0.jpg,ok,7486,
flowersinagun.com/wp-content/uploads/2011/07/10344806_1563734667181750_3835363726789077439_n-160x160.jpg,image,https://www.flowersinagun.com/wp-content/uploads/2011/07/10344806_1563734667181750_3835363726789077439_n-160x160.jpg,20230519064403,raw\assets\flowersinagun.com_wp-content_uploads_2011_07_10344806_1563734667181750_3835363726789077439_n-160x160.jpg__1ea5cedaa0.jpg,ok,8194,
flowersinagun.com/wp-content/uploads/2011/07/10344806_1563734667181750_3835363726789077439_n-260x260.jpg,image,https://www.flowersinagun.com/wp-content/uploads/2011/07/10344806_1563734667181750_3835363726789077439_n-260x260.jpg,20230519143556,raw\assets\flowersinagun.com_wp-content_uploads_2011_07_10344806_1563734667181750_3835363726789077439_n-260x260.jpg__7d15021c0d.jpg,ok,19058,
flowersinagun.com/wp-content/uploads/2011/07/10344806_1563734667181750_3835363726789077439_n-300x300.jpg,image,https://www.flowersinagun.com/wp-content/uploads/2011/07/10344806_1563734667181750_3835363726789077439_n-300x300.jpg,,,failed:http_404,0,
flowersinagun.com/wp-content/uploads/2011/07/10344806_1563734667181750_3835363726789077439_n-560x560.jpg,image,https://www.flowersinagun.com/wp-content/uploads/2011/07/10344806_1563734667181750_3835363726789077439_n-560x560.jpg,,,failed:http_404,0,
flowersinagun.com/wp-content/uploads/2011/07/10344806_1563734667181750_3835363726789077439_n.jpg,image,https://www.flowersinagun.com/wp-content/uploads/2011/07/10344806_1563734667181750_3835363726789077439_n.jpg,20230519103718,raw\assets\flowersinagun.com_wp-content_uploads_2011_07_10344806_1563734667181750_3835363726789077439_n.jpg__aea783a9d4.jpg,ok,127873,
flowersinagun.com/wp-content/uploads/2011/07/118_503182366804_8279_n-160x106.jpg,image,https://www.flowersinagun.com/wp-content/uploads/2011/07/118_503182366804_8279_n-160x106.jpg,20230519060745,raw\assets\flowersinagun.com_wp-content_uploads_2011_07_118_503182366804_8279_n-160x106.jpg__7636f6c8eb.jpg,ok,8419,
flowersinagun.com/wp-content/uploads/2011/07/118_503182366804_8279_n-260x173.jpg,image,https://www.flowersinagun.com/wp-content/uploads/2011/07/118_503182366804_8279_n-260x173.jpg,20230519052412,raw\assets\flowersinagun.com_wp-content_uploads_2011_07_118_503182366804_8279_n-260x173.jpg__2ef7b022fa.jpg,ok,17727,
flowersinagun.com/wp-content/uploads/2011/07/118_503182366804_8279_n-300x199.jpg,image,https://www.flowersinagun.com/wp-content/uploads/2011/07/118_503182366804_8279_n-300x199.jpg,20230519052729,raw\assets\flowersinagun.com_wp-content_uploads_2011_07_118_503182366804_8279_n-300x199.jpg__42c4299f0a.jpg,ok,21811,
flowersinagun.com/wp-content/uploads/2011/07/118_503182366804_8279_n-560x372.jpg,image,https://www.flowersinagun.com/wp-content/uploads/2011/07/118_503182366804_8279_n-560x372.jpg,20230522054441,raw\assets\flowersinagun.com_wp-content_uploads_2011_07_118_503182366804_8279_n-560x372.jpg__123e1828a1.jpg,ok,54431,
flowersinagun.com/wp-content/uploads/2011/07/118_503182366804_8279_n.jpg,image,https://www.flowersinagun.com/wp-content/uploads/2011/07/118_503182366804_8279_n.jpg,20230519055351,raw\assets\flowersinagun.com_wp-content_uploads_2011_07_118_503182366804_8279_n.jpg__f14b4d17e2.jpg,ok,53020,
flowersinagun.com/wp-content/uploads/2011/07/12483602_577995705683280_1114672680_n-150x150.jpg,image,https://www.flowersinagun.com/wp-content/uploads/2011/07/12483602_577995705683280_1114672680_n-150x150.jpg,20230519082859,raw\assets\flowersinagun.com_wp-content_uploads_2011_07_12483602_577995705683280_1114672680_n-150x150.jpg__b4f45bf0a2.jpg,ok,10434,
flowersinagun.com/wp-content/uploads/2011/07/12483602_577995705683280_1114672680_n-160x160.jpg,image,https://www.flowersinagun.com/wp-content/uploads/2011/07/12483602_577995705683280_1114672680_n-160x160.jpg,20230523080941,raw\assets\flowersinagun.com_wp-content_uploads_2011_07_12483602_577995705683280_1114672680_n-160x160.jpg__21d50f31da.jpg,ok,11168,
flowersinagun.com/wp-content/uploads/2011/07/12483602_577995705683280_1114672680_n-260x260.jpg,image,https://www.flowersinagun.com/wp-content/uploads/2011/07/12483602_577995705683280_1114672680_n-260x260.jpg,20230519054407,raw\assets\flowersinagun.com_wp-content_uploads_2011_07_12483602_577995705683280_1114672680_n-260x260.jpg__b8bd0b7131.jpg,ok,25295,
flowersinagun.com/wp-content/uploads/2011/07/12483602_577995705683280_1114672680_n-300x300.jpg,image,https://www.flowersinagun.com/wp-content/uploads/2011/07/12483602_577995705683280_1114672680_n-300x300.jpg,20230519055144,raw\assets\flowersinagun.com_wp-content_uploads_2011_07_12483602_577995705683280_1114672680_n-300x300.jpg__17452cc094.jpg,ok,31710,
flowersinagun.com/wp-content/uploads/2011/07/12483602_577995705683280_1114672680_n-560x560.jpg,image,https://www.flowersinagun.com/wp-content/uploads/2011/07/12483602_577995705683280_1114672680_n-560x560.jpg,20230519042449,raw\assets\flowersinagun.com_wp-content_uploads_2011_07_12483602_577995705683280_1114672680_n-560x560.jpg__37d37e10ac.jpg,ok,85126,
flowersinagun.com/wp-content/uploads/2011/07/12483602_577995705683280_1114672680_n.jpg,image,https://www.flowersinagun.com/wp-content/uploads/2011/07/12483602_577995705683280_1114672680_n.jpg,20230522152534,raw\assets\flowersinagun.com_wp-content_uploads_2011_07_12483602_577995705683280_1114672680_n.jpg__75de4b6d2d.jpg,ok,73540,
flowersinagun.com/wp-content/uploads/2011/07/321644_10150296522087153_537223397_n-160x127.jpg,image,https://www.flowersinagun.com/wp-content/uploads/2011/07/321644_10150296522087153_537223397_n-160x127.jpg,20230519085346,raw\assets\flowersinagun.com_wp-content_uploads_2011_07_321644_10150296522087153_537223397_n-160x127.jpg__2c7b7734c5.jpg,ok,7110,
flowersinagun.com/wp-content/uploads/2011/07/321644_10150296522087153_537223397_n-260x207.jpg,image,https://www.flowersinagun.com/wp-content/uploads/2011/07/321644_10150296522087153_537223397_n-260x207.jpg,20230522060815,raw\assets\flowersinagun.com_wp-content_uploads_2011_07_321644_10150296522087153_537223397_n-260x207.jpg__5f3757376d.jpg,ok,14905,
flowersinagun.com/wp-content/uploads/2011/07/321644_10150296522087153_537223397_n-300x239.jpg,image,https://www.flowersinagun.com/wp-content/uploads/2011/07/321644_10150296522087153_537223397_n-300x239.jpg,20230519042805,raw\assets\flowersinagun.com_wp-content_uploads_2011_07_321644_10150296522087153_537223397_n-300x239.jpg__891990a9ae.jpg,ok,18771,
flowersinagun.com/wp-content/uploads/2011/07/321644_10150296522087153_537223397_n-560x446.jpg,image,https://www.flowersinagun.com/wp-content/uploads/2011/07/321644_10150296522087153_537223397_n-560x446.jpg,20230519055439,raw\assets\flowersinagun.com_wp-content_uploads_2011_07_321644_10150296522087153_537223397_n-560x446.jpg__89b4a95959.jpg,ok,48396,
flowersinagun.com/wp-content/uploads/2011/07/321644_10150296522087153_537223397_n.jpg,image,http://www.flowersinagun.com/wp-content/uploads/2011/07/321644_10150296522087153_537223397_n.jpg,20150619043450,raw\assets\flowersinagun.com_wp-content_uploads_2011_07_321644_10150296522087153_537223397_n.jpg__5358bc4c3a.jpg,ok,47752,
flowersinagun.com/wp-content/uploads/2011/07/image-160x120.jpeg,image,https://www.flowersinagun.com/wp-content/uploads/2011/07/image-160x120.jpeg,20230522063832,raw\assets\flowersinagun.com_wp-content_uploads_2011_07_image-160x120.jpeg__b1cb3621e3.jpeg,ok,6584,
flowersinagun.com/wp-content/uploads/2011/07/image-260x195.jpeg,image,https://www.flowersinagun.com/wp-content/uploads/2011/07/image-260x195.jpeg,20230519061122,raw\assets\flowersinagun.com_wp-content_uploads_2011_07_image-260x195.jpeg__0541361e92.jpeg,ok,14404,
flowersinagun.com/wp-content/uploads/2011/07/image-300x225.jpeg,image,https://www.flowersinagun.com/wp-content/uploads/2011/07/image-300x225.jpeg,20230519112919,raw\assets\flowersinagun.com_wp-content_uploads_2011_07_image-300x225.jpeg__090ecff1d9.jpeg,ok,18140,
flowersinagun.com/wp-content/uploads/2011/07/image-560x420.jpeg,image,https://www.flowersinagun.com/wp-content/uploads/2011/07/image-560x420.jpeg,20230519052654,raw\assets\flowersinagun.com_wp-content_uploads_2011_07_image-560x420.jpeg__1655b4bd0a.jpeg,ok,49253,
flowersinagun.com/wp-content/uploads/2011/07/image.jpeg,image,https://www.flowersinagun.com/wp-content/uploads/2011/07/image.jpeg,20230519042508,raw\assets\flowersinagun.com_wp-content_uploads_2011_07_image.jpeg__73eba0f281.jpeg,ok,75380,
flowersinagun.com/wp-content/uploads/2011/07/photo.jpg,image,http://www.flowersinagun.com/wp-content/uploads/2011/07/photo.jpg,20150619043451,raw\assets\flowersinagun.com_wp-content_uploads_2011_07_photo.jpg__209760f201.jpg,ok,443796,
flowersinagun.com/wp-content/uploads/2011/07/unnamed-160x106.jpg,image,https://www.flowersinagun.com/wp-content/uploads/2011/07/unnamed-160x106.jpg,20230519043417,raw\assets\flowersinagun.com_wp-content_uploads_2011_07_unnamed-160x106.jpg__8caa0af523.jpg,ok,5469,
flowersinagun.com/wp-content/uploads/2011/07/unnamed-260x172.jpg,image,https://www.flowersinagun.com/wp-content/uploads/2011/07/unnamed-260x172.jpg,20230519105903,raw\assets\flowersinagun.com_wp-content_uploads_2011_07_unnamed-260x172.jpg__91b03739c8.jpg,ok,10842,
flowersinagun.com/wp-content/uploads/2011/07/unnamed-3.jpg,image,http://www.flowersinagun.com/wp-content/uploads/2011/07/unnamed-3.jpg,20160418004837,raw\assets\flowersinagun.com_wp-content_uploads_2011_07_unnamed-3.jpg__a8012edb43.jpg,ok,17226,
flowersinagun.com/wp-content/uploads/2011/07/unnamed-300x199.jpg,image,https://www.flowersinagun.com/wp-content/uploads/2011/07/unnamed-300x199.jpg,20230519044156,raw\assets\flowersinagun.com_wp-content_uploads_2011_07_unnamed-300x199.jpg__ee1e2c7127.jpg,ok,13953,
flowersinagun.com/wp-content/uploads/2011/07/unnamed-560x371.jpg,image,https://www.flowersinagun.com/wp-content/uploads/2011/07/unnamed-560x371.jpg,20230519044234,raw\assets\flowersinagun.com_wp-content_uploads_2011_07_unnamed-560x371.jpg__6b527547d2.jpg,ok,33388,
flowersinagun.com/wp-content/uploads/2011/07/unnamed.jpg,image,https://www.flowersinagun.com/wp-content/uploads/2011/07/unnamed.jpg,20230519061259,raw\assets\flowersinagun.com_wp-content_uploads_2011_07_unnamed.jpg__fbb3580626.jpg,ok,27589,
flowersinagun.com/wp-content/uploads/2012/02/1198005_300-150x150.jpg,image,https://www.flowersinagun.com/wp-content/uploads/2012/02/1198005_300-150x150.jpg,20230608232108,raw\assets\flowersinagun.com_wp-content_uploads_2012_02_1198005_300-150x150.jpg__ac74c8b12c.jpg,ok,5973,
flowersinagun.com/wp-content/uploads/2012/02/1198005_300-160x160.jpg,image,https://www.flowersinagun.com/wp-content/uploads/2012/02/1198005_300-160x160.jpg,20230608232107,raw\assets\flowersinagun.com_wp-content_uploads_2012_02_1198005_300-160x160.jpg__4c62d0a11d.jpg,ok,6213,
flowersinagun.com/wp-content/uploads/2012/02/1198005_300-260x260.jpg,image,https://www.flowersinagun.com/wp-content/uploads/2012/02/1198005_300-260x260.jpg,20230608232107,raw\assets\flowersinagun.com_wp-content_uploads_2012_02_1198005_300-260x260.jpg__4cd298e60b.jpg,ok,13464,
flowersinagun.com/wp-content/uploads/2012/02/1198005_300.jpg,image,https://www.flowersinagun.com/wp-content/uploads/2012/02/1198005_300.jpg,20230608232107,raw\assets\flowersinagun.com_wp-content_uploads_2012_02_1198005_300.jpg__b955c6e220.jpg,ok,13829,
flowersinagun.com/wp-content/uploads/2012/02/download-1-150x150.jpg,image,https://www.flowersinagun.com/wp-content/uploads/2012/02/download-1-150x150.jpg,20230608232107,raw\assets\flowersinagun.com_wp-content_uploads_2012_02_download-1-150x150.jpg__60dbed908b.jpg,ok,9022,
flowersinagun.com/wp-content/uploads/2012/03/single-steichen1-150x150.jpg,image,https://www.flowersinagun.com/wp-content/uploads/2012/03/single-steichen1-150x150.jpg,20230605051145,raw\assets\flowersinagun.com_wp-content_uploads_2012_03_single-steichen1-150x150.jpg__d137950ade.jpg,ok,4357,
flowersinagun.com/wp-content/uploads/2012/03/tumblr_ljd2yvohw01qbrdf3o1_5001-150x150.jpg,image,https://www.flowersinagun.com/wp-content/uploads/2012/03/tumblr_ljd2yvohw01qbrdf3o1_5001-150x150.jpg,20230605051145,raw\assets\flowersinagun.com_wp-content_uploads_2012_03_tumblr_ljd2yvohw01qbrdf3o1_5001-150x150.jpg__1bd8e1260d.jpg,ok,6981,
flowersinagun.com/wp-content/uploads/2012/04/untitled1-150x150.png,image,https://www.flowersinagun.com/wp-content/uploads/2012/04/untitled1-150x150.png,20230607064201,raw\assets\flowersinagun.com_wp-content_uploads_2012_04_untitled1-150x150.png__1f5a7d4720.png,ok,31998,
flowersinagun.com/wp-content/uploads/2012/04/untitled1.png,image,http://www.flowersinagun.com/wp-content/uploads/2012/04/untitled1.png,20170914031505,raw\assets\flowersinagun.com_wp-content_uploads_2012_04_untitled1.png__1a0694f768.png,ok,983721,
flowersinagun.com/wp-content/uploads/2012/05/young-liberian-rebel-fighters-150x150.jpg,image,https://www.flowersinagun.com/wp-content/uploads/2012/05/young-liberian-rebel-fighters-150x150.jpg,20230607223340,raw\assets\flowersinagun.com_wp-content_uploads_2012_05_young-liberian-rebel-fighters-150x150.jpg__6befa8a5de.jpg,ok,11305,
flowersinagun.com/wp-content/uploads/2012/10/9.-Bernini_Two-Studies-for-the-Daniel_Leipzig-150x150.jpg,image,http://www.flowersinagun.com/wp-content/uploads/2012/10/9.-Bernini_Two-Studies-for-the-Daniel_Leipzig-150x150.jpg,20160417063706,raw\assets\flowersinagun.com_wp-content_uploads_2012_10_9.-Bernini_Two-Studies-for-the-Daniel_Leipzig-150x150.jpg__40c8bb34b4.jpg,ok,5957,
flowersinagun.com/wp-content/uploads/2012/11/michelangelo1-150x150.jpg,image,http://www.flowersinagun.com/wp-content/uploads/2012/11/michelangelo1-150x150.jpg,20160417065851,raw\assets\flowersinagun.com_wp-content_uploads_2012_11_michelangelo1-150x150.jpg__7f2ddecc1c.jpg,ok,8508,
flowersinagun.com/wp-content/uploads/2012/12/9-150x150.jpg,image,http://www.flowersinagun.com/wp-content/uploads/2012/12/9-150x150.jpg,20150619071234,raw\assets\flowersinagun.com_wp-content_uploads_2012_12_9-150x150.jpg__2ebaa15855.jpg,ok,6994,
flowersinagun.com/wp-content/uploads/2012/12/Dyer-Aint-Blue1-150x150.jpg,image,https://www.flowersinagun.com/wp-content/uploads/2012/12/Dyer-Aint-Blue1-150x150.jpg,20230605072259,raw\assets\flowersinagun.com_wp-content_uploads_2012_12_Dyer-Aint-Blue1-150x150.jpg__89c4c5fbf4.jpg,ok,10987,
flowersinagun.com/wp-content/uploads/2012/12/images-1-150x150.jpg,image,https://www.flowersinagun.com/wp-content/uploads/2012/12/images-1-150x150.jpg,20230605072258,raw\assets\flowersinagun.com_wp-content_uploads_2012_12_images-1-150x150.jpg__b33b09caa8.jpg,ok,8309,
flowersinagun.com/wp-content/uploads/2012/12/oscar1-150x150.jpg,image,http://www.flowersinagun.com/wp-content/uploads/2012/12/oscar1-150x150.jpg,20160417123327,raw\assets\flowersinagun.com_wp-content_uploads_2012_12_oscar1-150x150.jpg__448e55a5f7.jpg,ok,7430,
flowersinagun.com/wp-content/uploads/2013/01/NICO_Stephin-Merritt_SBP1072-1-200x300.jpg,image,https://www.flowersinagun.com/wp-content/uploads/2013/01/NICO_Stephin-Merritt_SBP1072-1-200x300.jpg,20230605064553,raw\assets\flowersinagun.com_wp-content_uploads_2013_01_NICO_Stephin-Merritt_SBP1072-1-200x300.jpg__d056a7bddc.jpg,ok,14271,
flowersinagun.com/wp-content/uploads/2013/01/NICO_Stephin-Merritt_SBP1072-1-683x1024.jpg,image,https://www.flowersinagun.com/wp-content/uploads/2013/01/NICO_Stephin-Merritt_SBP1072-1-683x1024.jpg,20230605064555,raw\assets\flowersinagun.com_wp-content_uploads_2013_01_NICO_Stephin-Merritt_SBP1072-1-683x1024.jpg__e09db06f29.jpg,ok,125167,
flowersinagun.com/wp-content/uploads/2013/01/NICO_Stephin-Merritt_SBP1072-1.jpg,image,https://www.flowersinagun.com/wp-content/uploads/2013/01/NICO_Stephin-Merritt_SBP1072-1.jpg,20230605064556,raw\assets\flowersinagun.com_wp-content_uploads_2013_01_NICO_Stephin-Merritt_SBP1072-1.jpg__8a541fe24f.jpg,ok,1051691,
flowersinagun.com/wp-content/uploads/2013/01/NICO__BER4310-1-1024x681.jpg,image,https://www.flowersinagun.com/wp-content/uploads/2013/01/NICO__BER4310-1-1024x681.jpg,20230605064553,raw\assets\flowersinagun.com_wp-content_uploads_2013_01_NICO__BER4310-1-1024x681.jpg__b98de6ae2f.jpg,ok,165547,
flowersinagun.com/wp-content/uploads/2013/01/NICO__BER4310-1-300x199.jpg,image,https://www.flowersinagun.com/wp-content/uploads/2013/01/NICO__BER4310-1-300x199.jpg,20230605064553,raw\assets\flowersinagun.com_wp-content_uploads_2013_01_NICO__BER4310-1-300x199.jpg__10a87724f3.jpg,ok,24606,
flowersinagun.com/wp-content/uploads/2013/01/NICO__BER4310-1.jpg,image,https://www.flowersinagun.com/wp-content/uploads/2013/01/NICO__BER4310-1.jpg,20230605064553,raw\assets\flowersinagun.com_wp-content_uploads_2013_01_NICO__BER4310-1.jpg__dc1899b64a.jpg,ok,1001594,
flowersinagun.com/wp-content/uploads/2013/01/NICO__Peaches-BER4177-1-1024x681.jpg,image,https://www.flowersinagun.com/wp-content/uploads/2013/01/NICO__Peaches-BER4177-1-1024x681.jpg,20230605064556,raw\assets\flowersinagun.com_wp-content_uploads_2013_01_NICO__Peaches-BER4177-1-1024x681.jpg__3c78a26655.jpg,ok,165743,
flowersinagun.com/wp-content/uploads/2013/01/NICO__Peaches-BER4177-1-300x199.jpg,image,https://www.flowersinagun.com/wp-content/uploads/2013/01/NICO__Peaches-BER4177-1-300x199.jpg,20230605064556,raw\assets\flowersinagun.com_wp-content_uploads_2013_01_NICO__Peaches-BER4177-1-300x199.jpg__89c68d9609.jpg,ok,21152,
flowersinagun.com/wp-content/uploads/2013/01/NICO__Peaches-BER4177-1.jpg,image,https://www.flowersinagun.com/wp-content/uploads/2013/01/NICO__Peaches-BER4177-1.jpg,20230605064554,raw\assets\flowersinagun.com_wp-content_uploads_2013_01_NICO__Peaches-BER4177-1.jpg__d8f7abf8b1.jpg,ok,1149088,
flowersinagun.com/wp-content/uploads/2013/01/NICO__Sharon-Van-Etten-BER4133-1-199x300.jpg,image,https://www.flowersinagun.com/wp-content/uploads/2013/01/NICO__Sharon-Van-Etten-BER4133-1-199x300.jpg,20230605064554,raw\assets\flowersinagun.com_wp-content_uploads_2013_01_NICO__Sharon-Van-Etten-BER4133-1-199x300.jpg__55a151313a.jpg,ok,15045,
flowersinagun.com/wp-content/uploads/2013/01/NICO__Sharon-Van-Etten-BER4133-1-681x1024.jpg,image,https://www.flowersinagun.com/wp-content/uploads/2013/01/NICO__Sharon-Van-Etten-BER4133-1-681x1024.jpg,20230605064554,raw\assets\flowersinagun.com_wp-content_uploads_2013_01_NICO__Sharon-Van-Etten-BER4133-1-681x1024.jpg__6d659ef3c2.jpg,ok,163029,
flowersinagun.com/wp-content/uploads/2013/01/NICO__Sharon-Van-Etten-BER4133-1.jpg,image,https://www.flowersinagun.com/wp-content/uploads/2013/01/NICO__Sharon-Van-Etten-BER4133-1.jpg,20230605064556,raw\assets\flowersinagun.com_wp-content_uploads_2013_01_NICO__Sharon-Van-Etten-BER4133-1.jpg__ad90658637.jpg,ok,1242994,
flowersinagun.com/wp-content/uploads/2013/01/autoktronix--150x150.jpg,image,https://www.flowersinagun.com/wp-content/uploads/2013/01/autoktronix--150x150.jpg,20230605051203,raw\assets\flowersinagun.com_wp-content_uploads_2013_01_autoktronix--150x150.jpg__239171c9ea.jpg,ok,11718,
flowersinagun.com/wp-content/uploads/2013/01/phoca_thumb_l_1984_dougnicholson_1_large-300x296.jpg,image,https://www.flowersinagun.com/wp-content/uploads/2013/01/phoca_thumb_l_1984_dougnicholson_1_large-300x296.jpg,20230812204217,raw\assets\flowersinagun.com_wp-content_uploads_2013_01_phoca_thumb_l_1984_dougnicholson_1_large-300x296.jpg__5f3b7a3b4c.jpg,ok,16530,
flowersinagun.com/wp-content/uploads/2013/01/phoca_thumb_l_1984_dougnicholson_1_large.jpg,image,https://www.flowersinagun.com/wp-content/uploads/2013/01/phoca_thumb_l_1984_dougnicholson_1_large.jpg,20230812204333,raw\assets\flowersinagun.com_wp-content_uploads_2013_01_phoca_thumb_l_1984_dougnicholson_1_large.jpg__9bde6068d5.jpg,ok,31598,
flowersinagun.com/wp-content/uploads/2013/01/phoca_thumb_l_m.gira_of_swans_1-150x150.jpg,image,https://www.flowersinagun.com/wp-content/uploads/2013/01/phoca_thumb_l_m.gira_of_swans_1-150x150.jpg,20200614034253,raw\assets\flowersinagun.com_wp-content_uploads_2013_01_phoca_thumb_l_m.gira_of_swans_1-150x150.jpg__e37280ec11.jpg,ok,5410,
flowersinagun.com/wp-content/uploads/2013/01/phoca_thumb_l_m.gira_of_swans_1-198x300.jpg,image,https://www.flowersinagun.com/wp-content/uploads/2013/01/phoca_thumb_l_m.gira_of_swans_1-198x300.jpg,20230812211212,raw\assets\flowersinagun.com_wp-content_uploads_2013_01_phoca_thumb_l_m.gira_of_swans_1-198x300.jpg__56167260f7.jpg,ok,11655,
flowersinagun.com/wp-content/uploads/2013/01/phoca_thumb_l_m.gira_of_swans_1.jpg,image,https://www.flowersinagun.com/wp-content/uploads/2013/01/phoca_thumb_l_m.gira_of_swans_1.jpg,20220115173409,raw\assets\flowersinagun.com_wp-content_uploads_2013_01_phoca_thumb_l_m.gira_of_swans_1.jpg__a33ab9eb32.jpg,ok,22906,
flowersinagun.com/wp-content/uploads/2013/01/phoca_thumb_l_swans_headshots_white_reduce_1small-193x300.jpg,image,https://www.flowersinagun.com/wp-content/uploads/2013/01/phoca_thumb_l_swans_headshots_white_reduce_1small-193x300.jpg,20230812204333,raw\assets\flowersinagun.com_wp-content_uploads_2013_01_phoca_thumb_l_swans_headshots_white_reduce_1small-193x300.jpg__25ea684a90.jpg,ok,16756,
flowersinagun.com/wp-content/uploads/2013/01/phoca_thumb_l_swans_headshots_white_reduce_1small.jpg,image,https://www.flowersinagun.com/wp-content/uploads/2013/01/phoca_thumb_l_swans_headshots_white_reduce_1small.jpg,20220115173408,raw\assets\flowersinagun.com_wp-content_uploads_2013_01_phoca_thumb_l_swans_headshots_white_reduce_1small.jpg__aaa67aae85.jpg,ok,28844,
flowersinagun.com/wp-content/uploads/2013/02/2053659117-1-150x150.jpg,image,http://www.flowersinagun.com/wp-content/uploads/2013/02/2053659117-1-150x150.jpg,20150619071544,raw\assets\flowersinagun.com_wp-content_uploads_2013_02_2053659117-1-150x150.jpg__b9c8973e53.jpg,ok,7582,
flowersinagun.com/wp-content/uploads/2013/02/2053659117-1-160x160.jpg,image,https://www.flowersinagun.com/wp-content/uploads/2013/02/2053659117-1-160x160.jpg,20230609023046,raw\assets\flowersinagun.com_wp-content_uploads_2013_02_2053659117-1-160x160.jpg__4220b3c7f4.jpg,ok,8866,
flowersinagun.com/wp-content/uploads/2013/02/2053659117-1-260x260.jpg,image,https://www.flowersinagun.com/wp-content/uploads/2013/02/2053659117-1-260x260.jpg,20230609023046,raw\assets\flowersinagun.com_wp-content_uploads_2013_02_2053659117-1-260x260.jpg__aab427a1a2.jpg,ok,16941,
flowersinagun.com/wp-content/uploads/2013/02/2053659117-1-300x300.jpg,image,https://www.flowersinagun.com/wp-content/uploads/2013/02/2053659117-1-300x300.jpg,20230609023047,raw\assets\flowersinagun.com_wp-content_uploads_2013_02_2053659117-1-300x300.jpg__b39e42e78f.jpg,ok,20712,
flowersinagun.com/wp-content/uploads/2013/02/2053659117-1.jpg,image,https://www.flowersinagun.com/wp-content/uploads/2013/02/2053659117-1.jpg,20230609023046,raw\assets\flowersinagun.com_wp-content_uploads_2013_02_2053659117-1.jpg__1ae3854414.jpg,ok,36821,
flowersinagun.com/wp-content/uploads/2013/02/541997_220994178013588_1788370998_n-150x150.jpg,image,http://www.flowersinagun.com/wp-content/uploads/2013/02/541997_220994178013588_1788370998_n-150x150.jpg,20150619061520,raw\assets\flowersinagun.com_wp-content_uploads_2013_02_541997_220994178013588_1788370998_n-150x150.jpg__90ccb933d1.jpg,ok,9722,
flowersinagun.com/wp-content/uploads/2013/02/541997_220994178013588_1788370998_n-160x160.jpg,image,https://www.flowersinagun.com/wp-content/uploads/2013/02/541997_220994178013588_1788370998_n-160x160.jpg,20230607230124,raw\assets\flowersinagun.com_wp-content_uploads_2013_02_541997_220994178013588_1788370998_n-160x160.jpg__b3d2d9bd79.jpg,ok,10866,
flowersinagun.com/wp-content/uploads/2013/02/541997_220994178013588_1788370998_n-260x260.jpg,image,https://www.flowersinagun.com/wp-content/uploads/2013/02/541997_220994178013588_1788370998_n-260x260.jpg,20230607230124,raw\assets\flowersinagun.com_wp-content_uploads_2013_02_541997_220994178013588_1788370998_n-260x260.jpg__20259c2816.jpg,ok,24947,
flowersinagun.com/wp-content/uploads/2013/02/541997_220994178013588_1788370998_n-300x300.jpg,image,https://www.flowersinagun.com/wp-content/uploads/2013/02/541997_220994178013588_1788370998_n-300x300.jpg,20230608093535,raw\assets\flowersinagun.com_wp-content_uploads_2013_02_541997_220994178013588_1788370998_n-300x300.jpg__9d528c499f.jpg,ok,31838,
flowersinagun.com/wp-content/uploads/2013/02/541997_220994178013588_1788370998_n-560x560.jpg,image,https://www.flowersinagun.com/wp-content/uploads/2013/02/541997_220994178013588_1788370998_n-560x560.jpg,20230608093535,raw\assets\flowersinagun.com_wp-content_uploads_2013_02_541997_220994178013588_1788370998_n-560x560.jpg__f68742c7b9.jpg,ok,86798,
flowersinagun.com/wp-content/uploads/2013/02/541997_220994178013588_1788370998_n.jpg,image,https://www.flowersinagun.com/wp-content/uploads/2013/02/541997_220994178013588_1788370998_n.jpg,20230608232106,raw\assets\flowersinagun.com_wp-content_uploads_2013_02_541997_220994178013588_1788370998_n.jpg__5bbdde0861.jpg,ok,120687,
flowersinagun.com/wp-content/uploads/2013/02/IMG_4213-682x10241-150x150.jpg,image,https://www.flowersinagun.com/wp-content/uploads/2013/02/IMG_4213-682x10241-150x150.jpg,20230608232106,raw\assets\flowersinagun.com_wp-content_uploads_2013_02_IMG_4213-682x10241-150x150.jpg__0801cfdb3e.jpg,ok,7072,
flowersinagun.com/wp-content/uploads/2013/02/Monks-of-Mellonwah-Oct-20121-150x150.jpg,image,https://www.flowersinagun.com/wp-content/uploads/2013/02/Monks-of-Mellonwah-Oct-20121-150x150.jpg,20230607210517,raw\assets\flowersinagun.com_wp-content_uploads_2013_02_Monks-of-Mellonwah-Oct-20121-150x150.jpg__5d42a68d8c.jpg,ok,6463,
flowersinagun.com/wp-content/uploads/2013/03/f-150x150.jpeg,image,https://www.flowersinagun.com/wp-content/uploads/2013/03/f-150x150.jpeg,20230605051153,raw\assets\flowersinagun.com_wp-content_uploads_2013_03_f-150x150.jpeg__380e331f79.jpeg,ok,7503,
flowersinagun.com/wp-content/uploads/2013/04/J-Moore-0436-682x10241-150x150.jpg,image,http://www.flowersinagun.com/wp-content/uploads/2013/04/J-Moore-0436-682x10241-150x150.jpg,20160417130358,raw\assets\flowersinagun.com_wp-content_uploads_2013_04_J-Moore-0436-682x10241-150x150.jpg__c4f421e2e5.jpg,ok,7480,
flowersinagun.com/wp-content/uploads/2013/04/TFF-Watts-Foster-0046-682x10241-150x150.jpg,image,http://www.flowersinagun.com/wp-content/uploads/2013/04/TFF-Watts-Foster-0046-682x10241-150x150.jpg,20150619044612,raw\assets\flowersinagun.com_wp-content_uploads_2013_04_TFF-Watts-Foster-0046-682x10241-150x150.jpg__2fff87ae0a.jpg,ok,11184,
flowersinagun.com/wp-content/uploads/2013/04/TFF-Watts-Foster-0155-682x10241-150x150.jpg,image,https://www.flowersinagun.com/wp-content/uploads/2013/04/TFF-Watts-Foster-0155-682x10241-150x150.jpg,20230608045652,raw\assets\flowersinagun.com_wp-content_uploads_2013_04_TFF-Watts-Foster-0155-682x10241-150x150.jpg__83541249b3.jpg,ok,6529,
flowersinagun.com/wp-content/uploads/2013/04/large_reaching_for_the_moon_2-150x150.jpg,image,https://www.flowersinagun.com/wp-content/uploads/2013/04/large_reaching_for_the_moon_2-150x150.jpg,20230608045653,raw\assets\flowersinagun.com_wp-content_uploads_2013_04_large_reaching_for_the_moon_2-150x150.jpg__2eda592812.jpg,ok,10634,
flowersinagun.com/wp-content/uploads/2013/04/the-rocket-2-150x150.jpg,image,https://www.flowersinagun.com/wp-content/uploads/2013/04/the-rocket-2-150x150.jpg,20230608045653,raw\assets\flowersinagun.com_wp-content_uploads_2013_04_the-rocket-2-150x150.jpg__3ba624d0ec.jpg,ok,10149,
flowersinagun.com/wp-content/uploads/2013/05/217549_512324638803509_1210309300_n-150x150.jpg,image,https://www.flowersinagun.com/wp-content/uploads/2013/05/217549_512324638803509_1210309300_n-150x150.jpg,20230605133842,raw\assets\flowersinagun.com_wp-content_uploads_2013_05_217549_512324638803509_1210309300_n-150x150.jpg__7f6196cc45.jpg,ok,9317,
flowersinagun.com/wp-content/uploads/2013/05/262783_507941155907198_1751200097_n-150x150.jpg,image,https://www.flowersinagun.com/wp-content/uploads/2013/05/262783_507941155907198_1751200097_n-150x150.jpg,20230605133843,raw\assets\flowersinagun.com_wp-content_uploads_2013_05_262783_507941155907198_1751200097_n-150x150.jpg__7ead957362.jpg,ok,9060,
flowersinagun.com/wp-content/uploads/2013/05/320383_513685925346730_448500027_n-150x150.jpg,image,http://www.flowersinagun.com/wp-content/uploads/2013/05/320383_513685925346730_448500027_n-150x150.jpg,20160418004639,raw\assets\flowersinagun.com_wp-content_uploads_2013_05_320383_513685925346730_448500027_n-150x150.jpg__d2c6a60b70.jpg,ok,10720,
flowersinagun.com/wp-content/uploads/2013/05/320383_513685925346730_448500027_n-160x160.jpg,image,https://www.flowersinagun.com/wp-content/uploads/2013/05/320383_513685925346730_448500027_n-160x160.jpg,20230605133843,raw\assets\flowersinagun.com_wp-content_uploads_2013_05_320383_513685925346730_448500027_n-160x160.jpg__220e29c090.jpg,ok,11669,
flowersinagun.com/wp-content/uploads/2013/05/320383_513685925346730_448500027_n-260x260.jpg,image,https://www.flowersinagun.com/wp-content/uploads/2013/05/320383_513685925346730_448500027_n-260x260.jpg,20230605133843,raw\assets\flowersinagun.com_wp-content_uploads_2013_05_320383_513685925346730_448500027_n-260x260.jpg__d2159b775d.jpg,ok,26126,
flowersinagun.com/wp-content/uploads/2013/05/320383_513685925346730_448500027_n-300x300.jpg,image,https://www.flowersinagun.com/wp-content/uploads/2013/05/320383_513685925346730_448500027_n-300x300.jpg,20230605133845,raw\assets\flowersinagun.com_wp-content_uploads_2013_05_320383_513685925346730_448500027_n-300x300.jpg__e220ff7a32.jpg,ok,32522,
flowersinagun.com/wp-content/uploads/2013/05/320383_513685925346730_448500027_n-560x560.jpg,image,https://www.flowersinagun.com/wp-content/uploads/2013/05/320383_513685925346730_448500027_n-560x560.jpg,20230605133842,raw\assets\flowersinagun.com_wp-content_uploads_2013_05_320383_513685925346730_448500027_n-560x560.jpg__302c6d2ba6.jpg,ok,85323,
flowersinagun.com/wp-content/uploads/2013/05/320383_513685925346730_448500027_n.jpg,image,https://www.flowersinagun.com/wp-content/uploads/2013/05/320383_513685925346730_448500027_n.jpg,20230605133845,raw\assets\flowersinagun.com_wp-content_uploads_2013_05_320383_513685925346730_448500027_n.jpg__7f2bb0f1cf.jpg,ok,109336,
flowersinagun.com/wp-content/uploads/2013/05/5_powers_chest_hair-150x150.jpg,image,http://www.flowersinagun.com/wp-content/uploads/2013/05/5_powers_chest_hair-150x150.jpg,20160417083513,raw\assets\flowersinagun.com_wp-content_uploads_2013_05_5_powers_chest_hair-150x150.jpg__9943e08e04.jpg,ok,8978,
flowersinagun.com/wp-content/uploads/2013/05/Baklava-poster-150x150.jpg,image,http://www.flowersinagun.com/wp-content/uploads/2013/05/Baklava-poster-150x150.jpg,20160417081244,raw\assets\flowersinagun.com_wp-content_uploads_2013_05_Baklava-poster-150x150.jpg__ff4e97f22b.jpg,ok,11814,
flowersinagun.com/wp-content/uploads/2013/05/BrooklynArtistsBall_AnnualGala-401-150x150.jpg,image,http://www.flowersinagun.com/wp-content/uploads/2013/05/BrooklynArtistsBall_AnnualGala-401-150x150.jpg,20160417063823,raw\assets\flowersinagun.com_wp-content_uploads_2013_05_BrooklynArtistsBall_AnnualGala-401-150x150.jpg__71e11b034e.jpg,ok,11683,
flowersinagun.com/wp-content/uploads/2013/05/My-Woshin-Mashin-150x150.jpg,image,https://www.flowersinagun.com/wp-content/uploads/2013/05/My-Woshin-Mashin-150x150.jpg,20230605133844,raw\assets\flowersinagun.com_wp-content_uploads_2013_05_My-Woshin-Mashin-150x150.jpg__b4a07550c1.jpg,ok,8352,
flowersinagun.com/wp-content/uploads/2013/05/Reaching-for-the-Moon-Flores-Raras-Tribeca-Film-Festival-2013-movie-review-Bruno-Barreto-Brazilian-film-2-620x-150x150.jpg,image,http://www.flowersinagun.com/wp-content/uploads/2013/05/Reaching-for-the-Moon-Flores-Raras-Tribeca-Film-Festival-2013-movie-review-Bruno-Barreto-Brazilian-film-2-620x-150x150.jpg,20160417130354,raw\assets\flowersinagun.com_wp-content_uploads_2013_05_Reaching-for-the-Moon-Flores-Raras-Tribeca-Film-Festival-2013-movie-review-__48cc532747.jpg,ok,10677,
flowersinagun.com/wp-content/uploads/2013/05/large_dark_touch_1_pubs-150x150.jpg,image,http://www.flowersinagun.com/wp-content/uploads/2013/05/large_dark_touch_1_pubs-150x150.jpg,20160417084339,raw\assets\flowersinagun.com_wp-content_uploads_2013_05_large_dark_touch_1_pubs-150x150.jpg__144d124014.jpg,ok,7372,
flowersinagun.com/wp-content/uploads/2013/06/300x300-150x150.jpg,image,http://www.flowersinagun.com/wp-content/uploads/2013/06/300x300-150x150.jpg,20160417131734,raw\assets\flowersinagun.com_wp-content_uploads_2013_06_300x300-150x150.jpg__fab41488ad.jpg,ok,8543,
flowersinagun.com/wp-content/uploads/2013/06/300x300-160x160.jpg,image,https://www.flowersinagun.com/wp-content/uploads/2013/06/300x300-160x160.jpg,20230606052950,raw\assets\flowersinagun.com_wp-content_uploads_2013_06_300x300-160x160.jpg__75c45d64b9.jpg,ok,8780,
flowersinagun.com/wp-content/uploads/2013/06/300x300-260x260.jpg,image,https://www.flowersinagun.com/wp-content/uploads/2013/06/300x300-260x260.jpg,20230606052949,raw\assets\flowersinagun.com_wp-content_uploads_2013_06_300x300-260x260.jpg__596ede228b.jpg,ok,18482,
flowersinagun.com/wp-content/uploads/2013/06/300x300.jpg,image,https://www.flowersinagun.com/wp-content/uploads/2013/06/300x300.jpg,20230606052949,raw\assets\flowersinagun.com_wp-content_uploads_2013_06_300x300.jpg__ef4267e1a5.jpg,ok,19244,
flowersinagun.com/wp-content/uploads/2013/06/6277161f25b249809d526ec0864e0456-150x150.jpg,image,https://www.flowersinagun.com/wp-content/uploads/2013/06/6277161f25b249809d526ec0864e0456-150x150.jpg,20230605151046,raw\assets\flowersinagun.com_wp-content_uploads_2013_06_6277161f25b249809d526ec0864e0456-150x150.jpg__831c5fc661.jpg,ok,7304,
flowersinagun.com/wp-content/uploads/2013/06/adbcrop-1024x534.jpg,image,https://www.flowersinagun.com/wp-content/uploads/2013/06/adbcrop-1024x534.jpg,20230605072258,raw\assets\flowersinagun.com_wp-content_uploads_2013_06_adbcrop-1024x534.jpg__7ccc44abdb.jpg,ok,172265,
flowersinagun.com/wp-content/uploads/2013/06/adbcrop-300x156.jpg,image,https://www.flowersinagun.com/wp-content/uploads/2013/06/adbcrop-300x156.jpg,20230605072258,raw\assets\flowersinagun.com_wp-content_uploads_2013_06_adbcrop-300x156.jpg__6ff9f95c21.jpg,ok,20825,
flowersinagun.com/wp-content/uploads/2013/06/adbcrop.jpg,image,https://www.flowersinagun.com/wp-content/uploads/2013/06/adbcrop.jpg,20230605072258,raw\assets\flowersinagun.com_wp-content_uploads_2013_06_adbcrop.jpg__6dde48fa4c.jpg,ok,203692,
flowersinagun.com/wp-content/uploads/2013/06/occupy3-1024x668.jpg,image,https://www.flowersinagun.com/wp-content/uploads/2013/06/occupy3-1024x668.jpg,20230605151045,raw\assets\flowersinagun.com_wp-content_uploads_2013_06_occupy3-1024x668.jpg__774ff3c10e.jpg,ok,116933,
flowersinagun.com/wp-content/uploads/2013/06/occupy3-300x195.jpg,image,https://www.flowersinagun.com/wp-content/uploads/2013/06/occupy3-300x195.jpg,20230605151045,raw\assets\flowersinagun.com_wp-content_uploads_2013_06_occupy3-300x195.jpg__d7cac0b37c.jpg,ok,16293,
flowersinagun.com/wp-content/uploads/2013/06/occupy3.jpg,image,https://www.flowersinagun.com/wp-content/uploads/2013/06/occupy3.jpg,20230605151046,raw\assets\flowersinagun.com_wp-content_uploads_2013_06_occupy3.jpg__c4d08e767f.jpg,ok,94064,
flowersinagun.com/wp-content/uploads/2013/07/1017430_10151716799286061_468870241_n-150x150.jpg,image,https://www.flowersinagun.com/wp-content/uploads/2013/07/1017430_10151716799286061_468870241_n-150x150.jpg,20230605133920,raw\assets\flowersinagun.com_wp-content_uploads_2013_07_1017430_10151716799286061_468870241_n-150x150.jpg__4dc6dfbcee.jpg,ok,10751,
flowersinagun.com/wp-content/uploads/2013/07/flowers_in_a_barrel_12-150x150.jpg,image,http://www.flowersinagun.com/wp-content/uploads/2013/07/flowers_in_a_barrel_12-150x150.jpg,20150619070757,raw\assets\flowersinagun.com_wp-content_uploads_2013_07_flowers_in_a_barrel_12-150x150.jpg__bbb418bdef.jpg,ok,11639,
flowersinagun.com/wp-content/uploads/2013/07/nina-150x150.jpg,image,http://www.flowersinagun.com/wp-content/uploads/2013/07/nina-150x150.jpg,20160417185334,raw\assets\flowersinagun.com_wp-content_uploads_2013_07_nina-150x150.jpg__f4a623ebbf.jpg,ok,5566,
flowersinagun.com/wp-content/uploads/2013/07/nina-160x161.jpg,image,https://www.flowersinagun.com/wp-content/uploads/2013/07/nina-160x161.jpg,20230605060121,raw\assets\flowersinagun.com_wp-content_uploads_2013_07_nina-160x161.jpg__763cc7af3a.jpg,ok,6093,
flowersinagun.com/wp-content/uploads/2013/07/nina-260x262.jpg,image,https://www.flowersinagun.com/wp-content/uploads/2013/07/nina-260x262.jpg,20230605060122,raw\assets\flowersinagun.com_wp-content_uploads_2013_07_nina-260x262.jpg__61e1d1c59f.jpg,ok,12421,
flowersinagun.com/wp-content/uploads/2013/07/nina-560x565.jpg,image,https://www.flowersinagun.com/wp-content/uploads/2013/07/nina-560x565.jpg,20230605060121,raw\assets\flowersinagun.com_wp-content_uploads_2013_07_nina-560x565.jpg__6f219b5cf6.jpg,ok,44594,
flowersinagun.com/wp-content/uploads/2013/08/2-lauravchest-960x540-150x150.png,image,http://www.flowersinagun.com/wp-content/uploads/2013/08/2-lauravchest-960x540-150x150.png,20160417185225,raw\assets\flowersinagun.com_wp-content_uploads_2013_08_2-lauravchest-960x540-150x150.png__fd4f08fc8f.png,ok,41942,
flowersinagun.com/wp-content/uploads/2013/08/312783_295796750430348_2351144_n-150x150.jpg,image,http://www.flowersinagun.com/wp-content/uploads/2013/08/312783_295796750430348_2351144_n-150x150.jpg,20150619070833,raw\assets\flowersinagun.com_wp-content_uploads_2013_08_312783_295796750430348_2351144_n-150x150.jpg__34a1310351.jpg,ok,7097,
flowersinagun.com/wp-content/uploads/2013/08/leon_the_professional_58155-1600x1200-150x150.jpg,image,http://www.flowersinagun.com/wp-content/uploads/2013/08/leon_the_professional_58155-1600x1200-150x150.jpg,20160417140405,raw\assets\flowersinagun.com_wp-content_uploads_2013_08_leon_the_professional_58155-1600x1200-150x150.jpg__d4d1c94b77.jpg,ok,7107,
flowersinagun.com/wp-content/uploads/2013/08/redman-150x150.jpg,image,http://www.flowersinagun.com/wp-content/uploads/2013/08/redman-150x150.jpg,20150619060559,raw\assets\flowersinagun.com_wp-content_uploads_2013_08_redman-150x150.jpg__a968e00630.jpg,ok,11795,
flowersinagun.com/wp-content/uploads/2013/08/redman-300x300.jpg,image,https://www.flowersinagun.com/wp-content/uploads/2013/08/redman-300x300.jpg,20230607210519,raw\assets\flowersinagun.com_wp-content_uploads_2013_08_redman-300x300.jpg__5c5687eef9.jpg,ok,33182,
flowersinagun.com/wp-content/uploads/2013/08/redman.jpg,image,https://www.flowersinagun.com/wp-content/uploads/2013/08/redman.jpg,20230607210519,raw\assets\flowersinagun.com_wp-content_uploads_2013_08_redman.jpg__20fbe0289f.jpg,ok,102513,
flowersinagun.com/wp-content/uploads/2013/08/the-cure-plastic-passion-fiction-1-150x150.jpg,image,https://www.flowersinagun.com/wp-content/uploads/2013/08/the-cure-plastic-passion-fiction-1-150x150.jpg,20230607195506,raw\assets\flowersinagun.com_wp-content_uploads_2013_08_the-cure-plastic-passion-fiction-1-150x150.jpg__154aa57b3a.jpg,ok,9252,
flowersinagun.com/wp-content/uploads/2013/08/the-cure-plastic-passion-fiction-1-160x161.jpg,image,https://www.flowersinagun.com/wp-content/uploads/2013/08/the-cure-plastic-passion-fiction-1-160x161.jpg,20230607210519,raw\assets\flowersinagun.com_wp-content_uploads_2013_08_the-cure-plastic-passion-fiction-1-160x161.jpg__364873c3e1.jpg,ok,10262,
flowersinagun.com/wp-content/uploads/2013/08/the-cure-plastic-passion-fiction-1-260x262.jpg,image,https://www.flowersinagun.com/wp-content/uploads/2013/08/the-cure-plastic-passion-fiction-1-260x262.jpg,20230607195506,raw\assets\flowersinagun.com_wp-content_uploads_2013_08_the-cure-plastic-passion-fiction-1-260x262.jpg__2ebe6f15b9.jpg,ok,22877,
flowersinagun.com/wp-content/uploads/2013/08/the-cure-plastic-passion-fiction-1.jpg,image,https://www.flowersinagun.com/wp-content/uploads/2013/08/the-cure-plastic-passion-fiction-1.jpg,20230607210519,raw\assets\flowersinagun.com_wp-content_uploads_2013_08_the-cure-plastic-passion-fiction-1.jpg__bd0d2265b7.jpg,ok,76225,
flowersinagun.com/wp-content/uploads/2013/09/1148921_372873769506641_217240330_n-150x150.jpg,image,http://www.flowersinagun.com/wp-content/uploads/2013/09/1148921_372873769506641_217240330_n-150x150.jpg,20160417184422,raw\assets\flowersinagun.com_wp-content_uploads_2013_09_1148921_372873769506641_217240330_n-150x150.jpg__28042d82a3.jpg,ok,11633,
flowersinagun.com/wp-content/uploads/2013/09/304261_249600488506765_1150531986_n-150x150.jpg,image,https://www.flowersinagun.com/wp-content/uploads/2013/09/304261_249600488506765_1150531986_n-150x150.jpg,20230606041501,raw\assets\flowersinagun.com_wp-content_uploads_2013_09_304261_249600488506765_1150531986_n-150x150.jpg__2e6f748978.jpg,ok,6942,
flowersinagun.com/wp-content/uploads/2013/09/307993_533595510007763_317820653_n-150x150.jpg,image,http://www.flowersinagun.com/wp-content/uploads/2013/09/307993_533595510007763_317820653_n-150x150.jpg,20160417184418,raw\assets\flowersinagun.com_wp-content_uploads_2013_09_307993_533595510007763_317820653_n-150x150.jpg__6a0ff80ce9.jpg,ok,11065,
flowersinagun.com/wp-content/uploads/2013/09/307993_533595510007763_317820653_n-160x160.jpg,image,https://www.flowersinagun.com/wp-content/uploads/2013/09/307993_533595510007763_317820653_n-160x160.jpg,20230605051153,raw\assets\flowersinagun.com_wp-content_uploads_2013_09_307993_533595510007763_317820653_n-160x160.jpg__7927a5f49e.jpg,ok,11911,
flowersinagun.com/wp-content/uploads/2013/09/307993_533595510007763_317820653_n-260x260.jpg,image,https://www.flowersinagun.com/wp-content/uploads/2013/09/307993_533595510007763_317820653_n-260x260.jpg,20230605051153,raw\assets\flowersinagun.com_wp-content_uploads_2013_09_307993_533595510007763_317820653_n-260x260.jpg__90e146589b.jpg,ok,26047,
flowersinagun.com/wp-content/uploads/2013/09/307993_533595510007763_317820653_n-300x300.jpg,image,https://www.flowersinagun.com/wp-content/uploads/2013/09/307993_533595510007763_317820653_n-300x300.jpg,20230605051153,raw\assets\flowersinagun.com_wp-content_uploads_2013_09_307993_533595510007763_317820653_n-300x300.jpg__f929bb29a4.jpg,ok,32361,
flowersinagun.com/wp-content/uploads/2013/09/307993_533595510007763_317820653_n-560x560.jpg,image,https://www.flowersinagun.com/wp-content/uploads/2013/09/307993_533595510007763_317820653_n-560x560.jpg,20230605051153,raw\assets\flowersinagun.com_wp-content_uploads_2013_09_307993_533595510007763_317820653_n-560x560.jpg__b2050b38fd.jpg,ok,89298,
flowersinagun.com/wp-content/uploads/2013/09/307993_533595510007763_317820653_n.jpg,image,https://www.flowersinagun.com/wp-content/uploads/2013/09/307993_533595510007763_317820653_n.jpg,20230605051153,raw\assets\flowersinagun.com_wp-content_uploads_2013_09_307993_533595510007763_317820653_n.jpg__41ba626d3d.jpg,ok,85558,
flowersinagun.com/wp-content/uploads/2013/09/9354_169128036608978_591403375_n-150x150.jpg,image,http://www.flowersinagun.com/wp-content/uploads/2013/09/9354_169128036608978_591403375_n-150x150.jpg,20160417132705,raw\assets\flowersinagun.com_wp-content_uploads_2013_09_9354_169128036608978_591403375_n-150x150.jpg__13d1cd9aa2.jpg,ok,6625,
flowersinagun.com/wp-content/uploads/2013/09/936full-pj-harvey-150x150.jpg,image,https://www.flowersinagun.com/wp-content/uploads/2013/09/936full-pj-harvey-150x150.jpg,20230606042938,raw\assets\flowersinagun.com_wp-content_uploads_2013_09_936full-pj-harvey-150x150.jpg__64a6424d29.jpg,ok,8971,
flowersinagun.com/wp-content/uploads/2013/09/936full-pj-harvey-160x161.jpg,image,https://www.flowersinagun.com/wp-content/uploads/2013/09/936full-pj-harvey-160x161.jpg,20230606041501,raw\assets\flowersinagun.com_wp-content_uploads_2013_09_936full-pj-harvey-160x161.jpg__31fe917ff1.jpg,ok,9698,
flowersinagun.com/wp-content/uploads/2013/09/936full-pj-harvey-260x262.jpg,image,https://www.flowersinagun.com/wp-content/uploads/2013/09/936full-pj-harvey-260x262.jpg,20230606042938,raw\assets\flowersinagun.com_wp-content_uploads_2013_09_936full-pj-harvey-260x262.jpg__279ab2c68d.jpg,ok,19904,
flowersinagun.com/wp-content/uploads/2013/09/936full-pj-harvey-560x564.jpg,image,https://www.flowersinagun.com/wp-content/uploads/2013/09/936full-pj-harvey-560x564.jpg,20230606041501,raw\assets\flowersinagun.com_wp-content_uploads_2013_09_936full-pj-harvey-560x564.jpg__b3c20b918a.jpg,ok,65654,
flowersinagun.com/wp-content/uploads/2013/09/936full-pj-harvey.jpg,image,https://www.flowersinagun.com/wp-content/uploads/2013/09/936full-pj-harvey.jpg,20230606041502,raw\assets\flowersinagun.com_wp-content_uploads_2013_09_936full-pj-harvey.jpg__59d3dd407c.jpg,ok,439097,
flowersinagun.com/wp-content/uploads/2013/09/IMG_9486-150x150.jpg,image,https://www.flowersinagun.com/wp-content/uploads/2013/09/IMG_9486-150x150.jpg,20230605051154,raw\assets\flowersinagun.com_wp-content_uploads_2013_09_IMG_9486-150x150.jpg__1de91602b8.jpg,ok,7207,
flowersinagun.com/wp-content/uploads/2013/09/a4120990372_2-150x150.jpg,image,http://www.flowersinagun.com/wp-content/uploads/2013/09/a4120990372_2-150x150.jpg,20150619064153,raw\assets\flowersinagun.com_wp-content_uploads_2013_09_a4120990372_2-150x150.jpg__4e65cd7837.jpg,ok,7216,
flowersinagun.com/wp-content/uploads/2013/09/a4120990372_2-160x160.jpg,image,https://www.flowersinagun.com/wp-content/uploads/2013/09/a4120990372_2-160x160.jpg,20230606041501,raw\assets\flowersinagun.com_wp-content_uploads_2013_09_a4120990372_2-160x160.jpg__eb45bd61f6.jpg,ok,7923,
flowersinagun.com/wp-content/uploads/2013/09/a4120990372_2-260x260.jpg,image,https://www.flowersinagun.com/wp-content/uploads/2013/09/a4120990372_2-260x260.jpg,20230606041501,raw\assets\flowersinagun.com_wp-content_uploads_2013_09_a4120990372_2-260x260.jpg__1af3b200b5.jpg,ok,16260,
flowersinagun.com/wp-content/uploads/2013/09/a4120990372_2-300x300.jpg,image,https://www.flowersinagun.com/wp-content/uploads/2013/09/a4120990372_2-300x300.jpg,20230606041502,raw\assets\flowersinagun.com_wp-content_uploads_2013_09_a4120990372_2-300x300.jpg__d403b4c28f.jpg,ok,19867,
flowersinagun.com/wp-content/uploads/2013/09/a4120990372_2.jpg,image,https://www.flowersinagun.com/wp-content/uploads/2013/09/a4120990372_2.jpg,20230606041501,raw\assets\flowersinagun.com_wp-content_uploads_2013_09_a4120990372_2.jpg__27ec19c6eb.jpg,ok,44879,
flowersinagun.com/wp-content/uploads/2013/09/flowers_in_a_barrel_12.jpg,image,http://www.flowersinagun.com/wp-content/uploads/2013/09/flowers_in_a_barrel_12.jpg,20131115084232,raw\assets\flowersinagun.com_wp-content_uploads_2013_09_flowers_in_a_barrel_12.jpg__c54849ff56.jpg,ok,734940,
flowersinagun.com/wp-content/uploads/2013/09/images.jpg,image,https://www.flowersinagun.com/wp-content/uploads/2013/09/images.jpg,20230519081606,raw\assets\flowersinagun.com_wp-content_uploads_2013_09_images.jpg__17bd994443.jpg,ok,19289,
flowersinagun.com/wp-content/uploads/2013/09/tumblr_m4875nO8aX1r0jd3uo1_500-150x150.jpg,image,https://www.flowersinagun.com/wp-content/uploads/2013/09/tumblr_m4875nO8aX1r0jd3uo1_500-150x150.jpg,20230606041501,raw\assets\flowersinagun.com_wp-content_uploads_2013_09_tumblr_m4875nO8aX1r0jd3uo1_500-150x150.jpg__668ec6bc66.jpg,ok,7813,
flowersinagun.com/wp-content/uploads/2013/10/132602388043-200x3001-150x150.jpg,image,https://www.flowersinagun.com/wp-content/uploads/2013/10/132602388043-200x3001-150x150.jpg,20230606042940,raw\assets\flowersinagun.com_wp-content_uploads_2013_10_132602388043-200x3001-150x150.jpg__835fc8a9be.jpg,ok,9539,
flowersinagun.com/wp-content/uploads/2013/10/Alzheimers_Association_New_York_Rita_Hayworth-Gala-11-150x150.jpg,image,https://www.flowersinagun.com/wp-content/uploads/2013/10/Alzheimers_Association_New_York_Rita_Hayworth-Gala-11-150x150.jpg,20230608045653,raw\assets\flowersinagun.com_wp-content_uploads_2013_10_Alzheimers_Association_New_York_Rita_Hayworth-Gala-11-150x150.jpg__030eba67a8.jpg,ok,7102,
flowersinagun.com/wp-content/uploads/2013/10/Alzheimers_Association_New_York_Rita_Hayworth-Gala-11-160x240.jpg,image,http://www.flowersinagun.com/wp-content/uploads/2013/10/Alzheimers_Association_New_York_Rita_Hayworth-Gala-11-160x240.jpg,20131115082507,raw\assets\flowersinagun.com_wp-content_uploads_2013_10_Alzheimers_Association_New_York_Rita_Hayworth-Gala-11-160x240.jpg__baf921a7e9.jpg,ok,10741,
flowersinagun.com/wp-content/uploads/2013/10/Franz_Ferdinand_HammersteinHall_New_York-01.jpg,image,https://www.flowersinagun.com/wp-content/uploads/2013/10/Franz_Ferdinand_HammersteinHall_New_York-01.jpg,20230513070736,raw\assets\flowersinagun.com_wp-content_uploads_2013_10_Franz_Ferdinand_HammersteinHall_New_York-01.jpg__71b35ba22e.jpg,ok,665822,
flowersinagun.com/wp-content/uploads/2013/10/Franz_Ferdinand_HammersteinHall_New_York-13-150x150.jpg,image,https://www.flowersinagun.com/wp-content/uploads/2013/10/Franz_Ferdinand_HammersteinHall_New_York-13-150x150.jpg,20230608045653,raw\assets\flowersinagun.com_wp-content_uploads_2013_10_Franz_Ferdinand_HammersteinHall_New_York-13-150x150.jpg__255ffbc1e6.jpg,ok,9640,
flowersinagun.com/wp-content/uploads/2013/10/IMG_7116-150x150.jpg,image,https://www.flowersinagun.com/wp-content/uploads/2013/10/IMG_7116-150x150.jpg,20230606042940,raw\assets\flowersinagun.com_wp-content_uploads_2013_10_IMG_7116-150x150.jpg__012b40033d.jpg,ok,10369,
flowersinagun.com/wp-content/uploads/2013/10/IMG_7116-160x160.jpg,image,https://www.flowersinagun.com/wp-content/uploads/2013/10/IMG_7116-160x160.jpg,20230606042939,raw\assets\flowersinagun.com_wp-content_uploads_2013_10_IMG_7116-160x160.jpg__f49e057069.jpg,ok,11127,
flowersinagun.com/wp-content/uploads/2013/10/IMG_7116-260x260.jpg,image,https://www.flowersinagun.com/wp-content/uploads/2013/10/IMG_7116-260x260.jpg,20230606042940,raw\assets\flowersinagun.com_wp-content_uploads_2013_10_IMG_7116-260x260.jpg__1c92df5256.jpg,ok,24669,
flowersinagun.com/wp-content/uploads/2013/10/IMG_7116-300x300.jpg,image,https://www.flowersinagun.com/wp-content/uploads/2013/10/IMG_7116-300x300.jpg,20230606042940,raw\assets\flowersinagun.com_wp-content_uploads_2013_10_IMG_7116-300x300.jpg__e193595071.jpg,ok,30114,
flowersinagun.com/wp-content/uploads/2013/10/IMG_7116.jpg,image,https://www.flowersinagun.com/wp-content/uploads/2013/10/IMG_7116.jpg,20230606042940,raw\assets\flowersinagun.com_wp-content_uploads_2013_10_IMG_7116.jpg__126f5541bf.jpg,ok,73886,
flowersinagun.com/wp-content/uploads/2013/10/IMG_9676-1024x682.jpg,image,https://www.flowersinagun.com/wp-content/uploads/2013/10/IMG_9676-1024x682.jpg,20230606141641,raw\assets\flowersinagun.com_wp-content_uploads_2013_10_IMG_9676-1024x682.jpg__102d8fffd6.jpg,ok,118522,
flowersinagun.com/wp-content/uploads/2013/10/IMG_9676-160x106.jpg,image,https://www.flowersinagun.com/wp-content/uploads/2013/10/IMG_9676-160x106.jpg,20230606141641,raw\assets\flowersinagun.com_wp-content_uploads_2013_10_IMG_9676-160x106.jpg__41184e4e58.jpg,ok,4856,
flowersinagun.com/wp-content/uploads/2013/10/IMG_9676-260x173.jpg,image,https://www.flowersinagun.com/wp-content/uploads/2013/10/IMG_9676-260x173.jpg,,,failed:http_404,0,
flowersinagun.com/wp-content/uploads/2013/10/IMG_9676-300x200.jpg,image,https://www.flowersinagun.com/wp-content/uploads/2013/10/IMG_9676-300x200.jpg,20230606141641,raw\assets\flowersinagun.com_wp-content_uploads_2013_10_IMG_9676-300x200.jpg__584673c3dd.jpg,ok,13847,
flowersinagun.com/wp-content/uploads/2013/10/IMG_9676-560x373.jpg,image,https://www.flowersinagun.com/wp-content/uploads/2013/10/IMG_9676-560x373.jpg,20230606141641,raw\assets\flowersinagun.com_wp-content_uploads_2013_10_IMG_9676-560x373.jpg__e961542620.jpg,ok,41688,
flowersinagun.com/wp-content/uploads/2013/10/SAM_95941-150x150.jpg,image,https://www.flowersinagun.com/wp-content/uploads/2013/10/SAM_95941-150x150.jpg,20230606141642,raw\assets\flowersinagun.com_wp-content_uploads_2013_10_SAM_95941-150x150.jpg__c629505c83.jpg,ok,6615,
flowersinagun.com/wp-content/uploads/2013/10/d644fee9532acc52cf916a8344301a79_poster-150x150.jpeg,image,http://www.flowersinagun.com/wp-content/uploads/2013/10/d644fee9532acc52cf916a8344301a79_poster-150x150.jpeg,20160418004646,raw\assets\flowersinagun.com_wp-content_uploads_2013_10_d644fee9532acc52cf916a8344301a79_poster-150x150.jpeg__a2230bd74b.jpeg,ok,6170,
flowersinagun.com/wp-content/uploads/2013/10/image-150x150.png,image,https://www.flowersinagun.com/wp-content/uploads/2013/10/image-150x150.png,20230606141641,raw\assets\flowersinagun.com_wp-content_uploads_2013_10_image-150x150.png__5bee95f8ef.png,ok,38782,
flowersinagun.com/wp-content/uploads/2013/10/images-150x150.jpg,image,https://www.flowersinagun.com/wp-content/uploads/2013/10/images-150x150.jpg,20230607182327,raw\assets\flowersinagun.com_wp-content_uploads_2013_10_images-150x150.jpg__bb9ca48ade.jpg,ok,7018,
flowersinagun.com/wp-content/uploads/2013/10/lou-reed-sized-150x150.jpg,image,https://www.flowersinagun.com/wp-content/uploads/2013/10/lou-reed-sized-150x150.jpg,20230608045653,raw\assets\flowersinagun.com_wp-content_uploads_2013_10_lou-reed-sized-150x150.jpg__4a849fb9b3.jpg,ok,6889,
flowersinagun.com/wp-content/uploads/2013/10/maxresdefault-150x150.jpg,image,http://www.flowersinagun.com/wp-content/uploads/2013/10/maxresdefault-150x150.jpg,20160417090120,raw\assets\flowersinagun.com_wp-content_uploads_2013_10_maxresdefault-150x150.jpg__7c90787623.jpg,ok,9765,
flowersinagun.com/wp-content/uploads/2013/10/maxresdefault-160x90.jpg,image,http://www.flowersinagun.com/wp-content/uploads/2013/10/maxresdefault-160x90.jpg,20131115082143,raw\assets\flowersinagun.com_wp-content_uploads_2013_10_maxresdefault-160x90.jpg__df8b9c7114.jpg,ok,6516,
flowersinagun.com/wp-content/uploads/2013/10/sharon_vanetten_01-150x150.jpg,image,https://www.flowersinagun.com/wp-content/uploads/2013/10/sharon_vanetten_01-150x150.jpg,20230607182327,raw\assets\flowersinagun.com_wp-content_uploads_2013_10_sharon_vanetten_01-150x150.jpg__14310e420d.jpg,ok,6159,
flowersinagun.com/wp-content/uploads/2013/10/viewer-150x150.png,image,http://www.flowersinagun.com/wp-content/uploads/2013/10/viewer-150x150.png,20160417082743,raw\assets\flowersinagun.com_wp-content_uploads_2013_10_viewer-150x150.png__178ec61c28.png,ok,32348,
flowersinagun.com/wp-content/uploads/2013/11/1454832_10152055884539243_1780834798_n-150x150.jpg,image,https://www.flowersinagun.com/wp-content/uploads/2013/11/1454832_10152055884539243_1780834798_n-150x150.jpg,20230606160647,raw\assets\flowersinagun.com_wp-content_uploads_2013_11_1454832_10152055884539243_1780834798_n-150x150.jpg__ef68535f16.jpg,ok,6119,
flowersinagun.com/wp-content/uploads/2013/11/1454832_10152055884539243_1780834798_n-160x146.jpg,image,https://www.flowersinagun.com/wp-content/uploads/2013/11/1454832_10152055884539243_1780834798_n-160x146.jpg,20230624094504,raw\assets\flowersinagun.com_wp-content_uploads_2013_11_1454832_10152055884539243_1780834798_n-160x146.jpg__ebcfff77c4.jpg,ok,6033,
flowersinagun.com/wp-content/uploads/2013/11/1454832_10152055884539243_1780834798_n-260x238.jpg,image,https://www.flowersinagun.com/wp-content/uploads/2013/11/1454832_10152055884539243_1780834798_n-260x238.jpg,20230624094504,raw\assets\flowersinagun.com_wp-content_uploads_2013_11_1454832_10152055884539243_1780834798_n-260x238.jpg__b97b8411a1.jpg,ok,12069,
flowersinagun.com/wp-content/uploads/2013/11/1454832_10152055884539243_1780834798_n-280x150.jpg,image,http://www.flowersinagun.com/wp-content/uploads/2013/11/1454832_10152055884539243_1780834798_n-280x150.jpg,20150715212346,raw\assets\flowersinagun.com_wp-content_uploads_2013_11_1454832_10152055884539243_1780834798_n-280x150.jpg__4a6b0c3e3f.jpg,ok,9392,
flowersinagun.com/wp-content/uploads/2013/11/1454832_10152055884539243_1780834798_n-300x274.jpg,image,https://www.flowersinagun.com/wp-content/uploads/2013/11/1454832_10152055884539243_1780834798_n-300x274.jpg,20230624094504,raw\assets\flowersinagun.com_wp-content_uploads_2013_11_1454832_10152055884539243_1780834798_n-300x274.jpg__bf5bcec699.jpg,ok,14656,
flowersinagun.com/wp-content/uploads/2013/11/1454832_10152055884539243_1780834798_n-560x512.jpg,image,https://www.flowersinagun.com/wp-content/uploads/2013/11/1454832_10152055884539243_1780834798_n-560x512.jpg,20230624094504,raw\assets\flowersinagun.com_wp-content_uploads_2013_11_1454832_10152055884539243_1780834798_n-560x512.jpg__79608c2e75.jpg,ok,34879,
flowersinagun.com/wp-content/uploads/2013/11/1454832_10152055884539243_1780834798_n.jpg,image,https://www.flowersinagun.com/wp-content/uploads/2013/11/1454832_10152055884539243_1780834798_n.jpg,20230627042202,raw\assets\flowersinagun.com_wp-content_uploads_2013_11_1454832_10152055884539243_1780834798_n.jpg__dacfff0792.jpg,ok,43556,
flowersinagun.com/wp-content/uploads/2013/11/18403_549615528407252_1012031025_n-150x150.jpg,image,http://www.flowersinagun.com/wp-content/uploads/2013/11/18403_549615528407252_1012031025_n-150x150.jpg,20160417185314,raw\assets\flowersinagun.com_wp-content_uploads_2013_11_18403_549615528407252_1012031025_n-150x150.jpg__5ef88d1b65.jpg,ok,11146,
flowersinagun.com/wp-content/uploads/2013/11/18403_549615528407252_1012031025_n-160x200.jpg,image,https://www.flowersinagun.com/wp-content/uploads/2013/11/18403_549615528407252_1012031025_n-160x200.jpg,20230627042203,raw\assets\flowersinagun.com_wp-content_uploads_2013_11_18403_549615528407252_1012031025_n-160x200.jpg__c370ceea18.jpg,ok,12858,
flowersinagun.com/wp-content/uploads/2013/11/18403_549615528407252_1012031025_n-240x300.jpg,image,https://www.flowersinagun.com/wp-content/uploads/2013/11/18403_549615528407252_1012031025_n-240x300.jpg,20230627042203,raw\assets\flowersinagun.com_wp-content_uploads_2013_11_18403_549615528407252_1012031025_n-240x300.jpg__e18f590e06.jpg,ok,24227,
flowersinagun.com/wp-content/uploads/2013/11/18403_549615528407252_1012031025_n-260x325.jpg,image,https://www.flowersinagun.com/wp-content/uploads/2013/11/18403_549615528407252_1012031025_n-260x325.jpg,20230627042203,raw\assets\flowersinagun.com_wp-content_uploads_2013_11_18403_549615528407252_1012031025_n-260x325.jpg__d38dcd36bf.jpg,ok,27084,
flowersinagun.com/wp-content/uploads/2013/11/18403_549615528407252_1012031025_n-560x700.jpg,image,https://www.flowersinagun.com/wp-content/uploads/2013/11/18403_549615528407252_1012031025_n-560x700.jpg,20230627042203,raw\assets\flowersinagun.com_wp-content_uploads_2013_11_18403_549615528407252_1012031025_n-560x700.jpg__c759236b94.jpg,ok,90756,
flowersinagun.com/wp-content/uploads/2013/11/18403_549615528407252_1012031025_n.jpg,image,http://www.flowersinagun.com/wp-content/uploads/2013/11/18403_549615528407252_1012031025_n.jpg,20150713215349,raw\assets\flowersinagun.com_wp-content_uploads_2013_11_18403_549615528407252_1012031025_n.jpg__bb4d23f490.jpg,ok,92373,
flowersinagun.com/wp-content/uploads/2013/11/460577_10150933242459783_461136596_o-150x150.jpg,image,http://www.flowersinagun.com/wp-content/uploads/2013/11/460577_10150933242459783_461136596_o-150x150.jpg,20160417123330,raw\assets\flowersinagun.com_wp-content_uploads_2013_11_460577_10150933242459783_461136596_o-150x150.jpg__15d9312380.jpg,ok,10251,
flowersinagun.com/wp-content/uploads/2013/11/460577_10150933242459783_461136596_o-260x195.jpg,image,http://www.flowersinagun.com/wp-content/uploads/2013/11/460577_10150933242459783_461136596_o-260x195.jpg,20131115083152,raw\assets\flowersinagun.com_wp-content_uploads_2013_11_460577_10150933242459783_461136596_o-260x195.jpg__00c22c4fdd.jpg,ok,20944,
flowersinagun.com/wp-content/uploads/2013/11/Bathhouse-236x3001-150x150.jpg,image,https://www.flowersinagun.com/wp-content/uploads/2013/11/Bathhouse-236x3001-150x150.jpg,20230606160647,raw\assets\flowersinagun.com_wp-content_uploads_2013_11_Bathhouse-236x3001-150x150.jpg__dc3797e3b1.jpg,ok,6660,
flowersinagun.com/wp-content/uploads/2013/11/Divers030-1024x682.jpg,image,http://www.flowersinagun.com/wp-content/uploads/2013/11/Divers030-1024x682.jpg,20131115105610,raw\assets\flowersinagun.com_wp-content_uploads_2013_11_Divers030-1024x682.jpg__0592c90ccc.jpg,ok,159451,
flowersinagun.com/wp-content/uploads/2013/11/Divers030-150x150.jpg,image,http://www.flowersinagun.com/wp-content/uploads/2013/11/Divers030-150x150.jpg,20160417132708,raw\assets\flowersinagun.com_wp-content_uploads_2013_11_Divers030-150x150.jpg__4d4920bf51.jpg,ok,10559,
flowersinagun.com/wp-content/uploads/2013/11/Divers030-260x173.jpg,image,http://www.flowersinagun.com/wp-content/uploads/2013/11/Divers030-260x173.jpg,20131115083232,raw\assets\flowersinagun.com_wp-content_uploads_2013_11_Divers030-260x173.jpg__b3e73063d8.jpg,ok,18011,
flowersinagun.com/wp-content/uploads/2013/11/DocBlog_TownBloodyHall-300x180.jpg,image,http://www.flowersinagun.com/wp-content/uploads/2013/11/DocBlog_TownBloodyHall-300x180.jpg,20140224102919,raw\assets\flowersinagun.com_wp-content_uploads_2013_11_DocBlog_TownBloodyHall-300x180.jpg__3b153c5d6f.jpg,ok,14361,
flowersinagun.com/wp-content/uploads/2013/11/DocBlog_TownBloodyHall.jpg,image,http://www.flowersinagun.com/wp-content/uploads/2013/11/DocBlog_TownBloodyHall.jpg,20131115071058,raw\assets\flowersinagun.com_wp-content_uploads_2013_11_DocBlog_TownBloodyHall.jpg__6ddbbc4c30.jpg,ok,81985,
flowersinagun.com/wp-content/uploads/2013/11/IMG_8447-150x150.jpg,image,https://www.flowersinagun.com/wp-content/uploads/2013/11/IMG_8447-150x150.jpg,20230607223340,raw\assets\flowersinagun.com_wp-content_uploads_2013_11_IMG_8447-150x150.jpg__854eb8bb6b.jpg,ok,7122,
flowersinagun.com/wp-content/uploads/2013/11/Midler-Hulaween-Gala-0123-160x160.jpg,image,http://www.flowersinagun.com/wp-content/uploads/2013/11/Midler-Hulaween-Gala-0123-160x160.jpg,20131115082802,raw\assets\flowersinagun.com_wp-content_uploads_2013_11_Midler-Hulaween-Gala-0123-160x160.jpg__6107e45fd1.jpg,ok,12795,
flowersinagun.com/wp-content/uploads/2013/11/PSTT-1024x915.jpg,image,http://www.flowersinagun.com/wp-content/uploads/2013/11/PSTT-1024x915.jpg,20131115102111,raw\assets\flowersinagun.com_wp-content_uploads_2013_11_PSTT-1024x915.jpg__66953c46a0.jpg,ok,248650,
flowersinagun.com/wp-content/uploads/2013/11/band-shoot-150x150.jpg,image,https://www.flowersinagun.com/wp-content/uploads/2013/11/band-shoot-150x150.jpg,20230606160647,raw\assets\flowersinagun.com_wp-content_uploads_2013_11_band-shoot-150x150.jpg__187c96221d.jpg,ok,11022,
flowersinagun.com/wp-content/uploads/2013/11/gardiner-sisters1-150x150.jpg,image,http://www.flowersinagun.com/wp-content/uploads/2013/11/gardiner-sisters1-150x150.jpg,20160417133314,raw\assets\flowersinagun.com_wp-content_uploads_2013_11_gardiner-sisters1-150x150.jpg__0489581c0f.jpg,ok,12517,
flowersinagun.com/wp-content/uploads/2013/11/kiss-bw-160x133.jpg,image,https://www.flowersinagun.com/wp-content/uploads/2013/11/kiss-bw-160x133.jpg,20230627042203,raw\assets\flowersinagun.com_wp-content_uploads_2013_11_kiss-bw-160x133.jpg__2e347e3ee3.jpg,ok,10754,
flowersinagun.com/wp-content/uploads/2013/11/kiss-bw-260x216.jpg,image,https://www.flowersinagun.com/wp-content/uploads/2013/11/kiss-bw-260x216.jpg,20230627042203,raw\assets\flowersinagun.com_wp-content_uploads_2013_11_kiss-bw-260x216.jpg__b4f8080a5a.jpg,ok,26427,
flowersinagun.com/wp-content/uploads/2013/11/kiss-bw-300x249.jpg,image,https://www.flowersinagun.com/wp-content/uploads/2013/11/kiss-bw-300x249.jpg,20230627042202,raw\assets\flowersinagun.com_wp-content_uploads_2013_11_kiss-bw-300x249.jpg__6f1d721f76.jpg,ok,34547,
flowersinagun.com/wp-content/uploads/2013/11/kiss-bw-300x2491-150x150.jpg,image,https://www.flowersinagun.com/wp-content/uploads/2013/11/kiss-bw-300x2491-150x150.jpg,20230606160647,raw\assets\flowersinagun.com_wp-content_uploads_2013_11_kiss-bw-300x2491-150x150.jpg__447ee5d879.jpg,ok,10844,
flowersinagun.com/wp-content/uploads/2013/11/kiss-bw.jpg,image,https://www.flowersinagun.com/wp-content/uploads/2013/11/kiss-bw.jpg,20230627042203,raw\assets\flowersinagun.com_wp-content_uploads_2013_11_kiss-bw.jpg__fd415fd668.jpg,ok,45959,
flowersinagun.com/wp-content/uploads/2013/11/m16lamp-160x200.jpg,image,https://www.flowersinagun.com/wp-content/uploads/2013/11/m16lamp-160x200.jpg,20230628125254,raw\assets\flowersinagun.com_wp-content_uploads_2013_11_m16lamp-160x200.jpg__2ad0189827.jpg,ok,4273,
flowersinagun.com/wp-content/uploads/2013/11/m16lamp-239x300.jpg,image,https://www.flowersinagun.com/wp-content/uploads/2013/11/m16lamp-239x300.jpg,20230627042202,raw\assets\flowersinagun.com_wp-content_uploads_2013_11_m16lamp-239x300.jpg__8cb8110c5a.jpg,ok,7331,
flowersinagun.com/wp-content/uploads/2013/11/m16lamp-260x325.jpg,image,https://www.flowersinagun.com/wp-content/uploads/2013/11/m16lamp-260x325.jpg,20230628125254,raw\assets\flowersinagun.com_wp-content_uploads_2013_11_m16lamp-260x325.jpg__6417b0427a.jpg,ok,8600,
flowersinagun.com/wp-content/uploads/2013/11/m16lamp.jpg,image,https://www.flowersinagun.com/wp-content/uploads/2013/11/m16lamp.jpg,20230628125253,raw\assets\flowersinagun.com_wp-content_uploads_2013_11_m16lamp.jpg__c0b57d7c89.jpg,ok,165745,
flowersinagun.com/wp-content/uploads/2013/11/phildel-150x150.png,image,https://www.flowersinagun.com/wp-content/uploads/2013/11/phildel-150x150.png,20230606081027,raw\assets\flowersinagun.com_wp-content_uploads_2013_11_phildel-150x150.png__fb5bc7edbf.png,ok,38889,
flowersinagun.com/wp-content/uploads/2013/11/townbloodyhall-cover-243x300-150x150.jpg,image,http://www.flowersinagun.com/wp-content/uploads/2013/11/townbloodyhall-cover-243x300-150x150.jpg,20160417124709,raw\assets\flowersinagun.com_wp-content_uploads_2013_11_townbloodyhall-cover-243x300-150x150.jpg__3d71a5d6cf.jpg,ok,8778,
flowersinagun.com/wp-content/uploads/2013/11/townbloodyhall-cover-243x300.jpg,image,http://www.flowersinagun.com/wp-content/uploads/2013/11/townbloodyhall-cover-243x300.jpg,20131115082505,raw\assets\flowersinagun.com_wp-content_uploads_2013_11_townbloodyhall-cover-243x300.jpg__b0e213dc10.jpg,ok,19863,
flowersinagun.com/wp-content/uploads/2013/11/unnamed-1-150x150.jpg,image,https://www.flowersinagun.com/wp-content/uploads/2013/11/unnamed-1-150x150.jpg,20230624094505,raw\assets\flowersinagun.com_wp-content_uploads_2013_11_unnamed-1-150x150.jpg__76df0d6b24.jpg,ok,10638,
flowersinagun.com/wp-content/uploads/2013/11/unnamed-1-160x160.jpg,image,https://www.flowersinagun.com/wp-content/uploads/2013/11/unnamed-1-160x160.jpg,20230627042201,raw\assets\flowersinagun.com_wp-content_uploads_2013_11_unnamed-1-160x160.jpg__8ffdd6ba30.jpg,ok,11599,
flowersinagun.com/wp-content/uploads/2013/11/unnamed-1-260x260.jpg,image,https://www.flowersinagun.com/wp-content/uploads/2013/11/unnamed-1-260x260.jpg,20230624094504,raw\assets\flowersinagun.com_wp-content_uploads_2013_11_unnamed-1-260x260.jpg__ad22f33802.jpg,ok,26249,
flowersinagun.com/wp-content/uploads/2013/11/unnamed-1-300x300.jpg,image,https://www.flowersinagun.com/wp-content/uploads/2013/11/unnamed-1-300x300.jpg,20230624094504,raw\assets\flowersinagun.com_wp-content_uploads_2013_11_unnamed-1-300x300.jpg__a42dedcb96.jpg,ok,32432,
flowersinagun.com/wp-content/uploads/2013/11/unnamed-1.jpg,image,https://www.flowersinagun.com/wp-content/uploads/2013/11/unnamed-1.jpg,20230624094505,raw\assets\flowersinagun.com_wp-content_uploads_2013_11_unnamed-1.jpg__b59ea5ccc0.jpg,ok,52760,
flowersinagun.com/wp-content/uploads/2013/11/unnamed-2-160x230.jpg,image,https://www.flowersinagun.com/wp-content/uploads/2013/11/unnamed-2-160x230.jpg,20230627042203,raw\assets\flowersinagun.com_wp-content_uploads_2013_11_unnamed-2-160x230.jpg__0f023fa5ca.jpg,ok,12147,
flowersinagun.com/wp-content/uploads/2013/11/unnamed-2-208x300.jpg,image,https://www.flowersinagun.com/wp-content/uploads/2013/11/unnamed-2-208x300.jpg,20230627042203,raw\assets\flowersinagun.com_wp-content_uploads_2013_11_unnamed-2-208x300.jpg__685c32a23d.jpg,ok,18379,
flowersinagun.com/wp-content/uploads/2013/11/unnamed-2-260x373.jpg,image,https://www.flowersinagun.com/wp-content/uploads/2013/11/unnamed-2-260x373.jpg,20230627042203,raw\assets\flowersinagun.com_wp-content_uploads_2013_11_unnamed-2-260x373.jpg__0b77dd07d3.jpg,ok,25969,
flowersinagun.com/wp-content/uploads/2013/11/unnamed-2.jpg,image,https://www.flowersinagun.com/wp-content/uploads/2013/11/unnamed-2.jpg,20230627042203,raw\assets\flowersinagun.com_wp-content_uploads_2013_11_unnamed-2.jpg__2cbc599967.jpg,ok,24216,
flowersinagun.com/wp-content/uploads/2013/12/0002066373_10-150x150.jpg,image,https://www.flowersinagun.com/wp-content/uploads/2013/12/0002066373_10-150x150.jpg,20230605072258,raw\assets\flowersinagun.com_wp-content_uploads_2013_12_0002066373_10-150x150.jpg__6e847bd1f9.jpg,ok,10136,
flowersinagun.com/wp-content/uploads/2013/12/0002066373_10-160x160.jpg,image,https://www.flowersinagun.com/wp-content/uploads/2013/12/0002066373_10-160x160.jpg,20230606052950,raw\assets\flowersinagun.com_wp-content_uploads_2013_12_0002066373_10-160x160.jpg__14f0c58fa3.jpg,ok,11281,
flowersinagun.com/wp-content/uploads/2013/12/0002066373_10-260x261.jpg,image,https://www.flowersinagun.com/wp-content/uploads/2013/12/0002066373_10-260x261.jpg,20230606052950,raw\assets\flowersinagun.com_wp-content_uploads_2013_12_0002066373_10-260x261.jpg__e5cd532519.jpg,ok,23621,
flowersinagun.com/wp-content/uploads/2013/12/0002066373_10-298x300.jpg,image,https://www.flowersinagun.com/wp-content/uploads/2013/12/0002066373_10-298x300.jpg,20230606052950,raw\assets\flowersinagun.com_wp-content_uploads_2013_12_0002066373_10-298x300.jpg__eea9a67000.jpg,ok,29888,
flowersinagun.com/wp-content/uploads/2013/12/0002066373_10-560x562.jpg,image,https://www.flowersinagun.com/wp-content/uploads/2013/12/0002066373_10-560x562.jpg,20230606052950,raw\assets\flowersinagun.com_wp-content_uploads_2013_12_0002066373_10-560x562.jpg__75906aa443.jpg,ok,78234,
flowersinagun.com/wp-content/uploads/2013/12/0002066373_10.jpg,image,https://www.flowersinagun.com/wp-content/uploads/2013/12/0002066373_10.jpg,,,failed:http_404,0,
flowersinagun.com/wp-content/uploads/2013/12/1471352_219496414897204_1690163244_n-150x150.jpg,image,https://www.flowersinagun.com/wp-content/uploads/2013/12/1471352_219496414897204_1690163244_n-150x150.jpg,20230605151047,raw\assets\flowersinagun.com_wp-content_uploads_2013_12_1471352_219496414897204_1690163244_n-150x150.jpg__c217ac49e8.jpg,ok,12795,
flowersinagun.com/wp-content/uploads/2013/12/1471352_219496414897204_1690163244_n-160x160.jpg,image,https://www.flowersinagun.com/wp-content/uploads/2013/12/1471352_219496414897204_1690163244_n-160x160.jpg,20230605072258,raw\assets\flowersinagun.com_wp-content_uploads_2013_12_1471352_219496414897204_1690163244_n-160x160.jpg__87fff9df8f.jpg,ok,13840,
flowersinagun.com/wp-content/uploads/2013/12/1471352_219496414897204_1690163244_n-260x260.jpg,image,https://www.flowersinagun.com/wp-content/uploads/2013/12/1471352_219496414897204_1690163244_n-260x260.jpg,20230605072258,raw\assets\flowersinagun.com_wp-content_uploads_2013_12_1471352_219496414897204_1690163244_n-260x260.jpg__3455739153.jpg,ok,32262,
flowersinagun.com/wp-content/uploads/2013/12/1471352_219496414897204_1690163244_n-300x300.jpg,image,https://www.flowersinagun.com/wp-content/uploads/2013/12/1471352_219496414897204_1690163244_n-300x300.jpg,20230605151046,raw\assets\flowersinagun.com_wp-content_uploads_2013_12_1471352_219496414897204_1690163244_n-300x300.jpg__a55289ea19.jpg,ok,40549,
flowersinagun.com/wp-content/uploads/2013/12/1471352_219496414897204_1690163244_n-560x560.jpg,image,https://www.flowersinagun.com/wp-content/uploads/2013/12/1471352_219496414897204_1690163244_n-560x560.jpg,20230605072258,raw\assets\flowersinagun.com_wp-content_uploads_2013_12_1471352_219496414897204_1690163244_n-560x560.jpg__70f00ac61d.jpg,ok,107110,
flowersinagun.com/wp-content/uploads/2013/12/1471352_219496414897204_1690163244_n.jpg,image,https://www.flowersinagun.com/wp-content/uploads/2013/12/1471352_219496414897204_1690163244_n.jpg,20230605072258,raw\assets\flowersinagun.com_wp-content_uploads_2013_12_1471352_219496414897204_1690163244_n.jpg__21977711b1.jpg,ok,83572,
flowersinagun.com/wp-content/uploads/2013/12/175317_166935413355849_714841_o-150x150.jpg,image,http://www.flowersinagun.com/wp-content/uploads/2013/12/175317_166935413355849_714841_o-150x150.jpg,20150619071524,raw\assets\flowersinagun.com_wp-content_uploads_2013_12_175317_166935413355849_714841_o-150x150.jpg__78aafad436.jpg,ok,6180,
flowersinagun.com/wp-content/uploads/2013/12/945606_480588462022035_2080616335_n-150x150.jpg,image,http://www.flowersinagun.com/wp-content/uploads/2013/12/945606_480588462022035_2080616335_n-150x150.jpg,20160417185221,raw\assets\flowersinagun.com_wp-content_uploads_2013_12_945606_480588462022035_2080616335_n-150x150.jpg__073743fec9.jpg,ok,7654,
flowersinagun.com/wp-content/uploads/2013/12/IMG_9465-150x150.jpg,image,https://www.flowersinagun.com/wp-content/uploads/2013/12/IMG_9465-150x150.jpg,20230605151046,raw\assets\flowersinagun.com_wp-content_uploads_2013_12_IMG_9465-150x150.jpg__6c283005e8.jpg,ok,8993,
flowersinagun.com/wp-content/uploads/2013/12/a1425751965_2-150x150.jpg,image,https://www.flowersinagun.com/wp-content/uploads/2013/12/a1425751965_2-150x150.jpg,20230605072258,raw\assets\flowersinagun.com_wp-content_uploads_2013_12_a1425751965_2-150x150.jpg__521402efe5.jpg,ok,10254,
flowersinagun.com/wp-content/uploads/2013/12/a1425751965_2-160x160.jpg,image,https://www.flowersinagun.com/wp-content/uploads/2013/12/a1425751965_2-160x160.jpg,20230605072258,raw\assets\flowersinagun.com_wp-content_uploads_2013_12_a1425751965_2-160x160.jpg__13929badff.jpg,ok,11100,
flowersinagun.com/wp-content/uploads/2013/12/a1425751965_2-260x260.jpg,image,https://www.flowersinagun.com/wp-content/uploads/2013/12/a1425751965_2-260x260.jpg,20230605072258,raw\assets\flowersinagun.com_wp-content_uploads_2013_12_a1425751965_2-260x260.jpg__248b1aa8d4.jpg,ok,22355,
flowersinagun.com/wp-content/uploads/2013/12/a1425751965_2-300x300.jpg,image,https://www.flowersinagun.com/wp-content/uploads/2013/12/a1425751965_2-300x300.jpg,20230605072258,raw\assets\flowersinagun.com_wp-content_uploads_2013_12_a1425751965_2-300x300.jpg__2349217e38.jpg,ok,27255,
flowersinagun.com/wp-content/uploads/2013/12/a1425751965_2.jpg,image,https://www.flowersinagun.com/wp-content/uploads/2013/12/a1425751965_2.jpg,20230605072300,raw\assets\flowersinagun.com_wp-content_uploads_2013_12_a1425751965_2.jpg__5144b3dc52.jpg,ok,50258,
flowersinagun.com/wp-content/uploads/2013/12/maricka-150x150.jpg,image,http://www.flowersinagun.com/wp-content/uploads/2013/12/maricka-150x150.jpg,20160418073034,raw\assets\flowersinagun.com_wp-content_uploads_2013_12_maricka-150x150.jpg__98bdd1204c.jpg,ok,6762,
flowersinagun.com/wp-content/uploads/2013/12/mel-washington-150x150.jpg,image,http://www.flowersinagun.com/wp-content/uploads/2013/12/mel-washington-150x150.jpg,20160418013337,raw\assets\flowersinagun.com_wp-content_uploads_2013_12_mel-washington-150x150.jpg__32fc6d45bd.jpg,ok,6111,
flowersinagun.com/wp-content/uploads/2013/12/sonic-violence-150x150.png,image,https://www.flowersinagun.com/wp-content/uploads/2013/12/sonic-violence-150x150.png,20230605151046,raw\assets\flowersinagun.com_wp-content_uploads_2013_12_sonic-violence-150x150.png__21dcd16b47.png,ok,44620,
flowersinagun.com/wp-content/uploads/2013/12/taka_872dpi-150x150.jpg,image,https://www.flowersinagun.com/wp-content/uploads/2013/12/taka_872dpi-150x150.jpg,20230605151046,raw\assets\flowersinagun.com_wp-content_uploads_2013_12_taka_872dpi-150x150.jpg__3ee82f6c6b.jpg,ok,4812,
flowersinagun.com/wp-content/uploads/2014/01/1175018_607564555948493_419439055_n-150x150.jpg,image,https://www.flowersinagun.com/wp-content/uploads/2014/01/1175018_607564555948493_419439055_n-150x150.jpg,20230605060121,raw\assets\flowersinagun.com_wp-content_uploads_2014_01_1175018_607564555948493_419439055_n-150x150.jpg__d8b75b8571.jpg,ok,9368,
flowersinagun.com/wp-content/uploads/2014/01/1392852_599441873449043_183858377_n-150x150.jpg,image,http://www.flowersinagun.com/wp-content/uploads/2014/01/1392852_599441873449043_183858377_n-150x150.jpg,20160417190730,raw\assets\flowersinagun.com_wp-content_uploads_2014_01_1392852_599441873449043_183858377_n-150x150.jpg__c4e1888421.jpg,ok,7753,
flowersinagun.com/wp-content/uploads/2014/01/1392852_599441873449043_183858377_n-160x160.jpg,image,https://www.flowersinagun.com/wp-content/uploads/2014/01/1392852_599441873449043_183858377_n-160x160.jpg,20230605051155,raw\assets\flowersinagun.com_wp-content_uploads_2014_01_1392852_599441873449043_183858377_n-160x160.jpg__9aef08acad.jpg,ok,8279,
flowersinagun.com/wp-content/uploads/2014/01/1392852_599441873449043_183858377_n-260x260.jpg,image,https://www.flowersinagun.com/wp-content/uploads/2014/01/1392852_599441873449043_183858377_n-260x260.jpg,20230605051155,raw\assets\flowersinagun.com_wp-content_uploads_2014_01_1392852_599441873449043_183858377_n-260x260.jpg__8e06da10ee.jpg,ok,16650,
flowersinagun.com/wp-content/uploads/2014/01/1392852_599441873449043_183858377_n-300x300.jpg,image,https://www.flowersinagun.com/wp-content/uploads/2014/01/1392852_599441873449043_183858377_n-300x300.jpg,20230605060121,raw\assets\flowersinagun.com_wp-content_uploads_2014_01_1392852_599441873449043_183858377_n-300x300.jpg__62319c6174.jpg,ok,20266,
flowersinagun.com/wp-content/uploads/2014/01/1392852_599441873449043_183858377_n-560x560.jpg,image,https://www.flowersinagun.com/wp-content/uploads/2014/01/1392852_599441873449043_183858377_n-560x560.jpg,20230605051156,raw\assets\flowersinagun.com_wp-content_uploads_2014_01_1392852_599441873449043_183858377_n-560x560.jpg__7425410528.jpg,ok,49282,
flowersinagun.com/wp-content/uploads/2014/01/1392852_599441873449043_183858377_n.jpg,image,https://www.flowersinagun.com/wp-content/uploads/2014/01/1392852_599441873449043_183858377_n.jpg,20230605051155,raw\assets\flowersinagun.com_wp-content_uploads_2014_01_1392852_599441873449043_183858377_n.jpg__d5508edaf2.jpg,ok,47284,
flowersinagun.com/wp-content/uploads/2014/01/582474_459660594095871_1575171889_n-150x150.jpg,image,https://www.flowersinagun.com/wp-content/uploads/2014/01/582474_459660594095871_1575171889_n-150x150.jpg,20230605060121,raw\assets\flowersinagun.com_wp-content_uploads_2014_01_582474_459660594095871_1575171889_n-150x150.jpg__254b998e64.jpg,ok,11159,
flowersinagun.com/wp-content/uploads/2014/01/6-150x150.jpg,image,http://www.flowersinagun.com/wp-content/uploads/2014/01/6-150x150.jpg,20160417201536,raw\assets\flowersinagun.com_wp-content_uploads_2014_01_6-150x150.jpg__19b594a87a.jpg,ok,5503,
flowersinagun.com/wp-content/uploads/2014/01/CStrumpet-150x150.jpg,image,https://www.flowersinagun.com/wp-content/uploads/2014/01/CStrumpet-150x150.jpg,20230605051155,raw\assets\flowersinagun.com_wp-content_uploads_2014_01_CStrumpet-150x150.jpg__761f94c3bf.jpg,ok,8647,
flowersinagun.com/wp-content/uploads/2014/01/IMG_0659-150x150.jpg,image,http://www.flowersinagun.com/wp-content/uploads/2014/01/IMG_0659-150x150.jpg,20160418004636,raw\assets\flowersinagun.com_wp-content_uploads_2014_01_IMG_0659-150x150.jpg__644ae77b0c.jpg,ok,6829,
flowersinagun.com/wp-content/uploads/2014/01/a1517132713_2-150x150.jpg,image,http://www.flowersinagun.com/wp-content/uploads/2014/01/a1517132713_2-150x150.jpg,20150930050730,raw\assets\flowersinagun.com_wp-content_uploads_2014_01_a1517132713_2-150x150.jpg__b7cf8e5c55.jpg,ok,12226,
flowersinagun.com/wp-content/uploads/2014/01/a3071916352_2-150x150.jpg,image,http://www.flowersinagun.com/wp-content/uploads/2014/01/a3071916352_2-150x150.jpg,20151001012317,raw\assets\flowersinagun.com_wp-content_uploads_2014_01_a3071916352_2-150x150.jpg__ee1fb88262.jpg,ok,12598,
flowersinagun.com/wp-content/uploads/2014/01/a3516147310_2-150x150.jpg,image,http://www.flowersinagun.com/wp-content/uploads/2014/01/a3516147310_2-150x150.jpg,20160418005300,raw\assets\flowersinagun.com_wp-content_uploads_2014_01_a3516147310_2-150x150.jpg__b04a53b8cd.jpg,ok,6847,
flowersinagun.com/wp-content/uploads/2014/01/black-eskimo-150x150.jpg,image,https://www.flowersinagun.com/wp-content/uploads/2014/01/black-eskimo-150x150.jpg,20230605060121,raw\assets\flowersinagun.com_wp-content_uploads_2014_01_black-eskimo-150x150.jpg__bc0db4b4e1.jpg,ok,8241,
flowersinagun.com/wp-content/uploads/2014/01/black-eskimo-160x160.jpg,image,https://www.flowersinagun.com/wp-content/uploads/2014/01/black-eskimo-160x160.jpg,20230605060121,raw\assets\flowersinagun.com_wp-content_uploads_2014_01_black-eskimo-160x160.jpg__959c919146.jpg,ok,9115,
flowersinagun.com/wp-content/uploads/2014/01/black-eskimo-260x260.jpg,image,https://www.flowersinagun.com/wp-content/uploads/2014/01/black-eskimo-260x260.jpg,20230605060121,raw\assets\flowersinagun.com_wp-content_uploads_2014_01_black-eskimo-260x260.jpg__dd6e7bf374.jpg,ok,21098,
flowersinagun.com/wp-content/uploads/2014/01/black-eskimo-300x300.jpg,image,https://www.flowersinagun.com/wp-content/uploads/2014/01/black-eskimo-300x300.jpg,20230605060122,raw\assets\flowersinagun.com_wp-content_uploads_2014_01_black-eskimo-300x300.jpg__c8d78fb826.jpg,ok,25104,
flowersinagun.com/wp-content/uploads/2014/01/black-eskimo.jpg,image,http://www.flowersinagun.com/wp-content/uploads/2014/01/black-eskimo.jpg,20150619055702,raw\assets\flowersinagun.com_wp-content_uploads_2014_01_black-eskimo.jpg__3752aa5a53.jpg,ok,34767,
flowersinagun.com/wp-content/uploads/2014/01/cropped-header22.jpg,image,https://www.flowersinagun.com/wp-content/uploads/2014/01/cropped-header22.jpg,20230519061842,raw\assets\flowersinagun.com_wp-content_uploads_2014_01_cropped-header22.jpg__e1bec6343e.jpg,ok,22182,
flowersinagun.com/wp-content/uploads/2014/01/i_am_kloot03_website_image_andrewwhittongallery_wxga-1-1024x682.jpg,image,http://www.flowersinagun.com/wp-content/uploads/2014/01/i_am_kloot03_website_image_andrewwhittongallery_wxga-1-1024x682.jpg,20160828131325,raw\assets\flowersinagun.com_wp-content_uploads_2014_01_i_am_kloot03_website_image_andrewwhittongallery_wxga-1-1024x682.jpg__ed53f84a3d.jpg,ok,117457,
flowersinagun.com/wp-content/uploads/2014/01/i_am_kloot03_website_image_andrewwhittongallery_wxga-1-150x150.jpg,image,https://www.flowersinagun.com/wp-content/uploads/2014/01/i_am_kloot03_website_image_andrewwhittongallery_wxga-1-150x150.jpg,20230607182327,raw\assets\flowersinagun.com_wp-content_uploads_2014_01_i_am_kloot03_website_image_andrewwhittongallery_wxga-1-150x150.jpg__04ca71519e.jpg,ok,5474,
flowersinagun.com/wp-content/uploads/2014/01/radioradio-150x150.jpg,image,https://www.flowersinagun.com/wp-content/uploads/2014/01/radioradio-150x150.jpg,20230605051155,raw\assets\flowersinagun.com_wp-content_uploads_2014_01_radioradio-150x150.jpg__24253138d9.jpg,ok,10355,
flowersinagun.com/wp-content/uploads/2014/01/radioradio-160x120.jpg,image,https://www.flowersinagun.com/wp-content/uploads/2014/01/radioradio-160x120.jpg,20230607064202,raw\assets\flowersinagun.com_wp-content_uploads_2014_01_radioradio-160x120.jpg__59cf421dd5.jpg,ok,9079,
flowersinagun.com/wp-content/uploads/2014/01/radioradio-260x195.jpg,image,https://www.flowersinagun.com/wp-content/uploads/2014/01/radioradio-260x195.jpg,20230607064202,raw\assets\flowersinagun.com_wp-content_uploads_2014_01_radioradio-260x195.jpg__a670fc742b.jpg,ok,19920,
flowersinagun.com/wp-content/uploads/2014/01/radioradio-300x225.jpg,image,https://www.flowersinagun.com/wp-content/uploads/2014/01/radioradio-300x225.jpg,20230607064202,raw\assets\flowersinagun.com_wp-content_uploads_2014_01_radioradio-300x225.jpg__ac13ed1bb8.jpg,ok,24892,
flowersinagun.com/wp-content/uploads/2014/01/radioradio-560x420.jpg,image,https://www.flowersinagun.com/wp-content/uploads/2014/01/radioradio-560x420.jpg,20230607064202,raw\assets\flowersinagun.com_wp-content_uploads_2014_01_radioradio-560x420.jpg__2cdd952ad3.jpg,ok,61716,
flowersinagun.com/wp-content/uploads/2014/01/radioradio.jpg,image,https://www.flowersinagun.com/wp-content/uploads/2014/01/radioradio.jpg,20230607064202,raw\assets\flowersinagun.com_wp-content_uploads_2014_01_radioradio.jpg__b0bb323c82.jpg,ok,44290,
flowersinagun.com/wp-content/uploads/2014/01/ub-photo-chairs-150x150.jpg,image,http://www.flowersinagun.com/wp-content/uploads/2014/01/ub-photo-chairs-150x150.jpg,20160418005253,raw\assets\flowersinagun.com_wp-content_uploads_2014_01_ub-photo-chairs-150x150.jpg__c1cc4bd5f3.jpg,ok,9922,
flowersinagun.com/wp-content/uploads/2014/01/unnamed.jpg,image,https://www.flowersinagun.com/wp-content/uploads/2014/01/unnamed.jpg,20230607064202,raw\assets\flowersinagun.com_wp-content_uploads_2014_01_unnamed.jpg__3aee1e0d13.jpg,ok,40293,
flowersinagun.com/wp-content/uploads/2014/01/viewer-150x150.jpg,image,https://www.flowersinagun.com/wp-content/uploads/2014/01/viewer-150x150.jpg,20230605051155,raw\assets\flowersinagun.com_wp-content_uploads_2014_01_viewer-150x150.jpg__15ff0345c1.jpg,ok,8600,
flowersinagun.com/wp-content/uploads/2014/02/1450969_234233606746144_1503595921_n-1-150x150.jpg,image,https://www.flowersinagun.com/wp-content/uploads/2014/02/1450969_234233606746144_1503595921_n-1-150x150.jpg,20230605133842,raw\assets\flowersinagun.com_wp-content_uploads_2014_02_1450969_234233606746144_1503595921_n-1-150x150.jpg__e2df618347.jpg,ok,4172,
flowersinagun.com/wp-content/uploads/2014/02/391829_10150418687732647_1473247562_n-150x150.jpg,image,https://www.flowersinagun.com/wp-content/uploads/2014/02/391829_10150418687732647_1473247562_n-150x150.jpg,20230608232107,raw\assets\flowersinagun.com_wp-content_uploads_2014_02_391829_10150418687732647_1473247562_n-150x150.jpg__3c3c3ad08d.jpg,ok,8077,
flowersinagun.com/wp-content/uploads/2014/02/392736_10150454238672590_52262501_n-150x150.jpg,image,https://www.flowersinagun.com/wp-content/uploads/2014/02/392736_10150454238672590_52262501_n-150x150.jpg,20230606160647,raw\assets\flowersinagun.com_wp-content_uploads_2014_02_392736_10150454238672590_52262501_n-150x150.jpg__f3f643acfe.jpg,ok,11896,
flowersinagun.com/wp-content/uploads/2014/02/51-150x150.jpg,image,https://www.flowersinagun.com/wp-content/uploads/2014/02/51-150x150.jpg,20230605060108,raw\assets\flowersinagun.com_wp-content_uploads_2014_02_51-150x150.jpg__a226a81d16.jpg,ok,7119,
flowersinagun.com/wp-content/uploads/2014/02/Cover-for-Believe-digital-150x150.jpeg,image,https://www.flowersinagun.com/wp-content/uploads/2014/02/Cover-for-Believe-digital-150x150.jpeg,20230605133920,raw\assets\flowersinagun.com_wp-content_uploads_2014_02_Cover-for-Believe-digital-150x150.jpeg__d063374774.jpeg,ok,9498,
flowersinagun.com/wp-content/uploads/2014/02/Cover-for-Believe-digital-160x160.jpeg,image,https://www.flowersinagun.com/wp-content/uploads/2014/02/Cover-for-Believe-digital-160x160.jpeg,20230607182327,raw\assets\flowersinagun.com_wp-content_uploads_2014_02_Cover-for-Believe-digital-160x160.jpeg__99752192fa.jpeg,ok,10783,
flowersinagun.com/wp-content/uploads/2014/02/Cover-for-Believe-digital-260x260.jpeg,image,https://www.flowersinagun.com/wp-content/uploads/2014/02/Cover-for-Believe-digital-260x260.jpeg,,,failed:http_404,0,
flowersinagun.com/wp-content/uploads/2014/02/Cover-for-Believe-digital-300x300.jpeg,image,https://www.flowersinagun.com/wp-content/uploads/2014/02/Cover-for-Believe-digital-300x300.jpeg,20230605060121,raw\assets\flowersinagun.com_wp-content_uploads_2014_02_Cover-for-Believe-digital-300x300.jpeg__2272806c76.jpeg,ok,28180,
flowersinagun.com/wp-content/uploads/2014/02/Cover-for-Believe-digital.jpeg,image,https://www.flowersinagun.com/wp-content/uploads/2014/02/Cover-for-Believe-digital.jpeg,20230607182327,raw\assets\flowersinagun.com_wp-content_uploads_2014_02_Cover-for-Believe-digital.jpeg__d09b87b92a.jpeg,ok,76080,
flowersinagun.com/wp-content/uploads/2014/02/IMG_2362-150x150.jpg,image,https://www.flowersinagun.com/wp-content/uploads/2014/02/IMG_2362-150x150.jpg,20230605060108,raw\assets\flowersinagun.com_wp-content_uploads_2014_02_IMG_2362-150x150.jpg__82eee3c462.jpg,ok,10189,
flowersinagun.com/wp-content/uploads/2014/02/JC3a-150x150.jpg,image,http://www.flowersinagun.com/wp-content/uploads/2014/02/JC3a-150x150.jpg,20150930054540,raw\assets\flowersinagun.com_wp-content_uploads_2014_02_JC3a-150x150.jpg__f9f5d0ebee.jpg,ok,7798,
flowersinagun.com/wp-content/uploads/2014/02/The_clower+club_watermark-150x150.jpg,image,https://www.flowersinagun.com/wp-content/uploads/2014/02/The_clower+club_watermark-150x150.jpg,20230607115128,raw\assets\flowersinagun.com_wp-content_uploads_2014_02_The_clower_club_watermark-150x150.jpg__dc25528b18.jpg,ok,10652,
flowersinagun.com/wp-content/uploads/2014/02/The_clower+club_watermark-160x160.jpg,image,https://www.flowersinagun.com/wp-content/uploads/2014/02/The_clower+club_watermark-160x160.jpg,,,failed:http_404,0,
flowersinagun.com/wp-content/uploads/2014/02/The_clower+club_watermark-260x260.jpg,image,https://www.flowersinagun.com/wp-content/uploads/2014/02/The_clower+club_watermark-260x260.jpg,20230607115128,raw\assets\flowersinagun.com_wp-content_uploads_2014_02_The_clower_club_watermark-260x260.jpg__4ffe41bf49.jpg,ok,22926,
flowersinagun.com/wp-content/uploads/2014/02/The_clower+club_watermark-300x300.jpg,image,https://www.flowersinagun.com/wp-content/uploads/2014/02/The_clower+club_watermark-300x300.jpg,20230607115128,raw\assets\flowersinagun.com_wp-content_uploads_2014_02_The_clower_club_watermark-300x300.jpg__23d40d6fb1.jpg,ok,28052,
flowersinagun.com/wp-content/uploads/2014/02/The_clower+club_watermark-560x560.jpg,image,https://www.flowersinagun.com/wp-content/uploads/2014/02/The_clower+club_watermark-560x560.jpg,20230607115128,raw\assets\flowersinagun.com_wp-content_uploads_2014_02_The_clower_club_watermark-560x560.jpg__29a7d562c4.jpg,ok,63084,
flowersinagun.com/wp-content/uploads/2014/02/The_clower+club_watermark.jpg,image,https://www.flowersinagun.com/wp-content/uploads/2014/02/The_clower+club_watermark.jpg,20230607064202,raw\assets\flowersinagun.com_wp-content_uploads_2014_02_The_clower_club_watermark.jpg__9d3931e4a8.jpg,ok,256765,
flowersinagun.com/wp-content/uploads/2014/02/anna1-150x150.jpg,image,http://www.flowersinagun.com/wp-content/uploads/2014/02/anna1-150x150.jpg,20160418004633,raw\assets\flowersinagun.com_wp-content_uploads_2014_02_anna1-150x150.jpg__684d94c67f.jpg,ok,7904,
flowersinagun.com/wp-content/uploads/2014/02/bow1-150x150.jpg,image,https://www.flowersinagun.com/wp-content/uploads/2014/02/bow1-150x150.jpg,20230605133841,raw\assets\flowersinagun.com_wp-content_uploads_2014_02_bow1-150x150.jpg__bbd70c9201.jpg,ok,3114,
flowersinagun.com/wp-content/uploads/2014/02/bow1-160x160.jpg,image,https://www.flowersinagun.com/wp-content/uploads/2014/02/bow1-160x160.jpg,20230606160647,raw\assets\flowersinagun.com_wp-content_uploads_2014_02_bow1-160x160.jpg__88d1783307.jpg,ok,3592,
flowersinagun.com/wp-content/uploads/2014/02/bow1-260x260.jpg,image,https://www.flowersinagun.com/wp-content/uploads/2014/02/bow1-260x260.jpg,20230605133841,raw\assets\flowersinagun.com_wp-content_uploads_2014_02_bow1-260x260.jpg__2d13c61543.jpg,ok,6898,
flowersinagun.com/wp-content/uploads/2014/02/bow1-300x300.jpg,image,https://www.flowersinagun.com/wp-content/uploads/2014/02/bow1-300x300.jpg,20230605133841,raw\assets\flowersinagun.com_wp-content_uploads_2014_02_bow1-300x300.jpg__d92006a063.jpg,ok,8879,
flowersinagun.com/wp-content/uploads/2014/02/bow1.jpg,image,https://www.flowersinagun.com/wp-content/uploads/2014/02/bow1.jpg,20230606160648,raw\assets\flowersinagun.com_wp-content_uploads_2014_02_bow1.jpg__bfb18bcdc2.jpg,ok,21167,
flowersinagun.com/wp-content/uploads/2014/02/pussy-riot-150x150.jpg,image,https://www.flowersinagun.com/wp-content/uploads/2014/02/pussy-riot-150x150.jpg,20230607195506,raw\assets\flowersinagun.com_wp-content_uploads_2014_02_pussy-riot-150x150.jpg__bc0f4413c5.jpg,ok,9385,
flowersinagun.com/wp-content/uploads/2014/02/pussy-riot-160x160.jpg,image,https://www.flowersinagun.com/wp-content/uploads/2014/02/pussy-riot-160x160.jpg,20230607195506,raw\assets\flowersinagun.com_wp-content_uploads_2014_02_pussy-riot-160x160.jpg__1c55e9b1ee.jpg,ok,10198,
flowersinagun.com/wp-content/uploads/2014/02/pussy-riot-260x260.jpg,image,https://www.flowersinagun.com/wp-content/uploads/2014/02/pussy-riot-260x260.jpg,20230607195505,raw\assets\flowersinagun.com_wp-content_uploads_2014_02_pussy-riot-260x260.jpg__fccf54218c.jpg,ok,21692,
flowersinagun.com/wp-content/uploads/2014/02/pussy-riot-300x300.jpg,image,https://www.flowersinagun.com/wp-content/uploads/2014/02/pussy-riot-300x300.jpg,20230607195505,raw\assets\flowersinagun.com_wp-content_uploads_2014_02_pussy-riot-300x300.jpg__70a2b6faa7.jpg,ok,26916,
flowersinagun.com/wp-content/uploads/2014/02/pussy-riot-560x560.jpg,image,https://www.flowersinagun.com/wp-content/uploads/2014/02/pussy-riot-560x560.jpg,20230607195506,raw\assets\flowersinagun.com_wp-content_uploads_2014_02_pussy-riot-560x560.jpg__2137417fdb.jpg,ok,67088,
flowersinagun.com/wp-content/uploads/2014/02/pussy-riot.jpg,image,https://www.flowersinagun.com/wp-content/uploads/2014/02/pussy-riot.jpg,20230607195505,raw\assets\flowersinagun.com_wp-content_uploads_2014_02_pussy-riot.jpg__b3585aede3.jpg,ok,85793,
flowersinagun.com/wp-content/uploads/2014/02/staight-150x150.jpg,image,http://www.flowersinagun.com/wp-content/uploads/2014/02/staight-150x150.jpg,20160418010401,raw\assets\flowersinagun.com_wp-content_uploads_2014_02_staight-150x150.jpg__d533c74f9b.jpg,ok,10092,
flowersinagun.com/wp-content/uploads/2014/02/unnamed.jpg,image,https://www.flowersinagun.com/wp-content/uploads/2014/02/unnamed.jpg,20230607064202,raw\assets\flowersinagun.com_wp-content_uploads_2014_02_unnamed.jpg__8b90e85ffa.jpg,ok,29567,
flowersinagun.com/wp-content/uploads/2014/03/10000255_10202799045164938_1168883400_n-150x150.jpg,image,https://www.flowersinagun.com/wp-content/uploads/2014/03/10000255_10202799045164938_1168883400_n-150x150.jpg,20230605133841,raw\assets\flowersinagun.com_wp-content_uploads_2014_03_10000255_10202799045164938_1168883400_n-150x150.jpg__45d4198879.jpg,ok,9321,
flowersinagun.com/wp-content/uploads/2014/03/10000255_10202799045164938_1168883400_n-160x107.jpg,image,https://www.flowersinagun.com/wp-content/uploads/2014/03/10000255_10202799045164938_1168883400_n-160x107.jpg,20230606042941,raw\assets\flowersinagun.com_wp-content_uploads_2014_03_10000255_10202799045164938_1168883400_n-160x107.jpg__c42b226fd1.jpg,ok,7218,
flowersinagun.com/wp-content/uploads/2014/03/10000255_10202799045164938_1168883400_n-260x175.jpg,image,https://www.flowersinagun.com/wp-content/uploads/2014/03/10000255_10202799045164938_1168883400_n-260x175.jpg,20230607115128,raw\assets\flowersinagun.com_wp-content_uploads_2014_03_10000255_10202799045164938_1168883400_n-260x175.jpg__b49b01c9bb.jpg,ok,16456,
flowersinagun.com/wp-content/uploads/2014/03/10000255_10202799045164938_1168883400_n-300x202.jpg,image,https://www.flowersinagun.com/wp-content/uploads/2014/03/10000255_10202799045164938_1168883400_n-300x202.jpg,,,failed:http_404,0,
flowersinagun.com/wp-content/uploads/2014/03/10000255_10202799045164938_1168883400_n.jpg,image,https://www.flowersinagun.com/wp-content/uploads/2014/03/10000255_10202799045164938_1168883400_n.jpg,20230607115128,raw\assets\flowersinagun.com_wp-content_uploads_2014_03_10000255_10202799045164938_1168883400_n.jpg__886263b98a.jpg,ok,49873,
flowersinagun.com/wp-content/uploads/2014/03/1467342_228761790626659_429329374_n-150x150.jpg,image,http://www.flowersinagun.com/wp-content/uploads/2014/03/1467342_228761790626659_429329374_n-150x150.jpg,20160417123433,raw\assets\flowersinagun.com_wp-content_uploads_2014_03_1467342_228761790626659_429329374_n-150x150.jpg__96a84a630d.jpg,ok,4845,
flowersinagun.com/wp-content/uploads/2014/03/1467342_228761790626659_429329374_n-160x118.jpg,image,http://www.flowersinagun.com/wp-content/uploads/2014/03/1467342_228761790626659_429329374_n-160x118.jpg,20140520075630,raw\assets\flowersinagun.com_wp-content_uploads_2014_03_1467342_228761790626659_429329374_n-160x118.jpg__89c9a6b3d1.jpg,ok,3632,
flowersinagun.com/wp-content/uploads/2014/03/1467342_228761790626659_429329374_n-260x191.jpg,image,https://www.flowersinagun.com/wp-content/uploads/2014/03/1467342_228761790626659_429329374_n-260x191.jpg,20230607115128,raw\assets\flowersinagun.com_wp-content_uploads_2014_03_1467342_228761790626659_429329374_n-260x191.jpg__44be997d68.jpg,ok,7915,
flowersinagun.com/wp-content/uploads/2014/03/1467342_228761790626659_429329374_n-300x221.jpg,image,https://www.flowersinagun.com/wp-content/uploads/2014/03/1467342_228761790626659_429329374_n-300x221.jpg,20230607115129,raw\assets\flowersinagun.com_wp-content_uploads_2014_03_1467342_228761790626659_429329374_n-300x221.jpg__d003357d6e.jpg,ok,10280,
flowersinagun.com/wp-content/uploads/2014/03/1467342_228761790626659_429329374_n-560x413.jpg,image,https://www.flowersinagun.com/wp-content/uploads/2014/03/1467342_228761790626659_429329374_n-560x413.jpg,20230607115128,raw\assets\flowersinagun.com_wp-content_uploads_2014_03_1467342_228761790626659_429329374_n-560x413.jpg__62fa1d02aa.jpg,ok,30784,
flowersinagun.com/wp-content/uploads/2014/03/1467342_228761790626659_429329374_n.jpg,image,https://www.flowersinagun.com/wp-content/uploads/2014/03/1467342_228761790626659_429329374_n.jpg,20230607115128,raw\assets\flowersinagun.com_wp-content_uploads_2014_03_1467342_228761790626659_429329374_n.jpg__02142d980d.jpg,ok,45417,
flowersinagun.com/wp-content/uploads/2014/03/1970833_444529672347769_100047110_n-150x150.png,image,http://www.flowersinagun.com/wp-content/uploads/2014/03/1970833_444529672347769_100047110_n-150x150.png,20160417123406,raw\assets\flowersinagun.com_wp-content_uploads_2014_03_1970833_444529672347769_100047110_n-150x150.png__655f574203.png,ok,36882,
flowersinagun.com/wp-content/uploads/2014/03/1970833_444529672347769_100047110_n-160x158.png,image,http://www.flowersinagun.com/wp-content/uploads/2014/03/1970833_444529672347769_100047110_n-160x158.png,20140520073139,raw\assets\flowersinagun.com_wp-content_uploads_2014_03_1970833_444529672347769_100047110_n-160x158.png__ae591fb34f.png,ok,40990,
flowersinagun.com/wp-content/uploads/2014/03/1970833_444529672347769_100047110_n-260x258.png,image,https://www.flowersinagun.com/wp-content/uploads/2014/03/1970833_444529672347769_100047110_n-260x258.png,20230605051145,raw\assets\flowersinagun.com_wp-content_uploads_2014_03_1970833_444529672347769_100047110_n-260x258.png__ac1c9d34c4.png,ok,99024,
flowersinagun.com/wp-content/uploads/2014/03/1970833_444529672347769_100047110_n-300x298.png,image,https://www.flowersinagun.com/wp-content/uploads/2014/03/1970833_444529672347769_100047110_n-300x298.png,20230605051145,raw\assets\flowersinagun.com_wp-content_uploads_2014_03_1970833_444529672347769_100047110_n-300x298.png__323d0315ff.png,ok,130536,
flowersinagun.com/wp-content/uploads/2014/03/1970833_444529672347769_100047110_n-560x556.png,image,https://www.flowersinagun.com/wp-content/uploads/2014/03/1970833_444529672347769_100047110_n-560x556.png,20230605051145,raw\assets\flowersinagun.com_wp-content_uploads_2014_03_1970833_444529672347769_100047110_n-560x556.png__480973528a.png,ok,397501,
flowersinagun.com/wp-content/uploads/2014/03/1970833_444529672347769_100047110_n.png,image,https://www.flowersinagun.com/wp-content/uploads/2014/03/1970833_444529672347769_100047110_n.png,20230605051145,raw\assets\flowersinagun.com_wp-content_uploads_2014_03_1970833_444529672347769_100047110_n.png__727d7ffaae.png,ok,403329,
flowersinagun.com/wp-content/uploads/2014/03/3-150x150.jpg,image,http://www.flowersinagun.com/wp-content/uploads/2014/03/3-150x150.jpg,20160417125025,raw\assets\flowersinagun.com_wp-content_uploads_2014_03_3-150x150.jpg__9531ccce8e.jpg,ok,7792,
flowersinagun.com/wp-content/uploads/2014/03/3-160x106.jpg,image,http://www.flowersinagun.com/wp-content/uploads/2014/03/3-160x106.jpg,20140520081132,raw\assets\flowersinagun.com_wp-content_uploads_2014_03_3-160x106.jpg__4c8f247dae.jpg,ok,6331,
flowersinagun.com/wp-content/uploads/2014/03/408715_409601749093408_1362496432_n-150x150.jpg,image,http://www.flowersinagun.com/wp-content/uploads/2014/03/408715_409601749093408_1362496432_n-150x150.jpg,20150619064350,raw\assets\flowersinagun.com_wp-content_uploads_2014_03_408715_409601749093408_1362496432_n-150x150.jpg__4fe1fafb8e.jpg,ok,10190,
flowersinagun.com/wp-content/uploads/2014/03/995634_550667261696669_1550879911_n-150x150.jpg,image,https://www.flowersinagun.com/wp-content/uploads/2014/03/995634_550667261696669_1550879911_n-150x150.jpg,20230605051146,raw\assets\flowersinagun.com_wp-content_uploads_2014_03_995634_550667261696669_1550879911_n-150x150.jpg__477015fa93.jpg,ok,7903,
flowersinagun.com/wp-content/uploads/2014/03/995634_550667261696669_1550879911_n-160x106.jpg,image,http://www.flowersinagun.com/wp-content/uploads/2014/03/995634_550667261696669_1550879911_n-160x106.jpg,20140520070239,raw\assets\flowersinagun.com_wp-content_uploads_2014_03_995634_550667261696669_1550879911_n-160x106.jpg__e6b048ad57.jpg,ok,6856,
flowersinagun.com/wp-content/uploads/2014/03/Love-Transmitter-CD-cover-150x150.jpg,image,https://www.flowersinagun.com/wp-content/uploads/2014/03/Love-Transmitter-CD-cover-150x150.jpg,20230606041500,raw\assets\flowersinagun.com_wp-content_uploads_2014_03_Love-Transmitter-CD-cover-150x150.jpg__9a01987eca.jpg,ok,10085,
flowersinagun.com/wp-content/uploads/2014/03/Love-Transmitter-CD-cover-160x159.jpg,image,http://www.flowersinagun.com/wp-content/uploads/2014/03/Love-Transmitter-CD-cover-160x159.jpg,20140520070321,raw\assets\flowersinagun.com_wp-content_uploads_2014_03_Love-Transmitter-CD-cover-160x159.jpg__ce4a85c22f.jpg,ok,11226,
flowersinagun.com/wp-content/uploads/2014/03/Love-Transmitter-CD-cover-260x258.jpg,image,https://www.flowersinagun.com/wp-content/uploads/2014/03/Love-Transmitter-CD-cover-260x258.jpg,20230606041500,raw\assets\flowersinagun.com_wp-content_uploads_2014_03_Love-Transmitter-CD-cover-260x258.jpg__0a914f1f62.jpg,ok,26994,
flowersinagun.com/wp-content/uploads/2014/03/Love-Transmitter-CD-cover-300x298.jpg,image,https://www.flowersinagun.com/wp-content/uploads/2014/03/Love-Transmitter-CD-cover-300x298.jpg,20230606041500,raw\assets\flowersinagun.com_wp-content_uploads_2014_03_Love-Transmitter-CD-cover-300x298.jpg__2d487f1e07.jpg,ok,34612,
flowersinagun.com/wp-content/uploads/2014/03/Love-Transmitter-CD-cover.jpg,image,https://www.flowersinagun.com/wp-content/uploads/2014/03/Love-Transmitter-CD-cover.jpg,20230606041501,raw\assets\flowersinagun.com_wp-content_uploads_2014_03_Love-Transmitter-CD-cover.jpg__1cefb47183.jpg,ok,92172,
flowersinagun.com/wp-content/uploads/2014/03/Wisdom-Failure-CD-cover-1024x1024.jpg,image,https://www.flowersinagun.com/wp-content/uploads/2014/03/Wisdom-Failure-CD-cover-1024x1024.jpg,20230605051145,raw\assets\flowersinagun.com_wp-content_uploads_2014_03_Wisdom-Failure-CD-cover-1024x1024.jpg__0b428a99ac.jpg,ok,282298,
flowersinagun.com/wp-content/uploads/2014/03/Wisdom-Failure-CD-cover-150x150.jpg,image,https://www.flowersinagun.com/wp-content/uploads/2014/03/Wisdom-Failure-CD-cover-150x150.jpg,20230605051145,raw\assets\flowersinagun.com_wp-content_uploads_2014_03_Wisdom-Failure-CD-cover-150x150.jpg__70bb9c808f.jpg,ok,11035,
flowersinagun.com/wp-content/uploads/2014/03/Wisdom-Failure-CD-cover-160x160.jpg,image,http://www.flowersinagun.com/wp-content/uploads/2014/03/Wisdom-Failure-CD-cover-160x160.jpg,20140520062302,raw\assets\flowersinagun.com_wp-content_uploads_2014_03_Wisdom-Failure-CD-cover-160x160.jpg__1a07a1985f.jpg,ok,11996,
flowersinagun.com/wp-content/uploads/2014/03/Wisdom-Failure-CD-cover-260x260.jpg,image,https://www.flowersinagun.com/wp-content/uploads/2014/03/Wisdom-Failure-CD-cover-260x260.jpg,20230605051146,raw\assets\flowersinagun.com_wp-content_uploads_2014_03_Wisdom-Failure-CD-cover-260x260.jpg__bae0221dd6.jpg,ok,28023,
flowersinagun.com/wp-content/uploads/2014/03/Wisdom-Failure-CD-cover-300x300.jpg,image,https://www.flowersinagun.com/wp-content/uploads/2014/03/Wisdom-Failure-CD-cover-300x300.jpg,20230605051145,raw\assets\flowersinagun.com_wp-content_uploads_2014_03_Wisdom-Failure-CD-cover-300x300.jpg__7f8b48d232.jpg,ok,36293,
flowersinagun.com/wp-content/uploads/2014/03/Wisdom-Failure-CD-cover-560x560.jpg,image,https://www.flowersinagun.com/wp-content/uploads/2014/03/Wisdom-Failure-CD-cover-560x560.jpg,20230605051146,raw\assets\flowersinagun.com_wp-content_uploads_2014_03_Wisdom-Failure-CD-cover-560x560.jpg__9fac9ea76e.jpg,ok,102539,
flowersinagun.com/wp-content/uploads/2014/03/Wisdom-Failure-CD-cover.jpg,image,https://www.flowersinagun.com/wp-content/uploads/2014/03/Wisdom-Failure-CD-cover.jpg,20230605051145,raw\assets\flowersinagun.com_wp-content_uploads_2014_03_Wisdom-Failure-CD-cover.jpg__99bc14fc89.jpg,ok,689460,
flowersinagun.com/wp-content/uploads/2014/03/dolls_brightlights1-150x150.jpg,image,http://www.flowersinagun.com/wp-content/uploads/2014/03/dolls_brightlights1-150x150.jpg,20160417125028,raw\assets\flowersinagun.com_wp-content_uploads_2014_03_dolls_brightlights1-150x150.jpg__9087cf9ab8.jpg,ok,5875,
flowersinagun.com/wp-content/uploads/2014/03/dolls_brightlights1-160x106.jpg,image,http://www.flowersinagun.com/wp-content/uploads/2014/03/dolls_brightlights1-160x106.jpg,20140520054732,raw\assets\flowersinagun.com_wp-content_uploads_2014_03_dolls_brightlights1-160x106.jpg__cd6fa95607.jpg,ok,4455,
flowersinagun.com/wp-content/uploads/2014/03/image6-150x150.jpg,image,http://www.flowersinagun.com/wp-content/uploads/2014/03/image6-150x150.jpg,20160417123430,raw\assets\flowersinagun.com_wp-content_uploads_2014_03_image6-150x150.jpg__f867089a6c.jpg,ok,11881,
flowersinagun.com/wp-content/uploads/2014/03/image6-160x120.jpg,image,https://www.flowersinagun.com/wp-content/uploads/2014/03/image6-160x120.jpg,20230606042940,raw\assets\flowersinagun.com_wp-content_uploads_2014_03_image6-160x120.jpg__75cfc0f5f9.jpg,ok,10382,
flowersinagun.com/wp-content/uploads/2014/03/image6-260x195.jpg,image,https://www.flowersinagun.com/wp-content/uploads/2014/03/image6-260x195.jpg,20230606042941,raw\assets\flowersinagun.com_wp-content_uploads_2014_03_image6-260x195.jpg__8a110ddafb.jpg,ok,23624,
flowersinagun.com/wp-content/uploads/2014/03/image6-300x225.jpg,image,https://www.flowersinagun.com/wp-content/uploads/2014/03/image6-300x225.jpg,20230606042941,raw\assets\flowersinagun.com_wp-content_uploads_2014_03_image6-300x225.jpg__6e68a21fb3.jpg,ok,29247,
flowersinagun.com/wp-content/uploads/2014/03/image6-560x420.jpg,image,https://www.flowersinagun.com/wp-content/uploads/2014/03/image6-560x420.jpg,20230606042941,raw\assets\flowersinagun.com_wp-content_uploads_2014_03_image6-560x420.jpg__6e7d1726ba.jpg,ok,75698,
flowersinagun.com/wp-content/uploads/2014/03/image6.jpg,image,https://www.flowersinagun.com/wp-content/uploads/2014/03/image6.jpg,20230606042940,raw\assets\flowersinagun.com_wp-content_uploads_2014_03_image6.jpg__ae8f2d274b.jpg,ok,182411,
flowersinagun.com/wp-content/uploads/2014/03/insurance-150x150.jpg,image,http://www.flowersinagun.com/wp-content/uploads/2014/03/insurance-150x150.jpg,20160417123427,raw\assets\flowersinagun.com_wp-content_uploads_2014_03_insurance-150x150.jpg__d8b831b318.jpg,ok,7921,
flowersinagun.com/wp-content/uploads/2014/03/insurance-160x114.jpg,image,http://www.flowersinagun.com/wp-content/uploads/2014/03/insurance-160x114.jpg,20140520105929,raw\assets\flowersinagun.com_wp-content_uploads_2014_03_insurance-160x114.jpg__b28e28dace.jpg,ok,6277,
flowersinagun.com/wp-content/uploads/2014/03/tumblr_m3mmvmsAAt1r3a6jho1_500-150x150.jpg,image,https://www.flowersinagun.com/wp-content/uploads/2014/03/tumblr_m3mmvmsAAt1r3a6jho1_500-150x150.jpg,20230605051156,raw\assets\flowersinagun.com_wp-content_uploads_2014_03_tumblr_m3mmvmsAAt1r3a6jho1_500-150x150.jpg__dfb859baa8.jpg,ok,4809,
flowersinagun.com/wp-content/uploads/2014/03/tumblr_m3mmvmsAAt1r3a6jho1_500-160x105.jpg,image,http://www.flowersinagun.com/wp-content/uploads/2014/03/tumblr_m3mmvmsAAt1r3a6jho1_500-160x105.jpg,20140520050051,raw\assets\flowersinagun.com_wp-content_uploads_2014_03_tumblr_m3mmvmsAAt1r3a6jho1_500-160x105.jpg__62dd0be160.jpg,ok,3654,
flowersinagun.com/wp-content/uploads/2014/04/CHILDISH-GAMBINO-150x150.jpg,image,http://www.flowersinagun.com/wp-content/uploads/2014/04/CHILDISH-GAMBINO-150x150.jpg,20160417072931,raw\assets\flowersinagun.com_wp-content_uploads_2014_04_CHILDISH-GAMBINO-150x150.jpg__ba73ca8efa.jpg,ok,7741,
flowersinagun.com/wp-content/uploads/2014/04/CHILDISH-GAMBINO-160x107.jpg,image,http://www.flowersinagun.com/wp-content/uploads/2014/04/CHILDISH-GAMBINO-160x107.jpg,20140520070521,raw\assets\flowersinagun.com_wp-content_uploads_2014_04_CHILDISH-GAMBINO-160x107.jpg__f37b29c431.jpg,ok,6626,
flowersinagun.com/wp-content/uploads/2014/04/Caravan-Palace-2-2-150x150.jpg,image,https://www.flowersinagun.com/wp-content/uploads/2014/04/Caravan-Palace-2-2-150x150.jpg,20230607115128,raw\assets\flowersinagun.com_wp-content_uploads_2014_04_Caravan-Palace-2-2-150x150.jpg__5b44d9e16b.jpg,ok,6074,
flowersinagun.com/wp-content/uploads/2014/04/Caravan-Palace-2-2-160x106.jpg,image,http://www.flowersinagun.com/wp-content/uploads/2014/04/Caravan-Palace-2-2-160x106.jpg,20140520050603,raw\assets\flowersinagun.com_wp-content_uploads_2014_04_Caravan-Palace-2-2-160x106.jpg__cb75ebacf1.jpg,ok,5102,
flowersinagun.com/wp-content/uploads/2014/04/DOLLS_Valentine2Heads-150x150.jpeg,image,http://www.flowersinagun.com/wp-content/uploads/2014/04/DOLLS_Valentine2Heads-150x150.jpeg,20150619071309,raw\assets\flowersinagun.com_wp-content_uploads_2014_04_DOLLS_Valentine2Heads-150x150.jpeg__5bfb1bee31.jpeg,ok,7787,
flowersinagun.com/wp-content/uploads/2014/04/DOLLS_Valentine2Heads-160x160.jpeg,image,https://www.flowersinagun.com/wp-content/uploads/2014/04/DOLLS_Valentine2Heads-160x160.jpeg,20230607115128,raw\assets\flowersinagun.com_wp-content_uploads_2014_04_DOLLS_Valentine2Heads-160x160.jpeg__e7a8088727.jpeg,ok,8470,
flowersinagun.com/wp-content/uploads/2014/04/DOLLS_Valentine2Heads-260x260.jpeg,image,https://www.flowersinagun.com/wp-content/uploads/2014/04/DOLLS_Valentine2Heads-260x260.jpeg,20230607115128,raw\assets\flowersinagun.com_wp-content_uploads_2014_04_DOLLS_Valentine2Heads-260x260.jpeg__22fddde872.jpeg,ok,16284,
flowersinagun.com/wp-content/uploads/2014/04/DOLLS_Valentine2Heads-300x300.jpeg,image,https://www.flowersinagun.com/wp-content/uploads/2014/04/DOLLS_Valentine2Heads-300x300.jpeg,20230607115129,raw\assets\flowersinagun.com_wp-content_uploads_2014_04_DOLLS_Valentine2Heads-300x300.jpeg__2b5b089404.jpeg,ok,20298,
flowersinagun.com/wp-content/uploads/2014/04/DOLLS_Valentine2Heads.jpeg,image,https://www.flowersinagun.com/wp-content/uploads/2014/04/DOLLS_Valentine2Heads.jpeg,20230607115127,raw\assets\flowersinagun.com_wp-content_uploads_2014_04_DOLLS_Valentine2Heads.jpeg__28aaa33ada.jpeg,ok,50573,
flowersinagun.com/wp-content/uploads/2014/04/Farrah-Burns-3-150x150.jpg,image,http://www.flowersinagun.com/wp-content/uploads/2014/04/Farrah-Burns-3-150x150.jpg,20160417070546,raw\assets\flowersinagun.com_wp-content_uploads_2014_04_Farrah-Burns-3-150x150.jpg__110bbf0a49.jpg,ok,7333,
flowersinagun.com/wp-content/uploads/2014/04/Farrah-Burns-3-160x106.jpg,image,http://www.flowersinagun.com/wp-content/uploads/2014/04/Farrah-Burns-3-160x106.jpg,20140520080230,raw\assets\flowersinagun.com_wp-content_uploads_2014_04_Farrah-Burns-3-160x106.jpg__8976448165.jpg,ok,5972,
flowersinagun.com/wp-content/uploads/2014/04/Jeremy-Pelt-Show-15-150x150.jpg,image,https://www.flowersinagun.com/wp-content/uploads/2014/04/Jeremy-Pelt-Show-15-150x150.jpg,20230607115128,raw\assets\flowersinagun.com_wp-content_uploads_2014_04_Jeremy-Pelt-Show-15-150x150.jpg__f7d6f7a0b0.jpg,ok,6441,
flowersinagun.com/wp-content/uploads/2014/04/Jeremy-Pelt-Show-15-160x106.jpg,image,http://www.flowersinagun.com/wp-content/uploads/2014/04/Jeremy-Pelt-Show-15-160x106.jpg,20140520045421,raw\assets\flowersinagun.com_wp-content_uploads_2014_04_Jeremy-Pelt-Show-15-160x106.jpg__f6e85b8c5f.jpg,ok,5089,
flowersinagun.com/wp-content/uploads/2014/04/The-Bad-Plus-6-150x150.jpg,image,https://www.flowersinagun.com/wp-content/uploads/2014/04/The-Bad-Plus-6-150x150.jpg,20230608045654,raw\assets\flowersinagun.com_wp-content_uploads_2014_04_The-Bad-Plus-6-150x150.jpg__2fa99e191f.jpg,ok,6975,
flowersinagun.com/wp-content/uploads/2014/04/The-Bad-Plus-6-160x240.jpg,image,http://www.flowersinagun.com/wp-content/uploads/2014/04/The-Bad-Plus-6-160x240.jpg,20140520055311,raw\assets\flowersinagun.com_wp-content_uploads_2014_04_The-Bad-Plus-6-160x240.jpg__580523cecc.jpg,ok,9026,
flowersinagun.com/wp-content/uploads/2014/04/fortress2-150x150.jpg,image,https://www.flowersinagun.com/wp-content/uploads/2014/04/fortress2-150x150.jpg,20230607115128,raw\assets\flowersinagun.com_wp-content_uploads_2014_04_fortress2-150x150.jpg__7c3f75b752.jpg,ok,9949,
flowersinagun.com/wp-content/uploads/2014/04/fortress2-160x59.jpg,image,http://www.flowersinagun.com/wp-content/uploads/2014/04/fortress2-160x59.jpg,20140520045038,raw\assets\flowersinagun.com_wp-content_uploads_2014_04_fortress2-160x59.jpg__877812ebfd.jpg,ok,5523,
flowersinagun.com/wp-content/uploads/2014/04/pyb-eclipse-logo-thumbnail-150x150.jpg,image,https://www.flowersinagun.com/wp-content/uploads/2014/04/pyb-eclipse-logo-thumbnail-150x150.jpg,20230608045654,raw\assets\flowersinagun.com_wp-content_uploads_2014_04_pyb-eclipse-logo-thumbnail-150x150.jpg__342e399e09.jpg,ok,7649,
flowersinagun.com/wp-content/uploads/2014/04/pyb-eclipse-logo-thumbnail-160x160.jpg,image,https://www.flowersinagun.com/wp-content/uploads/2014/04/pyb-eclipse-logo-thumbnail-160x160.jpg,20230608045653,raw\assets\flowersinagun.com_wp-content_uploads_2014_04_pyb-eclipse-logo-thumbnail-160x160.jpg__c912b22e50.jpg,ok,8436,
flowersinagun.com/wp-content/uploads/2014/04/pyb-eclipse-logo-thumbnail.jpg,image,https://www.flowersinagun.com/wp-content/uploads/2014/04/pyb-eclipse-logo-thumbnail.jpg,20230608045653,raw\assets\flowersinagun.com_wp-content_uploads_2014_04_pyb-eclipse-logo-thumbnail.jpg__83e12ea0d4.jpg,ok,64209,
flowersinagun.com/wp-content/uploads/2014/04/urban-gret-150x150.jpg,image,https://www.flowersinagun.com/wp-content/uploads/2014/04/urban-gret-150x150.jpg,20230607115128,raw\assets\flowersinagun.com_wp-content_uploads_2014_04_urban-gret-150x150.jpg__6ae19af31a.jpg,ok,9500,
flowersinagun.com/wp-content/uploads/2014/04/urban-gret-160x106.jpg,image,http://www.flowersinagun.com/wp-content/uploads/2014/04/urban-gret-160x106.jpg,20140520044000,raw\assets\flowersinagun.com_wp-content_uploads_2014_04_urban-gret-160x106.jpg__a581259a44.jpg,ok,7780,
flowersinagun.com/wp-content/uploads/2014/05/10396399_10152390384344268_472876355_n-150x150.jpg,image,https://www.flowersinagun.com/wp-content/uploads/2014/05/10396399_10152390384344268_472876355_n-150x150.jpg,20230606081027,raw\assets\flowersinagun.com_wp-content_uploads_2014_05_10396399_10152390384344268_472876355_n-150x150.jpg__ea0e581438.jpg,ok,9949,
flowersinagun.com/wp-content/uploads/2014/05/IMG_0244-150x150.jpg,image,https://www.flowersinagun.com/wp-content/uploads/2014/05/IMG_0244-150x150.jpg,20230605060108,raw\assets\flowersinagun.com_wp-content_uploads_2014_05_IMG_0244-150x150.jpg__b51d10cf2c.jpg,ok,10239,
flowersinagun.com/wp-content/uploads/2014/05/Iphone-59-1024x1024.jpg,image,https://www.flowersinagun.com/wp-content/uploads/2014/05/Iphone-59-1024x1024.jpg,20230605133843,raw\assets\flowersinagun.com_wp-content_uploads_2014_05_Iphone-59-1024x1024.jpg__16672eb535.jpg,ok,112977,
flowersinagun.com/wp-content/uploads/2014/05/Iphone-59-150x150.jpg,image,https://www.flowersinagun.com/wp-content/uploads/2014/05/Iphone-59-150x150.jpg,20230605133842,raw\assets\flowersinagun.com_wp-content_uploads_2014_05_Iphone-59-150x150.jpg__fda9c3561e.jpg,ok,6426,
flowersinagun.com/wp-content/uploads/2014/05/Iphone-59-160x160.jpg,image,https://www.flowersinagun.com/wp-content/uploads/2014/05/Iphone-59-160x160.jpg,,,failed:http_404,0,
flowersinagun.com/wp-content/uploads/2014/05/Iphone-59-260x260.jpg,image,https://www.flowersinagun.com/wp-content/uploads/2014/05/Iphone-59-260x260.jpg,,,failed:http_404,0,
flowersinagun.com/wp-content/uploads/2014/05/Iphone-59-300x300.jpg,image,https://www.flowersinagun.com/wp-content/uploads/2014/05/Iphone-59-300x300.jpg,20230605133842,raw\assets\flowersinagun.com_wp-content_uploads_2014_05_Iphone-59-300x300.jpg__56f76e4852.jpg,ok,17765,
flowersinagun.com/wp-content/uploads/2014/05/Iphone-59-560x560.jpg,image,https://www.flowersinagun.com/wp-content/uploads/2014/05/Iphone-59-560x560.jpg,20230605133842,raw\assets\flowersinagun.com_wp-content_uploads_2014_05_Iphone-59-560x560.jpg__e468000ba2.jpg,ok,45451,
flowersinagun.com/wp-content/uploads/2014/05/Lykke-Li-111-150x150.jpg,image,https://www.flowersinagun.com/wp-content/uploads/2014/05/Lykke-Li-111-150x150.jpg,20230605133843,raw\assets\flowersinagun.com_wp-content_uploads_2014_05_Lykke-Li-111-150x150.jpg__6cff6a0a87.jpg,ok,6028,
flowersinagun.com/wp-content/uploads/2014/05/Marla-Mase-by-Hisao-Kishimoto-150x150.jpg,image,https://www.flowersinagun.com/wp-content/uploads/2014/05/Marla-Mase-by-Hisao-Kishimoto-150x150.jpg,20230605133843,raw\assets\flowersinagun.com_wp-content_uploads_2014_05_Marla-Mase-by-Hisao-Kishimoto-150x150.jpg__7ff5dfcda4.jpg,ok,8212,
flowersinagun.com/wp-content/uploads/2014/05/Marla-Mase-by-Hisao-Kishimoto-260x173.jpg,image,http://www.flowersinagun.com/wp-content/uploads/2014/05/Marla-Mase-by-Hisao-Kishimoto-260x173.jpg,20140520053744,raw\assets\flowersinagun.com_wp-content_uploads_2014_05_Marla-Mase-by-Hisao-Kishimoto-260x173.jpg__4c62966398.jpg,ok,13127,
flowersinagun.com/wp-content/uploads/2014/05/NY-Hot-Jazz-Festival-2014-22-150x150.jpg,image,https://www.flowersinagun.com/wp-content/uploads/2014/05/NY-Hot-Jazz-Festival-2014-22-150x150.jpg,20230605133842,raw\assets\flowersinagun.com_wp-content_uploads_2014_05_NY-Hot-Jazz-Festival-2014-22-150x150.jpg__821e763b0c.jpg,ok,8402,
flowersinagun.com/wp-content/uploads/2014/05/NY-Hot-Jazz-Festival-2014-9.jpg,image,http://www.flowersinagun.com/wp-content/uploads/2014/05/NY-Hot-Jazz-Festival-2014-9.jpg,20141202071741,raw\assets\flowersinagun.com_wp-content_uploads_2014_05_NY-Hot-Jazz-Festival-2014-9.jpg__8e17319028.jpg,ok,2256337,
flowersinagun.com/wp-content/uploads/2014/05/Scott-Tixier-2-150x150.jpg,image,https://www.flowersinagun.com/wp-content/uploads/2014/05/Scott-Tixier-2-150x150.jpg,20230605133843,raw\assets\flowersinagun.com_wp-content_uploads_2014_05_Scott-Tixier-2-150x150.jpg__cb29d2c5ed.jpg,ok,5996,
flowersinagun.com/wp-content/uploads/2014/05/a2846874732_2-150x150.jpg,image,https://www.flowersinagun.com/wp-content/uploads/2014/05/a2846874732_2-150x150.jpg,20230606081026,raw\assets\flowersinagun.com_wp-content_uploads_2014_05_a2846874732_2-150x150.jpg__0ae52ab653.jpg,ok,7965,
flowersinagun.com/wp-content/uploads/2014/05/a2846874732_2-160x160.jpg,image,https://www.flowersinagun.com/wp-content/uploads/2014/05/a2846874732_2-160x160.jpg,20230606081026,raw\assets\flowersinagun.com_wp-content_uploads_2014_05_a2846874732_2-160x160.jpg__4af1ca6c68.jpg,ok,8500,
flowersinagun.com/wp-content/uploads/2014/05/a2846874732_2-260x260.jpg,image,https://www.flowersinagun.com/wp-content/uploads/2014/05/a2846874732_2-260x260.jpg,20230606081026,raw\assets\flowersinagun.com_wp-content_uploads_2014_05_a2846874732_2-260x260.jpg__37afbe8a15.jpg,ok,17010,
flowersinagun.com/wp-content/uploads/2014/05/a2846874732_2-300x300.jpg,image,https://www.flowersinagun.com/wp-content/uploads/2014/05/a2846874732_2-300x300.jpg,20230606081026,raw\assets\flowersinagun.com_wp-content_uploads_2014_05_a2846874732_2-300x300.jpg__02ce950ab7.jpg,ok,20596,
flowersinagun.com/wp-content/uploads/2014/05/a2846874732_2.jpg,image,https://www.flowersinagun.com/wp-content/uploads/2014/05/a2846874732_2.jpg,20230606081028,raw\assets\flowersinagun.com_wp-content_uploads_2014_05_a2846874732_2.jpg__b099eb493a.jpg,ok,46308,
flowersinagun.com/wp-content/uploads/2014/06/Avishai-Cohen-3-150x150.jpg,image,https://www.flowersinagun.com/wp-content/uploads/2014/06/Avishai-Cohen-3-150x150.jpg,20230606052950,raw\assets\flowersinagun.com_wp-content_uploads_2014_06_Avishai-Cohen-3-150x150.jpg__a6f270101e.jpg,ok,5930,
flowersinagun.com/wp-content/uploads/2014/06/CD-cover-1024x1024.jpg,image,https://www.flowersinagun.com/wp-content/uploads/2014/06/CD-cover-1024x1024.jpg,20230605064554,raw\assets\flowersinagun.com_wp-content_uploads_2014_06_CD-cover-1024x1024.jpg__1c3f78cddc.jpg,ok,279115,
flowersinagun.com/wp-content/uploads/2014/06/CD-cover-150x150.jpg,image,https://www.flowersinagun.com/wp-content/uploads/2014/06/CD-cover-150x150.jpg,20230605064554,raw\assets\flowersinagun.com_wp-content_uploads_2014_06_CD-cover-150x150.jpg__533e5a5fea.jpg,ok,8326,
flowersinagun.com/wp-content/uploads/2014/06/CD-cover-160x160.jpg,image,https://www.flowersinagun.com/wp-content/uploads/2014/06/CD-cover-160x160.jpg,20230605064554,raw\assets\flowersinagun.com_wp-content_uploads_2014_06_CD-cover-160x160.jpg__3286415446.jpg,ok,8911,
flowersinagun.com/wp-content/uploads/2014/06/CD-cover-260x260.jpg,image,https://www.flowersinagun.com/wp-content/uploads/2014/06/CD-cover-260x260.jpg,20230605064554,raw\assets\flowersinagun.com_wp-content_uploads_2014_06_CD-cover-260x260.jpg__4379fdc005.jpg,ok,20990,
flowersinagun.com/wp-content/uploads/2014/06/CD-cover-300x300.jpg,image,https://www.flowersinagun.com/wp-content/uploads/2014/06/CD-cover-300x300.jpg,20230605064554,raw\assets\flowersinagun.com_wp-content_uploads_2014_06_CD-cover-300x300.jpg__b6ae3b278f.jpg,ok,27072,
flowersinagun.com/wp-content/uploads/2014/06/CD-cover-560x560.jpg,image,https://www.flowersinagun.com/wp-content/uploads/2014/06/CD-cover-560x560.jpg,20230605064554,raw\assets\flowersinagun.com_wp-content_uploads_2014_06_CD-cover-560x560.jpg__24e39f2913.jpg,ok,87558,
flowersinagun.com/wp-content/uploads/2014/06/CD-cover.jpg,image,https://www.flowersinagun.com/wp-content/uploads/2014/06/CD-cover.jpg,20230605064554,raw\assets\flowersinagun.com_wp-content_uploads_2014_06_CD-cover.jpg__54240b347d.jpg,ok,420880,
flowersinagun.com/wp-content/uploads/2014/06/IMG_0105-150x150.jpg,image,https://www.flowersinagun.com/wp-content/uploads/2014/06/IMG_0105-150x150.jpg,20230605064555,raw\assets\flowersinagun.com_wp-content_uploads_2014_06_IMG_0105-150x150.jpg__70954a5fb3.jpg,ok,5441,
flowersinagun.com/wp-content/uploads/2014/06/Soul-Understated-121-150x150.jpg,image,https://www.flowersinagun.com/wp-content/uploads/2014/06/Soul-Understated-121-150x150.jpg,20230606052950,raw\assets\flowersinagun.com_wp-content_uploads_2014_06_Soul-Understated-121-150x150.jpg__c2bfc2b16c.jpg,ok,10487,
flowersinagun.com/wp-content/uploads/2014/06/Yann-Tiersen-2-1024x682.jpg,image,http://www.flowersinagun.com/wp-content/uploads/2014/06/Yann-Tiersen-2-1024x682.jpg,20160310122353,raw\assets\flowersinagun.com_wp-content_uploads_2014_06_Yann-Tiersen-2-1024x682.jpg__398d375489.jpg,ok,110201,
flowersinagun.com/wp-content/uploads/2014/06/Yann-Tiersen-2.jpg,image,http://www.flowersinagun.com/wp-content/uploads/2014/06/Yann-Tiersen-2.jpg,20160401045713,raw\assets\flowersinagun.com_wp-content_uploads_2014_06_Yann-Tiersen-2.jpg__b82ce4fec1.jpg,ok,7135762,
flowersinagun.com/wp-content/uploads/2014/06/Yann-Tiersen-3.jpg,image,http://www.flowersinagun.com/wp-content/uploads/2014/06/Yann-Tiersen-3.jpg,20160401072252,raw\assets\flowersinagun.com_wp-content_uploads_2014_06_Yann-Tiersen-3.jpg__b37954eb8d.jpg,ok,7297814,
flowersinagun.com/wp-content/uploads/2014/06/Yann-Tiersen-5-1024x682.jpg,image,http://www.flowersinagun.com/wp-content/uploads/2014/06/Yann-Tiersen-5-1024x682.jpg,20160310140519,raw\assets\flowersinagun.com_wp-content_uploads_2014_06_Yann-Tiersen-5-1024x682.jpg__8465999327.jpg,ok,98335,
flowersinagun.com/wp-content/uploads/2014/06/Yann-Tiersen-5.jpg,image,http://www.flowersinagun.com/wp-content/uploads/2014/06/Yann-Tiersen-5.jpg,20160401060820,raw\assets\flowersinagun.com_wp-content_uploads_2014_06_Yann-Tiersen-5.jpg__95eda9b5a9.jpg,ok,8753849,
flowersinagun.com/wp-content/uploads/2014/06/Yann-Tiersen-6-150x150.jpg,image,https://www.flowersinagun.com/wp-content/uploads/2014/06/Yann-Tiersen-6-150x150.jpg,20230605064555,raw\assets\flowersinagun.com_wp-content_uploads_2014_06_Yann-Tiersen-6-150x150.jpg__36ab59b7c4.jpg,ok,6302,
flowersinagun.com/wp-content/uploads/2014/06/Yann-Tiersen-61-1024x682.jpg,image,http://www.flowersinagun.com/wp-content/uploads/2014/06/Yann-Tiersen-61-1024x682.jpg,20160310201013,raw\assets\flowersinagun.com_wp-content_uploads_2014_06_Yann-Tiersen-61-1024x682.jpg__b8b346fe95.jpg,ok,85026,
flowersinagun.com/wp-content/uploads/2014/06/Yann-Tiersen-7.jpg,image,http://www.flowersinagun.com/wp-content/uploads/2014/06/Yann-Tiersen-7.jpg,20160401105716,raw\assets\flowersinagun.com_wp-content_uploads_2014_06_Yann-Tiersen-7.jpg__325f000b9d.jpg,ok,8425485,
flowersinagun.com/wp-content/uploads/2014/06/alt-j-150x150.jpg,image,http://www.flowersinagun.com/wp-content/uploads/2014/06/alt-j-150x150.jpg,20160417185340,raw\assets\flowersinagun.com_wp-content_uploads_2014_06_alt-j-150x150.jpg__eb54c6c2bf.jpg,ok,12713,
flowersinagun.com/wp-content/uploads/2014/06/fou-de-toi-150x150.jpg,image,https://www.flowersinagun.com/wp-content/uploads/2014/06/fou-de-toi-150x150.jpg,20230605151046,raw\assets\flowersinagun.com_wp-content_uploads_2014_06_fou-de-toi-150x150.jpg__75c57a3a93.jpg,ok,8735,
flowersinagun.com/wp-content/uploads/2014/06/fou-de-toi-160x160.jpg,image,https://www.flowersinagun.com/wp-content/uploads/2014/06/fou-de-toi-160x160.jpg,20230606052950,raw\assets\flowersinagun.com_wp-content_uploads_2014_06_fou-de-toi-160x160.jpg__5de1711f08.jpg,ok,9364,
flowersinagun.com/wp-content/uploads/2014/06/fou-de-toi-260x260.jpg,image,https://www.flowersinagun.com/wp-content/uploads/2014/06/fou-de-toi-260x260.jpg,20230606052950,raw\assets\flowersinagun.com_wp-content_uploads_2014_06_fou-de-toi-260x260.jpg__0fd6419b3e.jpg,ok,20916,
flowersinagun.com/wp-content/uploads/2014/06/fou-de-toi-300x300.jpg,image,https://www.flowersinagun.com/wp-content/uploads/2014/06/fou-de-toi-300x300.jpg,20230606052950,raw\assets\flowersinagun.com_wp-content_uploads_2014_06_fou-de-toi-300x300.jpg__96d7b00166.jpg,ok,26164,
flowersinagun.com/wp-content/uploads/2014/06/fou-de-toi-560x560.jpg,image,https://www.flowersinagun.com/wp-content/uploads/2014/06/fou-de-toi-560x560.jpg,20230606052949,raw\assets\flowersinagun.com_wp-content_uploads_2014_06_fou-de-toi-560x560.jpg__1d75d001a6.jpg,ok,74110,
flowersinagun.com/wp-content/uploads/2014/06/fou-de-toi.jpg,image,https://www.flowersinagun.com/wp-content/uploads/2014/06/fou-de-toi.jpg,20230606052950,raw\assets\flowersinagun.com_wp-content_uploads_2014_06_fou-de-toi.jpg__56a23c3e90.jpg,ok,303171,
flowersinagun.com/wp-content/uploads/2014/06/lana2-150x150.jpg,image,https://www.flowersinagun.com/wp-content/uploads/2014/06/lana2-150x150.jpg,20230605151045,raw\assets\flowersinagun.com_wp-content_uploads_2014_06_lana2-150x150.jpg__d9e89cced9.jpg,ok,8424,
flowersinagun.com/wp-content/uploads/2014/06/unnamed-1-150x150.jpg,image,https://www.flowersinagun.com/wp-content/uploads/2014/06/unnamed-1-150x150.jpg,20230605151046,raw\assets\flowersinagun.com_wp-content_uploads_2014_06_unnamed-1-150x150.jpg__b783129973.jpg,ok,9696,
flowersinagun.com/wp-content/uploads/2014/07/20140714_221124-150x150.jpg,image,http://www.flowersinagun.com/wp-content/uploads/2014/07/20140714_221124-150x150.jpg,20160417185215,raw\assets\flowersinagun.com_wp-content_uploads_2014_07_20140714_221124-150x150.jpg__be8221e0c8.jpg,ok,8586,
flowersinagun.com/wp-content/uploads/2014/07/20140714_230001.jpg,image,https://www.flowersinagun.com/wp-content/uploads/2014/07/20140714_230001.jpg,20200331015630,raw\assets\flowersinagun.com_wp-content_uploads_2014_07_20140714_230001.jpg__479fa74935.jpg,ok,732672,
flowersinagun.com/wp-content/uploads/2014/07/426890_433823563324520_1385097976_n-150x150.jpg,image,https://www.flowersinagun.com/wp-content/uploads/2014/07/426890_433823563324520_1385097976_n-150x150.jpg,20230606041513,raw\assets\flowersinagun.com_wp-content_uploads_2014_07_426890_433823563324520_1385097976_n-150x150.jpg__95ad8ea55d.jpg,ok,7818,
flowersinagun.com/wp-content/uploads/2014/07/426890_433823563324520_1385097976_n-160x160.jpg,image,https://www.flowersinagun.com/wp-content/uploads/2014/07/426890_433823563324520_1385097976_n-160x160.jpg,20230605051155,raw\assets\flowersinagun.com_wp-content_uploads_2014_07_426890_433823563324520_1385097976_n-160x160.jpg__d1e2d5e780.jpg,ok,8286,
flowersinagun.com/wp-content/uploads/2014/07/426890_433823563324520_1385097976_n-260x260.jpg,image,https://www.flowersinagun.com/wp-content/uploads/2014/07/426890_433823563324520_1385097976_n-260x260.jpg,20230606041514,raw\assets\flowersinagun.com_wp-content_uploads_2014_07_426890_433823563324520_1385097976_n-260x260.jpg__50637e5eca.jpg,ok,17566,
flowersinagun.com/wp-content/uploads/2014/07/426890_433823563324520_1385097976_n-300x300.jpg,image,https://www.flowersinagun.com/wp-content/uploads/2014/07/426890_433823563324520_1385097976_n-300x300.jpg,20230606041513,raw\assets\flowersinagun.com_wp-content_uploads_2014_07_426890_433823563324520_1385097976_n-300x300.jpg__6d80fb11b0.jpg,ok,22384,
flowersinagun.com/wp-content/uploads/2014/07/426890_433823563324520_1385097976_n-560x560.jpg,image,https://www.flowersinagun.com/wp-content/uploads/2014/07/426890_433823563324520_1385097976_n-560x560.jpg,20230606041514,raw\assets\flowersinagun.com_wp-content_uploads_2014_07_426890_433823563324520_1385097976_n-560x560.jpg__d4a53a80a5.jpg,ok,57715,
flowersinagun.com/wp-content/uploads/2014/07/426890_433823563324520_1385097976_n.jpg,image,https://www.flowersinagun.com/wp-content/uploads/2014/07/426890_433823563324520_1385097976_n.jpg,20230605060122,raw\assets\flowersinagun.com_wp-content_uploads_2014_07_426890_433823563324520_1385097976_n.jpg__50f8b7bc0a.jpg,ok,85182,
flowersinagun.com/wp-content/uploads/2014/07/Agalloch-17-150x150.jpg,image,https://www.flowersinagun.com/wp-content/uploads/2014/07/Agalloch-17-150x150.jpg,20230607182327,raw\assets\flowersinagun.com_wp-content_uploads_2014_07_Agalloch-17-150x150.jpg__4e4ddf25d1.jpg,ok,5218,
flowersinagun.com/wp-content/uploads/2014/07/IMG_0202-150x150.jpg,image,https://www.flowersinagun.com/wp-content/uploads/2014/07/IMG_0202-150x150.jpg,20230605060123,raw\assets\flowersinagun.com_wp-content_uploads_2014_07_IMG_0202-150x150.jpg__9a15a249ce.jpg,ok,8509,
flowersinagun.com/wp-content/uploads/2014/07/IMG_0345-150x150.jpg,image,https://www.flowersinagun.com/wp-content/uploads/2014/07/IMG_0345-150x150.jpg,20230605060122,raw\assets\flowersinagun.com_wp-content_uploads_2014_07_IMG_0345-150x150.jpg__934c3dd36a.jpg,ok,10389,
flowersinagun.com/wp-content/uploads/2014/07/IMG_0448-150x150.jpg,image,https://www.flowersinagun.com/wp-content/uploads/2014/07/IMG_0448-150x150.jpg,20230605051156,raw\assets\flowersinagun.com_wp-content_uploads_2014_07_IMG_0448-150x150.jpg__a64803ae34.jpg,ok,8444,
flowersinagun.com/wp-content/uploads/2014/07/IMG_0592-150x150.jpg,image,http://www.flowersinagun.com/wp-content/uploads/2014/07/IMG_0592-150x150.jpg,20160417204554,raw\assets\flowersinagun.com_wp-content_uploads_2014_07_IMG_0592-150x150.jpg__42271475ed.jpg,ok,7684,
flowersinagun.com/wp-content/uploads/2014/07/Nebulae-CD-Cover-150x150.jpg,image,https://www.flowersinagun.com/wp-content/uploads/2014/07/Nebulae-CD-Cover-150x150.jpg,20230605060122,raw\assets\flowersinagun.com_wp-content_uploads_2014_07_Nebulae-CD-Cover-150x150.jpg__1295ac83db.jpg,ok,5296,
flowersinagun.com/wp-content/uploads/2014/07/unnamed-150x150.jpg,image,https://www.flowersinagun.com/wp-content/uploads/2014/07/unnamed-150x150.jpg,20230605060122,raw\assets\flowersinagun.com_wp-content_uploads_2014_07_unnamed-150x150.jpg__5b618551f4.jpg,ok,5590,
flowersinagun.com/wp-content/uploads/2014/07/unnamed-81-150x150.jpg,image,https://www.flowersinagun.com/wp-content/uploads/2014/07/unnamed-81-150x150.jpg,20230605060121,raw\assets\flowersinagun.com_wp-content_uploads_2014_07_unnamed-81-150x150.jpg__1213022d02.jpg,ok,8119,
flowersinagun.com/wp-content/uploads/2014/08/10581780_10202586391560309_197727038_n-150x150.jpg,image,http://www.flowersinagun.com/wp-content/uploads/2014/08/10581780_10202586391560309_197727038_n-150x150.jpg,20160417185307,raw\assets\flowersinagun.com_wp-content_uploads_2014_08_10581780_10202586391560309_197727038_n-150x150.jpg__b1b5800954.jpg,ok,6327,
flowersinagun.com/wp-content/uploads/2014/08/20140805_200405_RichtoneHDR_1.jpg,image,https://www.flowersinagun.com/wp-content/uploads/2014/08/20140805_200405_RichtoneHDR_1.jpg,20190809200655,raw\assets\flowersinagun.com_wp-content_uploads_2014_08_20140805_200405_RichtoneHDR_1.jpg__215359a074.jpg,ok,1941801,
flowersinagun.com/wp-content/uploads/2014/08/20140805_2015470.jpg,image,https://www.flowersinagun.com/wp-content/uploads/2014/08/20140805_2015470.jpg,20190809195143,raw\assets\flowersinagun.com_wp-content_uploads_2014_08_20140805_2015470.jpg__fc436f92f6.jpg,ok,1431565,
flowersinagun.com/wp-content/uploads/2014/08/20140805_210014_1-150x150.jpg,image,http://www.flowersinagun.com/wp-content/uploads/2014/08/20140805_210014_1-150x150.jpg,20160417141935,raw\assets\flowersinagun.com_wp-content_uploads_2014_08_20140805_210014_1-150x150.jpg__5036ec2a59.jpg,ok,12302,
flowersinagun.com/wp-content/uploads/2014/08/20140805_210014_1.jpg,image,https://www.flowersinagun.com/wp-content/uploads/2014/08/20140805_210014_1.jpg,20190809193503,raw\assets\flowersinagun.com_wp-content_uploads_2014_08_20140805_210014_1.jpg__79705790f2.jpg,ok,2107146,
flowersinagun.com/wp-content/uploads/2014/08/20140805_210103.jpg,image,https://www.flowersinagun.com/wp-content/uploads/2014/08/20140805_210103.jpg,20190809195146,raw\assets\flowersinagun.com_wp-content_uploads_2014_08_20140805_210103.jpg__d77eaf0f1d.jpg,ok,783304,
flowersinagun.com/wp-content/uploads/2014/08/20140805_210142_1.jpg,image,https://www.flowersinagun.com/wp-content/uploads/2014/08/20140805_210142_1.jpg,20190809195129,raw\assets\flowersinagun.com_wp-content_uploads_2014_08_20140805_210142_1.jpg__145a1d1635.jpg,ok,1696627,
flowersinagun.com/wp-content/uploads/2014/08/20140805_210940.jpg,image,https://www.flowersinagun.com/wp-content/uploads/2014/08/20140805_210940.jpg,20190809195149,raw\assets\flowersinagun.com_wp-content_uploads_2014_08_20140805_210940.jpg__6cccf8ae03.jpg,ok,949509,
flowersinagun.com/wp-content/uploads/2014/08/SSL-08-09-10-1024x682.jpg,image,https://www.flowersinagun.com/wp-content/uploads/2014/08/SSL-08-09-10-1024x682.jpg,20190809193509,raw\assets\flowersinagun.com_wp-content_uploads_2014_08_SSL-08-09-10-1024x682.jpg__69f2cb2a32.jpg,ok,132215,
flowersinagun.com/wp-content/uploads/2014/08/SSL-08-09-11-1024x682.jpg,image,https://www.flowersinagun.com/wp-content/uploads/2014/08/SSL-08-09-11-1024x682.jpg,20190809193504,raw\assets\flowersinagun.com_wp-content_uploads_2014_08_SSL-08-09-11-1024x682.jpg__be5b1055f8.jpg,ok,140385,
flowersinagun.com/wp-content/uploads/2014/08/SSL-08-09-11-150x150.jpg,image,https://www.flowersinagun.com/wp-content/uploads/2014/08/SSL-08-09-11-150x150.jpg,20230609023046,raw\assets\flowersinagun.com_wp-content_uploads_2014_08_SSL-08-09-11-150x150.jpg__f0f946d826.jpg,ok,9361,
flowersinagun.com/wp-content/uploads/2014/08/SSL-08-09-3-1024x682.jpg,image,https://www.flowersinagun.com/wp-content/uploads/2014/08/SSL-08-09-3-1024x682.jpg,20190809193613,raw\assets\flowersinagun.com_wp-content_uploads_2014_08_SSL-08-09-3-1024x682.jpg__d2ec20d5a4.jpg,ok,152546,
flowersinagun.com/wp-content/uploads/2014/08/SSL-08-09-4-1024x682.jpg,image,https://www.flowersinagun.com/wp-content/uploads/2014/08/SSL-08-09-4-1024x682.jpg,20190809193506,raw\assets\flowersinagun.com_wp-content_uploads_2014_08_SSL-08-09-4-1024x682.jpg__f8b80144d9.jpg,ok,134252,
flowersinagun.com/wp-content/uploads/2014/08/SSL-08-09-7-1024x682.jpg,image,https://www.flowersinagun.com/wp-content/uploads/2014/08/SSL-08-09-7-1024x682.jpg,20190809195148,raw\assets\flowersinagun.com_wp-content_uploads_2014_08_SSL-08-09-7-1024x682.jpg__d043834de5.jpg,ok,163769,
flowersinagun.com/wp-content/uploads/2014/08/SSL-08-09-8-1024x682.jpg,image,https://www.flowersinagun.com/wp-content/uploads/2014/08/SSL-08-09-8-1024x682.jpg,20190809193447,raw\assets\flowersinagun.com_wp-content_uploads_2014_08_SSL-08-09-8-1024x682.jpg__e1cc669cd3.jpg,ok,103793,
flowersinagun.com/wp-content/uploads/2014/08/mm.jpg,image,https://www.flowersinagun.com/wp-content/uploads/2014/08/mm.jpg,20190809193345,raw\assets\flowersinagun.com_wp-content_uploads_2014_08_mm.jpg__57e5806383.jpg,ok,31486,
flowersinagun.com/wp-content/uploads/2014/08/mm01-150x150.jpg,image,http://www.flowersinagun.com/wp-content/uploads/2014/08/mm01-150x150.jpg,20160417132659,raw\assets\flowersinagun.com_wp-content_uploads_2014_08_mm01-150x150.jpg__19747ecd0f.jpg,ok,7584,
flowersinagun.com/wp-content/uploads/2014/08/mm01-160x160.jpg,image,https://www.flowersinagun.com/wp-content/uploads/2014/08/mm01-160x160.jpg,20230609023046,raw\assets\flowersinagun.com_wp-content_uploads_2014_08_mm01-160x160.jpg__6dd66579d7.jpg,ok,8043,
flowersinagun.com/wp-content/uploads/2014/08/mm01-260x260.jpg,image,https://www.flowersinagun.com/wp-content/uploads/2014/08/mm01-260x260.jpg,20230609023047,raw\assets\flowersinagun.com_wp-content_uploads_2014_08_mm01-260x260.jpg__4226aee619.jpg,ok,16971,
flowersinagun.com/wp-content/uploads/2014/08/mm01-280x150.jpg,image,https://www.flowersinagun.com/wp-content/uploads/2014/08/mm01-280x150.jpg,20190809193320,raw\assets\flowersinagun.com_wp-content_uploads_2014_08_mm01-280x150.jpg__c34f4a49fa.jpg,ok,12953,
flowersinagun.com/wp-content/uploads/2014/08/mm01-300x300.jpg,image,https://www.flowersinagun.com/wp-content/uploads/2014/08/mm01-300x300.jpg,,,failed:http_404,0,
flowersinagun.com/wp-content/uploads/2014/08/mm01.jpg,image,https://www.flowersinagun.com/wp-content/uploads/2014/08/mm01.jpg,20190809193317,raw\assets\flowersinagun.com_wp-content_uploads_2014_08_mm01.jpg__fbe6219afb.jpg,ok,53009,
flowersinagun.com/wp-content/uploads/2014/08/mm2.jpg,image,https://www.flowersinagun.com/wp-content/uploads/2014/08/mm2.jpg,20190809193411,raw\assets\flowersinagun.com_wp-content_uploads_2014_08_mm2.jpg__99fd0e7d04.jpg,ok,31486,
flowersinagun.com/wp-content/uploads/2014/08/mm6-1.jpg,image,https://www.flowersinagun.com/wp-content/uploads/2014/08/mm6-1.jpg,20190809193413,raw\assets\flowersinagun.com_wp-content_uploads_2014_08_mm6-1.jpg__1a0227c815.jpg,ok,67526,
flowersinagun.com/wp-content/uploads/2014/09/Ben-Wolfe-8-150x150.jpg,image,http://www.flowersinagun.com/wp-content/uploads/2014/09/Ben-Wolfe-8-150x150.jpg,20160417184552,raw\assets\flowersinagun.com_wp-content_uploads_2014_09_Ben-Wolfe-8-150x150.jpg__de5ab2043b.jpg,ok,7220,
flowersinagun.com/wp-content/uploads/2014/09/Brooklyn-Bowl-09-18-18-150x150.jpg,image,http://www.flowersinagun.com/wp-content/uploads/2014/09/Brooklyn-Bowl-09-18-18-150x150.jpg,20160417065901,raw\assets\flowersinagun.com_wp-content_uploads_2014_09_Brooklyn-Bowl-09-18-18-150x150.jpg__3848cc3daa.jpg,ok,11366,
flowersinagun.com/wp-content/uploads/2014/09/Brooklyn-Bowl-09-18-18-160x106.jpg,image,http://www.flowersinagun.com/wp-content/uploads/2014/09/Brooklyn-Bowl-09-18-18-160x106.jpg,20141221062118,raw\assets\flowersinagun.com_wp-content_uploads_2014_09_Brooklyn-Bowl-09-18-18-160x106.jpg__2db1e8d609.jpg,ok,8991,
flowersinagun.com/wp-content/uploads/2014/09/CP-fest-2014-3-150x150.jpg,image,https://www.flowersinagun.com/wp-content/uploads/2014/09/CP-fest-2014-3-150x150.jpg,20230605060108,raw\assets\flowersinagun.com_wp-content_uploads_2014_09_CP-fest-2014-3-150x150.jpg__e31eb1d0d5.jpg,ok,9934,
flowersinagun.com/wp-content/uploads/2014/09/CP-fest-2014-36.jpg,image,http://www.flowersinagun.com/wp-content/uploads/2014/09/CP-fest-2014-36.jpg,20171020035505,raw\assets\flowersinagun.com_wp-content_uploads_2014_09_CP-fest-2014-36.jpg__7c9d05f8e5.jpg,ok,7408261,
flowersinagun.com/wp-content/uploads/2014/09/Rachel-Weiss-Rockwood-4-150x150.jpg,image,https://www.flowersinagun.com/wp-content/uploads/2014/09/Rachel-Weiss-Rockwood-4-150x150.jpg,20230605060109,raw\assets\flowersinagun.com_wp-content_uploads_2014_09_Rachel-Weiss-Rockwood-4-150x150.jpg__ed6030b417.jpg,ok,7463,
flowersinagun.com/wp-content/uploads/2014/09/SSL-08-09-13-1024x682.jpg,image,https://www.flowersinagun.com/wp-content/uploads/2014/09/SSL-08-09-13-1024x682.jpg,20231120192246,raw\assets\flowersinagun.com_wp-content_uploads_2014_09_SSL-08-09-13-1024x682.jpg__086fdfbf0a.jpg,ok,127417,
flowersinagun.com/wp-content/uploads/2014/09/SSL-08-09-13-150x150.jpg,image,http://www.flowersinagun.com/wp-content/uploads/2014/09/SSL-08-09-13-150x150.jpg,20160417141922,raw\assets\flowersinagun.com_wp-content_uploads_2014_09_SSL-08-09-13-150x150.jpg__1174ecfc49.jpg,ok,9422,
flowersinagun.com/wp-content/uploads/2014/09/SSL-08-09-13-160x106.jpg,image,https://www.flowersinagun.com/wp-content/uploads/2014/09/SSL-08-09-13-160x106.jpg,20231120163339,raw\assets\flowersinagun.com_wp-content_uploads_2014_09_SSL-08-09-13-160x106.jpg__2671eb83f0.jpg,ok,7483,
flowersinagun.com/wp-content/uploads/2014/09/SSL-08-09-13-260x173.jpg,image,https://www.flowersinagun.com/wp-content/uploads/2014/09/SSL-08-09-13-260x173.jpg,20231225053125,raw\assets\flowersinagun.com_wp-content_uploads_2014_09_SSL-08-09-13-260x173.jpg__e517115100.jpg,ok,15772,
flowersinagun.com/wp-content/uploads/2014/09/SSL-08-09-13-300x200.jpg,image,https://www.flowersinagun.com/wp-content/uploads/2014/09/SSL-08-09-13-300x200.jpg,20231225213837,raw\assets\flowersinagun.com_wp-content_uploads_2014_09_SSL-08-09-13-300x200.jpg__b50a1cd902.jpg,ok,18946,
flowersinagun.com/wp-content/uploads/2014/09/SSL-08-09-13-560x373.jpg,image,https://www.flowersinagun.com/wp-content/uploads/2014/09/SSL-08-09-13-560x373.jpg,20231224181323,raw\assets\flowersinagun.com_wp-content_uploads_2014_09_SSL-08-09-13-560x373.jpg__93e67fee15.jpg,ok,48536,
flowersinagun.com/wp-content/uploads/2014/09/Warren-Wolf-8-150x150.jpg,image,https://www.flowersinagun.com/wp-content/uploads/2014/09/Warren-Wolf-8-150x150.jpg,20230605060108,raw\assets\flowersinagun.com_wp-content_uploads_2014_09_Warren-Wolf-8-150x150.jpg__5ee205e8e2.jpg,ok,7152,
flowersinagun.com/wp-content/uploads/2014/09/Warren-Wolf-8-160x106.jpg,image,http://www.flowersinagun.com/wp-content/uploads/2014/09/Warren-Wolf-8-160x106.jpg,20141221053119,raw\assets\flowersinagun.com_wp-content_uploads_2014_09_Warren-Wolf-8-160x106.jpg__4fcd60ef55.jpg,ok,6487,
flowersinagun.com/wp-content/uploads/2014/10/0000764524_10-150x150.jpg,image,https://www.flowersinagun.com/wp-content/uploads/2014/10/0000764524_10-150x150.jpg,20230608045653,raw\assets\flowersinagun.com_wp-content_uploads_2014_10_0000764524_10-150x150.jpg__c126cd25da.jpg,ok,9510,
flowersinagun.com/wp-content/uploads/2014/10/0000764524_10-160x106.jpg,image,http://www.flowersinagun.com/wp-content/uploads/2014/10/0000764524_10-160x106.jpg,20141221100846,raw\assets\flowersinagun.com_wp-content_uploads_2014_10_0000764524_10-160x106.jpg__7397255578.jpg,ok,6828,
flowersinagun.com/wp-content/uploads/2014/10/0002059866_10-150x150.jpg,image,https://www.flowersinagun.com/wp-content/uploads/2014/10/0002059866_10-150x150.jpg,20230605133841,raw\assets\flowersinagun.com_wp-content_uploads_2014_10_0002059866_10-150x150.jpg__4bee390acf.jpg,ok,8138,
flowersinagun.com/wp-content/uploads/2014/10/0002059866_10-160x173.jpg,image,http://www.flowersinagun.com/wp-content/uploads/2014/10/0002059866_10-160x173.jpg,20141221044353,raw\assets\flowersinagun.com_wp-content_uploads_2014_10_0002059866_10-160x173.jpg__fc1f3351a8.jpg,ok,8812,
flowersinagun.com/wp-content/uploads/2014/10/Ben-Frost-1-150x150.jpg,image,https://www.flowersinagun.com/wp-content/uploads/2014/10/Ben-Frost-1-150x150.jpg,20230608045654,raw\assets\flowersinagun.com_wp-content_uploads_2014_10_Ben-Frost-1-150x150.jpg__c38ec7c058.jpg,ok,8542,
flowersinagun.com/wp-content/uploads/2014/10/Ben-Frost-1-160x106.jpg,image,http://www.flowersinagun.com/wp-content/uploads/2014/10/Ben-Frost-1-160x106.jpg,20141221054300,raw\assets\flowersinagun.com_wp-content_uploads_2014_10_Ben-Frost-1-160x106.jpg__cdbc9a8bef.jpg,ok,6682,
flowersinagun.com/wp-content/uploads/2014/10/Ches-Smith-5-150x150.jpg,image,http://www.flowersinagun.com/wp-content/uploads/2014/10/Ches-Smith-5-150x150.jpg,20160417130351,raw\assets\flowersinagun.com_wp-content_uploads_2014_10_Ches-Smith-5-150x150.jpg__542598b047.jpg,ok,6918,
flowersinagun.com/wp-content/uploads/2014/10/Ches-Smith-5-160x106.jpg,image,http://www.flowersinagun.com/wp-content/uploads/2014/10/Ches-Smith-5-160x106.jpg,20141221050154,raw\assets\flowersinagun.com_wp-content_uploads_2014_10_Ches-Smith-5-160x106.jpg__b9ab61e9e8.jpg,ok,5595,
flowersinagun.com/wp-content/uploads/2014/10/David-Homan-09-30-4-150x150.jpg,image,https://www.flowersinagun.com/wp-content/uploads/2014/10/David-Homan-09-30-4-150x150.jpg,20230608045654,raw\assets\flowersinagun.com_wp-content_uploads_2014_10_David-Homan-09-30-4-150x150.jpg__d650c2b423.jpg,ok,9960,
flowersinagun.com/wp-content/uploads/2014/11/10410846_713162485431713_7251895747230018611_n-1-150x150.jpg,image,http://www.flowersinagun.com/wp-content/uploads/2014/11/10410846_713162485431713_7251895747230018611_n-1-150x150.jpg,20160418004841,raw\assets\flowersinagun.com_wp-content_uploads_2014_11_10410846_713162485431713_7251895747230018611_n-1-150x150.jpg__9c4d4ecacf.jpg,ok,8495,
flowersinagun.com/wp-content/uploads/2014/11/10410846_713162485431713_7251895747230018611_n-1-160x160.jpg,image,https://www.flowersinagun.com/wp-content/uploads/2014/11/10410846_713162485431713_7251895747230018611_n-1-160x160.jpg,20230606081027,raw\assets\flowersinagun.com_wp-content_uploads_2014_11_10410846_713162485431713_7251895747230018611_n-1-160x160.jpg__747868e1b6.jpg,ok,9006,
flowersinagun.com/wp-content/uploads/2014/11/10410846_713162485431713_7251895747230018611_n-1-260x260.jpg,image,https://www.flowersinagun.com/wp-content/uploads/2014/11/10410846_713162485431713_7251895747230018611_n-1-260x260.jpg,20230606081026,raw\assets\flowersinagun.com_wp-content_uploads_2014_11_10410846_713162485431713_7251895747230018611_n-1-260x260.jpg__d210bbecd9.jpg,ok,20067,
flowersinagun.com/wp-content/uploads/2014/11/10410846_713162485431713_7251895747230018611_n-1-300x300.jpg,image,https://www.flowersinagun.com/wp-content/uploads/2014/11/10410846_713162485431713_7251895747230018611_n-1-300x300.jpg,20230605133845,raw\assets\flowersinagun.com_wp-content_uploads_2014_11_10410846_713162485431713_7251895747230018611_n-1-300x300.jpg__d1083c5a02.jpg,ok,25195,
flowersinagun.com/wp-content/uploads/2014/11/10410846_713162485431713_7251895747230018611_n-1-560x560.jpg,image,https://www.flowersinagun.com/wp-content/uploads/2014/11/10410846_713162485431713_7251895747230018611_n-1-560x560.jpg,20230605133843,raw\assets\flowersinagun.com_wp-content_uploads_2014_11_10410846_713162485431713_7251895747230018611_n-1-560x560.jpg__89a6b0f8f1.jpg,ok,69266,
flowersinagun.com/wp-content/uploads/2014/11/10410846_713162485431713_7251895747230018611_n-1.jpg,image,https://www.flowersinagun.com/wp-content/uploads/2014/11/10410846_713162485431713_7251895747230018611_n-1.jpg,20230606081027,raw\assets\flowersinagun.com_wp-content_uploads_2014_11_10410846_713162485431713_7251895747230018611_n-1.jpg__97e44eaae2.jpg,ok,73310,
flowersinagun.com/wp-content/uploads/2014/11/1898104_715381838537913_8799165717908992693_n-150x150.jpg,image,http://www.flowersinagun.com/wp-content/uploads/2014/11/1898104_715381838537913_8799165717908992693_n-150x150.jpg,20160417210117,raw\assets\flowersinagun.com_wp-content_uploads_2014_11_1898104_715381838537913_8799165717908992693_n-150x150.jpg__80b514902a.jpg,ok,11228,
flowersinagun.com/wp-content/uploads/2014/11/1898104_715381838537913_8799165717908992693_n-160x163.jpg,image,http://www.flowersinagun.com/wp-content/uploads/2014/11/1898104_715381838537913_8799165717908992693_n-160x163.jpg,20141221051334,raw\assets\flowersinagun.com_wp-content_uploads_2014_11_1898104_715381838537913_8799165717908992693_n-160x163.jpg__c0df54d150.jpg,ok,12267,
flowersinagun.com/wp-content/uploads/2014/11/Lucsious-Jackson-5-150x150.jpg,image,https://www.flowersinagun.com/wp-content/uploads/2014/11/Lucsious-Jackson-5-150x150.jpg,20230606081027,raw\assets\flowersinagun.com_wp-content_uploads_2014_11_Lucsious-Jackson-5-150x150.jpg__24b58bb0c0.jpg,ok,11118,
flowersinagun.com/wp-content/uploads/2014/11/Lucsious-Jackson-5-160x106.jpg,image,http://www.flowersinagun.com/wp-content/uploads/2014/11/Lucsious-Jackson-5-160x106.jpg,20141221055948,raw\assets\flowersinagun.com_wp-content_uploads_2014_11_Lucsious-Jackson-5-160x106.jpg__b5028338b2.jpg,ok,10181,
flowersinagun.com/wp-content/uploads/2014/11/Rough-Riders-Imge-1024x1024.jpg,image,https://www.flowersinagun.com/wp-content/uploads/2014/11/Rough-Riders-Imge-1024x1024.jpg,,,failed:http_404,0,
flowersinagun.com/wp-content/uploads/2014/11/Rough-Riders-Imge-150x150.jpg,image,http://www.flowersinagun.com/wp-content/uploads/2014/11/Rough-Riders-Imge-150x150.jpg,20160418071439,raw\assets\flowersinagun.com_wp-content_uploads_2014_11_Rough-Riders-Imge-150x150.jpg__a09b0786c4.jpg,ok,4770,
flowersinagun.com/wp-content/uploads/2014/11/Rough-Riders-Imge-160x160.jpg,image,https://www.flowersinagun.com/wp-content/uploads/2014/11/Rough-Riders-Imge-160x160.jpg,20230605133843,raw\assets\flowersinagun.com_wp-content_uploads_2014_11_Rough-Riders-Imge-160x160.jpg__385412787b.jpg,ok,4537,
flowersinagun.com/wp-content/uploads/2014/11/Rough-Riders-Imge-260x260.jpg,image,https://www.flowersinagun.com/wp-content/uploads/2014/11/Rough-Riders-Imge-260x260.jpg,20230605133843,raw\assets\flowersinagun.com_wp-content_uploads_2014_11_Rough-Riders-Imge-260x260.jpg__4f9cd1ff35.jpg,ok,10363,
flowersinagun.com/wp-content/uploads/2014/11/Rough-Riders-Imge-300x300.jpg,image,https://www.flowersinagun.com/wp-content/uploads/2014/11/Rough-Riders-Imge-300x300.jpg,20230605133845,raw\assets\flowersinagun.com_wp-content_uploads_2014_11_Rough-Riders-Imge-300x300.jpg__de2257bb99.jpg,ok,12803,
flowersinagun.com/wp-content/uploads/2014/11/Rough-Riders-Imge-560x560.jpg,image,https://www.flowersinagun.com/wp-content/uploads/2014/11/Rough-Riders-Imge-560x560.jpg,20230605133842,raw\assets\flowersinagun.com_wp-content_uploads_2014_11_Rough-Riders-Imge-560x560.jpg__1ec7f71d1b.jpg,ok,31647,
flowersinagun.com/wp-content/uploads/2014/11/Rough-Riders-Imge.jpg,image,https://www.flowersinagun.com/wp-content/uploads/2014/11/Rough-Riders-Imge.jpg,,,failed:http_404,0,
flowersinagun.com/wp-content/uploads/2014/11/SWEET-FIX-logo-1-150x150.jpg,image,http://www.flowersinagun.com/wp-content/uploads/2014/11/SWEET-FIX-logo-1-150x150.jpg,20160417210129,raw\assets\flowersinagun.com_wp-content_uploads_2014_11_SWEET-FIX-logo-1-150x150.jpg__e5f300e5d4.jpg,ok,11756,
flowersinagun.com/wp-content/uploads/2014/11/SWEET-FIX-logo-1-160x173.jpg,image,http://www.flowersinagun.com/wp-content/uploads/2014/11/SWEET-FIX-logo-1-160x173.jpg,20141221041109,raw\assets\flowersinagun.com_wp-content_uploads_2014_11_SWEET-FIX-logo-1-160x173.jpg__8976423aff.jpg,ok,12381,
flowersinagun.com/wp-content/uploads/2014/11/b787b4bc8b-TLP-cover-150x150.jpg,image,https://www.flowersinagun.com/wp-content/uploads/2014/11/b787b4bc8b-TLP-cover-150x150.jpg,20230606081026,raw\assets\flowersinagun.com_wp-content_uploads_2014_11_b787b4bc8b-TLP-cover-150x150.jpg__568fa17555.jpg,ok,19754,
flowersinagun.com/wp-content/uploads/2014/11/b787b4bc8b-TLP-cover-160x160.jpg,image,https://www.flowersinagun.com/wp-content/uploads/2014/11/b787b4bc8b-TLP-cover-160x160.jpg,20230606081026,raw\assets\flowersinagun.com_wp-content_uploads_2014_11_b787b4bc8b-TLP-cover-160x160.jpg__f37f02d736.jpg,ok,20290,
flowersinagun.com/wp-content/uploads/2014/11/b787b4bc8b-TLP-cover-260x260.jpg,image,https://www.flowersinagun.com/wp-content/uploads/2014/11/b787b4bc8b-TLP-cover-260x260.jpg,20230606081028,raw\assets\flowersinagun.com_wp-content_uploads_2014_11_b787b4bc8b-TLP-cover-260x260.jpg__98610ab312.jpg,ok,24813,
flowersinagun.com/wp-content/uploads/2014/11/b787b4bc8b-TLP-cover-300x300.jpg,image,https://www.flowersinagun.com/wp-content/uploads/2014/11/b787b4bc8b-TLP-cover-300x300.jpg,20230606081026,raw\assets\flowersinagun.com_wp-content_uploads_2014_11_b787b4bc8b-TLP-cover-300x300.jpg__fb2567c93d.jpg,ok,26969,
flowersinagun.com/wp-content/uploads/2014/11/b787b4bc8b-TLP-cover-560x560.jpg,image,https://www.flowersinagun.com/wp-content/uploads/2014/11/b787b4bc8b-TLP-cover-560x560.jpg,20230606081027,raw\assets\flowersinagun.com_wp-content_uploads_2014_11_b787b4bc8b-TLP-cover-560x560.jpg__cb7910056d.jpg,ok,42636,
flowersinagun.com/wp-content/uploads/2014/11/b787b4bc8b-TLP-cover.jpg,image,https://www.flowersinagun.com/wp-content/uploads/2014/11/b787b4bc8b-TLP-cover.jpg,20230605133844,raw\assets\flowersinagun.com_wp-content_uploads_2014_11_b787b4bc8b-TLP-cover.jpg__0400ef0de2.jpg,ok,47292,
flowersinagun.com/wp-content/uploads/2014/11/styro-150x150.jpg,image,https://www.flowersinagun.com/wp-content/uploads/2014/11/styro-150x150.jpg,20230606081026,raw\assets\flowersinagun.com_wp-content_uploads_2014_11_styro-150x150.jpg__c10904aa8a.jpg,ok,11491,
flowersinagun.com/wp-content/uploads/2014/11/timhecker-150x150.jpeg,image,https://www.flowersinagun.com/wp-content/uploads/2014/11/timhecker-150x150.jpeg,20230605133844,raw\assets\flowersinagun.com_wp-content_uploads_2014_11_timhecker-150x150.jpeg__8655123489.jpeg,ok,22516,
flowersinagun.com/wp-content/uploads/2014/11/untitled-6-150x150.jpg,image,https://www.flowersinagun.com/wp-content/uploads/2014/11/untitled-6-150x150.jpg,20230605064555,raw\assets\flowersinagun.com_wp-content_uploads_2014_11_untitled-6-150x150.jpg__d5f163b37d.jpg,ok,11954,
flowersinagun.com/wp-content/uploads/2014/11/untitled-6-160x106.jpg,image,http://www.flowersinagun.com/wp-content/uploads/2014/11/untitled-6-160x106.jpg,20141221045933,raw\assets\flowersinagun.com_wp-content_uploads_2014_11_untitled-6-160x106.jpg__7899c377dd.jpg,ok,11044,
flowersinagun.com/wp-content/uploads/2014/11/yumiko-tanaka-2-1-150x150.jpg,image,https://www.flowersinagun.com/wp-content/uploads/2014/11/yumiko-tanaka-2-1-150x150.jpg,20230605133845,raw\assets\flowersinagun.com_wp-content_uploads_2014_11_yumiko-tanaka-2-1-150x150.jpg__b93505344c.jpg,ok,9055,
flowersinagun.com/wp-content/uploads/2014/11/yumiko-tanaka-2-1-160x106.jpg,image,http://www.flowersinagun.com/wp-content/uploads/2014/11/yumiko-tanaka-2-1-160x106.jpg,20141221040326,raw\assets\flowersinagun.com_wp-content_uploads_2014_11_yumiko-tanaka-2-1-160x106.jpg__373033a502.jpg,ok,7850,
flowersinagun.com/wp-content/uploads/2014/12/10711106_598964013548930_4893167546741305600_n-150x150.jpg,image,http://www.flowersinagun.com/wp-content/uploads/2014/12/10711106_598964013548930_4893167546741305600_n-150x150.jpg,20150619071339,raw\assets\flowersinagun.com_wp-content_uploads_2014_12_10711106_598964013548930_4893167546741305600_n-150x150.jpg__c6d753ec26.jpg,ok,11644,
flowersinagun.com/wp-content/uploads/2014/12/10711106_598964013548930_4893167546741305600_n-160x160.jpg,image,https://www.flowersinagun.com/wp-content/uploads/2014/12/10711106_598964013548930_4893167546741305600_n-160x160.jpg,20230605151048,raw\assets\flowersinagun.com_wp-content_uploads_2014_12_10711106_598964013548930_4893167546741305600_n-160x160.jpg__e9d8104b4f.jpg,ok,12199,
flowersinagun.com/wp-content/uploads/2014/12/10711106_598964013548930_4893167546741305600_n-260x260.jpg,image,http://www.flowersinagun.com/wp-content/uploads/2014/12/10711106_598964013548930_4893167546741305600_n-260x260.jpg,20141221063509,raw\assets\flowersinagun.com_wp-content_uploads_2014_12_10711106_598964013548930_4893167546741305600_n-260x260.jpg__fe1d1aa438.jpg,ok,24065,
flowersinagun.com/wp-content/uploads/2014/12/10711106_598964013548930_4893167546741305600_n-300x300.jpg,image,https://www.flowersinagun.com/wp-content/uploads/2014/12/10711106_598964013548930_4893167546741305600_n-300x300.jpg,20230605151048,raw\assets\flowersinagun.com_wp-content_uploads_2014_12_10711106_598964013548930_4893167546741305600_n-300x300.jpg__911edc9d31.jpg,ok,29445,
flowersinagun.com/wp-content/uploads/2014/12/10711106_598964013548930_4893167546741305600_n-560x560.jpg,image,https://www.flowersinagun.com/wp-content/uploads/2014/12/10711106_598964013548930_4893167546741305600_n-560x560.jpg,20230605151047,raw\assets\flowersinagun.com_wp-content_uploads_2014_12_10711106_598964013548930_4893167546741305600_n-560x560.jpg__b99500e0b8.jpg,ok,70179,
flowersinagun.com/wp-content/uploads/2014/12/10711106_598964013548930_4893167546741305600_n.jpg,image,https://www.flowersinagun.com/wp-content/uploads/2014/12/10711106_598964013548930_4893167546741305600_n.jpg,20230605151048,raw\assets\flowersinagun.com_wp-content_uploads_2014_12_10711106_598964013548930_4893167546741305600_n.jpg__8986c3fc0e.jpg,ok,87738,
flowersinagun.com/wp-content/uploads/2014/12/2014-Wallpaper-HD-4-1024x1017.jpg,image,https://www.flowersinagun.com/wp-content/uploads/2014/12/2014-Wallpaper-HD-4-1024x1017.jpg,20230605072259,raw\assets\flowersinagun.com_wp-content_uploads_2014_12_2014-Wallpaper-HD-4-1024x1017.jpg__0aedc37497.jpg,ok,253490,
flowersinagun.com/wp-content/uploads/2014/12/2014-Wallpaper-HD-4-150x150.jpg,image,http://www.flowersinagun.com/wp-content/uploads/2014/12/2014-Wallpaper-HD-4-150x150.jpg,20160417072923,raw\assets\flowersinagun.com_wp-content_uploads_2014_12_2014-Wallpaper-HD-4-150x150.jpg__71cbd92326.jpg,ok,12765,
flowersinagun.com/wp-content/uploads/2014/12/2014-Wallpaper-HD-4-160x158.jpg,image,http://www.flowersinagun.com/wp-content/uploads/2014/12/2014-Wallpaper-HD-4-160x158.jpg,20150619065152,raw\assets\flowersinagun.com_wp-content_uploads_2014_12_2014-Wallpaper-HD-4-160x158.jpg__ead5efe996.jpg,ok,13694,
flowersinagun.com/wp-content/uploads/2014/12/2014-Wallpaper-HD-4-260x258.jpg,image,https://www.flowersinagun.com/wp-content/uploads/2014/12/2014-Wallpaper-HD-4-260x258.jpg,20230605072259,raw\assets\flowersinagun.com_wp-content_uploads_2014_12_2014-Wallpaper-HD-4-260x258.jpg__c9e9391138.jpg,ok,31340,
flowersinagun.com/wp-content/uploads/2014/12/2014-Wallpaper-HD-4-300x298.jpg,image,https://www.flowersinagun.com/wp-content/uploads/2014/12/2014-Wallpaper-HD-4-300x298.jpg,20230605072258,raw\assets\flowersinagun.com_wp-content_uploads_2014_12_2014-Wallpaper-HD-4-300x298.jpg__069c999766.jpg,ok,39642,
flowersinagun.com/wp-content/uploads/2014/12/2014-Wallpaper-HD-4-560x556.jpg,image,https://www.flowersinagun.com/wp-content/uploads/2014/12/2014-Wallpaper-HD-4-560x556.jpg,20230605072259,raw\assets\flowersinagun.com_wp-content_uploads_2014_12_2014-Wallpaper-HD-4-560x556.jpg__22ac09a2c8.jpg,ok,105618,
flowersinagun.com/wp-content/uploads/2014/12/2014-Wallpaper-HD-4.jpg,image,https://www.flowersinagun.com/wp-content/uploads/2014/12/2014-Wallpaper-HD-4.jpg,20230605072259,raw\assets\flowersinagun.com_wp-content_uploads_2014_12_2014-Wallpaper-HD-4.jpg__b686e2f15c.jpg,ok,324237,
flowersinagun.com/wp-content/uploads/2014/12/DSC_0030-150x150.jpg,image,http://www.flowersinagun.com/wp-content/uploads/2014/12/DSC_0030-150x150.jpg,20160417123338,raw\assets\flowersinagun.com_wp-content_uploads_2014_12_DSC_0030-150x150.jpg__98b84493af.jpg,ok,12731,
flowersinagun.com/wp-content/uploads/2014/12/DSC_0030-260x172.jpg,image,http://www.flowersinagun.com/wp-content/uploads/2014/12/DSC_0030-260x172.jpg,20141221045254,raw\assets\flowersinagun.com_wp-content_uploads_2014_12_DSC_0030-260x172.jpg__c1ae60f4c4.jpg,ok,17100,
flowersinagun.com/wp-content/uploads/2014/12/a3382760925_2-150x150.jpg,image,https://www.flowersinagun.com/wp-content/uploads/2014/12/a3382760925_2-150x150.jpg,20230605064556,raw\assets\flowersinagun.com_wp-content_uploads_2014_12_a3382760925_2-150x150.jpg__6b621714b8.jpg,ok,9278,
flowersinagun.com/wp-content/uploads/2014/12/a3382760925_2-160x160.jpg,image,https://www.flowersinagun.com/wp-content/uploads/2014/12/a3382760925_2-160x160.jpg,20230605064556,raw\assets\flowersinagun.com_wp-content_uploads_2014_12_a3382760925_2-160x160.jpg__65f7946d88.jpg,ok,10114,
flowersinagun.com/wp-content/uploads/2014/12/a3382760925_2-260x260.jpg,image,https://www.flowersinagun.com/wp-content/uploads/2014/12/a3382760925_2-260x260.jpg,20230605064556,raw\assets\flowersinagun.com_wp-content_uploads_2014_12_a3382760925_2-260x260.jpg__601f5262a3.jpg,ok,24055,
flowersinagun.com/wp-content/uploads/2014/12/a3382760925_2-300x300.jpg,image,https://www.flowersinagun.com/wp-content/uploads/2014/12/a3382760925_2-300x300.jpg,20230605064556,raw\assets\flowersinagun.com_wp-content_uploads_2014_12_a3382760925_2-300x300.jpg__43ee48cb4f.jpg,ok,30768,
flowersinagun.com/wp-content/uploads/2014/12/a3382760925_2.jpg,image,https://www.flowersinagun.com/wp-content/uploads/2014/12/a3382760925_2.jpg,20230605151048,raw\assets\flowersinagun.com_wp-content_uploads_2014_12_a3382760925_2.jpg__78c6aca357.jpg,ok,62264,
flowersinagun.com/wp-content/uploads/2014/12/dev-1-150x150.jpg,image,http://www.flowersinagun.com/wp-content/uploads/2014/12/dev-1-150x150.jpg,20160418004643,raw\assets\flowersinagun.com_wp-content_uploads_2014_12_dev-1-150x150.jpg__8bf725511f.jpg,ok,11989,
flowersinagun.com/wp-content/uploads/2014/12/dev-1-160x107.jpg,image,http://www.flowersinagun.com/wp-content/uploads/2014/12/dev-1-160x107.jpg,20150619043724,raw\assets\flowersinagun.com_wp-content_uploads_2014_12_dev-1-160x107.jpg__c5abacde76.jpg,ok,10330,
flowersinagun.com/wp-content/uploads/2014/12/eastondavis-150x150.jpg,image,https://www.flowersinagun.com/wp-content/uploads/2014/12/eastondavis-150x150.jpg,20230605072258,raw\assets\flowersinagun.com_wp-content_uploads_2014_12_eastondavis-150x150.jpg__ffd957bb39.jpg,ok,8935,
flowersinagun.com/wp-content/uploads/2014/12/eastondavis-160x159.jpg,image,https://www.flowersinagun.com/wp-content/uploads/2014/12/eastondavis-160x159.jpg,20230605064555,raw\assets\flowersinagun.com_wp-content_uploads_2014_12_eastondavis-160x159.jpg__dade96f31f.jpg,ok,9571,
flowersinagun.com/wp-content/uploads/2014/12/eastondavis-260x259.jpg,image,https://www.flowersinagun.com/wp-content/uploads/2014/12/eastondavis-260x259.jpg,20230605064555,raw\assets\flowersinagun.com_wp-content_uploads_2014_12_eastondavis-260x259.jpg__bcf8772159.jpg,ok,20286,
flowersinagun.com/wp-content/uploads/2014/12/eastondavis-300x300.jpg,image,https://www.flowersinagun.com/wp-content/uploads/2014/12/eastondavis-300x300.jpg,20230605072258,raw\assets\flowersinagun.com_wp-content_uploads_2014_12_eastondavis-300x300.jpg__8c5e41292a.jpg,ok,24732,
flowersinagun.com/wp-content/uploads/2014/12/eastondavis.jpg,image,https://www.flowersinagun.com/wp-content/uploads/2014/12/eastondavis.jpg,20230605064556,raw\assets\flowersinagun.com_wp-content_uploads_2014_12_eastondavis.jpg__96d8bfdf61.jpg,ok,17771,
flowersinagun.com/wp-content/uploads/2014/12/holiday-swing-13-150x150.jpg,image,https://www.flowersinagun.com/wp-content/uploads/2014/12/holiday-swing-13-150x150.jpg,20230605072259,raw\assets\flowersinagun.com_wp-content_uploads_2014_12_holiday-swing-13-150x150.jpg__f9d3ea4045.jpg,ok,13805,
flowersinagun.com/wp-content/uploads/2014/12/holiday-swing-13-160x106.jpg,image,http://www.flowersinagun.com/wp-content/uploads/2014/12/holiday-swing-13-160x106.jpg,20150619070217,raw\assets\flowersinagun.com_wp-content_uploads_2014_12_holiday-swing-13-160x106.jpg__c1a2d61eab.jpg,ok,11319,
flowersinagun.com/wp-content/uploads/2014/12/massiveheader-160x53.png,image,https://www.flowersinagun.com/wp-content/uploads/2014/12/massiveheader-160x53.png,20230605051156,raw\assets\flowersinagun.com_wp-content_uploads_2014_12_massiveheader-160x53.png__23178b0394.png,ok,7985,
flowersinagun.com/wp-content/uploads/2014/12/massiveheader-260x86.png,image,https://www.flowersinagun.com/wp-content/uploads/2014/12/massiveheader-260x86.png,20230605051155,raw\assets\flowersinagun.com_wp-content_uploads_2014_12_massiveheader-260x86.png__93dd30ae35.png,ok,18555,
flowersinagun.com/wp-content/uploads/2014/12/massiveheader-300x99.png,image,https://www.flowersinagun.com/wp-content/uploads/2014/12/massiveheader-300x99.png,20230605072258,raw\assets\flowersinagun.com_wp-content_uploads_2014_12_massiveheader-300x99.png__42f43e2b65.png,ok,24005,
flowersinagun.com/wp-content/uploads/2014/12/massiveheader-560x186.png,image,https://www.flowersinagun.com/wp-content/uploads/2014/12/massiveheader-560x186.png,20230605060122,raw\assets\flowersinagun.com_wp-content_uploads_2014_12_massiveheader-560x186.png__0408cc7d3c.png,ok,76908,
flowersinagun.com/wp-content/uploads/2014/12/massiveheader.png,image,https://www.flowersinagun.com/wp-content/uploads/2014/12/massiveheader.png,20230605072259,raw\assets\flowersinagun.com_wp-content_uploads_2014_12_massiveheader.png__2d06561af5.png,ok,73940,
flowersinagun.com/wp-content/uploads/2014/12/untitled-6-150x150.jpg,image,http://www.flowersinagun.com/wp-content/uploads/2014/12/untitled-6-150x150.jpg,20160417185302,raw\assets\flowersinagun.com_wp-content_uploads_2014_12_untitled-6-150x150.jpg__bb4e6af0c0.jpg,ok,10502,
flowersinagun.com/wp-content/uploads/2014/12/untitled-6-160x106.jpg,image,http://www.flowersinagun.com/wp-content/uploads/2014/12/untitled-6-160x106.jpg,20150619043819,raw\assets\flowersinagun.com_wp-content_uploads_2014_12_untitled-6-160x106.jpg__8c029df033.jpg,ok,8947,
flowersinagun.com/wp-content/uploads/2015/01/NYCWJF-18-150x150.jpg,image,https://www.flowersinagun.com/wp-content/uploads/2015/01/NYCWJF-18-150x150.jpg,20230605051153,raw\assets\flowersinagun.com_wp-content_uploads_2015_01_NYCWJF-18-150x150.jpg__9fa4115938.jpg,ok,11749,
flowersinagun.com/wp-content/uploads/2015/01/NYCWJF-18-160x106.jpg,image,http://www.flowersinagun.com/wp-content/uploads/2015/01/NYCWJF-18-160x106.jpg,20150619065126,raw\assets\flowersinagun.com_wp-content_uploads_2015_01_NYCWJF-18-160x106.jpg__de3c49b6fc.jpg,ok,10252,
flowersinagun.com/wp-content/uploads/2015/01/William-Parker-14-150x150.jpg,image,https://www.flowersinagun.com/wp-content/uploads/2015/01/William-Parker-14-150x150.jpg,20230605133921,raw\assets\flowersinagun.com_wp-content_uploads_2015_01_William-Parker-14-150x150.jpg__b835531722.jpg,ok,36642,
flowersinagun.com/wp-content/uploads/2015/01/William-Parker-14-160x106.jpg,image,http://www.flowersinagun.com/wp-content/uploads/2015/01/William-Parker-14-160x106.jpg,20150619043540,raw\assets\flowersinagun.com_wp-content_uploads_2015_01_William-Parker-14-160x106.jpg__6bd1740baa.jpg,ok,34941,
flowersinagun.com/wp-content/uploads/2015/01/William-Parker-7-1024x682.jpg,image,http://www.flowersinagun.com/wp-content/uploads/2015/01/William-Parker-7-1024x682.jpg,20151017035624,raw\assets\flowersinagun.com_wp-content_uploads_2015_01_William-Parker-7-1024x682.jpg__3ceeaf3671.jpg,ok,76169,
flowersinagun.com/wp-content/uploads/2015/02/Ravi-Coltrane-1-1024x682.jpg,image,https://www.flowersinagun.com/wp-content/uploads/2015/02/Ravi-Coltrane-1-1024x682.jpg,20230623153928,raw\assets\flowersinagun.com_wp-content_uploads_2015_02_Ravi-Coltrane-1-1024x682.jpg__c17c19398c.jpg,ok,102482,
flowersinagun.com/wp-content/uploads/2015/02/Ravi-Coltrane-1-160x106.jpg,image,https://www.flowersinagun.com/wp-content/uploads/2015/02/Ravi-Coltrane-1-160x106.jpg,20230623153928,raw\assets\flowersinagun.com_wp-content_uploads_2015_02_Ravi-Coltrane-1-160x106.jpg__2638043bc7.jpg,ok,8621,
flowersinagun.com/wp-content/uploads/2015/02/Ravi-Coltrane-1-260x173.jpg,image,https://www.flowersinagun.com/wp-content/uploads/2015/02/Ravi-Coltrane-1-260x173.jpg,20230623153927,raw\assets\flowersinagun.com_wp-content_uploads_2015_02_Ravi-Coltrane-1-260x173.jpg__c5a63aa7b7.jpg,ok,14233,
flowersinagun.com/wp-content/uploads/2015/02/Ravi-Coltrane-1-300x199.jpg,image,https://www.flowersinagun.com/wp-content/uploads/2015/02/Ravi-Coltrane-1-300x199.jpg,20230623153929,raw\assets\flowersinagun.com_wp-content_uploads_2015_02_Ravi-Coltrane-1-300x199.jpg__7115ba09fe.jpg,ok,16484,
flowersinagun.com/wp-content/uploads/2015/02/Ravi-Coltrane-1-560x373.jpg,image,https://www.flowersinagun.com/wp-content/uploads/2015/02/Ravi-Coltrane-1-560x373.jpg,20230623153927,raw\assets\flowersinagun.com_wp-content_uploads_2015_02_Ravi-Coltrane-1-560x373.jpg__193906fc44.jpg,ok,39564,
flowersinagun.com/wp-content/uploads/2015/02/Ravi-Coltrane-1.jpg,image,https://www.flowersinagun.com/wp-content/uploads/2015/02/Ravi-Coltrane-1.jpg,20230623153927,raw\assets\flowersinagun.com_wp-content_uploads_2015_02_Ravi-Coltrane-1.jpg__91b7a02917.jpg,ok,439214,
flowersinagun.com/wp-content/uploads/2015/02/Ravi-Coltrane-11-160x240.jpg,image,https://www.flowersinagun.com/wp-content/uploads/2015/02/Ravi-Coltrane-11-160x240.jpg,20230623153928,raw\assets\flowersinagun.com_wp-content_uploads_2015_02_Ravi-Coltrane-11-160x240.jpg__b921b54ef3.jpg,ok,14865,
flowersinagun.com/wp-content/uploads/2015/02/Ravi-Coltrane-11-200x300.jpg,image,https://www.flowersinagun.com/wp-content/uploads/2015/02/Ravi-Coltrane-11-200x300.jpg,20230623153927,raw\assets\flowersinagun.com_wp-content_uploads_2015_02_Ravi-Coltrane-11-200x300.jpg__ac57c1584e.jpg,ok,19539,
flowersinagun.com/wp-content/uploads/2015/02/Ravi-Coltrane-11-260x390.jpg,image,https://www.flowersinagun.com/wp-content/uploads/2015/02/Ravi-Coltrane-11-260x390.jpg,20230623153928,raw\assets\flowersinagun.com_wp-content_uploads_2015_02_Ravi-Coltrane-11-260x390.jpg__9cc2f8788d.jpg,ok,27009,
flowersinagun.com/wp-content/uploads/2015/02/Ravi-Coltrane-11-560x840.jpg,image,https://www.flowersinagun.com/wp-content/uploads/2015/02/Ravi-Coltrane-11-560x840.jpg,20230623153927,raw\assets\flowersinagun.com_wp-content_uploads_2015_02_Ravi-Coltrane-11-560x840.jpg__0165f77cef.jpg,ok,78404,
flowersinagun.com/wp-content/uploads/2015/02/Ravi-Coltrane-11-682x1024.jpg,image,https://www.flowersinagun.com/wp-content/uploads/2015/02/Ravi-Coltrane-11-682x1024.jpg,20230623153929,raw\assets\flowersinagun.com_wp-content_uploads_2015_02_Ravi-Coltrane-11-682x1024.jpg__5af9e50e0c.jpg,ok,108312,
flowersinagun.com/wp-content/uploads/2015/02/Ravi-Coltrane-11.jpg,image,https://www.flowersinagun.com/wp-content/uploads/2015/02/Ravi-Coltrane-11.jpg,20230623153928,raw\assets\flowersinagun.com_wp-content_uploads_2015_02_Ravi-Coltrane-11.jpg__4090923471.jpg,ok,1118526,
flowersinagun.com/wp-content/uploads/2015/02/Ravi-Coltrane-13-1024x682.jpg,image,https://www.flowersinagun.com/wp-content/uploads/2015/02/Ravi-Coltrane-13-1024x682.jpg,20230623153927,raw\assets\flowersinagun.com_wp-content_uploads_2015_02_Ravi-Coltrane-13-1024x682.jpg__c42498614d.jpg,ok,108068,
flowersinagun.com/wp-content/uploads/2015/02/Ravi-Coltrane-13-160x106.jpg,image,https://www.flowersinagun.com/wp-content/uploads/2015/02/Ravi-Coltrane-13-160x106.jpg,20230623153930,raw\assets\flowersinagun.com_wp-content_uploads_2015_02_Ravi-Coltrane-13-160x106.jpg__4e03be89af.jpg,ok,9606,
flowersinagun.com/wp-content/uploads/2015/02/Ravi-Coltrane-13-260x173.jpg,image,https://www.flowersinagun.com/wp-content/uploads/2015/02/Ravi-Coltrane-13-260x173.jpg,20230623153930,raw\assets\flowersinagun.com_wp-content_uploads_2015_02_Ravi-Coltrane-13-260x173.jpg__7dcec25cfb.jpg,ok,16088,
flowersinagun.com/wp-content/uploads/2015/02/Ravi-Coltrane-13-300x199.jpg,image,https://www.flowersinagun.com/wp-content/uploads/2015/02/Ravi-Coltrane-13-300x199.jpg,20230623153929,raw\assets\flowersinagun.com_wp-content_uploads_2015_02_Ravi-Coltrane-13-300x199.jpg__7328cb49c1.jpg,ok,18756,
flowersinagun.com/wp-content/uploads/2015/02/Ravi-Coltrane-13-560x373.jpg,image,https://www.flowersinagun.com/wp-content/uploads/2015/02/Ravi-Coltrane-13-560x373.jpg,20230623153930,raw\assets\flowersinagun.com_wp-content_uploads_2015_02_Ravi-Coltrane-13-560x373.jpg__b1467a3c82.jpg,ok,42964,
flowersinagun.com/wp-content/uploads/2015/02/Ravi-Coltrane-13.jpg,image,https://www.flowersinagun.com/wp-content/uploads/2015/02/Ravi-Coltrane-13.jpg,20230623153928,raw\assets\flowersinagun.com_wp-content_uploads_2015_02_Ravi-Coltrane-13.jpg__4a52ceb8b4.jpg,ok,470063,
flowersinagun.com/wp-content/uploads/2015/02/Ravi-Coltrane-16-1024x682.jpg,image,http://www.flowersinagun.com/wp-content/uploads/2015/02/Ravi-Coltrane-16-1024x682.jpg,20160328055414,raw\assets\flowersinagun.com_wp-content_uploads_2015_02_Ravi-Coltrane-16-1024x682.jpg__f27510efd2.jpg,ok,104647,
flowersinagun.com/wp-content/uploads/2015/02/Ravi-Coltrane-16-150x150.jpg,image,https://www.flowersinagun.com/wp-content/uploads/2015/02/Ravi-Coltrane-16-150x150.jpg,20230605051153,raw\assets\flowersinagun.com_wp-content_uploads_2015_02_Ravi-Coltrane-16-150x150.jpg__a98763bf09.jpg,ok,12271,
flowersinagun.com/wp-content/uploads/2015/02/Ravi-Coltrane-16-160x106.jpg,image,https://www.flowersinagun.com/wp-content/uploads/2015/02/Ravi-Coltrane-16-160x106.jpg,20230623153930,raw\assets\flowersinagun.com_wp-content_uploads_2015_02_Ravi-Coltrane-16-160x106.jpg__5626e48dcc.jpg,ok,9952,
flowersinagun.com/wp-content/uploads/2015/02/Ravi-Coltrane-16-260x173.jpg,image,https://www.flowersinagun.com/wp-content/uploads/2015/02/Ravi-Coltrane-16-260x173.jpg,20230623153930,raw\assets\flowersinagun.com_wp-content_uploads_2015_02_Ravi-Coltrane-16-260x173.jpg__e7a971d22f.jpg,ok,16834,
flowersinagun.com/wp-content/uploads/2015/02/Ravi-Coltrane-16-300x199.jpg,image,https://www.flowersinagun.com/wp-content/uploads/2015/02/Ravi-Coltrane-16-300x199.jpg,20230623153931,raw\assets\flowersinagun.com_wp-content_uploads_2015_02_Ravi-Coltrane-16-300x199.jpg__5553d74526.jpg,ok,19638,
flowersinagun.com/wp-content/uploads/2015/02/Ravi-Coltrane-16-560x373.jpg,image,https://www.flowersinagun.com/wp-content/uploads/2015/02/Ravi-Coltrane-16-560x373.jpg,20230623153932,raw\assets\flowersinagun.com_wp-content_uploads_2015_02_Ravi-Coltrane-16-560x373.jpg__18369d1ceb.jpg,ok,44006,
flowersinagun.com/wp-content/uploads/2015/02/Ravi-Coltrane-16.jpg,image,https://www.flowersinagun.com/wp-content/uploads/2015/02/Ravi-Coltrane-16.jpg,20230623153932,raw\assets\flowersinagun.com_wp-content_uploads_2015_02_Ravi-Coltrane-16.jpg__6005fcecc4.jpg,ok,436813,
flowersinagun.com/wp-content/uploads/2015/02/Ravi-Coltrane-17-1024x682.jpg,image,https://www.flowersinagun.com/wp-content/uploads/2015/02/Ravi-Coltrane-17-1024x682.jpg,20230623153928,raw\assets\flowersinagun.com_wp-content_uploads_2015_02_Ravi-Coltrane-17-1024x682.jpg__c408604a9b.jpg,ok,75942,
flowersinagun.com/wp-content/uploads/2015/02/Ravi-Coltrane-17-160x106.jpg,image,https://www.flowersinagun.com/wp-content/uploads/2015/02/Ravi-Coltrane-17-160x106.jpg,20230623153928,raw\assets\flowersinagun.com_wp-content_uploads_2015_02_Ravi-Coltrane-17-160x106.jpg__dea4116b4c.jpg,ok,8366,
flowersinagun.com/wp-content/uploads/2015/02/Ravi-Coltrane-17-260x173.jpg,image,https://www.flowersinagun.com/wp-content/uploads/2015/02/Ravi-Coltrane-17-260x173.jpg,20230623153928,raw\assets\flowersinagun.com_wp-content_uploads_2015_02_Ravi-Coltrane-17-260x173.jpg__da230b94bb.jpg,ok,13246,
flowersinagun.com/wp-content/uploads/2015/02/Ravi-Coltrane-17-300x199.jpg,image,https://www.flowersinagun.com/wp-content/uploads/2015/02/Ravi-Coltrane-17-300x199.jpg,20230623153928,raw\assets\flowersinagun.com_wp-content_uploads_2015_02_Ravi-Coltrane-17-300x199.jpg__9b266b01f5.jpg,ok,15207,
flowersinagun.com/wp-content/uploads/2015/02/Ravi-Coltrane-17-560x373.jpg,image,https://www.flowersinagun.com/wp-content/uploads/2015/02/Ravi-Coltrane-17-560x373.jpg,20230623153927,raw\assets\flowersinagun.com_wp-content_uploads_2015_02_Ravi-Coltrane-17-560x373.jpg__140384371c.jpg,ok,32203,
flowersinagun.com/wp-content/uploads/2015/02/Ravi-Coltrane-17.jpg,image,https://www.flowersinagun.com/wp-content/uploads/2015/02/Ravi-Coltrane-17.jpg,20230623153928,raw\assets\flowersinagun.com_wp-content_uploads_2015_02_Ravi-Coltrane-17.jpg__54fa9a2186.jpg,ok,341006,
flowersinagun.com/wp-content/uploads/2015/02/Ravi-Coltrane-4-1024x682.jpg,image,https://www.flowersinagun.com/wp-content/uploads/2015/02/Ravi-Coltrane-4-1024x682.jpg,20230623153929,raw\assets\flowersinagun.com_wp-content_uploads_2015_02_Ravi-Coltrane-4-1024x682.jpg__5254e98feb.jpg,ok,67030,
flowersinagun.com/wp-content/uploads/2015/02/Ravi-Coltrane-4-160x106.jpg,image,https://www.flowersinagun.com/wp-content/uploads/2015/02/Ravi-Coltrane-4-160x106.jpg,20230623153930,raw\assets\flowersinagun.com_wp-content_uploads_2015_02_Ravi-Coltrane-4-160x106.jpg__01e541b59b.jpg,ok,7741,
flowersinagun.com/wp-content/uploads/2015/02/Ravi-Coltrane-4-260x173.jpg,image,https://www.flowersinagun.com/wp-content/uploads/2015/02/Ravi-Coltrane-4-260x173.jpg,20230623153930,raw\assets\flowersinagun.com_wp-content_uploads_2015_02_Ravi-Coltrane-4-260x173.jpg__7d815e0787.jpg,ok,11782,
flowersinagun.com/wp-content/uploads/2015/02/Ravi-Coltrane-4-300x199.jpg,image,https://www.flowersinagun.com/wp-content/uploads/2015/02/Ravi-Coltrane-4-300x199.jpg,20230623153931,raw\assets\flowersinagun.com_wp-content_uploads_2015_02_Ravi-Coltrane-4-300x199.jpg__c407af5d4e.jpg,ok,13571,
flowersinagun.com/wp-content/uploads/2015/02/Ravi-Coltrane-4-560x373.jpg,image,https://www.flowersinagun.com/wp-content/uploads/2015/02/Ravi-Coltrane-4-560x373.jpg,20230623153930,raw\assets\flowersinagun.com_wp-content_uploads_2015_02_Ravi-Coltrane-4-560x373.jpg__9fc18b3db1.jpg,ok,28591,
flowersinagun.com/wp-content/uploads/2015/02/Ravi-Coltrane-4.jpg,image,https://www.flowersinagun.com/wp-content/uploads/2015/02/Ravi-Coltrane-4.jpg,20230623153930,raw\assets\flowersinagun.com_wp-content_uploads_2015_02_Ravi-Coltrane-4.jpg__e0c37e901f.jpg,ok,288285,
flowersinagun.com/wp-content/uploads/2015/03/10524910_10205263243803379_843540527_n-160x116.jpg,image,https://www.flowersinagun.com/wp-content/uploads/2015/03/10524910_10205263243803379_843540527_n-160x116.jpg,20230623153926,raw\assets\flowersinagun.com_wp-content_uploads_2015_03_10524910_10205263243803379_843540527_n-160x116.jpg__3a2486680a.jpg,ok,10292,
flowersinagun.com/wp-content/uploads/2015/03/10524910_10205263243803379_843540527_n-260x189.jpg,image,https://www.flowersinagun.com/wp-content/uploads/2015/03/10524910_10205263243803379_843540527_n-260x189.jpg,20230623153927,raw\assets\flowersinagun.com_wp-content_uploads_2015_03_10524910_10205263243803379_843540527_n-260x189.jpg__7b0fb24314.jpg,ok,20090,
flowersinagun.com/wp-content/uploads/2015/03/10524910_10205263243803379_843540527_n-300x218.jpg,image,https://www.flowersinagun.com/wp-content/uploads/2015/03/10524910_10205263243803379_843540527_n-300x218.jpg,20230623153927,raw\assets\flowersinagun.com_wp-content_uploads_2015_03_10524910_10205263243803379_843540527_n-300x218.jpg__c19f3b0984.jpg,ok,25068,
flowersinagun.com/wp-content/uploads/2015/03/10524910_10205263243803379_843540527_n-560x407.jpg,image,https://www.flowersinagun.com/wp-content/uploads/2015/03/10524910_10205263243803379_843540527_n-560x407.jpg,20230623153927,raw\assets\flowersinagun.com_wp-content_uploads_2015_03_10524910_10205263243803379_843540527_n-560x407.jpg__f5ffc399c5.jpg,ok,66910,
flowersinagun.com/wp-content/uploads/2015/03/10524910_10205263243803379_843540527_n.jpg,image,https://www.flowersinagun.com/wp-content/uploads/2015/03/10524910_10205263243803379_843540527_n.jpg,20230623153927,raw\assets\flowersinagun.com_wp-content_uploads_2015_03_10524910_10205263243803379_843540527_n.jpg__c2ec2e9263.jpg,ok,92412,
flowersinagun.com/wp-content/uploads/2015/03/10735927_10205263246083436_1116307391_n-160x116.jpg,image,https://www.flowersinagun.com/wp-content/uploads/2015/03/10735927_10205263246083436_1116307391_n-160x116.jpg,20230622024046,raw\assets\flowersinagun.com_wp-content_uploads_2015_03_10735927_10205263246083436_1116307391_n-160x116.jpg__d9b41af06b.jpg,ok,12148,
flowersinagun.com/wp-content/uploads/2015/03/10735927_10205263246083436_1116307391_n-260x189.jpg,image,https://www.flowersinagun.com/wp-content/uploads/2015/03/10735927_10205263246083436_1116307391_n-260x189.jpg,20230622024046,raw\assets\flowersinagun.com_wp-content_uploads_2015_03_10735927_10205263246083436_1116307391_n-260x189.jpg__04bbf8c4fb.jpg,ok,24360,
flowersinagun.com/wp-content/uploads/2015/03/10735927_10205263246083436_1116307391_n-300x218.jpg,image,https://www.flowersinagun.com/wp-content/uploads/2015/03/10735927_10205263246083436_1116307391_n-300x218.jpg,20230622024045,raw\assets\flowersinagun.com_wp-content_uploads_2015_03_10735927_10205263246083436_1116307391_n-300x218.jpg__0f42dda25d.jpg,ok,30358,
flowersinagun.com/wp-content/uploads/2015/03/10735927_10205263246083436_1116307391_n-560x407.jpg,image,https://www.flowersinagun.com/wp-content/uploads/2015/03/10735927_10205263246083436_1116307391_n-560x407.jpg,20230622024045,raw\assets\flowersinagun.com_wp-content_uploads_2015_03_10735927_10205263246083436_1116307391_n-560x407.jpg__1a53be417a.jpg,ok,82725,
flowersinagun.com/wp-content/uploads/2015/03/10735927_10205263246083436_1116307391_n.jpg,image,https://www.flowersinagun.com/wp-content/uploads/2015/03/10735927_10205263246083436_1116307391_n.jpg,20230622024045,raw\assets\flowersinagun.com_wp-content_uploads_2015_03_10735927_10205263246083436_1116307391_n.jpg__f352222f23.jpg,ok,120215,
flowersinagun.com/wp-content/uploads/2015/03/10744699_10205263244003384_674930460_n-160x116.jpg,image,https://www.flowersinagun.com/wp-content/uploads/2015/03/10744699_10205263244003384_674930460_n-160x116.jpg,20230623153927,raw\assets\flowersinagun.com_wp-content_uploads_2015_03_10744699_10205263244003384_674930460_n-160x116.jpg__a9f792b7b3.jpg,ok,14590,
flowersinagun.com/wp-content/uploads/2015/03/10744699_10205263244003384_674930460_n-260x189.jpg,image,https://www.flowersinagun.com/wp-content/uploads/2015/03/10744699_10205263244003384_674930460_n-260x189.jpg,20230623153927,raw\assets\flowersinagun.com_wp-content_uploads_2015_03_10744699_10205263244003384_674930460_n-260x189.jpg__e3668fb2bc.jpg,ok,31210,
flowersinagun.com/wp-content/uploads/2015/03/10744699_10205263244003384_674930460_n-300x218.jpg,image,https://www.flowersinagun.com/wp-content/uploads/2015/03/10744699_10205263244003384_674930460_n-300x218.jpg,20230623153926,raw\assets\flowersinagun.com_wp-content_uploads_2015_03_10744699_10205263244003384_674930460_n-300x218.jpg__b45a5288fa.jpg,ok,39689,
flowersinagun.com/wp-content/uploads/2015/03/10744699_10205263244003384_674930460_n-560x407.jpg,image,https://www.flowersinagun.com/wp-content/uploads/2015/03/10744699_10205263244003384_674930460_n-560x407.jpg,20230623153926,raw\assets\flowersinagun.com_wp-content_uploads_2015_03_10744699_10205263244003384_674930460_n-560x407.jpg__0815f500eb.jpg,ok,112958,
flowersinagun.com/wp-content/uploads/2015/03/10744699_10205263244003384_674930460_n.jpg,image,https://www.flowersinagun.com/wp-content/uploads/2015/03/10744699_10205263244003384_674930460_n.jpg,20230623153927,raw\assets\flowersinagun.com_wp-content_uploads_2015_03_10744699_10205263244003384_674930460_n.jpg__80b7e5e141.jpg,ok,170699,
flowersinagun.com/wp-content/uploads/2015/03/Marianne-Solivan-1-1024x682.jpg,image,https://www.flowersinagun.com/wp-content/uploads/2015/03/Marianne-Solivan-1-1024x682.jpg,20230623153928,raw\assets\flowersinagun.com_wp-content_uploads_2015_03_Marianne-Solivan-1-1024x682.jpg__cf17324a76.jpg,ok,153587,
flowersinagun.com/wp-content/uploads/2015/03/Marianne-Solivan-1-160x106.jpg,image,https://www.flowersinagun.com/wp-content/uploads/2015/03/Marianne-Solivan-1-160x106.jpg,20230623153928,raw\assets\flowersinagun.com_wp-content_uploads_2015_03_Marianne-Solivan-1-160x106.jpg__bf57b90de4.jpg,ok,35023,
flowersinagun.com/wp-content/uploads/2015/03/Marianne-Solivan-1-260x173.jpg,image,https://www.flowersinagun.com/wp-content/uploads/2015/03/Marianne-Solivan-1-260x173.jpg,20230623153927,raw\assets\flowersinagun.com_wp-content_uploads_2015_03_Marianne-Solivan-1-260x173.jpg__e90850ea60.jpg,ok,42409,
flowersinagun.com/wp-content/uploads/2015/03/Marianne-Solivan-1-300x199.jpg,image,https://www.flowersinagun.com/wp-content/uploads/2015/03/Marianne-Solivan-1-300x199.jpg,20230623153928,raw\assets\flowersinagun.com_wp-content_uploads_2015_03_Marianne-Solivan-1-300x199.jpg__37ed1a7e7e.jpg,ok,45874,
flowersinagun.com/wp-content/uploads/2015/03/Marianne-Solivan-1-560x373.jpg,image,https://www.flowersinagun.com/wp-content/uploads/2015/03/Marianne-Solivan-1-560x373.jpg,20230623153929,raw\assets\flowersinagun.com_wp-content_uploads_2015_03_Marianne-Solivan-1-560x373.jpg__7372925320.jpg,ok,74081,
flowersinagun.com/wp-content/uploads/2015/03/Marianne-Solivan-1.jpg,image,http://www.flowersinagun.com/wp-content/uploads/2015/03/Marianne-Solivan-1.jpg,20151019000737,raw\assets\flowersinagun.com_wp-content_uploads_2015_03_Marianne-Solivan-1.jpg__22e63f02c9.jpg,ok,313863,
flowersinagun.com/wp-content/uploads/2015/03/Marianne-Solivan-12-1024x682.jpg,image,https://www.flowersinagun.com/wp-content/uploads/2015/03/Marianne-Solivan-12-1024x682.jpg,20230624141226,raw\assets\flowersinagun.com_wp-content_uploads_2015_03_Marianne-Solivan-12-1024x682.jpg__56d892e0ab.jpg,ok,180809,
flowersinagun.com/wp-content/uploads/2015/03/Marianne-Solivan-12-160x106.jpg,image,https://www.flowersinagun.com/wp-content/uploads/2015/03/Marianne-Solivan-12-160x106.jpg,20230624141226,raw\assets\flowersinagun.com_wp-content_uploads_2015_03_Marianne-Solivan-12-160x106.jpg__c6f5bd20ae.jpg,ok,39683,
flowersinagun.com/wp-content/uploads/2015/03/Marianne-Solivan-12-260x173.jpg,image,https://www.flowersinagun.com/wp-content/uploads/2015/03/Marianne-Solivan-12-260x173.jpg,20230624141224,raw\assets\flowersinagun.com_wp-content_uploads_2015_03_Marianne-Solivan-12-260x173.jpg__0ce8db4786.jpg,ok,49260,
flowersinagun.com/wp-content/uploads/2015/03/Marianne-Solivan-12-300x199.jpg,image,https://www.flowersinagun.com/wp-content/uploads/2015/03/Marianne-Solivan-12-300x199.jpg,20230624141224,raw\assets\flowersinagun.com_wp-content_uploads_2015_03_Marianne-Solivan-12-300x199.jpg__942f383174.jpg,ok,53519,
flowersinagun.com/wp-content/uploads/2015/03/Marianne-Solivan-12-560x373.jpg,image,https://www.flowersinagun.com/wp-content/uploads/2015/03/Marianne-Solivan-12-560x373.jpg,20230624141226,raw\assets\flowersinagun.com_wp-content_uploads_2015_03_Marianne-Solivan-12-560x373.jpg__4b199c4578.jpg,ok,88864,
flowersinagun.com/wp-content/uploads/2015/03/Marianne-Solivan-12.jpg,image,https://www.flowersinagun.com/wp-content/uploads/2015/03/Marianne-Solivan-12.jpg,20230624141225,raw\assets\flowersinagun.com_wp-content_uploads_2015_03_Marianne-Solivan-12.jpg__17982b1659.jpg,ok,355244,
flowersinagun.com/wp-content/uploads/2015/03/Marianne-Solivan-13-1024x682.jpg,image,https://www.flowersinagun.com/wp-content/uploads/2015/03/Marianne-Solivan-13-1024x682.jpg,20230624141226,raw\assets\flowersinagun.com_wp-content_uploads_2015_03_Marianne-Solivan-13-1024x682.jpg__448150c754.jpg,ok,219426,
flowersinagun.com/wp-content/uploads/2015/03/Marianne-Solivan-13-150x150.jpg,image,http://www.flowersinagun.com/wp-content/uploads/2015/03/Marianne-Solivan-13-150x150.jpg,20160417131933,raw\assets\flowersinagun.com_wp-content_uploads_2015_03_Marianne-Solivan-13-150x150.jpg__cb8be9093b.jpg,ok,45520,
flowersinagun.com/wp-content/uploads/2015/03/Marianne-Solivan-13-160x106.jpg,image,https://www.flowersinagun.com/wp-content/uploads/2015/03/Marianne-Solivan-13-160x106.jpg,20230624141225,raw\assets\flowersinagun.com_wp-content_uploads_2015_03_Marianne-Solivan-13-160x106.jpg__6931349fae.jpg,ok,43934,
flowersinagun.com/wp-content/uploads/2015/03/Marianne-Solivan-13-260x173.jpg,image,https://www.flowersinagun.com/wp-content/uploads/2015/03/Marianne-Solivan-13-260x173.jpg,20230624141225,raw\assets\flowersinagun.com_wp-content_uploads_2015_03_Marianne-Solivan-13-260x173.jpg__648ee39cd2.jpg,ok,55080,
flowersinagun.com/wp-content/uploads/2015/03/Marianne-Solivan-13-300x199.jpg,image,https://www.flowersinagun.com/wp-content/uploads/2015/03/Marianne-Solivan-13-300x199.jpg,20230624141226,raw\assets\flowersinagun.com_wp-content_uploads_2015_03_Marianne-Solivan-13-300x199.jpg__4b92946b05.jpg,ok,60177,
flowersinagun.com/wp-content/uploads/2015/03/Marianne-Solivan-13-560x373.jpg,image,https://www.flowersinagun.com/wp-content/uploads/2015/03/Marianne-Solivan-13-560x373.jpg,20230624141226,raw\assets\flowersinagun.com_wp-content_uploads_2015_03_Marianne-Solivan-13-560x373.jpg__9e8ef534af.jpg,ok,104814,
flowersinagun.com/wp-content/uploads/2015/03/Marianne-Solivan-13.jpg,image,https://www.flowersinagun.com/wp-content/uploads/2015/03/Marianne-Solivan-13.jpg,20230624141226,raw\assets\flowersinagun.com_wp-content_uploads_2015_03_Marianne-Solivan-13.jpg__6dd8898d18.jpg,ok,418589,
flowersinagun.com/wp-content/uploads/2015/03/Marianne-Solivan-2-1024x682.jpg,image,https://www.flowersinagun.com/wp-content/uploads/2015/03/Marianne-Solivan-2-1024x682.jpg,20230624141225,raw\assets\flowersinagun.com_wp-content_uploads_2015_03_Marianne-Solivan-2-1024x682.jpg__82db427199.jpg,ok,127732,
flowersinagun.com/wp-content/uploads/2015/03/Marianne-Solivan-2-160x106.jpg,image,https://www.flowersinagun.com/wp-content/uploads/2015/03/Marianne-Solivan-2-160x106.jpg,20230624141226,raw\assets\flowersinagun.com_wp-content_uploads_2015_03_Marianne-Solivan-2-160x106.jpg__6e53a3f130.jpg,ok,31937,
flowersinagun.com/wp-content/uploads/2015/03/Marianne-Solivan-2-260x173.jpg,image,https://www.flowersinagun.com/wp-content/uploads/2015/03/Marianne-Solivan-2-260x173.jpg,20230624141225,raw\assets\flowersinagun.com_wp-content_uploads_2015_03_Marianne-Solivan-2-260x173.jpg__a73b884736.jpg,ok,38661,
flowersinagun.com/wp-content/uploads/2015/03/Marianne-Solivan-2-300x199.jpg,image,https://www.flowersinagun.com/wp-content/uploads/2015/03/Marianne-Solivan-2-300x199.jpg,20230624141226,raw\assets\flowersinagun.com_wp-content_uploads_2015_03_Marianne-Solivan-2-300x199.jpg__9d17d8cfac.jpg,ok,41691,
flowersinagun.com/wp-content/uploads/2015/03/Marianne-Solivan-2-560x373.jpg,image,https://www.flowersinagun.com/wp-content/uploads/2015/03/Marianne-Solivan-2-560x373.jpg,20230624141224,raw\assets\flowersinagun.com_wp-content_uploads_2015_03_Marianne-Solivan-2-560x373.jpg__ff998cb25b.jpg,ok,65852,
flowersinagun.com/wp-content/uploads/2015/03/Marianne-Solivan-2.jpg,image,http://www.flowersinagun.com/wp-content/uploads/2015/03/Marianne-Solivan-2.jpg,20151018175335,raw\assets\flowersinagun.com_wp-content_uploads_2015_03_Marianne-Solivan-2.jpg__3b35964e42.jpg,ok,240258,
flowersinagun.com/wp-content/uploads/2015/03/Marianne-Solivan-3-1024x682.jpg,image,http://www.flowersinagun.com/wp-content/uploads/2015/03/Marianne-Solivan-3-1024x682.jpg,20160328103948,raw\assets\flowersinagun.com_wp-content_uploads_2015_03_Marianne-Solivan-3-1024x682.jpg__122e7d113b.jpg,ok,121594,
flowersinagun.com/wp-content/uploads/2015/03/Marianne-Solivan-3-160x106.jpg,image,https://www.flowersinagun.com/wp-content/uploads/2015/03/Marianne-Solivan-3-160x106.jpg,20230624141225,raw\assets\flowersinagun.com_wp-content_uploads_2015_03_Marianne-Solivan-3-160x106.jpg__cabe0a6230.jpg,ok,27654,
flowersinagun.com/wp-content/uploads/2015/03/Marianne-Solivan-3-260x173.jpg,image,https://www.flowersinagun.com/wp-content/uploads/2015/03/Marianne-Solivan-3-260x173.jpg,20230624141225,raw\assets\flowersinagun.com_wp-content_uploads_2015_03_Marianne-Solivan-3-260x173.jpg__14afc08de1.jpg,ok,33169,
flowersinagun.com/wp-content/uploads/2015/03/Marianne-Solivan-3-300x199.jpg,image,https://www.flowersinagun.com/wp-content/uploads/2015/03/Marianne-Solivan-3-300x199.jpg,20230624141224,raw\assets\flowersinagun.com_wp-content_uploads_2015_03_Marianne-Solivan-3-300x199.jpg__56c5211cbc.jpg,ok,35571,
flowersinagun.com/wp-content/uploads/2015/03/Marianne-Solivan-3-560x373.jpg,image,https://www.flowersinagun.com/wp-content/uploads/2015/03/Marianne-Solivan-3-560x373.jpg,20230624141226,raw\assets\flowersinagun.com_wp-content_uploads_2015_03_Marianne-Solivan-3-560x373.jpg__5c8b72b220.jpg,ok,56911,
flowersinagun.com/wp-content/uploads/2015/03/Marianne-Solivan-3.jpg,image,https://www.flowersinagun.com/wp-content/uploads/2015/03/Marianne-Solivan-3.jpg,20230624141225,raw\assets\flowersinagun.com_wp-content_uploads_2015_03_Marianne-Solivan-3.jpg__3622ee3c5d.jpg,ok,258174,
flowersinagun.com/wp-content/uploads/2015/03/Marianne-Solivan-4-160x240.jpg,image,https://www.flowersinagun.com/wp-content/uploads/2015/03/Marianne-Solivan-4-160x240.jpg,20230624141225,raw\assets\flowersinagun.com_wp-content_uploads_2015_03_Marianne-Solivan-4-160x240.jpg__03a7db842b.jpg,ok,37611,
flowersinagun.com/wp-content/uploads/2015/03/Marianne-Solivan-4-200x300.jpg,image,https://www.flowersinagun.com/wp-content/uploads/2015/03/Marianne-Solivan-4-200x300.jpg,20230624141225,raw\assets\flowersinagun.com_wp-content_uploads_2015_03_Marianne-Solivan-4-200x300.jpg__de6533c317.jpg,ok,42736,
flowersinagun.com/wp-content/uploads/2015/03/Marianne-Solivan-4-260x390.jpg,image,https://www.flowersinagun.com/wp-content/uploads/2015/03/Marianne-Solivan-4-260x390.jpg,20230624141225,raw\assets\flowersinagun.com_wp-content_uploads_2015_03_Marianne-Solivan-4-260x390.jpg__00c7f3f1a8.jpg,ok,51822,
flowersinagun.com/wp-content/uploads/2015/03/Marianne-Solivan-4-560x840.jpg,image,https://www.flowersinagun.com/wp-content/uploads/2015/03/Marianne-Solivan-4-560x840.jpg,20230624141226,raw\assets\flowersinagun.com_wp-content_uploads_2015_03_Marianne-Solivan-4-560x840.jpg__d6bf000f1f.jpg,ok,124169,
flowersinagun.com/wp-content/uploads/2015/03/Marianne-Solivan-4-682x1024.jpg,image,https://www.flowersinagun.com/wp-content/uploads/2015/03/Marianne-Solivan-4-682x1024.jpg,20230624141227,raw\assets\flowersinagun.com_wp-content_uploads_2015_03_Marianne-Solivan-4-682x1024.jpg__f0375c11db.jpg,ok,171809,
flowersinagun.com/wp-content/uploads/2015/03/Marianne-Solivan-4.jpg,image,https://www.flowersinagun.com/wp-content/uploads/2015/03/Marianne-Solivan-4.jpg,20230624141226,raw\assets\flowersinagun.com_wp-content_uploads_2015_03_Marianne-Solivan-4.jpg__d08bf84802.jpg,ok,870599,
flowersinagun.com/wp-content/uploads/2015/03/Marianne-Solivan-5-1024x682.jpg,image,https://www.flowersinagun.com/wp-content/uploads/2015/03/Marianne-Solivan-5-1024x682.jpg,20230623153929,raw\assets\flowersinagun.com_wp-content_uploads_2015_03_Marianne-Solivan-5-1024x682.jpg__267d41e556.jpg,ok,180103,
flowersinagun.com/wp-content/uploads/2015/03/Marianne-Solivan-5-160x106.jpg,image,https://www.flowersinagun.com/wp-content/uploads/2015/03/Marianne-Solivan-5-160x106.jpg,20230623153928,raw\assets\flowersinagun.com_wp-content_uploads_2015_03_Marianne-Solivan-5-160x106.jpg__1559556129.jpg,ok,42598,
flowersinagun.com/wp-content/uploads/2015/03/Marianne-Solivan-5-260x173.jpg,image,https://www.flowersinagun.com/wp-content/uploads/2015/03/Marianne-Solivan-5-260x173.jpg,20230623153928,raw\assets\flowersinagun.com_wp-content_uploads_2015_03_Marianne-Solivan-5-260x173.jpg__60cc5476b4.jpg,ok,52525,
flowersinagun.com/wp-content/uploads/2015/03/Marianne-Solivan-5-300x199.jpg,image,https://www.flowersinagun.com/wp-content/uploads/2015/03/Marianne-Solivan-5-300x199.jpg,20230623153930,raw\assets\flowersinagun.com_wp-content_uploads_2015_03_Marianne-Solivan-5-300x199.jpg__2dcf517255.jpg,ok,56796,
flowersinagun.com/wp-content/uploads/2015/03/Marianne-Solivan-5-560x373.jpg,image,https://www.flowersinagun.com/wp-content/uploads/2015/03/Marianne-Solivan-5-560x373.jpg,20230623153930,raw\assets\flowersinagun.com_wp-content_uploads_2015_03_Marianne-Solivan-5-560x373.jpg__8fd2448122.jpg,ok,92811,
flowersinagun.com/wp-content/uploads/2015/03/Marianne-Solivan-5.jpg,image,https://www.flowersinagun.com/wp-content/uploads/2015/03/Marianne-Solivan-5.jpg,20230623153928,raw\assets\flowersinagun.com_wp-content_uploads_2015_03_Marianne-Solivan-5.jpg__cc3be400c9.jpg,ok,336251,
flowersinagun.com/wp-content/uploads/2015/03/Marianne-Solivan-6-1024x682.jpg,image,https://www.flowersinagun.com/wp-content/uploads/2015/03/Marianne-Solivan-6-1024x682.jpg,20230624141224,raw\assets\flowersinagun.com_wp-content_uploads_2015_03_Marianne-Solivan-6-1024x682.jpg__5c8ca9f6b2.jpg,ok,168658,
flowersinagun.com/wp-content/uploads/2015/03/Marianne-Solivan-6-160x106.jpg,image,https://www.flowersinagun.com/wp-content/uploads/2015/03/Marianne-Solivan-6-160x106.jpg,20230624141225,raw\assets\flowersinagun.com_wp-content_uploads_2015_03_Marianne-Solivan-6-160x106.jpg__d15ebb0944.jpg,ok,32945,
flowersinagun.com/wp-content/uploads/2015/03/Marianne-Solivan-6-260x173.jpg,image,https://www.flowersinagun.com/wp-content/uploads/2015/03/Marianne-Solivan-6-260x173.jpg,20230624141225,raw\assets\flowersinagun.com_wp-content_uploads_2015_03_Marianne-Solivan-6-260x173.jpg__253b87e186.jpg,ok,40107,
flowersinagun.com/wp-content/uploads/2015/03/Marianne-Solivan-6-300x199.jpg,image,https://www.flowersinagun.com/wp-content/uploads/2015/03/Marianne-Solivan-6-300x199.jpg,20230624141226,raw\assets\flowersinagun.com_wp-content_uploads_2015_03_Marianne-Solivan-6-300x199.jpg__50ef859549.jpg,ok,43162,
flowersinagun.com/wp-content/uploads/2015/03/Marianne-Solivan-6-560x373.jpg,image,https://www.flowersinagun.com/wp-content/uploads/2015/03/Marianne-Solivan-6-560x373.jpg,20230624141227,raw\assets\flowersinagun.com_wp-content_uploads_2015_03_Marianne-Solivan-6-560x373.jpg__cd8122a3cc.jpg,ok,73020,
flowersinagun.com/wp-content/uploads/2015/03/Marianne-Solivan-6.jpg,image,https://www.flowersinagun.com/wp-content/uploads/2015/03/Marianne-Solivan-6.jpg,20230624141225,raw\assets\flowersinagun.com_wp-content_uploads_2015_03_Marianne-Solivan-6.jpg__be147a6698.jpg,ok,369214,
flowersinagun.com/wp-content/uploads/2015/03/Marianne-Solivan-7-1024x682.jpg,image,https://www.flowersinagun.com/wp-content/uploads/2015/03/Marianne-Solivan-7-1024x682.jpg,20230623153928,raw\assets\flowersinagun.com_wp-content_uploads_2015_03_Marianne-Solivan-7-1024x682.jpg__b5b67eb04a.jpg,ok,145267,
flowersinagun.com/wp-content/uploads/2015/03/Marianne-Solivan-7-160x106.jpg,image,https://www.flowersinagun.com/wp-content/uploads/2015/03/Marianne-Solivan-7-160x106.jpg,20230623153928,raw\assets\flowersinagun.com_wp-content_uploads_2015_03_Marianne-Solivan-7-160x106.jpg__b9542382f3.jpg,ok,33535,
flowersinagun.com/wp-content/uploads/2015/03/Marianne-Solivan-7-260x173.jpg,image,https://www.flowersinagun.com/wp-content/uploads/2015/03/Marianne-Solivan-7-260x173.jpg,20230623153928,raw\assets\flowersinagun.com_wp-content_uploads_2015_03_Marianne-Solivan-7-260x173.jpg__edb2e15dce.jpg,ok,41065,
flowersinagun.com/wp-content/uploads/2015/03/Marianne-Solivan-7-300x199.jpg,image,https://www.flowersinagun.com/wp-content/uploads/2015/03/Marianne-Solivan-7-300x199.jpg,20230623153929,raw\assets\flowersinagun.com_wp-content_uploads_2015_03_Marianne-Solivan-7-300x199.jpg__ef5042e31d.jpg,ok,44378,
flowersinagun.com/wp-content/uploads/2015/03/Marianne-Solivan-7-560x373.jpg,image,https://www.flowersinagun.com/wp-content/uploads/2015/03/Marianne-Solivan-7-560x373.jpg,20230623153929,raw\assets\flowersinagun.com_wp-content_uploads_2015_03_Marianne-Solivan-7-560x373.jpg__c2f5ce34d7.jpg,ok,71218,
flowersinagun.com/wp-content/uploads/2015/03/Marianne-Solivan-7.jpg,image,https://www.flowersinagun.com/wp-content/uploads/2015/03/Marianne-Solivan-7.jpg,20230623153929,raw\assets\flowersinagun.com_wp-content_uploads_2015_03_Marianne-Solivan-7.jpg__a1ad91e8d2.jpg,ok,290626,
flowersinagun.com/wp-content/uploads/2015/03/Marianne-Solivan-8-1024x682.jpg,image,https://www.flowersinagun.com/wp-content/uploads/2015/03/Marianne-Solivan-8-1024x682.jpg,20230623153929,raw\assets\flowersinagun.com_wp-content_uploads_2015_03_Marianne-Solivan-8-1024x682.jpg__5ff0c4c7cc.jpg,ok,161892,
flowersinagun.com/wp-content/uploads/2015/03/Marianne-Solivan-8-160x106.jpg,image,https://www.flowersinagun.com/wp-content/uploads/2015/03/Marianne-Solivan-8-160x106.jpg,20230623153929,raw\assets\flowersinagun.com_wp-content_uploads_2015_03_Marianne-Solivan-8-160x106.jpg__4f798091c1.jpg,ok,36414,
flowersinagun.com/wp-content/uploads/2015/03/Marianne-Solivan-8-260x173.jpg,image,https://www.flowersinagun.com/wp-content/uploads/2015/03/Marianne-Solivan-8-260x173.jpg,20230623153929,raw\assets\flowersinagun.com_wp-content_uploads_2015_03_Marianne-Solivan-8-260x173.jpg__17d9e78edf.jpg,ok,44414,
flowersinagun.com/wp-content/uploads/2015/03/Marianne-Solivan-8-300x199.jpg,image,https://www.flowersinagun.com/wp-content/uploads/2015/03/Marianne-Solivan-8-300x199.jpg,20230623153929,raw\assets\flowersinagun.com_wp-content_uploads_2015_03_Marianne-Solivan-8-300x199.jpg__67103f7951.jpg,ok,47890,
flowersinagun.com/wp-content/uploads/2015/03/Marianne-Solivan-8-560x373.jpg,image,https://www.flowersinagun.com/wp-content/uploads/2015/03/Marianne-Solivan-8-560x373.jpg,20230623153929,raw\assets\flowersinagun.com_wp-content_uploads_2015_03_Marianne-Solivan-8-560x373.jpg__667d9cd266.jpg,ok,78256,
flowersinagun.com/wp-content/uploads/2015/03/Marianne-Solivan-8.jpg,image,https://www.flowersinagun.com/wp-content/uploads/2015/03/Marianne-Solivan-8.jpg,20230623153929,raw\assets\flowersinagun.com_wp-content_uploads_2015_03_Marianne-Solivan-8.jpg__29b1c8288d.jpg,ok,327130,
flowersinagun.com/wp-content/uploads/2015/03/Marianne-Solivan-9-1024x682.jpg,image,https://www.flowersinagun.com/wp-content/uploads/2015/03/Marianne-Solivan-9-1024x682.jpg,20230624141227,raw\assets\flowersinagun.com_wp-content_uploads_2015_03_Marianne-Solivan-9-1024x682.jpg__f7da10dbc4.jpg,ok,234886,
flowersinagun.com/wp-content/uploads/2015/03/Marianne-Solivan-9-160x106.jpg,image,https://www.flowersinagun.com/wp-content/uploads/2015/03/Marianne-Solivan-9-160x106.jpg,20230623153929,raw\assets\flowersinagun.com_wp-content_uploads_2015_03_Marianne-Solivan-9-160x106.jpg__9ff8dd577a.jpg,ok,38919,
flowersinagun.com/wp-content/uploads/2015/03/Marianne-Solivan-9-260x173.jpg,image,https://www.flowersinagun.com/wp-content/uploads/2015/03/Marianne-Solivan-9-260x173.jpg,20230623153929,raw\assets\flowersinagun.com_wp-content_uploads_2015_03_Marianne-Solivan-9-260x173.jpg__73053ce805.jpg,ok,48459,
flowersinagun.com/wp-content/uploads/2015/03/Marianne-Solivan-9-300x199.jpg,image,https://www.flowersinagun.com/wp-content/uploads/2015/03/Marianne-Solivan-9-300x199.jpg,20230623153930,raw\assets\flowersinagun.com_wp-content_uploads_2015_03_Marianne-Solivan-9-300x199.jpg__da6a6d4214.jpg,ok,53163,
flowersinagun.com/wp-content/uploads/2015/03/Marianne-Solivan-9-560x373.jpg,image,https://www.flowersinagun.com/wp-content/uploads/2015/03/Marianne-Solivan-9-560x373.jpg,20230623153931,raw\assets\flowersinagun.com_wp-content_uploads_2015_03_Marianne-Solivan-9-560x373.jpg__a5da21b786.jpg,ok,98397,
flowersinagun.com/wp-content/uploads/2015/03/Marianne-Solivan-9.jpg,image,https://www.flowersinagun.com/wp-content/uploads/2015/03/Marianne-Solivan-9.jpg,20230623153930,raw\assets\flowersinagun.com_wp-content_uploads_2015_03_Marianne-Solivan-9.jpg__f1f5fb8808.jpg,ok,493746,
flowersinagun.com/wp-content/uploads/2015/03/The-Stone-02-18-1-1024x682.jpg,image,http://www.flowersinagun.com/wp-content/uploads/2015/03/The-Stone-02-18-1-1024x682.jpg,20150909095311,raw\assets\flowersinagun.com_wp-content_uploads_2015_03_The-Stone-02-18-1-1024x682.jpg__bd500e7bec.jpg,ok,112856,
flowersinagun.com/wp-content/uploads/2015/03/The-Stone-02-18-1-150x150.jpg,image,https://www.flowersinagun.com/wp-content/uploads/2015/03/The-Stone-02-18-1-150x150.jpg,20230607182310,raw\assets\flowersinagun.com_wp-content_uploads_2015_03_The-Stone-02-18-1-150x150.jpg__7bb7060ed3.jpg,ok,11229,
flowersinagun.com/wp-content/uploads/2015/03/The-Stone-02-18-1-160x106.jpg,image,http://www.flowersinagun.com/wp-content/uploads/2015/03/The-Stone-02-18-1-160x106.jpg,20150619070450,raw\assets\flowersinagun.com_wp-content_uploads_2015_03_The-Stone-02-18-1-160x106.jpg__60d733be1b.jpg,ok,9727,
flowersinagun.com/wp-content/uploads/2015/03/The-Stone-02-18-1.jpg,image,http://www.flowersinagun.com/wp-content/uploads/2015/03/The-Stone-02-18-1.jpg,20150926114235,raw\assets\flowersinagun.com_wp-content_uploads_2015_03_The-Stone-02-18-1.jpg__7a235eb3b5.jpg,ok,454862,
flowersinagun.com/wp-content/uploads/2015/03/The-Stone-02-18-2-1024x682.jpg,image,http://www.flowersinagun.com/wp-content/uploads/2015/03/The-Stone-02-18-2-1024x682.jpg,20150909100807,raw\assets\flowersinagun.com_wp-content_uploads_2015_03_The-Stone-02-18-2-1024x682.jpg__06a0603491.jpg,ok,116738,
flowersinagun.com/wp-content/uploads/2015/03/The-Stone-02-18-2.jpg,image,http://www.flowersinagun.com/wp-content/uploads/2015/03/The-Stone-02-18-2.jpg,20150926123449,raw\assets\flowersinagun.com_wp-content_uploads_2015_03_The-Stone-02-18-2.jpg__ed5b799a33.jpg,ok,505261,
flowersinagun.com/wp-content/uploads/2015/03/The-Stone-02-18-3-1024x682.jpg,image,http://www.flowersinagun.com/wp-content/uploads/2015/03/The-Stone-02-18-3-1024x682.jpg,20150909123758,raw\assets\flowersinagun.com_wp-content_uploads_2015_03_The-Stone-02-18-3-1024x682.jpg__6b9ac45f9a.jpg,ok,112715,
flowersinagun.com/wp-content/uploads/2015/03/The-Stone-02-18-3.jpg,image,http://www.flowersinagun.com/wp-content/uploads/2015/03/The-Stone-02-18-3.jpg,20150926120253,raw\assets\flowersinagun.com_wp-content_uploads_2015_03_The-Stone-02-18-3.jpg__5aee30b441.jpg,ok,522332,
flowersinagun.com/wp-content/uploads/2015/03/The-Stone-02-18-6-1024x682.jpg,image,http://www.flowersinagun.com/wp-content/uploads/2015/03/The-Stone-02-18-6-1024x682.jpg,20150909105804,raw\assets\flowersinagun.com_wp-content_uploads_2015_03_The-Stone-02-18-6-1024x682.jpg__fe438ba591.jpg,ok,93743,
flowersinagun.com/wp-content/uploads/2015/03/The-Stone-02-18-6.jpg,image,http://www.flowersinagun.com/wp-content/uploads/2015/03/The-Stone-02-18-6.jpg,20150926112946,raw\assets\flowersinagun.com_wp-content_uploads_2015_03_The-Stone-02-18-6.jpg__e7100d093c.jpg,ok,409131,
flowersinagun.com/wp-content/uploads/2015/03/The-Stone-02-18-7-1024x682.jpg,image,http://www.flowersinagun.com/wp-content/uploads/2015/03/The-Stone-02-18-7-1024x682.jpg,20150909155408,raw\assets\flowersinagun.com_wp-content_uploads_2015_03_The-Stone-02-18-7-1024x682.jpg__a7cf5e4f51.jpg,ok,97695,
flowersinagun.com/wp-content/uploads/2015/03/The-Stone-02-18-7.jpg,image,http://www.flowersinagun.com/wp-content/uploads/2015/03/The-Stone-02-18-7.jpg,20150926114759,raw\assets\flowersinagun.com_wp-content_uploads_2015_03_The-Stone-02-18-7.jpg__f343ed5838.jpg,ok,389902,
flowersinagun.com/wp-content/uploads/2015/03/The-Stone-02-18-8-1024x682.jpg,image,http://www.flowersinagun.com/wp-content/uploads/2015/03/The-Stone-02-18-8-1024x682.jpg,20150909161647,raw\assets\flowersinagun.com_wp-content_uploads_2015_03_The-Stone-02-18-8-1024x682.jpg__f288c1cfa0.jpg,ok,101198,
flowersinagun.com/wp-content/uploads/2015/03/The-Stone-02-18-8.jpg,image,http://www.flowersinagun.com/wp-content/uploads/2015/03/The-Stone-02-18-8.jpg,20150926115326,raw\assets\flowersinagun.com_wp-content_uploads_2015_03_The-Stone-02-18-8.jpg__6b8af795e3.jpg,ok,464808,
flowersinagun.com/wp-content/uploads/2015/03/photo-footage-1024x610.jpg,image,https://www.flowersinagun.com/wp-content/uploads/2015/03/photo-footage-1024x610.jpg,20230623153926,raw\assets\flowersinagun.com_wp-content_uploads_2015_03_photo-footage-1024x610.jpg__960ae6cba6.jpg,ok,200645,
flowersinagun.com/wp-content/uploads/2015/03/photo-footage-150x150.jpg,image,http://www.flowersinagun.com/wp-content/uploads/2015/03/photo-footage-150x150.jpg,20150619071540,raw\assets\flowersinagun.com_wp-content_uploads_2015_03_photo-footage-150x150.jpg__905c110a3a.jpg,ok,34673,
flowersinagun.com/wp-content/uploads/2015/03/photo-footage-160x95.jpg,image,https://www.flowersinagun.com/wp-content/uploads/2015/03/photo-footage-160x95.jpg,20230623153926,raw\assets\flowersinagun.com_wp-content_uploads_2015_03_photo-footage-160x95.jpg__d6c99bddbe.jpg,ok,32744,
flowersinagun.com/wp-content/uploads/2015/03/photo-footage-260x155.jpg,image,https://www.flowersinagun.com/wp-content/uploads/2015/03/photo-footage-260x155.jpg,20230623153926,raw\assets\flowersinagun.com_wp-content_uploads_2015_03_photo-footage-260x155.jpg__d54a92cab2.jpg,ok,44751,
flowersinagun.com/wp-content/uploads/2015/03/photo-footage-300x178.jpg,image,https://www.flowersinagun.com/wp-content/uploads/2015/03/photo-footage-300x178.jpg,20230623153926,raw\assets\flowersinagun.com_wp-content_uploads_2015_03_photo-footage-300x178.jpg__626be052d7.jpg,ok,50301,
flowersinagun.com/wp-content/uploads/2015/03/photo-footage-560x334.jpg,image,https://www.flowersinagun.com/wp-content/uploads/2015/03/photo-footage-560x334.jpg,20230623153926,raw\assets\flowersinagun.com_wp-content_uploads_2015_03_photo-footage-560x334.jpg__40a61d6ec1.jpg,ok,95224,
flowersinagun.com/wp-content/uploads/2015/03/photo-footage.jpg,image,https://www.flowersinagun.com/wp-content/uploads/2015/03/photo-footage.jpg,20230623153926,raw\assets\flowersinagun.com_wp-content_uploads_2015_03_photo-footage.jpg__e6f01f92a6.jpg,ok,883608,
flowersinagun.com/wp-content/uploads/2015/04/10407896_819013564787520_177681102147259829_n-150x150.jpg,image,https://www.flowersinagun.com/wp-content/uploads/2015/04/10407896_819013564787520_177681102147259829_n-150x150.jpg,20230606042939,raw\assets\flowersinagun.com_wp-content_uploads_2015_04_10407896_819013564787520_177681102147259829_n-150x150.jpg__5e503c2ba0.jpg,ok,9460,
flowersinagun.com/wp-content/uploads/2015/04/10407896_819013564787520_177681102147259829_n-160x160.jpg,image,https://www.flowersinagun.com/wp-content/uploads/2015/04/10407896_819013564787520_177681102147259829_n-160x160.jpg,20230606042940,raw\assets\flowersinagun.com_wp-content_uploads_2015_04_10407896_819013564787520_177681102147259829_n-160x160.jpg__5480f4c1a7.jpg,ok,10253,
flowersinagun.com/wp-content/uploads/2015/04/10407896_819013564787520_177681102147259829_n-260x260.jpg,image,https://www.flowersinagun.com/wp-content/uploads/2015/04/10407896_819013564787520_177681102147259829_n-260x260.jpg,20230606042940,raw\assets\flowersinagun.com_wp-content_uploads_2015_04_10407896_819013564787520_177681102147259829_n-260x260.jpg__2ccadd7965.jpg,ok,22711,
flowersinagun.com/wp-content/uploads/2015/04/10407896_819013564787520_177681102147259829_n-300x300.jpg,image,https://www.flowersinagun.com/wp-content/uploads/2015/04/10407896_819013564787520_177681102147259829_n-300x300.jpg,20230606042940,raw\assets\flowersinagun.com_wp-content_uploads_2015_04_10407896_819013564787520_177681102147259829_n-300x300.jpg__2becc01972.jpg,ok,28502,
flowersinagun.com/wp-content/uploads/2015/04/10407896_819013564787520_177681102147259829_n-560x560.jpg,image,https://www.flowersinagun.com/wp-content/uploads/2015/04/10407896_819013564787520_177681102147259829_n-560x560.jpg,20230606042940,raw\assets\flowersinagun.com_wp-content_uploads_2015_04_10407896_819013564787520_177681102147259829_n-560x560.jpg__8e34199cb4.jpg,ok,73583,
flowersinagun.com/wp-content/uploads/2015/04/10407896_819013564787520_177681102147259829_n.jpg,image,https://www.flowersinagun.com/wp-content/uploads/2015/04/10407896_819013564787520_177681102147259829_n.jpg,20230606042940,raw\assets\flowersinagun.com_wp-content_uploads_2015_04_10407896_819013564787520_177681102147259829_n.jpg__587179d2b6.jpg,ok,47473,
flowersinagun.com/wp-content/uploads/2015/04/10468497_805522326136644_4039287094254019831_o.jpg,image,http://www.flowersinagun.com/wp-content/uploads/2015/04/10468497_805522326136644_4039287094254019831_o.jpg,20151021031241,raw\assets\flowersinagun.com_wp-content_uploads_2015_04_10468497_805522326136644_4039287094254019831_o.jpg__679b60d1f4.jpg,ok,47261,
flowersinagun.com/wp-content/uploads/2015/04/Album-cover.jpg,image,http://www.flowersinagun.com/wp-content/uploads/2015/04/Album-cover.jpg,20151021091455,raw\assets\flowersinagun.com_wp-content_uploads_2015_04_Album-cover.jpg__a83e6468ec.jpg,ok,1705259,
flowersinagun.com/wp-content/uploads/2015/04/Break-the-Silence-CD-Cover.jpg,image,http://www.flowersinagun.com/wp-content/uploads/2015/04/Break-the-Silence-CD-Cover.jpg,20150925141357,raw\assets\flowersinagun.com_wp-content_uploads_2015_04_Break-the-Silence-CD-Cover.jpg__f03b62a20b.jpg,ok,506609,
flowersinagun.com/wp-content/uploads/2015/04/G9xkvgFoepz10kXWTRQ9OEgiE7bvpNZTe1KrCTWCeN8MkBLkfVq3bNmMeB46eWQvPBiz8euFOEnD7wGqoNqMC4.jpeg,image,http://www.flowersinagun.com/wp-content/uploads/2015/04/G9xkvgFoepz10kXWTRQ9OEgiE7bvpNZTe1KrCTWCeN8MkBLkfVq3bNmMeB46eWQvPBiz8euFOEnD7wGqoNqMC4.jpeg,20150924044814,raw\assets\flowersinagun.com_wp-content_uploads_2015_04_G9xkvgFoepz10kXWTRQ9OEgiE7bvpNZTe1KrCTWCeN8MkBLkfVq3bNmMeB46eWQvPBiz8euFOEn__101e30b8d2.jpeg,ok,111224,
flowersinagun.com/wp-content/uploads/2015/04/Gustavo-de-Beauville-1.jpg,image,http://www.flowersinagun.com/wp-content/uploads/2015/04/Gustavo-de-Beauville-1.jpg,20150927011214,raw\assets\flowersinagun.com_wp-content_uploads_2015_04_Gustavo-de-Beauville-1.jpg__ae276ec9d3.jpg,ok,36812,
flowersinagun.com/wp-content/uploads/2015/04/Promo-1.jpg,image,http://www.flowersinagun.com/wp-content/uploads/2015/04/Promo-1.jpg,20150925132239,raw\assets\flowersinagun.com_wp-content_uploads_2015_04_Promo-1.jpg__4f1576deb7.jpg,ok,28796,
flowersinagun.com/wp-content/uploads/2015/04/Promo-2-150x150.jpg,image,https://www.flowersinagun.com/wp-content/uploads/2015/04/Promo-2-150x150.jpg,20230606042940,raw\assets\flowersinagun.com_wp-content_uploads_2015_04_Promo-2-150x150.jpg__5513b3e494.jpg,ok,10497,
flowersinagun.com/wp-content/uploads/2015/04/Promo-2-160x106.jpg,image,http://www.flowersinagun.com/wp-content/uploads/2015/04/Promo-2-160x106.jpg,20150619062410,raw\assets\flowersinagun.com_wp-content_uploads_2015_04_Promo-2-160x106.jpg__ce82b3dd4a.jpg,ok,8620,
flowersinagun.com/wp-content/uploads/2015/04/Promo-2.jpg,image,http://www.flowersinagun.com/wp-content/uploads/2015/04/Promo-2.jpg,20150925141939,raw\assets\flowersinagun.com_wp-content_uploads_2015_04_Promo-2.jpg__0465583216.jpg,ok,35448,
flowersinagun.com/wp-content/uploads/2015/04/Revolt-Single-Cover.jpg,image,http://www.flowersinagun.com/wp-content/uploads/2015/04/Revolt-Single-Cover.jpg,20150927000331,raw\assets\flowersinagun.com_wp-content_uploads_2015_04_Revolt-Single-Cover.jpg__08316aa43c.jpg,ok,234554,
flowersinagun.com/wp-content/uploads/2015/04/The-Unravelling-6-150x150.jpg,image,https://www.flowersinagun.com/wp-content/uploads/2015/04/The-Unravelling-6-150x150.jpg,20230606042940,raw\assets\flowersinagun.com_wp-content_uploads_2015_04_The-Unravelling-6-150x150.jpg__00c99e3e10.jpg,ok,10816,
flowersinagun.com/wp-content/uploads/2015/04/The-Unravelling-6-160x246.jpg,image,http://www.flowersinagun.com/wp-content/uploads/2015/04/The-Unravelling-6-160x246.jpg,20150619064605,raw\assets\flowersinagun.com_wp-content_uploads_2015_04_The-Unravelling-6-160x246.jpg__8421a35513.jpg,ok,17021,
flowersinagun.com/wp-content/uploads/2015/04/The-Unravelling-6.jpg,image,http://www.flowersinagun.com/wp-content/uploads/2015/04/The-Unravelling-6.jpg,20150927004455,raw\assets\flowersinagun.com_wp-content_uploads_2015_04_The-Unravelling-6.jpg__1a722b5aff.jpg,ok,55732,
flowersinagun.com/wp-content/uploads/2015/04/ian3-150x150.jpg,image,https://www.flowersinagun.com/wp-content/uploads/2015/04/ian3-150x150.jpg,20230607064201,raw\assets\flowersinagun.com_wp-content_uploads_2015_04_ian3-150x150.jpg__3811ad032e.jpg,ok,7634,
flowersinagun.com/wp-content/uploads/2015/04/ian3-160x166.jpg,image,https://www.flowersinagun.com/wp-content/uploads/2015/04/ian3-160x166.jpg,20230804075729,raw\assets\flowersinagun.com_wp-content_uploads_2015_04_ian3-160x166.jpg__dea5cc1706.jpg,ok,8785,
flowersinagun.com/wp-content/uploads/2015/04/ian3-260x271.jpg,image,https://www.flowersinagun.com/wp-content/uploads/2015/04/ian3-260x271.jpg,20230804075729,raw\assets\flowersinagun.com_wp-content_uploads_2015_04_ian3-260x271.jpg__32e1880541.jpg,ok,21384,
flowersinagun.com/wp-content/uploads/2015/04/ian3-287x300.jpg,image,https://www.flowersinagun.com/wp-content/uploads/2015/04/ian3-287x300.jpg,20230804075729,raw\assets\flowersinagun.com_wp-content_uploads_2015_04_ian3-287x300.jpg__4ad9ebf376.jpg,ok,25533,
flowersinagun.com/wp-content/uploads/2015/04/ian3.jpg,image,https://www.flowersinagun.com/wp-content/uploads/2015/04/ian3.jpg,20230804075729,raw\assets\flowersinagun.com_wp-content_uploads_2015_04_ian3.jpg__7548990fd0.jpg,ok,42595,
flowersinagun.com/wp-content/uploads/2015/04/ibV6wKpLs_wmI4HWTS6D_rfuAClf6o4VJP8JuviNjbM6Dww1BtfBOULSsviLIBWz-fR4tV7dPejRY3ElRqUu9k-150x150.jpeg,image,https://www.flowersinagun.com/wp-content/uploads/2015/04/ibV6wKpLs_wmI4HWTS6D_rfuAClf6o4VJP8JuviNjbM6Dww1BtfBOULSsviLIBWz-fR4tV7dPejRY3ElRqUu9k-150x150.jpeg,20230607064201,raw\assets\flowersinagun.com_wp-content_uploads_2015_04_ibV6wKpLs_wmI4HWTS6D_rfuAClf6o4VJP8JuviNjbM6Dww1BtfBOULSsviLIBWz-fR4tV7dPej__ee5a10dd40.jpeg,ok,6207,
flowersinagun.com/wp-content/uploads/2015/04/ibV6wKpLs_wmI4HWTS6D_rfuAClf6o4VJP8JuviNjbM6Dww1BtfBOULSsviLIBWz-fR4tV7dPejRY3ElRqUu9k-160x189.jpeg,image,http://www.flowersinagun.com/wp-content/uploads/2015/04/ibV6wKpLs_wmI4HWTS6D_rfuAClf6o4VJP8JuviNjbM6Dww1BtfBOULSsviLIBWz-fR4tV7dPejRY3ElRqUu9k-160x189.jpeg,20150619052334,raw\assets\flowersinagun.com_wp-content_uploads_2015_04_ibV6wKpLs_wmI4HWTS6D_rfuAClf6o4VJP8JuviNjbM6Dww1BtfBOULSsviLIBWz-fR4tV7dPej__fcb0d3cf15.jpeg,ok,7144,
flowersinagun.com/wp-content/uploads/2015/04/ibV6wKpLs_wmI4HWTS6D_rfuAClf6o4VJP8JuviNjbM6Dww1BtfBOULSsviLIBWz-fR4tV7dPejRY3ElRqUu9k.jpeg,image,http://www.flowersinagun.com/wp-content/uploads/2015/04/ibV6wKpLs_wmI4HWTS6D_rfuAClf6o4VJP8JuviNjbM6Dww1BtfBOULSsviLIBWz-fR4tV7dPejRY3ElRqUu9k.jpeg,20150924002142,raw\assets\flowersinagun.com_wp-content_uploads_2015_04_ibV6wKpLs_wmI4HWTS6D_rfuAClf6o4VJP8JuviNjbM6Dww1BtfBOULSsviLIBWz-fR4tV7dPej__cd612e6399.jpeg,ok,102733,
flowersinagun.com/wp-content/uploads/2015/04/j4WHqSz9qzJWpF4DvGZmLmlF3Y63ohqwy3S6SyeEG7IbLPU3wUfc2mll5HA5bXIwj-85rFrkjB-KfB4Su-dFQADSw6EMnXbf6-Xum3yX9MZyO-gWVLSTasb5GArsIhkmw.jpeg,image,http://www.flowersinagun.com/wp-content/uploads/2015/04/j4WHqSz9qzJWpF4DvGZmLmlF3Y63ohqwy3S6SyeEG7IbLPU3wUfc2mll5HA5bXIwj-85rFrkjB-KfB4Su-dFQADSw6EMnXbf6-Xum3yX9MZyO-gWVLSTasb5GArsIhkmw.jpeg,20150923224916,raw\assets\flowersinagun.com_wp-content_uploads_2015_04_j4WHqSz9qzJWpF4DvGZmLmlF3Y63ohqwy3S6SyeEG7IbLPU3wUfc2mll5HA5bXIwj-85rFrkjB-__95b1dcf1ee.jpeg,ok,113574,
flowersinagun.com/wp-content/uploads/2015/04/the_great_game-150x150.jpg,image,https://www.flowersinagun.com/wp-content/uploads/2015/04/the_great_game-150x150.jpg,20230607064201,raw\assets\flowersinagun.com_wp-content_uploads_2015_04_the_great_game-150x150.jpg__2322fbbfcd.jpg,ok,5794,
flowersinagun.com/wp-content/uploads/2015/04/the_great_game-160x173.jpg,image,https://www.flowersinagun.com/wp-content/uploads/2015/04/the_great_game-160x173.jpg,20230804075730,raw\assets\flowersinagun.com_wp-content_uploads_2015_04_the_great_game-160x173.jpg__40df185193.jpg,ok,6407,
flowersinagun.com/wp-content/uploads/2015/04/the_great_game-260x282.jpg,image,https://www.flowersinagun.com/wp-content/uploads/2015/04/the_great_game-260x282.jpg,20230804075730,raw\assets\flowersinagun.com_wp-content_uploads_2015_04_the_great_game-260x282.jpg__ac3166ed52.jpg,ok,11633,
flowersinagun.com/wp-content/uploads/2015/04/the_great_game-276x300.jpg,image,https://www.flowersinagun.com/wp-content/uploads/2015/04/the_great_game-276x300.jpg,20230804075731,raw\assets\flowersinagun.com_wp-content_uploads_2015_04_the_great_game-276x300.jpg__367077ee8a.jpg,ok,13131,
flowersinagun.com/wp-content/uploads/2015/04/the_great_game-560x607.jpg,image,https://www.flowersinagun.com/wp-content/uploads/2015/04/the_great_game-560x607.jpg,20230804075730,raw\assets\flowersinagun.com_wp-content_uploads_2015_04_the_great_game-560x607.jpg__23465a1649.jpg,ok,34497,
flowersinagun.com/wp-content/uploads/2015/04/the_great_game-943x1024.jpg,image,https://www.flowersinagun.com/wp-content/uploads/2015/04/the_great_game-943x1024.jpg,20230804075730,raw\assets\flowersinagun.com_wp-content_uploads_2015_04_the_great_game-943x1024.jpg__f079c95f31.jpg,ok,74068,
flowersinagun.com/wp-content/uploads/2015/04/the_great_game.jpg,image,http://www.flowersinagun.com/wp-content/uploads/2015/04/the_great_game.jpg,20150925072825,raw\assets\flowersinagun.com_wp-content_uploads_2015_04_the_great_game.jpg__2808ea8534.jpg,ok,191728,
flowersinagun.com/wp-content/uploads/2015/04/untitled-1-1024x682.jpg,image,https://www.flowersinagun.com/wp-content/uploads/2015/04/untitled-1-1024x682.jpg,20230804075731,raw\assets\flowersinagun.com_wp-content_uploads_2015_04_untitled-1-1024x682.jpg__1036ac6ea5.jpg,ok,72666,
flowersinagun.com/wp-content/uploads/2015/04/untitled-1-160x106.jpg,image,https://www.flowersinagun.com/wp-content/uploads/2015/04/untitled-1-160x106.jpg,20230804075731,raw\assets\flowersinagun.com_wp-content_uploads_2015_04_untitled-1-160x106.jpg__6b37f59f47.jpg,ok,8481,
flowersinagun.com/wp-content/uploads/2015/04/untitled-1-260x173.jpg,image,https://www.flowersinagun.com/wp-content/uploads/2015/04/untitled-1-260x173.jpg,20230804075731,raw\assets\flowersinagun.com_wp-content_uploads_2015_04_untitled-1-260x173.jpg__54d8530562.jpg,ok,13017,
flowersinagun.com/wp-content/uploads/2015/04/untitled-1-300x199.jpg,image,https://www.flowersinagun.com/wp-content/uploads/2015/04/untitled-1-300x199.jpg,20230804075731,raw\assets\flowersinagun.com_wp-content_uploads_2015_04_untitled-1-300x199.jpg__9d9b4591db.jpg,ok,14934,
flowersinagun.com/wp-content/uploads/2015/04/untitled-1-560x373.jpg,image,https://www.flowersinagun.com/wp-content/uploads/2015/04/untitled-1-560x373.jpg,20230804075730,raw\assets\flowersinagun.com_wp-content_uploads_2015_04_untitled-1-560x373.jpg__36d768f51f.jpg,ok,31622,
flowersinagun.com/wp-content/uploads/2015/04/untitled-1.jpg,image,https://www.flowersinagun.com/wp-content/uploads/2015/04/untitled-1.jpg,20230804075731,raw\assets\flowersinagun.com_wp-content_uploads_2015_04_untitled-1.jpg__2694c41e07.jpg,ok,319094,
flowersinagun.com/wp-content/uploads/2015/04/untitled-2-160x240.jpg,image,https://www.flowersinagun.com/wp-content/uploads/2015/04/untitled-2-160x240.jpg,20230804075731,raw\assets\flowersinagun.com_wp-content_uploads_2015_04_untitled-2-160x240.jpg__43e48bfcfe.jpg,ok,13281,
flowersinagun.com/wp-content/uploads/2015/04/untitled-2-200x300.jpg,image,https://www.flowersinagun.com/wp-content/uploads/2015/04/untitled-2-200x300.jpg,20230804075731,raw\assets\flowersinagun.com_wp-content_uploads_2015_04_untitled-2-200x300.jpg__09dde414e3.jpg,ok,17456,
flowersinagun.com/wp-content/uploads/2015/04/untitled-2-260x390.jpg,image,https://www.flowersinagun.com/wp-content/uploads/2015/04/untitled-2-260x390.jpg,20230804075731,raw\assets\flowersinagun.com_wp-content_uploads_2015_04_untitled-2-260x390.jpg__6ebe85990d.jpg,ok,24361,
flowersinagun.com/wp-content/uploads/2015/04/untitled-2-560x840.jpg,image,https://www.flowersinagun.com/wp-content/uploads/2015/04/untitled-2-560x840.jpg,20230804075731,raw\assets\flowersinagun.com_wp-content_uploads_2015_04_untitled-2-560x840.jpg__6f059d106c.jpg,ok,77564,
flowersinagun.com/wp-content/uploads/2015/04/untitled-2-682x1024.jpg,image,https://www.flowersinagun.com/wp-content/uploads/2015/04/untitled-2-682x1024.jpg,20230804075730,raw\assets\flowersinagun.com_wp-content_uploads_2015_04_untitled-2-682x1024.jpg__d944821e2e.jpg,ok,111988,
flowersinagun.com/wp-content/uploads/2015/04/untitled-2.jpg,image,https://www.flowersinagun.com/wp-content/uploads/2015/04/untitled-2.jpg,20230804075731,raw\assets\flowersinagun.com_wp-content_uploads_2015_04_untitled-2.jpg__51b5ba7a12.jpg,ok,1241381,
flowersinagun.com/wp-content/uploads/2015/04/untitled-4-1024x682.jpg,image,https://www.flowersinagun.com/wp-content/uploads/2015/04/untitled-4-1024x682.jpg,20230804075730,raw\assets\flowersinagun.com_wp-content_uploads_2015_04_untitled-4-1024x682.jpg__9cea8e1c9e.jpg,ok,109734,
flowersinagun.com/wp-content/uploads/2015/04/untitled-4-160x106.jpg,image,https://www.flowersinagun.com/wp-content/uploads/2015/04/untitled-4-160x106.jpg,20230804075730,raw\assets\flowersinagun.com_wp-content_uploads_2015_04_untitled-4-160x106.jpg__071f0b3bf2.jpg,ok,10226,
flowersinagun.com/wp-content/uploads/2015/04/untitled-4-260x173.jpg,image,https://www.flowersinagun.com/wp-content/uploads/2015/04/untitled-4-260x173.jpg,20230804075730,raw\assets\flowersinagun.com_wp-content_uploads_2015_04_untitled-4-260x173.jpg__2975cb3e41.jpg,ok,17424,
flowersinagun.com/wp-content/uploads/2015/04/untitled-4-300x199.jpg,image,https://www.flowersinagun.com/wp-content/uploads/2015/04/untitled-4-300x199.jpg,20230804075730,raw\assets\flowersinagun.com_wp-content_uploads_2015_04_untitled-4-300x199.jpg__b2257c46cf.jpg,ok,20595,
flowersinagun.com/wp-content/uploads/2015/04/untitled-4-560x373.jpg,image,https://www.flowersinagun.com/wp-content/uploads/2015/04/untitled-4-560x373.jpg,20230804075729,raw\assets\flowersinagun.com_wp-content_uploads_2015_04_untitled-4-560x373.jpg__52f9face11.jpg,ok,47118,
flowersinagun.com/wp-content/uploads/2015/04/untitled-4.jpg,image,https://www.flowersinagun.com/wp-content/uploads/2015/04/untitled-4.jpg,20230804075730,raw\assets\flowersinagun.com_wp-content_uploads_2015_04_untitled-4.jpg__a72eebb683.jpg,ok,401027,
flowersinagun.com/wp-content/uploads/2015/04/untitled-5-160x240.jpg,image,https://www.flowersinagun.com/wp-content/uploads/2015/04/untitled-5-160x240.jpg,20230804093217,raw\assets\flowersinagun.com_wp-content_uploads_2015_04_untitled-5-160x240.jpg__994b7b5899.jpg,ok,16229,
flowersinagun.com/wp-content/uploads/2015/04/untitled-5-200x300.jpg,image,https://www.flowersinagun.com/wp-content/uploads/2015/04/untitled-5-200x300.jpg,20230804075732,raw\assets\flowersinagun.com_wp-content_uploads_2015_04_untitled-5-200x300.jpg__d46f3d98d5.jpg,ok,21681,
flowersinagun.com/wp-content/uploads/2015/04/untitled-5-260x390.jpg,image,https://www.flowersinagun.com/wp-content/uploads/2015/04/untitled-5-260x390.jpg,20230804075732,raw\assets\flowersinagun.com_wp-content_uploads_2015_04_untitled-5-260x390.jpg__e67e32febd.jpg,ok,31274,
flowersinagun.com/wp-content/uploads/2015/04/untitled-5-560x840.jpg,image,https://www.flowersinagun.com/wp-content/uploads/2015/04/untitled-5-560x840.jpg,20230804075732,raw\assets\flowersinagun.com_wp-content_uploads_2015_04_untitled-5-560x840.jpg__bd606f1e34.jpg,ok,94866,
flowersinagun.com/wp-content/uploads/2015/04/untitled-5-682x1024.jpg,image,https://www.flowersinagun.com/wp-content/uploads/2015/04/untitled-5-682x1024.jpg,20230804075731,raw\assets\flowersinagun.com_wp-content_uploads_2015_04_untitled-5-682x1024.jpg__a4f8efb096.jpg,ok,128794,
flowersinagun.com/wp-content/uploads/2015/04/untitled-5.jpg,image,https://www.flowersinagun.com/wp-content/uploads/2015/04/untitled-5.jpg,20230804093217,raw\assets\flowersinagun.com_wp-content_uploads_2015_04_untitled-5.jpg__df2c0cd9ef.jpg,ok,1047381,
flowersinagun.com/wp-content/uploads/2015/04/untitled-6-1024x682.jpg,image,https://www.flowersinagun.com/wp-content/uploads/2015/04/untitled-6-1024x682.jpg,20230805190244,raw\assets\flowersinagun.com_wp-content_uploads_2015_04_untitled-6-1024x682.jpg__5b81d31771.jpg,ok,146357,
flowersinagun.com/wp-content/uploads/2015/04/untitled-6-160x106.jpg,image,https://www.flowersinagun.com/wp-content/uploads/2015/04/untitled-6-160x106.jpg,20230805190244,raw\assets\flowersinagun.com_wp-content_uploads_2015_04_untitled-6-160x106.jpg__eb26cbf0e6.jpg,ok,11013,
flowersinagun.com/wp-content/uploads/2015/04/untitled-6-260x173.jpg,image,https://www.flowersinagun.com/wp-content/uploads/2015/04/untitled-6-260x173.jpg,20230805190245,raw\assets\flowersinagun.com_wp-content_uploads_2015_04_untitled-6-260x173.jpg__56bb5f46f1.jpg,ok,19335,
flowersinagun.com/wp-content/uploads/2015/04/untitled-6-300x199.jpg,image,https://www.flowersinagun.com/wp-content/uploads/2015/04/untitled-6-300x199.jpg,20230805190245,raw\assets\flowersinagun.com_wp-content_uploads_2015_04_untitled-6-300x199.jpg__affe2a1a1e.jpg,ok,22993,
flowersinagun.com/wp-content/uploads/2015/04/untitled-6-560x373.jpg,image,https://www.flowersinagun.com/wp-content/uploads/2015/04/untitled-6-560x373.jpg,20230805190244,raw\assets\flowersinagun.com_wp-content_uploads_2015_04_untitled-6-560x373.jpg__da5956270b.jpg,ok,56998,
flowersinagun.com/wp-content/uploads/2015/04/untitled-6.jpg,image,https://www.flowersinagun.com/wp-content/uploads/2015/04/untitled-6.jpg,20230804075732,raw\assets\flowersinagun.com_wp-content_uploads_2015_04_untitled-6.jpg__f8cf03b265.jpg,ok,578430,
flowersinagun.com/wp-content/uploads/2015/04/untitled-7-1024x669.jpg,image,https://www.flowersinagun.com/wp-content/uploads/2015/04/untitled-7-1024x669.jpg,20230804075731,raw\assets\flowersinagun.com_wp-content_uploads_2015_04_untitled-7-1024x669.jpg__6d51190380.jpg,ok,84981,
flowersinagun.com/wp-content/uploads/2015/04/untitled-7-160x104.jpg,image,https://www.flowersinagun.com/wp-content/uploads/2015/04/untitled-7-160x104.jpg,20230804075733,raw\assets\flowersinagun.com_wp-content_uploads_2015_04_untitled-7-160x104.jpg__8b4b149cb9.jpg,ok,8187,
flowersinagun.com/wp-content/uploads/2015/04/untitled-7-260x170.jpg,image,https://www.flowersinagun.com/wp-content/uploads/2015/04/untitled-7-260x170.jpg,20230804075730,raw\assets\flowersinagun.com_wp-content_uploads_2015_04_untitled-7-260x170.jpg__ed9c202ffd.jpg,ok,12687,
flowersinagun.com/wp-content/uploads/2015/04/untitled-7-300x196.jpg,image,https://www.flowersinagun.com/wp-content/uploads/2015/04/untitled-7-300x196.jpg,20230804075731,raw\assets\flowersinagun.com_wp-content_uploads_2015_04_untitled-7-300x196.jpg__333c2caff3.jpg,ok,15046,
flowersinagun.com/wp-content/uploads/2015/04/untitled-7-560x366.jpg,image,https://www.flowersinagun.com/wp-content/uploads/2015/04/untitled-7-560x366.jpg,20230804075732,raw\assets\flowersinagun.com_wp-content_uploads_2015_04_untitled-7-560x366.jpg__79fd485bd0.jpg,ok,32877,
flowersinagun.com/wp-content/uploads/2015/04/untitled-7.jpg,image,https://www.flowersinagun.com/wp-content/uploads/2015/04/untitled-7.jpg,20230805190244,raw\assets\flowersinagun.com_wp-content_uploads_2015_04_untitled-7.jpg__64c725ca8f.jpg,ok,386878,
flowersinagun.com/wp-content/uploads/2015/04/untitled-8-1024x682.jpg,image,https://www.flowersinagun.com/wp-content/uploads/2015/04/untitled-8-1024x682.jpg,20230804075732,raw\assets\flowersinagun.com_wp-content_uploads_2015_04_untitled-8-1024x682.jpg__e69085dd96.jpg,ok,111187,
flowersinagun.com/wp-content/uploads/2015/04/untitled-8-150x150.jpg,image,https://www.flowersinagun.com/wp-content/uploads/2015/04/untitled-8-150x150.jpg,20230605051153,raw\assets\flowersinagun.com_wp-content_uploads_2015_04_untitled-8-150x150.jpg__c5bdc96696.jpg,ok,11385,
flowersinagun.com/wp-content/uploads/2015/04/untitled-8-160x106.jpg,image,https://www.flowersinagun.com/wp-content/uploads/2015/04/untitled-8-160x106.jpg,20230804075730,raw\assets\flowersinagun.com_wp-content_uploads_2015_04_untitled-8-160x106.jpg__f86589357f.jpg,ok,10334,
flowersinagun.com/wp-content/uploads/2015/04/untitled-8-260x173.jpg,image,https://www.flowersinagun.com/wp-content/uploads/2015/04/untitled-8-260x173.jpg,20230804075730,raw\assets\flowersinagun.com_wp-content_uploads_2015_04_untitled-8-260x173.jpg__ae8f4d790c.jpg,ok,17638,
flowersinagun.com/wp-content/uploads/2015/04/untitled-8-300x199.jpg,image,https://www.flowersinagun.com/wp-content/uploads/2015/04/untitled-8-300x199.jpg,20230804075731,raw\assets\flowersinagun.com_wp-content_uploads_2015_04_untitled-8-300x199.jpg__b66f5255df.jpg,ok,20667,
flowersinagun.com/wp-content/uploads/2015/04/untitled-8-560x373.jpg,image,https://www.flowersinagun.com/wp-content/uploads/2015/04/untitled-8-560x373.jpg,20230804075730,raw\assets\flowersinagun.com_wp-content_uploads_2015_04_untitled-8-560x373.jpg__3cdb01f157.jpg,ok,47310,
flowersinagun.com/wp-content/uploads/2015/04/untitled-8.jpg,image,https://www.flowersinagun.com/wp-content/uploads/2015/04/untitled-8.jpg,20230804075730,raw\assets\flowersinagun.com_wp-content_uploads_2015_04_untitled-8.jpg__3f7fafb3d3.jpg,ok,405446,
flowersinagun.com/wp-content/uploads/2015/04/untitled-9-1024x682.jpg,image,https://www.flowersinagun.com/wp-content/uploads/2015/04/untitled-9-1024x682.jpg,20230804093218,raw\assets\flowersinagun.com_wp-content_uploads_2015_04_untitled-9-1024x682.jpg__f0b9877be3.jpg,ok,93516,
flowersinagun.com/wp-content/uploads/2015/04/untitled-9-160x106.jpg,image,https://www.flowersinagun.com/wp-content/uploads/2015/04/untitled-9-160x106.jpg,20230804093217,raw\assets\flowersinagun.com_wp-content_uploads_2015_04_untitled-9-160x106.jpg__092239c40f.jpg,ok,9124,
flowersinagun.com/wp-content/uploads/2015/04/untitled-9-260x173.jpg,image,https://www.flowersinagun.com/wp-content/uploads/2015/04/untitled-9-260x173.jpg,20230804093218,raw\assets\flowersinagun.com_wp-content_uploads_2015_04_untitled-9-260x173.jpg__bd9c87e30e.jpg,ok,14904,
flowersinagun.com/wp-content/uploads/2015/04/untitled-9-300x199.jpg,image,https://www.flowersinagun.com/wp-content/uploads/2015/04/untitled-9-300x199.jpg,20230804093218,raw\assets\flowersinagun.com_wp-content_uploads_2015_04_untitled-9-300x199.jpg__4dcb6a315e.jpg,ok,17443,
flowersinagun.com/wp-content/uploads/2015/04/untitled-9-560x373.jpg,image,https://www.flowersinagun.com/wp-content/uploads/2015/04/untitled-9-560x373.jpg,20230804093218,raw\assets\flowersinagun.com_wp-content_uploads_2015_04_untitled-9-560x373.jpg__bee71c929b.jpg,ok,39382,
flowersinagun.com/wp-content/uploads/2015/04/untitled-9.jpg,image,https://www.flowersinagun.com/wp-content/uploads/2015/04/untitled-9.jpg,20230804093217,raw\assets\flowersinagun.com_wp-content_uploads_2015_04_untitled-9.jpg__d7384349c4.jpg,ok,353845,
flowersinagun.com/wp-content/uploads/2015/05/Vijay-Iyer-1-2-1024x682.jpg,image,http://www.flowersinagun.com/wp-content/uploads/2015/05/Vijay-Iyer-1-2-1024x682.jpg,20150922034357,raw\assets\flowersinagun.com_wp-content_uploads_2015_05_Vijay-Iyer-1-2-1024x682.jpg__98c72c4e87.jpg,ok,100282,
flowersinagun.com/wp-content/uploads/2015/05/Vijay-Iyer-1-2.jpg,image,http://www.flowersinagun.com/wp-content/uploads/2015/05/Vijay-Iyer-1-2.jpg,20151203010400,raw\assets\flowersinagun.com_wp-content_uploads_2015_05_Vijay-Iyer-1-2.jpg__4d57a35fd1.jpg,ok,9030915,
flowersinagun.com/wp-content/uploads/2015/05/Vijay-Iyer-2-1024x682.jpg,image,http://www.flowersinagun.com/wp-content/uploads/2015/05/Vijay-Iyer-2-1024x682.jpg,20150922035919,raw\assets\flowersinagun.com_wp-content_uploads_2015_05_Vijay-Iyer-2-1024x682.jpg__d9c0b1b563.jpg,ok,122300,
flowersinagun.com/wp-content/uploads/2015/05/Vijay-Iyer-2.jpg,image,https://www.flowersinagun.com/wp-content/uploads/2015/05/Vijay-Iyer-2.jpg,20231115173816,raw\assets\flowersinagun.com_wp-content_uploads_2015_05_Vijay-Iyer-2.jpg__de4eac52a1.jpg,ok,8103355,
flowersinagun.com/wp-content/uploads/2015/05/Vijay-Iyer-3-1024x682.jpg,image,http://www.flowersinagun.com/wp-content/uploads/2015/05/Vijay-Iyer-3-1024x682.jpg,20150922031825,raw\assets\flowersinagun.com_wp-content_uploads_2015_05_Vijay-Iyer-3-1024x682.jpg__62addfb3b2.jpg,ok,93514,
flowersinagun.com/wp-content/uploads/2015/05/Vijay-Iyer-3.jpg,image,http://www.flowersinagun.com/wp-content/uploads/2015/05/Vijay-Iyer-3.jpg,20151203004607,raw\assets\flowersinagun.com_wp-content_uploads_2015_05_Vijay-Iyer-3.jpg__ade89b2f5a.jpg,ok,8344308,
flowersinagun.com/wp-content/uploads/2015/05/Vijay-Iyer-4-150x150.jpg,image,https://www.flowersinagun.com/wp-content/uploads/2015/05/Vijay-Iyer-4-150x150.jpg,20230605051153,raw\assets\flowersinagun.com_wp-content_uploads_2015_05_Vijay-Iyer-4-150x150.jpg__53cdf28618.jpg,ok,10878,
flowersinagun.com/wp-content/uploads/2015/05/Vijay-Iyer-4-160x106.jpg,image,http://www.flowersinagun.com/wp-content/uploads/2015/05/Vijay-Iyer-4-160x106.jpg,20150716082310,raw\assets\flowersinagun.com_wp-content_uploads_2015_05_Vijay-Iyer-4-160x106.jpg__a7487aa601.jpg,ok,9142,
flowersinagun.com/wp-content/uploads/2015/05/Vijay-Iyer-4-260x173.jpg,image,http://www.flowersinagun.com/wp-content/uploads/2015/05/Vijay-Iyer-4-260x173.jpg,20150619052051,raw\assets\flowersinagun.com_wp-content_uploads_2015_05_Vijay-Iyer-4-260x173.jpg__689d1de2fa.jpg,ok,15242,
flowersinagun.com/wp-content/uploads/2015/05/Vijay-Iyer-4.jpg,image,http://www.flowersinagun.com/wp-content/uploads/2015/05/Vijay-Iyer-4.jpg,20151202234532,raw\assets\flowersinagun.com_wp-content_uploads_2015_05_Vijay-Iyer-4.jpg__4ed5e9c716.jpg,ok,7681560,
flowersinagun.com/wp-content/uploads/2015/06/11180609_844000045647922_3423018817070525258_n-150x150.jpg,image,http://www.flowersinagun.com/wp-content/uploads/2015/06/11180609_844000045647922_3423018817070525258_n-150x150.jpg,20160417204605,raw\assets\flowersinagun.com_wp-content_uploads_2015_06_11180609_844000045647922_3423018817070525258_n-150x150.jpg__8b85643aaf.jpg,ok,7133,
flowersinagun.com/wp-content/uploads/2015/06/11180609_844000045647922_3423018817070525258_n-160x160.jpg,image,https://www.flowersinagun.com/wp-content/uploads/2015/06/11180609_844000045647922_3423018817070525258_n-160x160.jpg,20230605072258,raw\assets\flowersinagun.com_wp-content_uploads_2015_06_11180609_844000045647922_3423018817070525258_n-160x160.jpg__33ab065e0c.jpg,ok,7653,
flowersinagun.com/wp-content/uploads/2015/06/11180609_844000045647922_3423018817070525258_n-260x260.jpg,image,https://www.flowersinagun.com/wp-content/uploads/2015/06/11180609_844000045647922_3423018817070525258_n-260x260.jpg,20230605072258,raw\assets\flowersinagun.com_wp-content_uploads_2015_06_11180609_844000045647922_3423018817070525258_n-260x260.jpg__e1dcd353a8.jpg,ok,15897,
flowersinagun.com/wp-content/uploads/2015/06/11180609_844000045647922_3423018817070525258_n-300x300.jpg,image,https://www.flowersinagun.com/wp-content/uploads/2015/06/11180609_844000045647922_3423018817070525258_n-300x300.jpg,20230605072258,raw\assets\flowersinagun.com_wp-content_uploads_2015_06_11180609_844000045647922_3423018817070525258_n-300x300.jpg__a2587d442f.jpg,ok,20106,
flowersinagun.com/wp-content/uploads/2015/06/11180609_844000045647922_3423018817070525258_n-560x560.jpg,image,https://www.flowersinagun.com/wp-content/uploads/2015/06/11180609_844000045647922_3423018817070525258_n-560x560.jpg,20230605072259,raw\assets\flowersinagun.com_wp-content_uploads_2015_06_11180609_844000045647922_3423018817070525258_n-560x560.jpg__e7f9d83561.jpg,ok,55702,
flowersinagun.com/wp-content/uploads/2015/06/11180609_844000045647922_3423018817070525258_n.jpg,image,https://www.flowersinagun.com/wp-content/uploads/2015/06/11180609_844000045647922_3423018817070525258_n.jpg,20230606052949,raw\assets\flowersinagun.com_wp-content_uploads_2015_06_11180609_844000045647922_3423018817070525258_n.jpg__fc5c1e471e.jpg,ok,59581,
flowersinagun.com/wp-content/uploads/2015/06/IMG_00231-150x150.jpg,image,https://www.flowersinagun.com/wp-content/uploads/2015/06/IMG_00231-150x150.jpg,20230606052949,raw\assets\flowersinagun.com_wp-content_uploads_2015_06_IMG_00231-150x150.jpg__3e198931e6.jpg,ok,32335,
flowersinagun.com/wp-content/uploads/2015/06/IMG_00231-160x106.jpg,image,http://www.flowersinagun.com/wp-content/uploads/2015/06/IMG_00231-160x106.jpg,20150716063821,raw\assets\flowersinagun.com_wp-content_uploads_2015_06_IMG_00231-160x106.jpg__12d6e82372.jpg,ok,31125,
flowersinagun.com/wp-content/uploads/2015/06/IMG_00231-560x373.jpg,image,http://www.flowersinagun.com/wp-content/uploads/2015/06/IMG_00231-560x373.jpg,20150619045616,raw\assets\flowersinagun.com_wp-content_uploads_2015_06_IMG_00231-560x373.jpg__431f35c536.jpg,ok,58612,
flowersinagun.com/wp-content/uploads/2015/06/untitled-3-150x150.jpg,image,https://www.flowersinagun.com/wp-content/uploads/2015/06/untitled-3-150x150.jpg,20230605051153,raw\assets\flowersinagun.com_wp-content_uploads_2015_06_untitled-3-150x150.jpg__c416f0c45f.jpg,ok,35878,
flowersinagun.com/wp-content/uploads/2015/06/untitled-3-260x173.jpg,image,http://www.flowersinagun.com/wp-content/uploads/2015/06/untitled-3-260x173.jpg,20150716072814,raw\assets\flowersinagun.com_wp-content_uploads_2015_06_untitled-3-260x173.jpg__1f2a2c8512.jpg,ok,41478,
flowersinagun.com/wp-content/uploads/2015/07/Farrah-Burns-8-150x150.jpg,image,https://www.flowersinagun.com/wp-content/uploads/2015/07/Farrah-Burns-8-150x150.jpg,20230605060122,raw\assets\flowersinagun.com_wp-content_uploads_2015_07_Farrah-Burns-8-150x150.jpg__6f13fa2633.jpg,ok,31174,
flowersinagun.com/wp-content/uploads/2015/07/Farrah-Burns-8-160x106.jpg,image,http://www.flowersinagun.com/wp-content/uploads/2015/07/Farrah-Burns-8-160x106.jpg,20150929083703,raw\assets\flowersinagun.com_wp-content_uploads_2015_07_Farrah-Burns-8-160x106.jpg__ba3bb5d87a.jpg,ok,29841,
flowersinagun.com/wp-content/uploads/2015/07/Farrah-Burns-8-260x173.jpg,image,http://www.flowersinagun.com/wp-content/uploads/2015/07/Farrah-Burns-8-260x173.jpg,20150716101637,raw\assets\flowersinagun.com_wp-content_uploads_2015_07_Farrah-Burns-8-260x173.jpg__4bde1da587.jpg,ok,36303,
flowersinagun.com/wp-content/uploads/2015/07/IMG_0036-150x150.jpg,image,https://www.flowersinagun.com/wp-content/uploads/2015/07/IMG_0036-150x150.jpg,20230605060121,raw\assets\flowersinagun.com_wp-content_uploads_2015_07_IMG_0036-150x150.jpg__5654d49e01.jpg,ok,35155,
flowersinagun.com/wp-content/uploads/2015/07/IMG_0036-160x106.jpg,image,http://www.flowersinagun.com/wp-content/uploads/2015/07/IMG_0036-160x106.jpg,20150929084432,raw\assets\flowersinagun.com_wp-content_uploads_2015_07_IMG_0036-160x106.jpg__954e0d8b64.jpg,ok,33262,
flowersinagun.com/wp-content/uploads/2015/07/unnamed-4-150x150.jpg,image,https://www.flowersinagun.com/wp-content/uploads/2015/07/unnamed-4-150x150.jpg,20230605060122,raw\assets\flowersinagun.com_wp-content_uploads_2015_07_unnamed-4-150x150.jpg__6dec118465.jpg,ok,8023,
flowersinagun.com/wp-content/uploads/2015/07/unnamed-4-160x239.jpg,image,http://www.flowersinagun.com/wp-content/uploads/2015/07/unnamed-4-160x239.jpg,20150929083745,raw\assets\flowersinagun.com_wp-content_uploads_2015_07_unnamed-4-160x239.jpg__57f4dbb9be.jpg,ok,11875,
flowersinagun.com/wp-content/uploads/2015/07/unnamed-4.jpg,image,http://www.flowersinagun.com/wp-content/uploads/2015/07/unnamed-4.jpg,20150716070311,raw\assets\flowersinagun.com_wp-content_uploads_2015_07_unnamed-4.jpg__a9c2c67313.jpg,ok,16759,
flowersinagun.com/wp-content/uploads/2015/08/10308267_1573325712953501_6405600779301898192_n-150x150.jpg,image,https://www.flowersinagun.com/wp-content/uploads/2015/08/10308267_1573325712953501_6405600779301898192_n-150x150.jpg,20230608093535,raw\assets\flowersinagun.com_wp-content_uploads_2015_08_10308267_1573325712953501_6405600779301898192_n-150x150.jpg__1d97bcb4dc.jpg,ok,10120,
flowersinagun.com/wp-content/uploads/2015/08/10308267_1573325712953501_6405600779301898192_n-160x160.jpg,image,https://www.flowersinagun.com/wp-content/uploads/2015/08/10308267_1573325712953501_6405600779301898192_n-160x160.jpg,20230607230124,raw\assets\flowersinagun.com_wp-content_uploads_2015_08_10308267_1573325712953501_6405600779301898192_n-160x160.jpg__7aef9ef5e9.jpg,ok,10826,
flowersinagun.com/wp-content/uploads/2015/08/10308267_1573325712953501_6405600779301898192_n-260x260.jpg,image,https://www.flowersinagun.com/wp-content/uploads/2015/08/10308267_1573325712953501_6405600779301898192_n-260x260.jpg,20230607230124,raw\assets\flowersinagun.com_wp-content_uploads_2015_08_10308267_1573325712953501_6405600779301898192_n-260x260.jpg__cef003ee24.jpg,ok,21164,
flowersinagun.com/wp-content/uploads/2015/08/10308267_1573325712953501_6405600779301898192_n-300x300.jpg,image,https://www.flowersinagun.com/wp-content/uploads/2015/08/10308267_1573325712953501_6405600779301898192_n-300x300.jpg,20230608093535,raw\assets\flowersinagun.com_wp-content_uploads_2015_08_10308267_1573325712953501_6405600779301898192_n-300x300.jpg__a91073b11c.jpg,ok,26096,
flowersinagun.com/wp-content/uploads/2015/08/10308267_1573325712953501_6405600779301898192_n-560x560.jpg,image,https://www.flowersinagun.com/wp-content/uploads/2015/08/10308267_1573325712953501_6405600779301898192_n-560x560.jpg,20230607195506,raw\assets\flowersinagun.com_wp-content_uploads_2015_08_10308267_1573325712953501_6405600779301898192_n-560x560.jpg__4d4e693db3.jpg,ok,67878,
flowersinagun.com/wp-content/uploads/2015/08/10308267_1573325712953501_6405600779301898192_n.jpg,image,https://www.flowersinagun.com/wp-content/uploads/2015/08/10308267_1573325712953501_6405600779301898192_n.jpg,20230607230124,raw\assets\flowersinagun.com_wp-content_uploads_2015_08_10308267_1573325712953501_6405600779301898192_n.jpg__fee1394671.jpg,ok,95642,
flowersinagun.com/wp-content/uploads/2015/08/IMG_5072-150x150.jpg,image,https://www.flowersinagun.com/wp-content/uploads/2015/08/IMG_5072-150x150.jpg,20230607195506,raw\assets\flowersinagun.com_wp-content_uploads_2015_08_IMG_5072-150x150.jpg__f5554e5b74.jpg,ok,40104,
flowersinagun.com/wp-content/uploads/2015/08/IMG_5072-160x106.jpg,image,http://www.flowersinagun.com/wp-content/uploads/2015/08/IMG_5072-160x106.jpg,20150929083224,raw\assets\flowersinagun.com_wp-content_uploads_2015_08_IMG_5072-160x106.jpg__18ef386a5e.jpg,ok,37009,
flowersinagun.com/wp-content/uploads/2015/08/IMG_5229-150x150.jpg,image,https://www.flowersinagun.com/wp-content/uploads/2015/08/IMG_5229-150x150.jpg,20230607195506,raw\assets\flowersinagun.com_wp-content_uploads_2015_08_IMG_5229-150x150.jpg__81fcc7e3a7.jpg,ok,32938,
flowersinagun.com/wp-content/uploads/2015/08/IMG_5229-260x173.jpg,image,http://www.flowersinagun.com/wp-content/uploads/2015/08/IMG_5229-260x173.jpg,20150929083830,raw\assets\flowersinagun.com_wp-content_uploads_2015_08_IMG_5229-260x173.jpg__ef2bdd389f.jpg,ok,37076,
flowersinagun.com/wp-content/uploads/2015/08/Santa-Semeli-7-150x150.jpg,image,http://www.flowersinagun.com/wp-content/uploads/2015/08/Santa-Semeli-7-150x150.jpg,20160417070412,raw\assets\flowersinagun.com_wp-content_uploads_2015_08_Santa-Semeli-7-150x150.jpg__f4af690cde.jpg,ok,11203,
flowersinagun.com/wp-content/uploads/2015/08/Santa-Semeli-7-160x106.jpg,image,http://www.flowersinagun.com/wp-content/uploads/2015/08/Santa-Semeli-7-160x106.jpg,20150930055330,raw\assets\flowersinagun.com_wp-content_uploads_2015_08_Santa-Semeli-7-160x106.jpg__e8ecaac9ae.jpg,ok,9785,
flowersinagun.com/wp-content/uploads/2015/08/Sister-1-150x150.jpg,image,http://www.flowersinagun.com/wp-content/uploads/2015/08/Sister-1-150x150.jpg,20160417080602,raw\assets\flowersinagun.com_wp-content_uploads_2015_08_Sister-1-150x150.jpg__0ef541056b.jpg,ok,58877,
flowersinagun.com/wp-content/uploads/2015/08/Sister-1-160x106.jpg,image,http://www.flowersinagun.com/wp-content/uploads/2015/08/Sister-1-160x106.jpg,20150929083738,raw\assets\flowersinagun.com_wp-content_uploads_2015_08_Sister-1-160x106.jpg__665355ad3a.jpg,ok,56858,
flowersinagun.com/wp-content/uploads/2015/08/Vowws-5-150x150.jpg,image,https://www.flowersinagun.com/wp-content/uploads/2015/08/Vowws-5-150x150.jpg,20230605051143,raw\assets\flowersinagun.com_wp-content_uploads_2015_08_Vowws-5-150x150.jpg__36689d06ab.jpg,ok,9994,
flowersinagun.com/wp-content/uploads/2015/10/IMG_8915-150x150.jpg,image,https://www.flowersinagun.com/wp-content/uploads/2015/10/IMG_8915-150x150.jpg,20230606041513,raw\assets\flowersinagun.com_wp-content_uploads_2015_10_IMG_8915-150x150.jpg__f3f499ce5c.jpg,ok,29386,
flowersinagun.com/wp-content/uploads/2015/11/12201030_10204338444484618_924376874_n-150x150.jpg,image,https://www.flowersinagun.com/wp-content/uploads/2015/11/12201030_10204338444484618_924376874_n-150x150.jpg,20230605133844,raw\assets\flowersinagun.com_wp-content_uploads_2015_11_12201030_10204338444484618_924376874_n-150x150.jpg__239857e29b.jpg,ok,7387,
flowersinagun.com/wp-content/uploads/2015/11/12242188_10154119502024879_763873612_n-150x150.jpg,image,https://www.flowersinagun.com/wp-content/uploads/2015/11/12242188_10154119502024879_763873612_n-150x150.jpg,20230605133846,raw\assets\flowersinagun.com_wp-content_uploads_2015_11_12242188_10154119502024879_763873612_n-150x150.jpg__ddb9e2d45f.jpg,ok,10487,
flowersinagun.com/wp-content/uploads/2015/11/IMG_9396-150x150.jpg,image,https://www.flowersinagun.com/wp-content/uploads/2015/11/IMG_9396-150x150.jpg,20230605133843,raw\assets\flowersinagun.com_wp-content_uploads_2015_11_IMG_9396-150x150.jpg__697dc06377.jpg,ok,29495,
flowersinagun.com/wp-content/uploads/2015/11/IMG_9472-150x150.jpg,image,https://www.flowersinagun.com/wp-content/uploads/2015/11/IMG_9472-150x150.jpg,20230605064554,raw\assets\flowersinagun.com_wp-content_uploads_2015_11_IMG_9472-150x150.jpg__02e1d9ea5f.jpg,ok,33101,
flowersinagun.com/wp-content/uploads/2015/11/lgXb8jOZSyXtXRlfazvCoXe7zb2-Nk0tFoXy6GPXMa4-150x150.jpeg,image,https://www.flowersinagun.com/wp-content/uploads/2015/11/lgXb8jOZSyXtXRlfazvCoXe7zb2-Nk0tFoXy6GPXMa4-150x150.jpeg,20230605133846,raw\assets\flowersinagun.com_wp-content_uploads_2015_11_lgXb8jOZSyXtXRlfazvCoXe7zb2-Nk0tFoXy6GPXMa4-150x150.jpeg__8cd57b18c7.jpeg,ok,7798,
flowersinagun.com/wp-content/uploads/2015/11/lgXb8jOZSyXtXRlfazvCoXe7zb2-Nk0tFoXy6GPXMa4-160x160.jpeg,image,https://www.flowersinagun.com/wp-content/uploads/2015/11/lgXb8jOZSyXtXRlfazvCoXe7zb2-Nk0tFoXy6GPXMa4-160x160.jpeg,,,failed:http_404,0,
flowersinagun.com/wp-content/uploads/2015/11/lgXb8jOZSyXtXRlfazvCoXe7zb2-Nk0tFoXy6GPXMa4-260x260.jpeg,image,https://www.flowersinagun.com/wp-content/uploads/2015/11/lgXb8jOZSyXtXRlfazvCoXe7zb2-Nk0tFoXy6GPXMa4-260x260.jpeg,20230607223341,raw\assets\flowersinagun.com_wp-content_uploads_2015_11_lgXb8jOZSyXtXRlfazvCoXe7zb2-Nk0tFoXy6GPXMa4-260x260.jpeg__400da8cd17.jpeg,ok,19404,
flowersinagun.com/wp-content/uploads/2015/11/lgXb8jOZSyXtXRlfazvCoXe7zb2-Nk0tFoXy6GPXMa4-300x300.jpeg,image,https://www.flowersinagun.com/wp-content/uploads/2015/11/lgXb8jOZSyXtXRlfazvCoXe7zb2-Nk0tFoXy6GPXMa4-300x300.jpeg,20230607223341,raw\assets\flowersinagun.com_wp-content_uploads_2015_11_lgXb8jOZSyXtXRlfazvCoXe7zb2-Nk0tFoXy6GPXMa4-300x300.jpeg__6e27170655.jpeg,ok,24494,
flowersinagun.com/wp-content/uploads/2015/11/lgXb8jOZSyXtXRlfazvCoXe7zb2-Nk0tFoXy6GPXMa4-560x560.jpeg,image,https://www.flowersinagun.com/wp-content/uploads/2015/11/lgXb8jOZSyXtXRlfazvCoXe7zb2-Nk0tFoXy6GPXMa4-560x560.jpeg,,,failed:http_404,0,
flowersinagun.com/wp-content/uploads/2015/11/lgXb8jOZSyXtXRlfazvCoXe7zb2-Nk0tFoXy6GPXMa4.jpeg,image,https://www.flowersinagun.com/wp-content/uploads/2015/11/lgXb8jOZSyXtXRlfazvCoXe7zb2-Nk0tFoXy6GPXMa4.jpeg,20230607223341,raw\assets\flowersinagun.com_wp-content_uploads_2015_11_lgXb8jOZSyXtXRlfazvCoXe7zb2-Nk0tFoXy6GPXMa4.jpeg__d36827bc55.jpeg,ok,61790,
flowersinagun.com/wp-content/uploads/2015/12/10004011_776449819126837_8205037339175760566_n-150x150.jpg,image,https://www.flowersinagun.com/wp-content/uploads/2015/12/10004011_776449819126837_8205037339175760566_n-150x150.jpg,20230605064553,raw\assets\flowersinagun.com_wp-content_uploads_2015_12_10004011_776449819126837_8205037339175760566_n-150x150.jpg__5c7c3d861c.jpg,ok,15467,
flowersinagun.com/wp-content/uploads/2015/12/12191177_653998078075191_6830364904208826193_o-1024x679.jpg,image,https://www.flowersinagun.com/wp-content/uploads/2015/12/12191177_653998078075191_6830364904208826193_o-1024x679.jpg,20210308002606,raw\assets\flowersinagun.com_wp-content_uploads_2015_12_12191177_653998078075191_6830364904208826193_o-1024x679.jpg__64bb27ec48.jpg,ok,143676,
flowersinagun.com/wp-content/uploads/2015/12/12191177_653998078075191_6830364904208826193_o-150x150.jpg,image,https://www.flowersinagun.com/wp-content/uploads/2015/12/12191177_653998078075191_6830364904208826193_o-150x150.jpg,20230605064554,raw\assets\flowersinagun.com_wp-content_uploads_2015_12_12191177_653998078075191_6830364904208826193_o-150x150.jpg__9d744360fe.jpg,ok,11546,
flowersinagun.com/wp-content/uploads/2015/12/12191177_653998078075191_6830364904208826193_o-160x106.jpg,image,https://www.flowersinagun.com/wp-content/uploads/2015/12/12191177_653998078075191_6830364904208826193_o-160x106.jpg,20210308002617,raw\assets\flowersinagun.com_wp-content_uploads_2015_12_12191177_653998078075191_6830364904208826193_o-160x106.jpg__ca1f97034a.jpg,ok,9828,
flowersinagun.com/wp-content/uploads/2015/12/12191177_653998078075191_6830364904208826193_o-260x172.jpg,image,https://www.flowersinagun.com/wp-content/uploads/2015/12/12191177_653998078075191_6830364904208826193_o-260x172.jpg,20210308002618,raw\assets\flowersinagun.com_wp-content_uploads_2015_12_12191177_653998078075191_6830364904208826193_o-260x172.jpg__ceacdf56c1.jpg,ok,17763,
flowersinagun.com/wp-content/uploads/2015/12/12191177_653998078075191_6830364904208826193_o-300x199.jpg,image,https://www.flowersinagun.com/wp-content/uploads/2015/12/12191177_653998078075191_6830364904208826193_o-300x199.jpg,20210308002615,raw\assets\flowersinagun.com_wp-content_uploads_2015_12_12191177_653998078075191_6830364904208826193_o-300x199.jpg__51e36cd6d7.jpg,ok,21405,
flowersinagun.com/wp-content/uploads/2015/12/12191177_653998078075191_6830364904208826193_o-560x371.jpg,image,https://www.flowersinagun.com/wp-content/uploads/2015/12/12191177_653998078075191_6830364904208826193_o-560x371.jpg,20210308002609,raw\assets\flowersinagun.com_wp-content_uploads_2015_12_12191177_653998078075191_6830364904208826193_o-560x371.jpg__c8d568d3c7.jpg,ok,53392,
flowersinagun.com/wp-content/uploads/2015/12/12191177_653998078075191_6830364904208826193_o.jpg,image,https://www.flowersinagun.com/wp-content/uploads/2015/12/12191177_653998078075191_6830364904208826193_o.jpg,20210308002613,raw\assets\flowersinagun.com_wp-content_uploads_2015_12_12191177_653998078075191_6830364904208826193_o.jpg__c55b3e8fed.jpg,ok,297371,
flowersinagun.com/wp-content/uploads/2015/12/12314301_653997971408535_3324849828895952567_o-1024x679.jpg,image,https://www.flowersinagun.com/wp-content/uploads/2015/12/12314301_653997971408535_3324849828895952567_o-1024x679.jpg,20210308002613,raw\assets\flowersinagun.com_wp-content_uploads_2015_12_12314301_653997971408535_3324849828895952567_o-1024x679.jpg__82488c1e06.jpg,ok,169107,
flowersinagun.com/wp-content/uploads/2015/12/12314301_653997971408535_3324849828895952567_o-160x106.jpg,image,https://www.flowersinagun.com/wp-content/uploads/2015/12/12314301_653997971408535_3324849828895952567_o-160x106.jpg,20210308002605,raw\assets\flowersinagun.com_wp-content_uploads_2015_12_12314301_653997971408535_3324849828895952567_o-160x106.jpg__8698b24669.jpg,ok,10805,
flowersinagun.com/wp-content/uploads/2015/12/12314301_653997971408535_3324849828895952567_o-260x172.jpg,image,https://www.flowersinagun.com/wp-content/uploads/2015/12/12314301_653997971408535_3324849828895952567_o-260x172.jpg,20210308002610,raw\assets\flowersinagun.com_wp-content_uploads_2015_12_12314301_653997971408535_3324849828895952567_o-260x172.jpg__eb7440b830.jpg,ok,19760,
flowersinagun.com/wp-content/uploads/2015/12/12314301_653997971408535_3324849828895952567_o-300x199.jpg,image,https://www.flowersinagun.com/wp-content/uploads/2015/12/12314301_653997971408535_3324849828895952567_o-300x199.jpg,20210308002618,raw\assets\flowersinagun.com_wp-content_uploads_2015_12_12314301_653997971408535_3324849828895952567_o-300x199.jpg__1c5502a683.jpg,ok,23888,
flowersinagun.com/wp-content/uploads/2015/12/12314301_653997971408535_3324849828895952567_o-560x371.jpg,image,https://www.flowersinagun.com/wp-content/uploads/2015/12/12314301_653997971408535_3324849828895952567_o-560x371.jpg,20210308002609,raw\assets\flowersinagun.com_wp-content_uploads_2015_12_12314301_653997971408535_3324849828895952567_o-560x371.jpg__184a2bd4ff.jpg,ok,62236,
flowersinagun.com/wp-content/uploads/2015/12/12314301_653997971408535_3324849828895952567_o.jpg,image,https://www.flowersinagun.com/wp-content/uploads/2015/12/12314301_653997971408535_3324849828895952567_o.jpg,20210308002618,raw\assets\flowersinagun.com_wp-content_uploads_2015_12_12314301_653997971408535_3324849828895952567_o.jpg__a6bd1dc85c.jpg,ok,342859,
flowersinagun.com/wp-content/uploads/2015/12/12316476_653998128075186_5838042489492345591_n-160x223.jpg,image,https://www.flowersinagun.com/wp-content/uploads/2015/12/12316476_653998128075186_5838042489492345591_n-160x223.jpg,20210308002615,raw\assets\flowersinagun.com_wp-content_uploads_2015_12_12316476_653998128075186_5838042489492345591_n-160x223.jpg__a7833aecd7.jpg,ok,17811,
flowersinagun.com/wp-content/uploads/2015/12/12316476_653998128075186_5838042489492345591_n-215x300.jpg,image,https://www.flowersinagun.com/wp-content/uploads/2015/12/12316476_653998128075186_5838042489492345591_n-215x300.jpg,20210308002604,raw\assets\flowersinagun.com_wp-content_uploads_2015_12_12316476_653998128075186_5838042489492345591_n-215x300.jpg__393b0ff06b.jpg,ok,27739,
flowersinagun.com/wp-content/uploads/2015/12/12316476_653998128075186_5838042489492345591_n-260x363.jpg,image,https://www.flowersinagun.com/wp-content/uploads/2015/12/12316476_653998128075186_5838042489492345591_n-260x363.jpg,20210308002605,raw\assets\flowersinagun.com_wp-content_uploads_2015_12_12316476_653998128075186_5838042489492345591_n-260x363.jpg__f41831be52.jpg,ok,36958,
flowersinagun.com/wp-content/uploads/2015/12/12316476_653998128075186_5838042489492345591_n-560x781.jpg,image,https://www.flowersinagun.com/wp-content/uploads/2015/12/12316476_653998128075186_5838042489492345591_n-560x781.jpg,20210308002602,raw\assets\flowersinagun.com_wp-content_uploads_2015_12_12316476_653998128075186_5838042489492345591_n-560x781.jpg__00826a1a44.jpg,ok,119489,
flowersinagun.com/wp-content/uploads/2015/12/12316476_653998128075186_5838042489492345591_n.jpg,image,https://www.flowersinagun.com/wp-content/uploads/2015/12/12316476_653998128075186_5838042489492345591_n.jpg,20210308002610,raw\assets\flowersinagun.com_wp-content_uploads_2015_12_12316476_653998128075186_5838042489492345591_n.jpg__69bc06e882.jpg,ok,112453,
flowersinagun.com/wp-content/uploads/2015/12/12322407_653998404741825_6932108108015544108_o-1024x679.jpg,image,https://www.flowersinagun.com/wp-content/uploads/2015/12/12322407_653998404741825_6932108108015544108_o-1024x679.jpg,20210308002617,raw\assets\flowersinagun.com_wp-content_uploads_2015_12_12322407_653998404741825_6932108108015544108_o-1024x679.jpg__593b907f77.jpg,ok,153512,
flowersinagun.com/wp-content/uploads/2015/12/12322407_653998404741825_6932108108015544108_o-160x106.jpg,image,https://www.flowersinagun.com/wp-content/uploads/2015/12/12322407_653998404741825_6932108108015544108_o-160x106.jpg,20210308002601,raw\assets\flowersinagun.com_wp-content_uploads_2015_12_12322407_653998404741825_6932108108015544108_o-160x106.jpg__a7f1338ab3.jpg,ok,10332,
flowersinagun.com/wp-content/uploads/2015/12/12322407_653998404741825_6932108108015544108_o-260x172.jpg,image,https://www.flowersinagun.com/wp-content/uploads/2015/12/12322407_653998404741825_6932108108015544108_o-260x172.jpg,20210308002604,raw\assets\flowersinagun.com_wp-content_uploads_2015_12_12322407_653998404741825_6932108108015544108_o-260x172.jpg__632930d5c3.jpg,ok,18857,
flowersinagun.com/wp-content/uploads/2015/12/12322407_653998404741825_6932108108015544108_o-300x199.jpg,image,https://www.flowersinagun.com/wp-content/uploads/2015/12/12322407_653998404741825_6932108108015544108_o-300x199.jpg,20210308002616,raw\assets\flowersinagun.com_wp-content_uploads_2015_12_12322407_653998404741825_6932108108015544108_o-300x199.jpg__d4c48e9590.jpg,ok,22905,
flowersinagun.com/wp-content/uploads/2015/12/12322407_653998404741825_6932108108015544108_o-560x371.jpg,image,https://www.flowersinagun.com/wp-content/uploads/2015/12/12322407_653998404741825_6932108108015544108_o-560x371.jpg,20210308002616,raw\assets\flowersinagun.com_wp-content_uploads_2015_12_12322407_653998404741825_6932108108015544108_o-560x371.jpg__74f22ba10c.jpg,ok,57983,
flowersinagun.com/wp-content/uploads/2015/12/12322407_653998404741825_6932108108015544108_o.jpg,image,https://www.flowersinagun.com/wp-content/uploads/2015/12/12322407_653998404741825_6932108108015544108_o.jpg,20210308002602,raw\assets\flowersinagun.com_wp-content_uploads_2015_12_12322407_653998404741825_6932108108015544108_o.jpg__de1c83ea74.jpg,ok,286951,
flowersinagun.com/wp-content/uploads/2015/12/12339095_653997968075202_8722663751690657015_o-1024x679.jpg,image,https://www.flowersinagun.com/wp-content/uploads/2015/12/12339095_653997968075202_8722663751690657015_o-1024x679.jpg,20210308002612,raw\assets\flowersinagun.com_wp-content_uploads_2015_12_12339095_653997968075202_8722663751690657015_o-1024x679.jpg__3dae3bad2d.jpg,ok,138113,
flowersinagun.com/wp-content/uploads/2015/12/12339095_653997968075202_8722663751690657015_o-160x106.jpg,image,https://www.flowersinagun.com/wp-content/uploads/2015/12/12339095_653997968075202_8722663751690657015_o-160x106.jpg,20210308002618,raw\assets\flowersinagun.com_wp-content_uploads_2015_12_12339095_653997968075202_8722663751690657015_o-160x106.jpg__a768551b2f.jpg,ok,9540,
flowersinagun.com/wp-content/uploads/2015/12/12339095_653997968075202_8722663751690657015_o-260x172.jpg,image,https://www.flowersinagun.com/wp-content/uploads/2015/12/12339095_653997968075202_8722663751690657015_o-260x172.jpg,20210308002606,raw\assets\flowersinagun.com_wp-content_uploads_2015_12_12339095_653997968075202_8722663751690657015_o-260x172.jpg__d60365990d.jpg,ok,17012,
flowersinagun.com/wp-content/uploads/2015/12/12339095_653997968075202_8722663751690657015_o-300x199.jpg,image,https://www.flowersinagun.com/wp-content/uploads/2015/12/12339095_653997968075202_8722663751690657015_o-300x199.jpg,20210308002608,raw\assets\flowersinagun.com_wp-content_uploads_2015_12_12339095_653997968075202_8722663751690657015_o-300x199.jpg__136f71351a.jpg,ok,20437,
flowersinagun.com/wp-content/uploads/2015/12/12339095_653997968075202_8722663751690657015_o-560x371.jpg,image,https://www.flowersinagun.com/wp-content/uploads/2015/12/12339095_653997968075202_8722663751690657015_o-560x371.jpg,20210308002615,raw\assets\flowersinagun.com_wp-content_uploads_2015_12_12339095_653997968075202_8722663751690657015_o-560x371.jpg__04a0099d41.jpg,ok,50966,
flowersinagun.com/wp-content/uploads/2015/12/12339095_653997968075202_8722663751690657015_o.jpg,image,https://www.flowersinagun.com/wp-content/uploads/2015/12/12339095_653997968075202_8722663751690657015_o.jpg,20210308002559,raw\assets\flowersinagun.com_wp-content_uploads_2015_12_12339095_653997968075202_8722663751690657015_o.jpg__d91e63600a.jpg,ok,263500,
flowersinagun.com/wp-content/uploads/2015/12/12345594_653998298075169_6080474678081937222_n-160x208.jpg,image,https://www.flowersinagun.com/wp-content/uploads/2015/12/12345594_653998298075169_6080474678081937222_n-160x208.jpg,20210308002614,raw\assets\flowersinagun.com_wp-content_uploads_2015_12_12345594_653998298075169_6080474678081937222_n-160x208.jpg__96aebf959f.jpg,ok,15770,
flowersinagun.com/wp-content/uploads/2015/12/12345594_653998298075169_6080474678081937222_n-230x300.jpg,image,https://www.flowersinagun.com/wp-content/uploads/2015/12/12345594_653998298075169_6080474678081937222_n-230x300.jpg,20210308002612,raw\assets\flowersinagun.com_wp-content_uploads_2015_12_12345594_653998298075169_6080474678081937222_n-230x300.jpg__ec630bcf81.jpg,ok,27024,
flowersinagun.com/wp-content/uploads/2015/12/12345594_653998298075169_6080474678081937222_n-260x339.jpg,image,https://www.flowersinagun.com/wp-content/uploads/2015/12/12345594_653998298075169_6080474678081937222_n-260x339.jpg,20210308002601,raw\assets\flowersinagun.com_wp-content_uploads_2015_12_12345594_653998298075169_6080474678081937222_n-260x339.jpg__56a4b59c07.jpg,ok,32506,
flowersinagun.com/wp-content/uploads/2015/12/12345594_653998298075169_6080474678081937222_n-560x729.jpg,image,https://www.flowersinagun.com/wp-content/uploads/2015/12/12345594_653998298075169_6080474678081937222_n-560x729.jpg,20210308002603,raw\assets\flowersinagun.com_wp-content_uploads_2015_12_12345594_653998298075169_6080474678081937222_n-560x729.jpg__ab40d1a3ae.jpg,ok,105424,
flowersinagun.com/wp-content/uploads/2015/12/12345594_653998298075169_6080474678081937222_n.jpg,image,https://www.flowersinagun.com/wp-content/uploads/2015/12/12345594_653998298075169_6080474678081937222_n.jpg,20210308002608,raw\assets\flowersinagun.com_wp-content_uploads_2015_12_12345594_653998298075169_6080474678081937222_n.jpg__49b209e1c1.jpg,ok,121833,
flowersinagun.com/wp-content/uploads/2015/12/12362665_653998938075105_9004618076279816687_o-1024x679.jpg,image,https://www.flowersinagun.com/wp-content/uploads/2015/12/12362665_653998938075105_9004618076279816687_o-1024x679.jpg,20210308002559,raw\assets\flowersinagun.com_wp-content_uploads_2015_12_12362665_653998938075105_9004618076279816687_o-1024x679.jpg__e533a17721.jpg,ok,171205,
flowersinagun.com/wp-content/uploads/2015/12/12362665_653998938075105_9004618076279816687_o-160x106.jpg,image,https://www.flowersinagun.com/wp-content/uploads/2015/12/12362665_653998938075105_9004618076279816687_o-160x106.jpg,20210308002611,raw\assets\flowersinagun.com_wp-content_uploads_2015_12_12362665_653998938075105_9004618076279816687_o-160x106.jpg__13eb68e4d5.jpg,ok,11354,
flowersinagun.com/wp-content/uploads/2015/12/12362665_653998938075105_9004618076279816687_o-260x172.jpg,image,https://www.flowersinagun.com/wp-content/uploads/2015/12/12362665_653998938075105_9004618076279816687_o-260x172.jpg,20210308002610,raw\assets\flowersinagun.com_wp-content_uploads_2015_12_12362665_653998938075105_9004618076279816687_o-260x172.jpg__ce75ac7d6a.jpg,ok,21081,
flowersinagun.com/wp-content/uploads/2015/12/12362665_653998938075105_9004618076279816687_o-300x199.jpg,image,https://www.flowersinagun.com/wp-content/uploads/2015/12/12362665_653998938075105_9004618076279816687_o-300x199.jpg,20210308002611,raw\assets\flowersinagun.com_wp-content_uploads_2015_12_12362665_653998938075105_9004618076279816687_o-300x199.jpg__74b0f2448e.jpg,ok,25545,
flowersinagun.com/wp-content/uploads/2015/12/12362665_653998938075105_9004618076279816687_o-560x371.jpg,image,https://www.flowersinagun.com/wp-content/uploads/2015/12/12362665_653998938075105_9004618076279816687_o-560x371.jpg,20210308002606,raw\assets\flowersinagun.com_wp-content_uploads_2015_12_12362665_653998938075105_9004618076279816687_o-560x371.jpg__76d260aa86.jpg,ok,64906,
flowersinagun.com/wp-content/uploads/2015/12/12362665_653998938075105_9004618076279816687_o.jpg,image,https://www.flowersinagun.com/wp-content/uploads/2015/12/12362665_653998938075105_9004618076279816687_o.jpg,20210308002601,raw\assets\flowersinagun.com_wp-content_uploads_2015_12_12362665_653998938075105_9004618076279816687_o.jpg__d5e9bde904.jpg,ok,304428,
flowersinagun.com/wp-content/uploads/2015/12/12362719_653998001408532_8517702897370653566_o-1024x679.jpg,image,https://www.flowersinagun.com/wp-content/uploads/2015/12/12362719_653998001408532_8517702897370653566_o-1024x679.jpg,20210308002617,raw\assets\flowersinagun.com_wp-content_uploads_2015_12_12362719_653998001408532_8517702897370653566_o-1024x679.jpg__8453308530.jpg,ok,144114,
flowersinagun.com/wp-content/uploads/2015/12/12362719_653998001408532_8517702897370653566_o-160x106.jpg,image,https://www.flowersinagun.com/wp-content/uploads/2015/12/12362719_653998001408532_8517702897370653566_o-160x106.jpg,20210308002612,raw\assets\flowersinagun.com_wp-content_uploads_2015_12_12362719_653998001408532_8517702897370653566_o-160x106.jpg__5792bf94be.jpg,ok,10397,
flowersinagun.com/wp-content/uploads/2015/12/12362719_653998001408532_8517702897370653566_o-260x172.jpg,image,https://www.flowersinagun.com/wp-content/uploads/2015/12/12362719_653998001408532_8517702897370653566_o-260x172.jpg,20210308002559,raw\assets\flowersinagun.com_wp-content_uploads_2015_12_12362719_653998001408532_8517702897370653566_o-260x172.jpg__2e9d3becf4.jpg,ok,18392,
flowersinagun.com/wp-content/uploads/2015/12/12362719_653998001408532_8517702897370653566_o-300x199.jpg,image,https://www.flowersinagun.com/wp-content/uploads/2015/12/12362719_653998001408532_8517702897370653566_o-300x199.jpg,20210308002608,raw\assets\flowersinagun.com_wp-content_uploads_2015_12_12362719_653998001408532_8517702897370653566_o-300x199.jpg__35cf51f4c6.jpg,ok,21949,
flowersinagun.com/wp-content/uploads/2015/12/12362719_653998001408532_8517702897370653566_o-560x371.jpg,image,https://www.flowersinagun.com/wp-content/uploads/2015/12/12362719_653998001408532_8517702897370653566_o-560x371.jpg,20210308002616,raw\assets\flowersinagun.com_wp-content_uploads_2015_12_12362719_653998001408532_8517702897370653566_o-560x371.jpg__3f9a9708bf.jpg,ok,53629,
flowersinagun.com/wp-content/uploads/2015/12/12362719_653998001408532_8517702897370653566_o.jpg,image,https://www.flowersinagun.com/wp-content/uploads/2015/12/12362719_653998001408532_8517702897370653566_o.jpg,20210308002605,raw\assets\flowersinagun.com_wp-content_uploads_2015_12_12362719_653998001408532_8517702897370653566_o.jpg__eeb45d36cb.jpg,ok,297505,
flowersinagun.com/wp-content/uploads/2015/12/12362850_653998658075133_5173300390477371758_o-1024x678.jpg,image,https://www.flowersinagun.com/wp-content/uploads/2015/12/12362850_653998658075133_5173300390477371758_o-1024x678.jpg,20210308002608,raw\assets\flowersinagun.com_wp-content_uploads_2015_12_12362850_653998658075133_5173300390477371758_o-1024x678.jpg__35305b39fc.jpg,ok,214823,
flowersinagun.com/wp-content/uploads/2015/12/12362850_653998658075133_5173300390477371758_o-160x106.jpg,image,https://www.flowersinagun.com/wp-content/uploads/2015/12/12362850_653998658075133_5173300390477371758_o-160x106.jpg,20210308002600,raw\assets\flowersinagun.com_wp-content_uploads_2015_12_12362850_653998658075133_5173300390477371758_o-160x106.jpg__f6d7f4ad28.jpg,ok,11576,
flowersinagun.com/wp-content/uploads/2015/12/12362850_653998658075133_5173300390477371758_o-260x172.jpg,image,https://www.flowersinagun.com/wp-content/uploads/2015/12/12362850_653998658075133_5173300390477371758_o-260x172.jpg,20210308002604,raw\assets\flowersinagun.com_wp-content_uploads_2015_12_12362850_653998658075133_5173300390477371758_o-260x172.jpg__05d764a37f.jpg,ok,22285,
flowersinagun.com/wp-content/uploads/2015/12/12362850_653998658075133_5173300390477371758_o-300x198.jpg,image,https://www.flowersinagun.com/wp-content/uploads/2015/12/12362850_653998658075133_5173300390477371758_o-300x198.jpg,20210308002608,raw\assets\flowersinagun.com_wp-content_uploads_2015_12_12362850_653998658075133_5173300390477371758_o-300x198.jpg__3ca83d6c9d.jpg,ok,27403,
flowersinagun.com/wp-content/uploads/2015/12/12362850_653998658075133_5173300390477371758_o-560x371.jpg,image,https://www.flowersinagun.com/wp-content/uploads/2015/12/12362850_653998658075133_5173300390477371758_o-560x371.jpg,20210308002617,raw\assets\flowersinagun.com_wp-content_uploads_2015_12_12362850_653998658075133_5173300390477371758_o-560x371.jpg__63d4b63ec8.jpg,ok,74736,
flowersinagun.com/wp-content/uploads/2015/12/12362850_653998658075133_5173300390477371758_o.jpg,image,https://www.flowersinagun.com/wp-content/uploads/2015/12/12362850_653998658075133_5173300390477371758_o.jpg,20210308002605,raw\assets\flowersinagun.com_wp-content_uploads_2015_12_12362850_653998658075133_5173300390477371758_o.jpg__758358c443.jpg,ok,489136,
flowersinagun.com/wp-content/uploads/2015/12/12362939_653999008075098_5199036895189781186_o-1024x678.jpg,image,https://www.flowersinagun.com/wp-content/uploads/2015/12/12362939_653999008075098_5199036895189781186_o-1024x678.jpg,20210308002619,raw\assets\flowersinagun.com_wp-content_uploads_2015_12_12362939_653999008075098_5199036895189781186_o-1024x678.jpg__79cf7d6cd9.jpg,ok,170167,
flowersinagun.com/wp-content/uploads/2015/12/12362939_653999008075098_5199036895189781186_o-160x106.jpg,image,https://www.flowersinagun.com/wp-content/uploads/2015/12/12362939_653999008075098_5199036895189781186_o-160x106.jpg,20210308002614,raw\assets\flowersinagun.com_wp-content_uploads_2015_12_12362939_653999008075098_5199036895189781186_o-160x106.jpg__2860f80d2d.jpg,ok,11635,
flowersinagun.com/wp-content/uploads/2015/12/12362939_653999008075098_5199036895189781186_o-260x172.jpg,image,https://www.flowersinagun.com/wp-content/uploads/2015/12/12362939_653999008075098_5199036895189781186_o-260x172.jpg,20210308002614,raw\assets\flowersinagun.com_wp-content_uploads_2015_12_12362939_653999008075098_5199036895189781186_o-260x172.jpg__a880493fa0.jpg,ok,21531,
flowersinagun.com/wp-content/uploads/2015/12/12362939_653999008075098_5199036895189781186_o-300x199.jpg,image,https://www.flowersinagun.com/wp-content/uploads/2015/12/12362939_653999008075098_5199036895189781186_o-300x199.jpg,20210308002603,raw\assets\flowersinagun.com_wp-content_uploads_2015_12_12362939_653999008075098_5199036895189781186_o-300x199.jpg__25bef62b91.jpg,ok,25842,
flowersinagun.com/wp-content/uploads/2015/12/12362939_653999008075098_5199036895189781186_o-560x371.jpg,image,https://www.flowersinagun.com/wp-content/uploads/2015/12/12362939_653999008075098_5199036895189781186_o-560x371.jpg,20210308002610,raw\assets\flowersinagun.com_wp-content_uploads_2015_12_12362939_653999008075098_5199036895189781186_o-560x371.jpg__129fac27ef.jpg,ok,64463,
flowersinagun.com/wp-content/uploads/2015/12/12362939_653999008075098_5199036895189781186_o.jpg,image,https://www.flowersinagun.com/wp-content/uploads/2015/12/12362939_653999008075098_5199036895189781186_o.jpg,20210308002615,raw\assets\flowersinagun.com_wp-content_uploads_2015_12_12362939_653999008075098_5199036895189781186_o.jpg__40207525c3.jpg,ok,265982,
flowersinagun.com/wp-content/uploads/2015/12/12375241_653998204741845_2134778140348644310_o-1024x678.jpg,image,https://www.flowersinagun.com/wp-content/uploads/2015/12/12375241_653998204741845_2134778140348644310_o-1024x678.jpg,20210308002616,raw\assets\flowersinagun.com_wp-content_uploads_2015_12_12375241_653998204741845_2134778140348644310_o-1024x678.jpg__04a98ab248.jpg,ok,129249,
flowersinagun.com/wp-content/uploads/2015/12/12375241_653998204741845_2134778140348644310_o-160x106.jpg,image,https://www.flowersinagun.com/wp-content/uploads/2015/12/12375241_653998204741845_2134778140348644310_o-160x106.jpg,20210308002610,raw\assets\flowersinagun.com_wp-content_uploads_2015_12_12375241_653998204741845_2134778140348644310_o-160x106.jpg__260e18d180.jpg,ok,9439,
flowersinagun.com/wp-content/uploads/2015/12/12375241_653998204741845_2134778140348644310_o-260x172.jpg,image,https://www.flowersinagun.com/wp-content/uploads/2015/12/12375241_653998204741845_2134778140348644310_o-260x172.jpg,20210308002600,raw\assets\flowersinagun.com_wp-content_uploads_2015_12_12375241_653998204741845_2134778140348644310_o-260x172.jpg__50ae06170a.jpg,ok,16573,
flowersinagun.com/wp-content/uploads/2015/12/12375241_653998204741845_2134778140348644310_o-300x199.jpg,image,https://www.flowersinagun.com/wp-content/uploads/2015/12/12375241_653998204741845_2134778140348644310_o-300x199.jpg,20210308002601,raw\assets\flowersinagun.com_wp-content_uploads_2015_12_12375241_653998204741845_2134778140348644310_o-300x199.jpg__3df1f08ec5.jpg,ok,19929,
flowersinagun.com/wp-content/uploads/2015/12/12375241_653998204741845_2134778140348644310_o-560x371.jpg,image,https://www.flowersinagun.com/wp-content/uploads/2015/12/12375241_653998204741845_2134778140348644310_o-560x371.jpg,20210308002609,raw\assets\flowersinagun.com_wp-content_uploads_2015_12_12375241_653998204741845_2134778140348644310_o-560x371.jpg__1db9cbcd48.jpg,ok,48703,
flowersinagun.com/wp-content/uploads/2015/12/12375241_653998204741845_2134778140348644310_o.jpg,image,https://www.flowersinagun.com/wp-content/uploads/2015/12/12375241_653998204741845_2134778140348644310_o.jpg,20210308002608,raw\assets\flowersinagun.com_wp-content_uploads_2015_12_12375241_653998204741845_2134778140348644310_o.jpg__7609585e9b.jpg,ok,237322,
flowersinagun.com/wp-content/uploads/2015/12/Jazz-Standard-12-150x150.jpg,image,https://www.flowersinagun.com/wp-content/uploads/2015/12/Jazz-Standard-12-150x150.jpg,20230605064553,raw\assets\flowersinagun.com_wp-content_uploads_2015_12_Jazz-Standard-12-150x150.jpg__7548ceec87.jpg,ok,36645,
flowersinagun.com/wp-content/uploads/2016/01/10854275_10153156013962835_4489599184891908764_o-150x150.jpg,image,https://www.flowersinagun.com/wp-content/uploads/2016/01/10854275_10153156013962835_4489599184891908764_o-150x150.jpg,20230605051203,raw\assets\flowersinagun.com_wp-content_uploads_2016_01_10854275_10153156013962835_4489599184891908764_o-150x150.jpg__9d09ebcf0d.jpg,ok,9279,
flowersinagun.com/wp-content/uploads/2016/01/12556005_1800978833463275_1496939345_n-150x150.jpg,image,https://www.flowersinagun.com/wp-content/uploads/2016/01/12556005_1800978833463275_1496939345_n-150x150.jpg,20230605051204,raw\assets\flowersinagun.com_wp-content_uploads_2016_01_12556005_1800978833463275_1496939345_n-150x150.jpg__a953b0b2c4.jpg,ok,5071,
flowersinagun.com/wp-content/uploads/2016/01/12556005_1800978833463275_1496939345_n-160x160.jpg,image,https://www.flowersinagun.com/wp-content/uploads/2016/01/12556005_1800978833463275_1496939345_n-160x160.jpg,20230605051203,raw\assets\flowersinagun.com_wp-content_uploads_2016_01_12556005_1800978833463275_1496939345_n-160x160.jpg__b3cafc258c.jpg,ok,5434,
flowersinagun.com/wp-content/uploads/2016/01/12556005_1800978833463275_1496939345_n-260x260.jpg,image,https://www.flowersinagun.com/wp-content/uploads/2016/01/12556005_1800978833463275_1496939345_n-260x260.jpg,20230605051204,raw\assets\flowersinagun.com_wp-content_uploads_2016_01_12556005_1800978833463275_1496939345_n-260x260.jpg__860e2db756.jpg,ok,12483,
flowersinagun.com/wp-content/uploads/2016/01/12556005_1800978833463275_1496939345_n-300x300.jpg,image,https://www.flowersinagun.com/wp-content/uploads/2016/01/12556005_1800978833463275_1496939345_n-300x300.jpg,20230605051203,raw\assets\flowersinagun.com_wp-content_uploads_2016_01_12556005_1800978833463275_1496939345_n-300x300.jpg__3ffd84a249.jpg,ok,16244,
flowersinagun.com/wp-content/uploads/2016/01/12556005_1800978833463275_1496939345_n-560x560.jpg,image,https://www.flowersinagun.com/wp-content/uploads/2016/01/12556005_1800978833463275_1496939345_n-560x560.jpg,20230605051203,raw\assets\flowersinagun.com_wp-content_uploads_2016_01_12556005_1800978833463275_1496939345_n-560x560.jpg__de9c651d3c.jpg,ok,55938,
flowersinagun.com/wp-content/uploads/2016/01/12556005_1800978833463275_1496939345_n.jpg,image,https://www.flowersinagun.com/wp-content/uploads/2016/01/12556005_1800978833463275_1496939345_n.jpg,20230605051204,raw\assets\flowersinagun.com_wp-content_uploads_2016_01_12556005_1800978833463275_1496939345_n.jpg__d7e592768a.jpg,ok,60901,
flowersinagun.com/wp-content/uploads/2016/01/199467_10150137262359983_1622953_n-150x150.jpg,image,https://www.flowersinagun.com/wp-content/uploads/2016/01/199467_10150137262359983_1622953_n-150x150.jpg,20230605051203,raw\assets\flowersinagun.com_wp-content_uploads_2016_01_199467_10150137262359983_1622953_n-150x150.jpg__7327a3eaf4.jpg,ok,13351,
flowersinagun.com/wp-content/uploads/2016/01/21_bowie3_g_w.jpg,image,https://www.flowersinagun.com/wp-content/uploads/2016/01/21_bowie3_g_w.jpg,20240404175619,raw\assets\flowersinagun.com_wp-content_uploads_2016_01_21_bowie3_g_w.jpg__5a0b7ef1b0.jpg,ok,251579,
flowersinagun.com/wp-content/uploads/2016/01/233eba66-e74a-48aa-a9ad-eec197734061-150x150.jpg,image,https://www.flowersinagun.com/wp-content/uploads/2016/01/233eba66-e74a-48aa-a9ad-eec197734061-150x150.jpg,20230605051203,raw\assets\flowersinagun.com_wp-content_uploads_2016_01_233eba66-e74a-48aa-a9ad-eec197734061-150x150.jpg__fa735b5418.jpg,ok,16991,
flowersinagun.com/wp-content/uploads/2016/01/983834_10152927155944691_5292342594153169741_n-150x150.jpg,image,https://www.flowersinagun.com/wp-content/uploads/2016/01/983834_10152927155944691_5292342594153169741_n-150x150.jpg,20230605051203,raw\assets\flowersinagun.com_wp-content_uploads_2016_01_983834_10152927155944691_5292342594153169741_n-150x150.jpg__55c67b7196.jpg,ok,8505,
flowersinagun.com/wp-content/uploads/2016/01/983834_10152927155944691_5292342594153169741_n-160x160.jpg,image,https://www.flowersinagun.com/wp-content/uploads/2016/01/983834_10152927155944691_5292342594153169741_n-160x160.jpg,20230605051204,raw\assets\flowersinagun.com_wp-content_uploads_2016_01_983834_10152927155944691_5292342594153169741_n-160x160.jpg__90e9344fe9.jpg,ok,8949,
flowersinagun.com/wp-content/uploads/2016/01/983834_10152927155944691_5292342594153169741_n-260x260.jpg,image,https://www.flowersinagun.com/wp-content/uploads/2016/01/983834_10152927155944691_5292342594153169741_n-260x260.jpg,20230605051203,raw\assets\flowersinagun.com_wp-content_uploads_2016_01_983834_10152927155944691_5292342594153169741_n-260x260.jpg__ea9d5e5356.jpg,ok,17657,
flowersinagun.com/wp-content/uploads/2016/01/983834_10152927155944691_5292342594153169741_n-300x300.jpg,image,https://www.flowersinagun.com/wp-content/uploads/2016/01/983834_10152927155944691_5292342594153169741_n-300x300.jpg,20230605051203,raw\assets\flowersinagun.com_wp-content_uploads_2016_01_983834_10152927155944691_5292342594153169741_n-300x300.jpg__28db654586.jpg,ok,21671,
flowersinagun.com/wp-content/uploads/2016/01/983834_10152927155944691_5292342594153169741_n-560x560.jpg,image,https://www.flowersinagun.com/wp-content/uploads/2016/01/983834_10152927155944691_5292342594153169741_n-560x560.jpg,20230605051203,raw\assets\flowersinagun.com_wp-content_uploads_2016_01_983834_10152927155944691_5292342594153169741_n-560x560.jpg__0ba2e4bc60.jpg,ok,54309,
flowersinagun.com/wp-content/uploads/2016/01/983834_10152927155944691_5292342594153169741_n.jpg,image,https://www.flowersinagun.com/wp-content/uploads/2016/01/983834_10152927155944691_5292342594153169741_n.jpg,20230605051203,raw\assets\flowersinagun.com_wp-content_uploads_2016_01_983834_10152927155944691_5292342594153169741_n.jpg__fa08a0fd4f.jpg,ok,76551,
flowersinagun.com/wp-content/uploads/2016/01/IMG_2187-150x150.jpg,image,https://www.flowersinagun.com/wp-content/uploads/2016/01/IMG_2187-150x150.jpg,20230605051203,raw\assets\flowersinagun.com_wp-content_uploads_2016_01_IMG_2187-150x150.jpg__6f54bee4bc.jpg,ok,34161,
flowersinagun.com/wp-content/uploads/2016/01/Ron-Pope-and-the-Night-Hawks-11-150x150.jpg,image,http://www.flowersinagun.com/wp-content/uploads/2016/01/Ron-Pope-and-the-Night-Hawks-11-150x150.jpg,20160417123341,raw\assets\flowersinagun.com_wp-content_uploads_2016_01_Ron-Pope-and-the-Night-Hawks-11-150x150.jpg__01966bbdf2.jpg,ok,45795,
flowersinagun.com/wp-content/uploads/2016/01/bowiestardust-150x150.jpg,image,https://www.flowersinagun.com/wp-content/uploads/2016/01/bowiestardust-150x150.jpg,20230607210519,raw\assets\flowersinagun.com_wp-content_uploads_2016_01_bowiestardust-150x150.jpg__194989c1de.jpg,ok,9658,
flowersinagun.com/wp-content/uploads/2016/01/bowiestardust-160x110.jpg,image,http://www.flowersinagun.com/wp-content/uploads/2016/01/bowiestardust-160x110.jpg,20160417185331,raw\assets\flowersinagun.com_wp-content_uploads_2016_01_bowiestardust-160x110.jpg__aaa2e5f958.jpg,ok,7740,
flowersinagun.com/wp-content/uploads/2016/01/highly-suspect-150x150.jpg,image,https://www.flowersinagun.com/wp-content/uploads/2016/01/highly-suspect-150x150.jpg,20230605051204,raw\assets\flowersinagun.com_wp-content_uploads_2016_01_highly-suspect-150x150.jpg__1223758ed3.jpg,ok,9704,
flowersinagun.com/wp-content/uploads/2016/02/DSCF0570-150x150.jpg,image,https://www.flowersinagun.com/wp-content/uploads/2016/02/DSCF0570-150x150.jpg,20230607230125,raw\assets\flowersinagun.com_wp-content_uploads_2016_02_DSCF0570-150x150.jpg__b5959027b6.jpg,ok,10618,
flowersinagun.com/wp-content/uploads/2016/02/DSCF0570-260x173.jpg,image,http://www.flowersinagun.com/wp-content/uploads/2016/02/DSCF0570-260x173.jpg,20160417185252,raw\assets\flowersinagun.com_wp-content_uploads_2016_02_DSCF0570-260x173.jpg__cf987ae5e1.jpg,ok,12452,
flowersinagun.com/wp-content/uploads/2016/02/DSC_9322-160x223.jpg,image,https://www.flowersinagun.com/wp-content/uploads/2016/02/DSC_9322-160x223.jpg,20240409185434,raw\assets\flowersinagun.com_wp-content_uploads_2016_02_DSC_9322-160x223.jpg__8849551d88.jpg,ok,80300,
flowersinagun.com/wp-content/uploads/2016/02/DSC_9322-216x300.jpg,image,https://www.flowersinagun.com/wp-content/uploads/2016/02/DSC_9322-216x300.jpg,20240411233906,raw\assets\flowersinagun.com_wp-content_uploads_2016_02_DSC_9322-216x300.jpg__d7bc3b76a4.jpg,ok,90697,
flowersinagun.com/wp-content/uploads/2016/02/DSC_9322-260x362.jpg,image,https://www.flowersinagun.com/wp-content/uploads/2016/02/DSC_9322-260x362.jpg,20240409183923,raw\assets\flowersinagun.com_wp-content_uploads_2016_02_DSC_9322-260x362.jpg__bc908c457b.jpg,ok,100515,
flowersinagun.com/wp-content/uploads/2016/02/DSC_9322-560x779.jpg,image,https://www.flowersinagun.com/wp-content/uploads/2016/02/DSC_9322-560x779.jpg,20240409173823,raw\assets\flowersinagun.com_wp-content_uploads_2016_02_DSC_9322-560x779.jpg__8309230b36.jpg,ok,198340,
flowersinagun.com/wp-content/uploads/2016/02/DSC_9322-736x1024.jpg,image,https://www.flowersinagun.com/wp-content/uploads/2016/02/DSC_9322-736x1024.jpg,20240409181736,raw\assets\flowersinagun.com_wp-content_uploads_2016_02_DSC_9322-736x1024.jpg__5e133788a3.jpg,ok,280669,
flowersinagun.com/wp-content/uploads/2016/02/DSC_9322-768x1069.jpg,image,https://www.flowersinagun.com/wp-content/uploads/2016/02/DSC_9322-768x1069.jpg,20240409173104,raw\assets\flowersinagun.com_wp-content_uploads_2016_02_DSC_9322-768x1069.jpg__4286631d61.jpg,ok,298049,
flowersinagun.com/wp-content/uploads/2016/02/DSC_9322.jpg,image,https://www.flowersinagun.com/wp-content/uploads/2016/02/DSC_9322.jpg,20240409175919,raw\assets\flowersinagun.com_wp-content_uploads_2016_02_DSC_9322.jpg__102810d8b4.jpg,ok,1832996,
flowersinagun.com/wp-content/uploads/2016/02/DSC_9346-2-1024x678.jpg,image,https://www.flowersinagun.com/wp-content/uploads/2016/02/DSC_9346-2-1024x678.jpg,20240409174703,raw\assets\flowersinagun.com_wp-content_uploads_2016_02_DSC_9346-2-1024x678.jpg__77cc026e0c.jpg,ok,262725,
flowersinagun.com/wp-content/uploads/2016/02/DSC_9346-2-150x150.jpg,image,https://www.flowersinagun.com/wp-content/uploads/2016/02/DSC_9346-2-150x150.jpg,20230607210519,raw\assets\flowersinagun.com_wp-content_uploads_2016_02_DSC_9346-2-150x150.jpg__4f386fe4c3.jpg,ok,77050,
flowersinagun.com/wp-content/uploads/2016/02/DSC_9346-2-160x106.jpg,image,https://www.flowersinagun.com/wp-content/uploads/2016/02/DSC_9346-2-160x106.jpg,20240409181807,raw\assets\flowersinagun.com_wp-content_uploads_2016_02_DSC_9346-2-160x106.jpg__dff1a77e01.jpg,ok,75481,
flowersinagun.com/wp-content/uploads/2016/02/DSC_9346-2-260x172.jpg,image,https://www.flowersinagun.com/wp-content/uploads/2016/02/DSC_9346-2-260x172.jpg,20240409173115,raw\assets\flowersinagun.com_wp-content_uploads_2016_02_DSC_9346-2-260x172.jpg__6756f0529c.jpg,ok,86962,
flowersinagun.com/wp-content/uploads/2016/02/DSC_9346-2-300x199.jpg,image,https://www.flowersinagun.com/wp-content/uploads/2016/02/DSC_9346-2-300x199.jpg,20240409182013,raw\assets\flowersinagun.com_wp-content_uploads_2016_02_DSC_9346-2-300x199.jpg__6f04dcc342.jpg,ok,92367,
flowersinagun.com/wp-content/uploads/2016/02/DSC_9346-2-560x371.jpg,image,https://www.flowersinagun.com/wp-content/uploads/2016/02/DSC_9346-2-560x371.jpg,20240409183720,raw\assets\flowersinagun.com_wp-content_uploads_2016_02_DSC_9346-2-560x371.jpg__d779d046dd.jpg,ok,138869,
flowersinagun.com/wp-content/uploads/2016/02/DSC_9346-2-768x509.jpg,image,https://www.flowersinagun.com/wp-content/uploads/2016/02/DSC_9346-2-768x509.jpg,20240409173420,raw\assets\flowersinagun.com_wp-content_uploads_2016_02_DSC_9346-2-768x509.jpg__8ecb4874f4.jpg,ok,187972,
flowersinagun.com/wp-content/uploads/2016/02/DSC_9346-2.jpg,image,https://www.flowersinagun.com/wp-content/uploads/2016/02/DSC_9346-2.jpg,20240409173546,raw\assets\flowersinagun.com_wp-content_uploads_2016_02_DSC_9346-2.jpg__eee5cc986c.jpg,ok,1753703,
flowersinagun.com/wp-content/uploads/2016/02/DSC_9353-160x208.jpg,image,https://www.flowersinagun.com/wp-content/uploads/2016/02/DSC_9353-160x208.jpg,20240409172447,raw\assets\flowersinagun.com_wp-content_uploads_2016_02_DSC_9353-160x208.jpg__d92e39ebf7.jpg,ok,80044,
flowersinagun.com/wp-content/uploads/2016/02/DSC_9353-231x300.jpg,image,https://www.flowersinagun.com/wp-content/uploads/2016/02/DSC_9353-231x300.jpg,20240409172212,raw\assets\flowersinagun.com_wp-content_uploads_2016_02_DSC_9353-231x300.jpg__77b577cd4c.jpg,ok,93621,
flowersinagun.com/wp-content/uploads/2016/02/DSC_9353-260x338.jpg,image,https://www.flowersinagun.com/wp-content/uploads/2016/02/DSC_9353-260x338.jpg,20240409185024,raw\assets\flowersinagun.com_wp-content_uploads_2016_02_DSC_9353-260x338.jpg__86459686a8.jpg,ok,100057,
flowersinagun.com/wp-content/uploads/2016/02/DSC_9353-560x729.jpg,image,https://www.flowersinagun.com/wp-content/uploads/2016/02/DSC_9353-560x729.jpg,20240409182516,raw\assets\flowersinagun.com_wp-content_uploads_2016_02_DSC_9353-560x729.jpg__c3a12b67f7.jpg,ok,191620,
flowersinagun.com/wp-content/uploads/2016/02/DSC_9353-768x999.jpg,image,https://www.flowersinagun.com/wp-content/uploads/2016/02/DSC_9353-768x999.jpg,20240409181040,raw\assets\flowersinagun.com_wp-content_uploads_2016_02_DSC_9353-768x999.jpg__ac644593a9.jpg,ok,281168,
flowersinagun.com/wp-content/uploads/2016/02/DSC_9353-787x1024.jpg,image,https://www.flowersinagun.com/wp-content/uploads/2016/02/DSC_9353-787x1024.jpg,20240409181358,raw\assets\flowersinagun.com_wp-content_uploads_2016_02_DSC_9353-787x1024.jpg__55a3077182.jpg,ok,290750,
flowersinagun.com/wp-content/uploads/2016/02/DSC_9353.jpg,image,https://www.flowersinagun.com/wp-content/uploads/2016/02/DSC_9353.jpg,20240412010713,raw\assets\flowersinagun.com_wp-content_uploads_2016_02_DSC_9353.jpg__dfc44004b3.jpg,ok,1786439,
flowersinagun.com/wp-content/uploads/2016/02/Fjord-by-Jacob-Metcalf-Cover-Art-1024x1024.jpg,image,https://www.flowersinagun.com/wp-content/uploads/2016/02/Fjord-by-Jacob-Metcalf-Cover-Art-1024x1024.jpg,20230605133844,raw\assets\flowersinagun.com_wp-content_uploads_2016_02_Fjord-by-Jacob-Metcalf-Cover-Art-1024x1024.jpg__294df18801.jpg,ok,1605195,
flowersinagun.com/wp-content/uploads/2016/02/Fjord-by-Jacob-Metcalf-Cover-Art-150x150.jpg,image,https://www.flowersinagun.com/wp-content/uploads/2016/02/Fjord-by-Jacob-Metcalf-Cover-Art-150x150.jpg,20230605133842,raw\assets\flowersinagun.com_wp-content_uploads_2016_02_Fjord-by-Jacob-Metcalf-Cover-Art-150x150.jpg__f9a5046499.jpg,ok,612140,
flowersinagun.com/wp-content/uploads/2016/02/Fjord-by-Jacob-Metcalf-Cover-Art-160x160.jpg,image,https://www.flowersinagun.com/wp-content/uploads/2016/02/Fjord-by-Jacob-Metcalf-Cover-Art-160x160.jpg,20230605133843,raw\assets\flowersinagun.com_wp-content_uploads_2016_02_Fjord-by-Jacob-Metcalf-Cover-Art-160x160.jpg__d7e64ef9fc.jpg,ok,616260,
flowersinagun.com/wp-content/uploads/2016/02/Fjord-by-Jacob-Metcalf-Cover-Art-260x260.jpg,image,https://www.flowersinagun.com/wp-content/uploads/2016/02/Fjord-by-Jacob-Metcalf-Cover-Art-260x260.jpg,20230605133843,raw\assets\flowersinagun.com_wp-content_uploads_2016_02_Fjord-by-Jacob-Metcalf-Cover-Art-260x260.jpg__a4fc8d0fd3.jpg,ok,674844,
flowersinagun.com/wp-content/uploads/2016/02/Fjord-by-Jacob-Metcalf-Cover-Art-300x300.jpg,image,https://www.flowersinagun.com/wp-content/uploads/2016/02/Fjord-by-Jacob-Metcalf-Cover-Art-300x300.jpg,20230605133842,raw\assets\flowersinagun.com_wp-content_uploads_2016_02_Fjord-by-Jacob-Metcalf-Cover-Art-300x300.jpg__eaf060cdd8.jpg,ok,702805,
flowersinagun.com/wp-content/uploads/2016/02/Fjord-by-Jacob-Metcalf-Cover-Art-560x560.jpg,image,https://www.flowersinagun.com/wp-content/uploads/2016/02/Fjord-by-Jacob-Metcalf-Cover-Art-560x560.jpg,20230605133844,raw\assets\flowersinagun.com_wp-content_uploads_2016_02_Fjord-by-Jacob-Metcalf-Cover-Art-560x560.jpg__40289eb6c6.jpg,ok,930924,
flowersinagun.com/wp-content/uploads/2016/02/Fjord-by-Jacob-Metcalf-Cover-Art-768x768.jpg,image,https://www.flowersinagun.com/wp-content/uploads/2016/02/Fjord-by-Jacob-Metcalf-Cover-Art-768x768.jpg,20230605133843,raw\assets\flowersinagun.com_wp-content_uploads_2016_02_Fjord-by-Jacob-Metcalf-Cover-Art-768x768.jpg__d96bafb0c6.jpg,ok,1176216,
flowersinagun.com/wp-content/uploads/2016/02/Legal-Aid-Society-Benefit-11-150x150.jpg,image,http://www.flowersinagun.com/wp-content/uploads/2016/02/Legal-Aid-Society-Benefit-11-150x150.jpg,20180218235223,raw\assets\flowersinagun.com_wp-content_uploads_2016_02_Legal-Aid-Society-Benefit-11-150x150.jpg__4a52791393.jpg,ok,39638,
flowersinagun.com/wp-content/uploads/2016/02/Legal-Aid-Society-Benefit-11-260x186.jpg,image,http://www.flowersinagun.com/wp-content/uploads/2016/02/Legal-Aid-Society-Benefit-11-260x186.jpg,20160417141928,raw\assets\flowersinagun.com_wp-content_uploads_2016_02_Legal-Aid-Society-Benefit-11-260x186.jpg__453f318ea8.jpg,ok,48458,
flowersinagun.com/wp-content/uploads/2016/03/DSC_0200-150x150.jpg,image,https://www.flowersinagun.com/wp-content/uploads/2016/03/DSC_0200-150x150.jpg,20230605133905,raw\assets\flowersinagun.com_wp-content_uploads_2016_03_DSC_0200-150x150.jpg__10437c16cf.jpg,ok,64547,
flowersinagun.com/wp-content/uploads/2016/03/IMG_9745-150x150.jpg,image,https://www.flowersinagun.com/wp-content/uploads/2016/03/IMG_9745-150x150.jpg,20230605133905,raw\assets\flowersinagun.com_wp-content_uploads_2016_03_IMG_9745-150x150.jpg__721324e61c.jpg,ok,30816,
flowersinagun.com/wp-content/uploads/2016/03/IMG_9745-560x373.jpg,image,http://www.flowersinagun.com/wp-content/uploads/2016/03/IMG_9745-560x373.jpg,20160417133342,raw\assets\flowersinagun.com_wp-content_uploads_2016_03_IMG_9745-560x373.jpg__b8e8a4d3f5.jpg,ok,56897,
flowersinagun.com/wp-content/uploads/2016/04/12308474_928519670537088_6474048292525303380_n-150x150.jpg,image,http://www.flowersinagun.com/wp-content/uploads/2016/04/12308474_928519670537088_6474048292525303380_n-150x150.jpg,20180221142535,raw\assets\flowersinagun.com_wp-content_uploads_2016_04_12308474_928519670537088_6474048292525303380_n-150x150.jpg__57335010cf.jpg,ok,7760,
flowersinagun.com/wp-content/uploads/2016/04/12308474_928519670537088_6474048292525303380_n-160x160.jpg,image,https://www.flowersinagun.com/wp-content/uploads/2016/04/12308474_928519670537088_6474048292525303380_n-160x160.jpg,20230608045653,raw\assets\flowersinagun.com_wp-content_uploads_2016_04_12308474_928519670537088_6474048292525303380_n-160x160.jpg__c46ad2f577.jpg,ok,8006,
flowersinagun.com/wp-content/uploads/2016/04/12308474_928519670537088_6474048292525303380_n-260x260.jpg,image,https://www.flowersinagun.com/wp-content/uploads/2016/04/12308474_928519670537088_6474048292525303380_n-260x260.jpg,20230608045653,raw\assets\flowersinagun.com_wp-content_uploads_2016_04_12308474_928519670537088_6474048292525303380_n-260x260.jpg__9ab18677c3.jpg,ok,14154,
flowersinagun.com/wp-content/uploads/2016/04/12308474_928519670537088_6474048292525303380_n-300x300.jpg,image,https://www.flowersinagun.com/wp-content/uploads/2016/04/12308474_928519670537088_6474048292525303380_n-300x300.jpg,20230608045654,raw\assets\flowersinagun.com_wp-content_uploads_2016_04_12308474_928519670537088_6474048292525303380_n-300x300.jpg__5df6446f43.jpg,ok,17573,
flowersinagun.com/wp-content/uploads/2016/04/12308474_928519670537088_6474048292525303380_n-560x560.jpg,image,https://www.flowersinagun.com/wp-content/uploads/2016/04/12308474_928519670537088_6474048292525303380_n-560x560.jpg,20230608045653,raw\assets\flowersinagun.com_wp-content_uploads_2016_04_12308474_928519670537088_6474048292525303380_n-560x560.jpg__f09bcb3fe8.jpg,ok,49617,
flowersinagun.com/wp-content/uploads/2016/04/12308474_928519670537088_6474048292525303380_n-768x768.jpg,image,https://www.flowersinagun.com/wp-content/uploads/2016/04/12308474_928519670537088_6474048292525303380_n-768x768.jpg,20230608045653,raw\assets\flowersinagun.com_wp-content_uploads_2016_04_12308474_928519670537088_6474048292525303380_n-768x768.jpg__453a06202d.jpg,ok,86393,
flowersinagun.com/wp-content/uploads/2016/04/12308474_928519670537088_6474048292525303380_n.jpg,image,https://www.flowersinagun.com/wp-content/uploads/2016/04/12308474_928519670537088_6474048292525303380_n.jpg,20230608045653,raw\assets\flowersinagun.com_wp-content_uploads_2016_04_12308474_928519670537088_6474048292525303380_n.jpg__9ee49bb6be.jpg,ok,90694,
flowersinagun.com/wp-content/uploads/2016/04/BoiMalibuRumBeachHousePoweredPandoraejRCLWM85irl-150x150.jpg,image,http://www.flowersinagun.com/wp-content/uploads/2016/04/BoiMalibuRumBeachHousePoweredPandoraejRCLWM85irl-150x150.jpg,20180218180459,raw\assets\flowersinagun.com_wp-content_uploads_2016_04_BoiMalibuRumBeachHousePoweredPandoraejRCLWM85irl-150x150.jpg__94082f3a56.jpg,ok,14693,
flowersinagun.com/wp-content/uploads/2016/04/big-boi-announces-dj-tour-as-daddy-fat-scratch-715x477.jpg,image,http://www.flowersinagun.com/wp-content/uploads/2016/04/big-boi-announces-dj-tour-as-daddy-fat-scratch-715x477.jpg,20250821002820,raw\assets\flowersinagun.com_wp-content_uploads_2016_04_big-boi-announces-dj-tour-as-daddy-fat-scratch-715x477.jpg__84f8ce2a6b.jpg,ok,1441,
flowersinagun.com/wp-content/uploads/2016/05/12961183_760339774102327_593948881724656716_o-150x150.jpg,image,https://www.flowersinagun.com/wp-content/uploads/2016/05/12961183_760339774102327_593948881724656716_o-150x150.jpg,20230605133841,raw\assets\flowersinagun.com_wp-content_uploads_2016_05_12961183_760339774102327_593948881724656716_o-150x150.jpg__0e583519ee.jpg,ok,14549,
flowersinagun.com/wp-content/uploads/2016/05/SOTH_-_Album_Cover-1024x1024.jpg,image,https://www.flowersinagun.com/wp-content/uploads/2016/05/SOTH_-_Album_Cover-1024x1024.jpg,20230605133842,raw\assets\flowersinagun.com_wp-content_uploads_2016_05_SOTH_-_Album_Cover-1024x1024.jpg__24637f167f.jpg,ok,128666,
flowersinagun.com/wp-content/uploads/2016/05/SOTH_-_Album_Cover-150x150.jpg,image,https://www.flowersinagun.com/wp-content/uploads/2016/05/SOTH_-_Album_Cover-150x150.jpg,20230605133842,raw\assets\flowersinagun.com_wp-content_uploads_2016_05_SOTH_-_Album_Cover-150x150.jpg__c3e8a0ff54.jpg,ok,17798,
flowersinagun.com/wp-content/uploads/2016/05/SOTH_-_Album_Cover-160x160.jpg,image,https://www.flowersinagun.com/wp-content/uploads/2016/05/SOTH_-_Album_Cover-160x160.jpg,,,failed:http_404,0,
flowersinagun.com/wp-content/uploads/2016/05/SOTH_-_Album_Cover-260x260.jpg,image,https://www.flowersinagun.com/wp-content/uploads/2016/05/SOTH_-_Album_Cover-260x260.jpg,20230605133841,raw\assets\flowersinagun.com_wp-content_uploads_2016_05_SOTH_-_Album_Cover-260x260.jpg__63e3493054.jpg,ok,26900,
flowersinagun.com/wp-content/uploads/2016/05/SOTH_-_Album_Cover-300x300.jpg,image,https://www.flowersinagun.com/wp-content/uploads/2016/05/SOTH_-_Album_Cover-300x300.jpg,,,failed:http_404,0,
flowersinagun.com/wp-content/uploads/2016/05/SOTH_-_Album_Cover-560x560.jpg,image,https://www.flowersinagun.com/wp-content/uploads/2016/05/SOTH_-_Album_Cover-560x560.jpg,20230605133842,raw\assets\flowersinagun.com_wp-content_uploads_2016_05_SOTH_-_Album_Cover-560x560.jpg__d75d6a901f.jpg,ok,60946,
flowersinagun.com/wp-content/uploads/2016/05/SOTH_-_Album_Cover-768x768.jpg,image,https://www.flowersinagun.com/wp-content/uploads/2016/05/SOTH_-_Album_Cover-768x768.jpg,20230605133842,raw\assets\flowersinagun.com_wp-content_uploads_2016_05_SOTH_-_Album_Cover-768x768.jpg__8f796fbd6d.jpg,ok,89136,
flowersinagun.com/wp-content/uploads/2016/05/SOTH_-_Album_Cover.jpg,image,https://www.flowersinagun.com/wp-content/uploads/2016/05/SOTH_-_Album_Cover.jpg,20230605133842,raw\assets\flowersinagun.com_wp-content_uploads_2016_05_SOTH_-_Album_Cover.jpg__e5b29eff38.jpg,ok,151929,
flowersinagun.com/wp-content/uploads/2016/06/13416829_1738236396419178_948049646895559105_o-150x150.jpg,image,http://www.flowersinagun.com/wp-content/uploads/2016/06/13416829_1738236396419178_948049646895559105_o-150x150.jpg,20180218114733,raw\assets\flowersinagun.com_wp-content_uploads_2016_06_13416829_1738236396419178_948049646895559105_o-150x150.jpg__8fc1ce8d79.jpg,ok,18649,
flowersinagun.com/wp-content/uploads/2016/06/IMG_9847-150x150.jpg,image,https://www.flowersinagun.com/wp-content/uploads/2016/06/IMG_9847-150x150.jpg,20230605133842,raw\assets\flowersinagun.com_wp-content_uploads_2016_06_IMG_9847-150x150.jpg__66257df169.jpg,ok,41037,
flowersinagun.com/wp-content/uploads/2016/07/10628751_776449622460190_1242433077053073485_o-150x150.jpg,image,https://www.flowersinagun.com/wp-content/uploads/2016/07/10628751_776449622460190_1242433077053073485_o-150x150.jpg,20230605051203,raw\assets\flowersinagun.com_wp-content_uploads_2016_07_10628751_776449622460190_1242433077053073485_o-150x150.jpg__d385e1acef.jpg,ok,15427,
flowersinagun.com/wp-content/uploads/2016/09/12371228_771809742924178_8602750083155132565_o-150x150.jpg,image,https://www.flowersinagun.com/wp-content/uploads/2016/09/12371228_771809742924178_8602750083155132565_o-150x150.jpg,20230607230124,raw\assets\flowersinagun.com_wp-content_uploads_2016_09_12371228_771809742924178_8602750083155132565_o-150x150.jpg__8c1d56017c.jpg,ok,14831,
flowersinagun.com/wp-content/uploads/2016/09/12371228_771809742924178_8602750083155132565_o-160x107.jpg,image,http://www.flowersinagun.com/wp-content/uploads/2016/09/12371228_771809742924178_8602750083155132565_o-160x107.jpg,20170331072927,raw\assets\flowersinagun.com_wp-content_uploads_2016_09_12371228_771809742924178_8602750083155132565_o-160x107.jpg__b768cb810d.jpg,ok,12114,
flowersinagun.com/wp-content/uploads/2016/09/Group1-150x150.jpg,image,https://www.flowersinagun.com/wp-content/uploads/2016/09/Group1-150x150.jpg,20230607195506,raw\assets\flowersinagun.com_wp-content_uploads_2016_09_Group1-150x150.jpg__6f3566b727.jpg,ok,39965,
flowersinagun.com/wp-content/uploads/2016/09/unnamed-150x150.jpg,image,https://www.flowersinagun.com/wp-content/uploads/2016/09/unnamed-150x150.jpg,20230607230124,raw\assets\flowersinagun.com_wp-content_uploads_2016_09_unnamed-150x150.jpg__8810636261.jpg,ok,23112,
flowersinagun.com/wp-content/uploads/2016/10/11114097_518336674982517_8376950917775618255_o.jpg,image,http://www.flowersinagun.com/wp-content/uploads/2016/10/11114097_518336674982517_8376950917775618255_o.jpg,20170227233537,raw\assets\flowersinagun.com_wp-content_uploads_2016_10_11114097_518336674982517_8376950917775618255_o.jpg__3a261ac7a8.jpg,ok,620106,
flowersinagun.com/wp-content/uploads/2016/10/11722589_518332971649554_8804747457057920961_o.jpg,image,http://www.flowersinagun.com/wp-content/uploads/2016/10/11722589_518332971649554_8804747457057920961_o.jpg,20170227233515,raw\assets\flowersinagun.com_wp-content_uploads_2016_10_11722589_518332971649554_8804747457057920961_o.jpg__1dc6c1e9ae.jpg,ok,469379,
flowersinagun.com/wp-content/uploads/2016/10/1267440_774472765991209_8087328711976909588_o-1.jpg,image,http://www.flowersinagun.com/wp-content/uploads/2016/10/1267440_774472765991209_8087328711976909588_o-1.jpg,20170227233502,raw\assets\flowersinagun.com_wp-content_uploads_2016_10_1267440_774472765991209_8087328711976909588_o-1.jpg__77a0335dff.jpg,ok,253989,
flowersinagun.com/wp-content/uploads/2016/10/13738361_1253351148032438_5712227999505273914_o.jpg,image,http://www.flowersinagun.com/wp-content/uploads/2016/10/13738361_1253351148032438_5712227999505273914_o.jpg,20170228080518,raw\assets\flowersinagun.com_wp-content_uploads_2016_10_13738361_1253351148032438_5712227999505273914_o.jpg__320d995a2d.jpg,ok,241803,
flowersinagun.com/wp-content/uploads/2016/10/6726114.jpeg,image,http://www.flowersinagun.com/wp-content/uploads/2016/10/6726114.jpeg,20170210221505,raw\assets\flowersinagun.com_wp-content_uploads_2016_10_6726114.jpeg__8a4081e432.jpeg,ok,80332,
flowersinagun.com/wp-content/uploads/2016/10/886028_518335578315960_8786409099522874828_o.jpg,image,http://www.flowersinagun.com/wp-content/uploads/2016/10/886028_518335578315960_8786409099522874828_o.jpg,20170227233531,raw\assets\flowersinagun.com_wp-content_uploads_2016_10_886028_518335578315960_8786409099522874828_o.jpg__b374a1dfcf.jpg,ok,195781,
flowersinagun.com/wp-content/uploads/2016/10/BlackOne-1024x1024.jpg,image,https://www.flowersinagun.com/wp-content/uploads/2016/10/BlackOne-1024x1024.jpg,20230605060109,raw\assets\flowersinagun.com_wp-content_uploads_2016_10_BlackOne-1024x1024.jpg__d8554c3e5d.jpg,ok,422135,
flowersinagun.com/wp-content/uploads/2016/10/BlackOne-150x150.jpg,image,https://www.flowersinagun.com/wp-content/uploads/2016/10/BlackOne-150x150.jpg,20230605060109,raw\assets\flowersinagun.com_wp-content_uploads_2016_10_BlackOne-150x150.jpg__ff5e64f016.jpg,ok,50028,
flowersinagun.com/wp-content/uploads/2016/10/BlackOne-160x160.jpg,image,https://www.flowersinagun.com/wp-content/uploads/2016/10/BlackOne-160x160.jpg,20230605051145,raw\assets\flowersinagun.com_wp-content_uploads_2016_10_BlackOne-160x160.jpg__535d14c581.jpg,ok,51651,
flowersinagun.com/wp-content/uploads/2016/10/BlackOne-260x260.jpg,image,https://www.flowersinagun.com/wp-content/uploads/2016/10/BlackOne-260x260.jpg,20230605060108,raw\assets\flowersinagun.com_wp-content_uploads_2016_10_BlackOne-260x260.jpg__5bfb390bb2.jpg,ok,75255,
flowersinagun.com/wp-content/uploads/2016/10/BlackOne-300x300.jpg,image,https://www.flowersinagun.com/wp-content/uploads/2016/10/BlackOne-300x300.jpg,20230605060109,raw\assets\flowersinagun.com_wp-content_uploads_2016_10_BlackOne-300x300.jpg__be52a7bc79.jpg,ok,86880,
flowersinagun.com/wp-content/uploads/2016/10/BlackOne-560x560.jpg,image,https://www.flowersinagun.com/wp-content/uploads/2016/10/BlackOne-560x560.jpg,20230605060109,raw\assets\flowersinagun.com_wp-content_uploads_2016_10_BlackOne-560x560.jpg__61fe93d52a.jpg,ok,181570,
flowersinagun.com/wp-content/uploads/2016/10/BlackOne-768x768.jpg,image,https://www.flowersinagun.com/wp-content/uploads/2016/10/BlackOne-768x768.jpg,20230605060108,raw\assets\flowersinagun.com_wp-content_uploads_2016_10_BlackOne-768x768.jpg__3c1e1a30ff.jpg,ok,281656,
flowersinagun.com/wp-content/uploads/2016/10/DSC_4208-150x150.jpg,image,https://www.flowersinagun.com/wp-content/uploads/2016/10/DSC_4208-150x150.jpg,20230605060108,raw\assets\flowersinagun.com_wp-content_uploads_2016_10_DSC_4208-150x150.jpg__7eb826c06e.jpg,ok,81136,
flowersinagun.com/wp-content/uploads/2016/10/DSC_4208-160x106.jpg,image,http://www.flowersinagun.com/wp-content/uploads/2016/10/DSC_4208-160x106.jpg,20170331072935,raw\assets\flowersinagun.com_wp-content_uploads_2016_10_DSC_4208-160x106.jpg__a83ee25793.jpg,ok,78012,
flowersinagun.com/wp-content/uploads/2016/10/DSC_7498.jpg,image,http://www.flowersinagun.com/wp-content/uploads/2016/10/DSC_7498.jpg,20170227233557,raw\assets\flowersinagun.com_wp-content_uploads_2016_10_DSC_7498.jpg__08db3ba549.jpg,ok,1160257,
flowersinagun.com/wp-content/uploads/2016/10/IMG_8838-150x150.jpg,image,https://www.flowersinagun.com/wp-content/uploads/2016/10/IMG_8838-150x150.jpg,20230605060108,raw\assets\flowersinagun.com_wp-content_uploads_2016_10_IMG_8838-150x150.jpg__8f4145a1c4.jpg,ok,29778,
flowersinagun.com/wp-content/uploads/2016/10/chvrches-at-terminal-5-papeo-2-500x333-150x150.jpg,image,https://www.flowersinagun.com/wp-content/uploads/2016/10/chvrches-at-terminal-5-papeo-2-500x333-150x150.jpg,20230605060108,raw\assets\flowersinagun.com_wp-content_uploads_2016_10_chvrches-at-terminal-5-papeo-2-500x333-150x150.jpg__e501a3eb87.jpg,ok,8395,
flowersinagun.com/wp-content/uploads/2016/10/chvrches-at-terminal-5-papeo-2-500x333-260x173.jpg,image,http://www.flowersinagun.com/wp-content/uploads/2016/10/chvrches-at-terminal-5-papeo-2-500x333-260x173.jpg,20170331002352,raw\assets\flowersinagun.com_wp-content_uploads_2016_10_chvrches-at-terminal-5-papeo-2-500x333-260x173.jpg__3e658203f3.jpg,ok,13452,
flowersinagun.com/wp-content/uploads/2016/10/maxresdefault.jpg,image,http://www.flowersinagun.com/wp-content/uploads/2016/10/maxresdefault.jpg,20170211074850,raw\assets\flowersinagun.com_wp-content_uploads_2016_10_maxresdefault.jpg__73ebe5245c.jpg,ok,55570,
flowersinagun.com/wp-content/uploads/2016/10/slss_ben_5-1-150x150.jpg,image,https://www.flowersinagun.com/wp-content/uploads/2016/10/slss_ben_5-1-150x150.jpg,20230605060108,raw\assets\flowersinagun.com_wp-content_uploads_2016_10_slss_ben_5-1-150x150.jpg__f00ba4275d.jpg,ok,30167,
flowersinagun.com/wp-content/uploads/2016/10/slss_ben_5-1-260x171.jpg,image,http://www.flowersinagun.com/wp-content/uploads/2016/10/slss_ben_5-1-260x171.jpg,20170331071037,raw\assets\flowersinagun.com_wp-content_uploads_2016_10_slss_ben_5-1-260x171.jpg__0752e150bb.jpg,ok,32965,
flowersinagun.com/wp-content/uploads/2016/10/slss_ben_5-1.jpg,image,http://www.flowersinagun.com/wp-content/uploads/2016/10/slss_ben_5-1.jpg,20170227233538,raw\assets\flowersinagun.com_wp-content_uploads_2016_10_slss_ben_5-1.jpg__010e366d31.jpg,ok,53185,
flowersinagun.com/wp-content/uploads/2016/11/Billie_Holiday_Downbeat_New_York_N.Y._ca._Feb._1947_William_P._Gottlieb_04251-150x150.jpg,image,https://www.flowersinagun.com/wp-content/uploads/2016/11/Billie_Holiday_Downbeat_New_York_N.Y._ca._Feb._1947_William_P._Gottlieb_04251-150x150.jpg,20230606141641,raw\assets\flowersinagun.com_wp-content_uploads_2016_11_Billie_Holiday_Downbeat_New_York_N.Y._ca._Feb._1947_William_P._Gottlieb_042__1898aa7bad.jpg,ok,7769,
flowersinagun.com/wp-content/uploads/2016/11/Billie_Holiday_Downbeat_New_York_N.Y._ca._Feb._1947_William_P._Gottlieb_04251-160x160.jpg,image,https://www.flowersinagun.com/wp-content/uploads/2016/11/Billie_Holiday_Downbeat_New_York_N.Y._ca._Feb._1947_William_P._Gottlieb_04251-160x160.jpg,20230606141641,raw\assets\flowersinagun.com_wp-content_uploads_2016_11_Billie_Holiday_Downbeat_New_York_N.Y._ca._Feb._1947_William_P._Gottlieb_042__3d37bf7d83.jpg,ok,8422,
flowersinagun.com/wp-content/uploads/2016/11/Billie_Holiday_Downbeat_New_York_N.Y._ca._Feb._1947_William_P._Gottlieb_04251-260x260.jpg,image,https://www.flowersinagun.com/wp-content/uploads/2016/11/Billie_Holiday_Downbeat_New_York_N.Y._ca._Feb._1947_William_P._Gottlieb_04251-260x260.jpg,20230606141641,raw\assets\flowersinagun.com_wp-content_uploads_2016_11_Billie_Holiday_Downbeat_New_York_N.Y._ca._Feb._1947_William_P._Gottlieb_042__5c1d5fa354.jpg,ok,18649,
flowersinagun.com/wp-content/uploads/2016/11/Billie_Holiday_Downbeat_New_York_N.Y._ca._Feb._1947_William_P._Gottlieb_04251-300x300.jpg,image,https://www.flowersinagun.com/wp-content/uploads/2016/11/Billie_Holiday_Downbeat_New_York_N.Y._ca._Feb._1947_William_P._Gottlieb_04251-300x300.jpg,20230606141641,raw\assets\flowersinagun.com_wp-content_uploads_2016_11_Billie_Holiday_Downbeat_New_York_N.Y._ca._Feb._1947_William_P._Gottlieb_042__7baf986256.jpg,ok,24111,
flowersinagun.com/wp-content/uploads/2016/11/Billie_Holiday_Downbeat_New_York_N.Y._ca._Feb._1947_William_P._Gottlieb_04251-560x560.jpg,image,https://www.flowersinagun.com/wp-content/uploads/2016/11/Billie_Holiday_Downbeat_New_York_N.Y._ca._Feb._1947_William_P._Gottlieb_04251-560x560.jpg,20230606141641,raw\assets\flowersinagun.com_wp-content_uploads_2016_11_Billie_Holiday_Downbeat_New_York_N.Y._ca._Feb._1947_William_P._Gottlieb_042__a1a2cee4eb.jpg,ok,68341,
flowersinagun.com/wp-content/uploads/2016/11/Billie_Holiday_Downbeat_New_York_N.Y._ca._Feb._1947_William_P._Gottlieb_04251-768x768.jpg,image,https://www.flowersinagun.com/wp-content/uploads/2016/11/Billie_Holiday_Downbeat_New_York_N.Y._ca._Feb._1947_William_P._Gottlieb_04251-768x768.jpg,20230606141641,raw\assets\flowersinagun.com_wp-content_uploads_2016_11_Billie_Holiday_Downbeat_New_York_N.Y._ca._Feb._1947_William_P._Gottlieb_042__62055f48fc.jpg,ok,118213,
flowersinagun.com/wp-content/uploads/2016/11/Billie_Holiday_Downbeat_New_York_N.Y._ca._Feb._1947_William_P._Gottlieb_04251.jpg,image,https://www.flowersinagun.com/wp-content/uploads/2016/11/Billie_Holiday_Downbeat_New_York_N.Y._ca._Feb._1947_William_P._Gottlieb_04251.jpg,20230607115129,raw\assets\flowersinagun.com_wp-content_uploads_2016_11_Billie_Holiday_Downbeat_New_York_N.Y._ca._Feb._1947_William_P._Gottlieb_042__263bcebbf1.jpg,ok,207494,
flowersinagun.com/wp-content/uploads/2016/11/DSC_0033-150x150.jpg,image,https://www.flowersinagun.com/wp-content/uploads/2016/11/DSC_0033-150x150.jpg,20230606141641,raw\assets\flowersinagun.com_wp-content_uploads_2016_11_DSC_0033-150x150.jpg__fbffe3a861.jpg,ok,75683,
flowersinagun.com/wp-content/uploads/2016/11/DSC_0033-160x177.jpg,image,http://www.flowersinagun.com/wp-content/uploads/2016/11/DSC_0033-160x177.jpg,20171024192920,raw\assets\flowersinagun.com_wp-content_uploads_2016_11_DSC_0033-160x177.jpg__a4a732e0c5.jpg,ok,77808,
flowersinagun.com/wp-content/uploads/2016/11/late-show-bob-dylan-160x110.jpg,image,https://www.flowersinagun.com/wp-content/uploads/2016/11/late-show-bob-dylan-160x110.jpg,20230607115128,raw\assets\flowersinagun.com_wp-content_uploads_2016_11_late-show-bob-dylan-160x110.jpg__99376abc2a.jpg,ok,5045,
flowersinagun.com/wp-content/uploads/2016/11/late-show-bob-dylan-260x179.jpg,image,https://www.flowersinagun.com/wp-content/uploads/2016/11/late-show-bob-dylan-260x179.jpg,20230607115127,raw\assets\flowersinagun.com_wp-content_uploads_2016_11_late-show-bob-dylan-260x179.jpg__fb325c9852.jpg,ok,10692,
flowersinagun.com/wp-content/uploads/2016/11/late-show-bob-dylan-300x206.jpg,image,https://www.flowersinagun.com/wp-content/uploads/2016/11/late-show-bob-dylan-300x206.jpg,20230607115127,raw\assets\flowersinagun.com_wp-content_uploads_2016_11_late-show-bob-dylan-300x206.jpg__33a6d3c80d.jpg,ok,13073,
flowersinagun.com/wp-content/uploads/2016/11/late-show-bob-dylan-560x385.jpg,image,https://www.flowersinagun.com/wp-content/uploads/2016/11/late-show-bob-dylan-560x385.jpg,20230607115127,raw\assets\flowersinagun.com_wp-content_uploads_2016_11_late-show-bob-dylan-560x385.jpg__d6f27430c5.jpg,ok,35846,
flowersinagun.com/wp-content/uploads/2016/11/late-show-bob-dylan.jpg,image,https://www.flowersinagun.com/wp-content/uploads/2016/11/late-show-bob-dylan.jpg,20230606141641,raw\assets\flowersinagun.com_wp-content_uploads_2016_11_late-show-bob-dylan.jpg__0563b15ba5.jpg,ok,34485,
flowersinagun.com/wp-content/uploads/2017/02/IMG_0135-150x150.jpg,image,https://www.flowersinagun.com/wp-content/uploads/2017/02/IMG_0135-150x150.jpg,20230605133842,raw\assets\flowersinagun.com_wp-content_uploads_2017_02_IMG_0135-150x150.jpg__77cc19c616.jpg,ok,7963,
flowersinagun.com/wp-content/uploads/2017/02/IMG_0135-160x107.jpg,image,http://www.flowersinagun.com/wp-content/uploads/2017/02/IMG_0135-160x107.jpg,20171024185717,raw\assets\flowersinagun.com_wp-content_uploads_2017_02_IMG_0135-160x107.jpg__04fbb42478.jpg,ok,7020,
flowersinagun.com/wp-content/uploads/2017/07/ShawnaVirago_HeavenSentDelinquent_AlbumCoverArt-1024x1024.jpg,image,https://www.flowersinagun.com/wp-content/uploads/2017/07/ShawnaVirago_HeavenSentDelinquent_AlbumCoverArt-1024x1024.jpg,20230605064553,raw\assets\flowersinagun.com_wp-content_uploads_2017_07_ShawnaVirago_HeavenSentDelinquent_AlbumCoverArt-1024x1024.jpg__f82f3a43ab.jpg,ok,185885,
flowersinagun.com/wp-content/uploads/2017/07/ShawnaVirago_HeavenSentDelinquent_AlbumCoverArt-150x150.jpg,image,https://www.flowersinagun.com/wp-content/uploads/2017/07/ShawnaVirago_HeavenSentDelinquent_AlbumCoverArt-150x150.jpg,20230605064553,raw\assets\flowersinagun.com_wp-content_uploads_2017_07_ShawnaVirago_HeavenSentDelinquent_AlbumCoverArt-150x150.jpg__f461d3a9b7.jpg,ok,22166,
flowersinagun.com/wp-content/uploads/2017/07/ShawnaVirago_HeavenSentDelinquent_AlbumCoverArt-160x160.jpg,image,https://www.flowersinagun.com/wp-content/uploads/2017/07/ShawnaVirago_HeavenSentDelinquent_AlbumCoverArt-160x160.jpg,20230605064554,raw\assets\flowersinagun.com_wp-content_uploads_2017_07_ShawnaVirago_HeavenSentDelinquent_AlbumCoverArt-160x160.jpg__5eb4d26058.jpg,ok,22647,
flowersinagun.com/wp-content/uploads/2017/07/ShawnaVirago_HeavenSentDelinquent_AlbumCoverArt-260x260.jpg,image,https://www.flowersinagun.com/wp-content/uploads/2017/07/ShawnaVirago_HeavenSentDelinquent_AlbumCoverArt-260x260.jpg,20230605064553,raw\assets\flowersinagun.com_wp-content_uploads_2017_07_ShawnaVirago_HeavenSentDelinquent_AlbumCoverArt-260x260.jpg__cbe853780f.jpg,ok,30643,
flowersinagun.com/wp-content/uploads/2017/07/ShawnaVirago_HeavenSentDelinquent_AlbumCoverArt-300x300.jpg,image,https://www.flowersinagun.com/wp-content/uploads/2017/07/ShawnaVirago_HeavenSentDelinquent_AlbumCoverArt-300x300.jpg,20230605064554,raw\assets\flowersinagun.com_wp-content_uploads_2017_07_ShawnaVirago_HeavenSentDelinquent_AlbumCoverArt-300x300.jpg__e1af452299.jpg,ok,34478,
flowersinagun.com/wp-content/uploads/2017/07/ShawnaVirago_HeavenSentDelinquent_AlbumCoverArt-560x560.jpg,image,https://www.flowersinagun.com/wp-content/uploads/2017/07/ShawnaVirago_HeavenSentDelinquent_AlbumCoverArt-560x560.jpg,20230605064553,raw\assets\flowersinagun.com_wp-content_uploads_2017_07_ShawnaVirago_HeavenSentDelinquent_AlbumCoverArt-560x560.jpg__02e5e54f05.jpg,ok,72027,
flowersinagun.com/wp-content/uploads/2017/07/ShawnaVirago_HeavenSentDelinquent_AlbumCoverArt-768x768.jpg,image,https://www.flowersinagun.com/wp-content/uploads/2017/07/ShawnaVirago_HeavenSentDelinquent_AlbumCoverArt-768x768.jpg,20230605064554,raw\assets\flowersinagun.com_wp-content_uploads_2017_07_ShawnaVirago_HeavenSentDelinquent_AlbumCoverArt-768x768.jpg__3834e23709.jpg,ok,116897,
flowersinagun.com/wp-content/uploads/2017/07/ShawnaVirago_HeavenSentDelinquent_AlbumCoverArt.jpg,image,https://www.flowersinagun.com/wp-content/uploads/2017/07/ShawnaVirago_HeavenSentDelinquent_AlbumCoverArt.jpg,20230605064553,raw\assets\flowersinagun.com_wp-content_uploads_2017_07_ShawnaVirago_HeavenSentDelinquent_AlbumCoverArt.jpg__14fe652f0e.jpg,ok,1116086,
flowersinagun.com/wp-content/uploads/2017/09/images-150x150.jpeg,image,https://www.flowersinagun.com/wp-content/uploads/2017/09/images-150x150.jpeg,20230607182327,raw\assets\flowersinagun.com_wp-content_uploads_2017_09_images-150x150.jpeg__07a87a585e.jpeg,ok,5958,
flowersinagun.com/wp-content/uploads/2017/09/images-260x160.jpeg,image,http://www.flowersinagun.com/wp-content/uploads/2017/09/images-260x160.jpeg,20171024185653,raw\assets\flowersinagun.com_wp-content_uploads_2017_09_images-260x160.jpeg__557f2001a3.jpeg,ok,8190,
flowersinagun.com/wp-content/uploads/2017/10/12509345_969135483139974_6845984074229194397_n-150x150.jpg,image,https://www.flowersinagun.com/wp-content/uploads/2017/10/12509345_969135483139974_6845984074229194397_n-150x150.jpg,20230812211420,raw\assets\flowersinagun.com_wp-content_uploads_2017_10_12509345_969135483139974_6845984074229194397_n-150x150.jpg__b270b14b69.jpg,ok,8006,
flowersinagun.com/wp-content/uploads/2017/10/12509345_969135483139974_6845984074229194397_n.jpg,image,https://www.flowersinagun.com/wp-content/uploads/2017/10/12509345_969135483139974_6845984074229194397_n.jpg,20230519025352,raw\assets\flowersinagun.com_wp-content_uploads_2017_10_12509345_969135483139974_6845984074229194397_n.jpg__e5502b51e6.jpg,ok,15622,
flowersinagun.com/wp-content/uploads/2017/10/20171006_211842-150x150.jpg,image,https://www.flowersinagun.com/wp-content/uploads/2017/10/20171006_211842-150x150.jpg,20230605133905,raw\assets\flowersinagun.com_wp-content_uploads_2017_10_20171006_211842-150x150.jpg__7c8219bba6.jpg,ok,24904,
flowersinagun.com/wp-content/uploads/2017/10/20171006_211842-160x90.jpg,image,http://www.flowersinagun.com/wp-content/uploads/2017/10/20171006_211842-160x90.jpg,20190621231521,raw\assets\flowersinagun.com_wp-content_uploads_2017_10_20171006_211842-160x90.jpg__2ca3b02793.jpg,ok,22958,
flowersinagun.com/wp-content/uploads/2017/10/20171006_211842.jpg,image,http://www.flowersinagun.com/wp-content/uploads/2017/10/20171006_211842.jpg,20180213083454,raw\assets\flowersinagun.com_wp-content_uploads_2017_10_20171006_211842.jpg__eecd79f715.jpg,ok,1705604,
flowersinagun.com/wp-content/uploads/2017/10/20171006_213711-e1508083916422.jpg,image,http://www.flowersinagun.com/wp-content/uploads/2017/10/20171006_213711-e1508083916422.jpg,20180213065704,raw\assets\flowersinagun.com_wp-content_uploads_2017_10_20171006_213711-e1508083916422.jpg__77bdc7d2bf.jpg,ok,1537327,
flowersinagun.com/wp-content/uploads/2017/10/20171006_213900.jpg,image,http://www.flowersinagun.com/wp-content/uploads/2017/10/20171006_213900.jpg,20180213074326,raw\assets\flowersinagun.com_wp-content_uploads_2017_10_20171006_213900.jpg__58273c4a42.jpg,ok,3357524,
flowersinagun.com/wp-content/uploads/2017/10/20171006_215027-e1508089767765.jpg,image,http://www.flowersinagun.com/wp-content/uploads/2017/10/20171006_215027-e1508089767765.jpg,20180213091356,raw\assets\flowersinagun.com_wp-content_uploads_2017_10_20171006_215027-e1508089767765.jpg__d24b664e18.jpg,ok,987009,
flowersinagun.com/wp-content/uploads/2017/10/Gene_Simmons_2012-1-150x150.jpg,image,https://www.flowersinagun.com/wp-content/uploads/2017/10/Gene_Simmons_2012-1-150x150.jpg,20230608093535,raw\assets\flowersinagun.com_wp-content_uploads_2017_10_Gene_Simmons_2012-1-150x150.jpg__555634781f.jpg,ok,22909,
flowersinagun.com/wp-content/uploads/2017/10/Gene_Simmons_2012-1-160x240.jpg,image,http://www.flowersinagun.com/wp-content/uploads/2017/10/Gene_Simmons_2012-1-160x240.jpg,20190621230214,raw\assets\flowersinagun.com_wp-content_uploads_2017_10_Gene_Simmons_2012-1-160x240.jpg__2e5b8914bf.jpg,ok,26494,
flowersinagun.com/wp-content/uploads/2017/10/Gene_Simmons_2012.jpg,image,http://www.flowersinagun.com/wp-content/uploads/2017/10/Gene_Simmons_2012.jpg,20180212033555,raw\assets\flowersinagun.com_wp-content_uploads_2017_10_Gene_Simmons_2012.jpg__1a98179fa0.jpg,ok,963212,
flowersinagun.com/wp-content/uploads/2017/10/IMG_1025.jpg,image,http://www.flowersinagun.com/wp-content/uploads/2017/10/IMG_1025.jpg,20180123013320,raw\assets\flowersinagun.com_wp-content_uploads_2017_10_IMG_1025.jpg__84de7fee4c.jpg,ok,4207030,
flowersinagun.com/wp-content/uploads/2017/10/IMG_1029.jpg,image,http://www.flowersinagun.com/wp-content/uploads/2017/10/IMG_1029.jpg,20180123110657,raw\assets\flowersinagun.com_wp-content_uploads_2017_10_IMG_1029.jpg__c03b248630.jpg,ok,5966917,
flowersinagun.com/wp-content/uploads/2017/10/IMG_1034-150x150.jpg,image,https://www.flowersinagun.com/wp-content/uploads/2017/10/IMG_1034-150x150.jpg,20230607182326,raw\assets\flowersinagun.com_wp-content_uploads_2017_10_IMG_1034-150x150.jpg__7ddd7a4edd.jpg,ok,8022,
flowersinagun.com/wp-content/uploads/2017/10/IMG_1034-160x107.jpg,image,http://www.flowersinagun.com/wp-content/uploads/2017/10/IMG_1034-160x107.jpg,20190621230819,raw\assets\flowersinagun.com_wp-content_uploads_2017_10_IMG_1034-160x107.jpg__68578f9c66.jpg,ok,7122,
flowersinagun.com/wp-content/uploads/2017/10/IMG_1034.jpg,image,http://www.flowersinagun.com/wp-content/uploads/2017/10/IMG_1034.jpg,20180123114022,raw\assets\flowersinagun.com_wp-content_uploads_2017_10_IMG_1034.jpg__4af5e77f74.jpg,ok,4945968,
flowersinagun.com/wp-content/uploads/2017/10/IMG_1036.jpg,image,http://www.flowersinagun.com/wp-content/uploads/2017/10/IMG_1036.jpg,20180123030030,raw\assets\flowersinagun.com_wp-content_uploads_2017_10_IMG_1036.jpg__7bdbfc409e.jpg,ok,4027402,
flowersinagun.com/wp-content/uploads/2017/10/IMG_1041.jpg,image,http://www.flowersinagun.com/wp-content/uploads/2017/10/IMG_1041.jpg,20180123121520,raw\assets\flowersinagun.com_wp-content_uploads_2017_10_IMG_1041.jpg__0828ee6ef5.jpg,ok,5642402,
flowersinagun.com/wp-content/uploads/2017/10/IMG_1048.jpg,image,http://www.flowersinagun.com/wp-content/uploads/2017/10/IMG_1048.jpg,20180123071802,raw\assets\flowersinagun.com_wp-content_uploads_2017_10_IMG_1048.jpg__b3625f7550.jpg,ok,4711591,
flowersinagun.com/wp-content/uploads/2017/10/IMG_1054.jpg,image,http://www.flowersinagun.com/wp-content/uploads/2017/10/IMG_1054.jpg,20180123111004,raw\assets\flowersinagun.com_wp-content_uploads_2017_10_IMG_1054.jpg__41667b17c0.jpg,ok,3876272,
flowersinagun.com/wp-content/uploads/2017/10/IMG_1056.jpg,image,http://www.flowersinagun.com/wp-content/uploads/2017/10/IMG_1056.jpg,20180123031557,raw\assets\flowersinagun.com_wp-content_uploads_2017_10_IMG_1056.jpg__4e360fbfc5.jpg,ok,3843308,
flowersinagun.com/wp-content/uploads/2017/10/IMG_1058.jpg,image,http://www.flowersinagun.com/wp-content/uploads/2017/10/IMG_1058.jpg,20180123020125,raw\assets\flowersinagun.com_wp-content_uploads_2017_10_IMG_1058.jpg__4975a251f8.jpg,ok,6455207,
flowersinagun.com/wp-content/uploads/2017/10/IMG_1059.jpg,image,http://www.flowersinagun.com/wp-content/uploads/2017/10/IMG_1059.jpg,20180123040400,raw\assets\flowersinagun.com_wp-content_uploads_2017_10_IMG_1059.jpg__d2ab0c4709.jpg,ok,6961869,
flowersinagun.com/wp-content/uploads/2017/10/IMG_1060.jpg,image,http://www.flowersinagun.com/wp-content/uploads/2017/10/IMG_1060.jpg,20180123013323,raw\assets\flowersinagun.com_wp-content_uploads_2017_10_IMG_1060.jpg__12104a7e5a.jpg,ok,6328056,
flowersinagun.com/wp-content/uploads/2017/10/IMG_1061.jpg,image,http://www.flowersinagun.com/wp-content/uploads/2017/10/IMG_1061.jpg,20180123043239,raw\assets\flowersinagun.com_wp-content_uploads_2017_10_IMG_1061.jpg__d65d5d4920.jpg,ok,6377163,
flowersinagun.com/wp-content/uploads/2017/10/IMG_1063.jpg,image,http://www.flowersinagun.com/wp-content/uploads/2017/10/IMG_1063.jpg,20180123100330,raw\assets\flowersinagun.com_wp-content_uploads_2017_10_IMG_1063.jpg__9ffefd3fdf.jpg,ok,6213351,
flowersinagun.com/wp-content/uploads/2017/10/IMG_1064.jpg,image,http://www.flowersinagun.com/wp-content/uploads/2017/10/IMG_1064.jpg,20180123110247,raw\assets\flowersinagun.com_wp-content_uploads_2017_10_IMG_1064.jpg__97a5ce925c.jpg,ok,4697750,
flowersinagun.com/wp-content/uploads/2017/10/IMG_1086.jpg,image,http://www.flowersinagun.com/wp-content/uploads/2017/10/IMG_1086.jpg,20180123120841,raw\assets\flowersinagun.com_wp-content_uploads_2017_10_IMG_1086.jpg__d801dc57b1.jpg,ok,5086716,
flowersinagun.com/wp-content/uploads/2017/10/unnamed-150x150.jpg,image,https://www.flowersinagun.com/wp-content/uploads/2017/10/unnamed-150x150.jpg,20230608093535,raw\assets\flowersinagun.com_wp-content_uploads_2017_10_unnamed-150x150.jpg__e05f88fc9f.jpg,ok,13286,
flowersinagun.com/wp-content/uploads/2017/10/unnamed-150x150.png,image,https://www.flowersinagun.com/wp-content/uploads/2017/10/unnamed-150x150.png,20230608093535,raw\assets\flowersinagun.com_wp-content_uploads_2017_10_unnamed-150x150.png__05b9e47d11.png,ok,50231,
flowersinagun.com/wp-content/uploads/2017/10/unnamed-160x160.jpg,image,https://www.flowersinagun.com/wp-content/uploads/2017/10/unnamed-160x160.jpg,20230608232106,raw\assets\flowersinagun.com_wp-content_uploads_2017_10_unnamed-160x160.jpg__433ee570c8.jpg,ok,14367,
flowersinagun.com/wp-content/uploads/2017/10/unnamed-160x195.png,image,http://www.flowersinagun.com/wp-content/uploads/2017/10/unnamed-160x195.png,20190621225526,raw\assets\flowersinagun.com_wp-content_uploads_2017_10_unnamed-160x195.png__2a6711d26d.png,ok,67274,
flowersinagun.com/wp-content/uploads/2017/10/unnamed-260x260.jpg,image,https://www.flowersinagun.com/wp-content/uploads/2017/10/unnamed-260x260.jpg,20230608232108,raw\assets\flowersinagun.com_wp-content_uploads_2017_10_unnamed-260x260.jpg__e6dc5cc585.jpg,ok,27022,
flowersinagun.com/wp-content/uploads/2017/10/unnamed-300x300.jpg,image,https://www.flowersinagun.com/wp-content/uploads/2017/10/unnamed-300x300.jpg,20230608232108,raw\assets\flowersinagun.com_wp-content_uploads_2017_10_unnamed-300x300.jpg__80ef51c4ec.jpg,ok,33382,
flowersinagun.com/wp-content/uploads/2017/10/unnamed-560x681.png,image,http://www.flowersinagun.com/wp-content/uploads/2017/10/unnamed-560x681.png,20171024191307,raw\assets\flowersinagun.com_wp-content_uploads_2017_10_unnamed-560x681.png__7f5fd103d5.png,ok,577909,
flowersinagun.com/wp-content/uploads/2017/10/unnamed.jpg,image,https://www.flowersinagun.com/wp-content/uploads/2017/10/unnamed.jpg,20230608232107,raw\assets\flowersinagun.com_wp-content_uploads_2017_10_unnamed.jpg__2196e514f9.jpg,ok,96790,
flowersinagun.com/wp-content/uploads/2017/10/unnamed.png,image,http://www.flowersinagun.com/wp-content/uploads/2017/10/unnamed.png,20180213054452,raw\assets\flowersinagun.com_wp-content_uploads_2017_10_unnamed.png__a71f676d42.png,ok,652841,
flowersinagun.com/wp-content/uploads/2017/11/10430842_566199980212720_1822109394331510377_n-150x150.jpg,image,https://www.flowersinagun.com/wp-content/uploads/2017/11/10430842_566199980212720_1822109394331510377_n-150x150.jpg,20230605133905,raw\assets\flowersinagun.com_wp-content_uploads_2017_11_10430842_566199980212720_1822109394331510377_n-150x150.jpg__5a7d97ef48.jpg,ok,5590,
flowersinagun.com/wp-content/uploads/2017/11/10430842_566199980212720_1822109394331510377_n-160x240.jpg,image,http://www.flowersinagun.com/wp-content/uploads/2017/11/10430842_566199980212720_1822109394331510377_n-160x240.jpg,20190621231403,raw\assets\flowersinagun.com_wp-content_uploads_2017_11_10430842_566199980212720_1822109394331510377_n-160x240.jpg__8676c619ef.jpg,ok,8375,
flowersinagun.com/wp-content/uploads/2017/11/10430842_566199980212720_1822109394331510377_n.jpg,image,http://www.flowersinagun.com/wp-content/uploads/2017/11/10430842_566199980212720_1822109394331510377_n.jpg,20180213091549,raw\assets\flowersinagun.com_wp-content_uploads_2017_11_10430842_566199980212720_1822109394331510377_n.jpg__d48488e8eb.jpg,ok,56651,
flowersinagun.com/wp-content/uploads/2017/11/12741959_566199733546078_7720989479862632233_n.jpg,image,http://www.flowersinagun.com/wp-content/uploads/2017/11/12741959_566199733546078_7720989479862632233_n.jpg,20180213061349,raw\assets\flowersinagun.com_wp-content_uploads_2017_11_12741959_566199733546078_7720989479862632233_n.jpg__8065593d1c.jpg,ok,36327,
flowersinagun.com/wp-content/uploads/2017/11/14095958_653534824805745_4233425990546477755_n-150x150.jpg,image,https://www.flowersinagun.com/wp-content/uploads/2017/11/14095958_653534824805745_4233425990546477755_n-150x150.jpg,20230607182310,raw\assets\flowersinagun.com_wp-content_uploads_2017_11_14095958_653534824805745_4233425990546477755_n-150x150.jpg__9c69961f7b.jpg,ok,9535,
flowersinagun.com/wp-content/uploads/2017/11/14095958_653534824805745_4233425990546477755_n-160x107.jpg,image,http://www.flowersinagun.com/wp-content/uploads/2017/11/14095958_653534824805745_4233425990546477755_n-160x107.jpg,20190621224947,raw\assets\flowersinagun.com_wp-content_uploads_2017_11_14095958_653534824805745_4233425990546477755_n-160x107.jpg__3353538727.jpg,ok,7877,
flowersinagun.com/wp-content/uploads/2017/11/14095958_653534824805745_4233425990546477755_n.jpg,image,http://www.flowersinagun.com/wp-content/uploads/2017/11/14095958_653534824805745_4233425990546477755_n.jpg,20180213084417,raw\assets\flowersinagun.com_wp-content_uploads_2017_11_14095958_653534824805745_4233425990546477755_n.jpg__52343c966d.jpg,ok,112118,
flowersinagun.com/wp-content/uploads/2017/11/14470479_670544233104804_8438960244623747360_n.jpg,image,http://www.flowersinagun.com/wp-content/uploads/2017/11/14470479_670544233104804_8438960244623747360_n.jpg,20180213093735,raw\assets\flowersinagun.com_wp-content_uploads_2017_11_14470479_670544233104804_8438960244623747360_n.jpg__581340a6f0.jpg,ok,36386,
flowersinagun.com/wp-content/uploads/2017/11/18301199_797997770359449_5032749383118115721_n.jpg,image,http://www.flowersinagun.com/wp-content/uploads/2017/11/18301199_797997770359449_5032749383118115721_n.jpg,20180213083123,raw\assets\flowersinagun.com_wp-content_uploads_2017_11_18301199_797997770359449_5032749383118115721_n.jpg__813a3f4393.jpg,ok,70953,
flowersinagun.com/wp-content/uploads/2017/11/18485747_802582106567682_3600662800768602100_n.jpg,image,http://www.flowersinagun.com/wp-content/uploads/2017/11/18485747_802582106567682_3600662800768602100_n.jpg,20180213061135,raw\assets\flowersinagun.com_wp-content_uploads_2017_11_18485747_802582106567682_3600662800768602100_n.jpg__1ebd8eaf28.jpg,ok,156867,
flowersinagun.com/wp-content/uploads/2017/11/65307_10200371655113793_158839090_n-1-150x150.jpg,image,https://www.flowersinagun.com/wp-content/uploads/2017/11/65307_10200371655113793_158839090_n-1-150x150.jpg,20230607182310,raw\assets\flowersinagun.com_wp-content_uploads_2017_11_65307_10200371655113793_158839090_n-1-150x150.jpg__61bbc06696.jpg,ok,8233,
flowersinagun.com/wp-content/uploads/2017/11/65307_10200371655113793_158839090_n-1-160x60.jpg,image,http://www.flowersinagun.com/wp-content/uploads/2017/11/65307_10200371655113793_158839090_n-1-160x60.jpg,20190621231341,raw\assets\flowersinagun.com_wp-content_uploads_2017_11_65307_10200371655113793_158839090_n-1-160x60.jpg__3276024f09.jpg,ok,6433,
flowersinagun.com/wp-content/uploads/2017/11/65307_10200371655113793_158839090_n.jpg,image,http://www.flowersinagun.com/wp-content/uploads/2017/11/65307_10200371655113793_158839090_n.jpg,20180213063027,raw\assets\flowersinagun.com_wp-content_uploads_2017_11_65307_10200371655113793_158839090_n.jpg__8184710bd4.jpg,ok,38954,
flowersinagun.com/wp-content/uploads/2017/11/DSC_0008.jpg,image,http://www.flowersinagun.com/wp-content/uploads/2017/11/DSC_0008.jpg,20180213093858,raw\assets\flowersinagun.com_wp-content_uploads_2017_11_DSC_0008.jpg__68eb6eb47d.jpg,ok,2800912,
flowersinagun.com/wp-content/uploads/2017/11/DSC_1199.jpg,image,http://www.flowersinagun.com/wp-content/uploads/2017/11/DSC_1199.jpg,20180213074322,raw\assets\flowersinagun.com_wp-content_uploads_2017_11_DSC_1199.jpg__fe22d3d3fd.jpg,ok,2710748,
flowersinagun.com/wp-content/uploads/2017/11/DSC_1215.jpg,image,http://www.flowersinagun.com/wp-content/uploads/2017/11/DSC_1215.jpg,20180213075957,raw\assets\flowersinagun.com_wp-content_uploads_2017_11_DSC_1215.jpg__c432f5fd0e.jpg,ok,2216958,
flowersinagun.com/wp-content/uploads/2017/11/DSC_1234-150x150.jpg,image,https://www.flowersinagun.com/wp-content/uploads/2017/11/DSC_1234-150x150.jpg,20230606042940,raw\assets\flowersinagun.com_wp-content_uploads_2017_11_DSC_1234-150x150.jpg__17bc4706fa.jpg,ok,69103,
flowersinagun.com/wp-content/uploads/2017/11/DSC_1234-160x106.jpg,image,http://www.flowersinagun.com/wp-content/uploads/2017/11/DSC_1234-160x106.jpg,20180222023041,raw\assets\flowersinagun.com_wp-content_uploads_2017_11_DSC_1234-160x106.jpg__a07c1be65a.jpg,ok,68428,
flowersinagun.com/wp-content/uploads/2017/11/DSC_1234.jpg,image,http://www.flowersinagun.com/wp-content/uploads/2017/11/DSC_1234.jpg,20180213065843,raw\assets\flowersinagun.com_wp-content_uploads_2017_11_DSC_1234.jpg__0eaebbdbde.jpg,ok,2681004,
flowersinagun.com/wp-content/uploads/2017/11/DSC_1260.jpg,image,http://www.flowersinagun.com/wp-content/uploads/2017/11/DSC_1260.jpg,20180213075431,raw\assets\flowersinagun.com_wp-content_uploads_2017_11_DSC_1260.jpg__57c416036d.jpg,ok,2240238,
flowersinagun.com/wp-content/uploads/2017/11/DSC_1265.jpg,image,http://www.flowersinagun.com/wp-content/uploads/2017/11/DSC_1265.jpg,20180213061521,raw\assets\flowersinagun.com_wp-content_uploads_2017_11_DSC_1265.jpg__8ffe39d23c.jpg,ok,2930120,
flowersinagun.com/wp-content/uploads/2017/11/Days-Months-Years_Album-Cover-1200x1071.jpg,image,http://www.flowersinagun.com/wp-content/uploads/2017/11/Days-Months-Years_Album-Cover-1200x1071.jpg,20180213085453,raw\assets\flowersinagun.com_wp-content_uploads_2017_11_Days-Months-Years_Album-Cover-1200x1071.jpg__7499b588c3.jpg,ok,365290,
flowersinagun.com/wp-content/uploads/2017/12/14034829_1782949208593726_9059484599375828926_n.jpg,image,http://www.flowersinagun.com/wp-content/uploads/2017/12/14034829_1782949208593726_9059484599375828926_n.jpg,20180213070256,raw\assets\flowersinagun.com_wp-content_uploads_2017_12_14034829_1782949208593726_9059484599375828926_n.jpg__599e41b9ff.jpg,ok,98519,
flowersinagun.com/wp-content/uploads/2017/12/24232705_949965045157633_8597422299991230534_n-150x150.jpg,image,https://www.flowersinagun.com/wp-content/uploads/2017/12/24232705_949965045157633_8597422299991230534_n-150x150.jpg,20230605064555,raw\assets\flowersinagun.com_wp-content_uploads_2017_12_24232705_949965045157633_8597422299991230534_n-150x150.jpg__d092649c4b.jpg,ok,9672,
flowersinagun.com/wp-content/uploads/2017/12/24232705_949965045157633_8597422299991230534_n-160x227.jpg,image,http://www.flowersinagun.com/wp-content/uploads/2017/12/24232705_949965045157633_8597422299991230534_n-160x227.jpg,20190621231356,raw\assets\flowersinagun.com_wp-content_uploads_2017_12_24232705_949965045157633_8597422299991230534_n-160x227.jpg__4448f8cfa8.jpg,ok,14284,
flowersinagun.com/wp-content/uploads/2017/12/24232705_949965045157633_8597422299991230534_n-260x368.jpg,image,http://www.flowersinagun.com/wp-content/uploads/2017/12/24232705_949965045157633_8597422299991230534_n-260x368.jpg,20180221201827,raw\assets\flowersinagun.com_wp-content_uploads_2017_12_24232705_949965045157633_8597422299991230534_n-260x368.jpg__15e63f3553.jpg,ok,30191,
flowersinagun.com/wp-content/uploads/2017/12/24232705_949965045157633_8597422299991230534_n.jpg,image,http://www.flowersinagun.com/wp-content/uploads/2017/12/24232705_949965045157633_8597422299991230534_n.jpg,20180213063853,raw\assets\flowersinagun.com_wp-content_uploads_2017_12_24232705_949965045157633_8597422299991230534_n.jpg__d4ef340d9c.jpg,ok,105326,
flowersinagun.com/wp-content/uploads/2017/12/24993383_1990109517877693_1117065360892005799_n-150x150.jpg,image,https://www.flowersinagun.com/wp-content/uploads/2017/12/24993383_1990109517877693_1117065360892005799_n-150x150.jpg,20230605064555,raw\assets\flowersinagun.com_wp-content_uploads_2017_12_24993383_1990109517877693_1117065360892005799_n-150x150.jpg__1ed8d9b1f6.jpg,ok,8230,
flowersinagun.com/wp-content/uploads/2017/12/24993383_1990109517877693_1117065360892005799_n-160x91.jpg,image,http://www.flowersinagun.com/wp-content/uploads/2017/12/24993383_1990109517877693_1117065360892005799_n-160x91.jpg,20180222012529,raw\assets\flowersinagun.com_wp-content_uploads_2017_12_24993383_1990109517877693_1117065360892005799_n-160x91.jpg__e682f779d0.jpg,ok,6115,
flowersinagun.com/wp-content/uploads/2017/12/24993383_1990109517877693_1117065360892005799_n.jpg,image,http://www.flowersinagun.com/wp-content/uploads/2017/12/24993383_1990109517877693_1117065360892005799_n.jpg,20180213074320,raw\assets\flowersinagun.com_wp-content_uploads_2017_12_24993383_1990109517877693_1117065360892005799_n.jpg__88c7fa514f.jpg,ok,82709,
flowersinagun.com/wp-content/uploads/2017/12/IMG_1290.jpg,image,http://www.flowersinagun.com/wp-content/uploads/2017/12/IMG_1290.jpg,20180213082523,raw\assets\flowersinagun.com_wp-content_uploads_2017_12_IMG_1290.jpg__ea24f601f1.jpg,ok,5698475,
flowersinagun.com/wp-content/uploads/2017/12/IMG_1291.jpg,image,http://www.flowersinagun.com/wp-content/uploads/2017/12/IMG_1291.jpg,20180213093629,raw\assets\flowersinagun.com_wp-content_uploads_2017_12_IMG_1291.jpg__f009243c12.jpg,ok,5247495,
flowersinagun.com/wp-content/uploads/2017/12/IMG_1299.jpg,image,http://www.flowersinagun.com/wp-content/uploads/2017/12/IMG_1299.jpg,20180213093517,raw\assets\flowersinagun.com_wp-content_uploads_2017_12_IMG_1299.jpg__19bde3b226.jpg,ok,4678258,
flowersinagun.com/wp-content/uploads/2017/12/IMG_1306.jpg,image,http://www.flowersinagun.com/wp-content/uploads/2017/12/IMG_1306.jpg,20180213061005,raw\assets\flowersinagun.com_wp-content_uploads_2017_12_IMG_1306.jpg__74daeef8ae.jpg,ok,5675212,
flowersinagun.com/wp-content/uploads/2017/12/IMG_1326.jpg,image,http://www.flowersinagun.com/wp-content/uploads/2017/12/IMG_1326.jpg,20180213080608,raw\assets\flowersinagun.com_wp-content_uploads_2017_12_IMG_1326.jpg__8f82c8721c.jpg,ok,6616628,
flowersinagun.com/wp-content/uploads/2017/12/IMG_1327-150x150.jpg,image,https://www.flowersinagun.com/wp-content/uploads/2017/12/IMG_1327-150x150.jpg,20230605064556,raw\assets\flowersinagun.com_wp-content_uploads_2017_12_IMG_1327-150x150.jpg__b223a461b7.jpg,ok,33364,
flowersinagun.com/wp-content/uploads/2017/12/IMG_1327-160x107.jpg,image,http://www.flowersinagun.com/wp-content/uploads/2017/12/IMG_1327-160x107.jpg,20180221175623,raw\assets\flowersinagun.com_wp-content_uploads_2017_12_IMG_1327-160x107.jpg__1c5cce572e.jpg,ok,32587,
flowersinagun.com/wp-content/uploads/2017/12/IMG_1327.jpg,image,http://www.flowersinagun.com/wp-content/uploads/2017/12/IMG_1327.jpg,20180213085958,raw\assets\flowersinagun.com_wp-content_uploads_2017_12_IMG_1327.jpg__4220f0ca4d.jpg,ok,5881652,
flowersinagun.com/wp-content/uploads/2017/12/IMG_1329.jpg,image,http://www.flowersinagun.com/wp-content/uploads/2017/12/IMG_1329.jpg,20180213082325,raw\assets\flowersinagun.com_wp-content_uploads_2017_12_IMG_1329.jpg__ee89d71a54.jpg,ok,5840599,
flowersinagun.com/wp-content/uploads/2017/12/IMG_1334.jpg,image,http://www.flowersinagun.com/wp-content/uploads/2017/12/IMG_1334.jpg,20180213083226,raw\assets\flowersinagun.com_wp-content_uploads_2017_12_IMG_1334.jpg__88900a3419.jpg,ok,6678493,
flowersinagun.com/wp-content/uploads/2017/12/IMG_1341.jpg,image,http://www.flowersinagun.com/wp-content/uploads/2017/12/IMG_1341.jpg,20180213084640,raw\assets\flowersinagun.com_wp-content_uploads_2017_12_IMG_1341.jpg__71b49136a1.jpg,ok,5077365,
flowersinagun.com/wp-content/uploads/2017/12/IMG_1343.jpg,image,http://www.flowersinagun.com/wp-content/uploads/2017/12/IMG_1343.jpg,20180213061003,raw\assets\flowersinagun.com_wp-content_uploads_2017_12_IMG_1343.jpg__f5df083d2c.jpg,ok,4267965,
flowersinagun.com/wp-content/uploads/2017/12/IMG_1356.jpg,image,http://www.flowersinagun.com/wp-content/uploads/2017/12/IMG_1356.jpg,20180213062228,raw\assets\flowersinagun.com_wp-content_uploads_2017_12_IMG_1356.jpg__44a769b6c2.jpg,ok,6992318,
flowersinagun.com/wp-content/uploads/2017/12/IMG_1363.jpg,image,http://www.flowersinagun.com/wp-content/uploads/2017/12/IMG_1363.jpg,20180213080612,raw\assets\flowersinagun.com_wp-content_uploads_2017_12_IMG_1363.jpg__bf5da2a14d.jpg,ok,5752075,
flowersinagun.com/wp-content/uploads/2017/12/IMG_1368.jpg,image,http://www.flowersinagun.com/wp-content/uploads/2017/12/IMG_1368.jpg,20180213074324,raw\assets\flowersinagun.com_wp-content_uploads_2017_12_IMG_1368.jpg__adf3b5c4ce.jpg,ok,5317029,
flowersinagun.com/wp-content/uploads/2017/12/IMG_1389.jpg,image,http://www.flowersinagun.com/wp-content/uploads/2017/12/IMG_1389.jpg,20180213075959,raw\assets\flowersinagun.com_wp-content_uploads_2017_12_IMG_1389.jpg__0e618678e3.jpg,ok,5660915,
flowersinagun.com/wp-content/uploads/2017/12/IMG_1390.jpg,image,http://www.flowersinagun.com/wp-content/uploads/2017/12/IMG_1390.jpg,20180213070105,raw\assets\flowersinagun.com_wp-content_uploads_2017_12_IMG_1390.jpg__6c41c7015b.jpg,ok,5198218,
flowersinagun.com/wp-content/uploads/2017/12/IMG_1391.jpg,image,http://www.flowersinagun.com/wp-content/uploads/2017/12/IMG_1391.jpg,20180213062315,raw\assets\flowersinagun.com_wp-content_uploads_2017_12_IMG_1391.jpg__7b1e64f54d.jpg,ok,5937587,
flowersinagun.com/wp-content/uploads/2017/12/IMG_1411.jpg,image,http://www.flowersinagun.com/wp-content/uploads/2017/12/IMG_1411.jpg,20180213093737,raw\assets\flowersinagun.com_wp-content_uploads_2017_12_IMG_1411.jpg__f519352720.jpg,ok,5774081,
flowersinagun.com/wp-content/uploads/2017/12/IMG_8202.jpg,image,http://www.flowersinagun.com/wp-content/uploads/2017/12/IMG_8202.jpg,20180213072711,raw\assets\flowersinagun.com_wp-content_uploads_2017_12_IMG_8202.jpg__d9dad4afd4.jpg,ok,1120787,
flowersinagun.com/wp-content/uploads/2017/12/IMG_8216-e1514046271356.jpg,image,http://www.flowersinagun.com/wp-content/uploads/2017/12/IMG_8216-e1514046271356.jpg,20180213090057,raw\assets\flowersinagun.com_wp-content_uploads_2017_12_IMG_8216-e1514046271356.jpg__335667adfc.jpg,ok,726677,
flowersinagun.com/wp-content/uploads/2017/12/IMG_8217-150x150.jpg,image,https://www.flowersinagun.com/wp-content/uploads/2017/12/IMG_8217-150x150.jpg,20230606042939,raw\assets\flowersinagun.com_wp-content_uploads_2017_12_IMG_8217-150x150.jpg__580cf5ca8d.jpg,ok,12262,
flowersinagun.com/wp-content/uploads/2017/12/IMG_8217-160x120.jpg,image,http://www.flowersinagun.com/wp-content/uploads/2017/12/IMG_8217-160x120.jpg,20181122191142,raw\assets\flowersinagun.com_wp-content_uploads_2017_12_IMG_8217-160x120.jpg__f71affd492.jpg,ok,11782,
flowersinagun.com/wp-content/uploads/2017/12/IMG_8217-260x195.jpg,image,http://www.flowersinagun.com/wp-content/uploads/2017/12/IMG_8217-260x195.jpg,20180221233254,raw\assets\flowersinagun.com_wp-content_uploads_2017_12_IMG_8217-260x195.jpg__b3cf3a335d.jpg,ok,15860,
flowersinagun.com/wp-content/uploads/2017/12/IMG_8217.jpg,image,http://www.flowersinagun.com/wp-content/uploads/2017/12/IMG_8217.jpg,20180213074329,raw\assets\flowersinagun.com_wp-content_uploads_2017_12_IMG_8217.jpg__f9759f892b.jpg,ok,677948,
flowersinagun.com/wp-content/uploads/2018/01/DSC_0360-1.jpg,image,http://www.flowersinagun.com/wp-content/uploads/2018/01/DSC_0360-1.jpg,20190621231231,raw\assets\flowersinagun.com_wp-content_uploads_2018_01_DSC_0360-1.jpg__94645826d8.jpg,ok,2677099,
flowersinagun.com/wp-content/uploads/2018/01/DSC_0365.jpg,image,http://www.flowersinagun.com/wp-content/uploads/2018/01/DSC_0365.jpg,20190621231927,raw\assets\flowersinagun.com_wp-content_uploads_2018_01_DSC_0365.jpg__a845f93ac6.jpg,ok,2994192,
flowersinagun.com/wp-content/uploads/2018/01/DSC_0383.jpg,image,http://www.flowersinagun.com/wp-content/uploads/2018/01/DSC_0383.jpg,20190621225154,raw\assets\flowersinagun.com_wp-content_uploads_2018_01_DSC_0383.jpg__ca0f984ff0.jpg,ok,2939526,
flowersinagun.com/wp-content/uploads/2018/01/DSC_0390.jpg,image,http://www.flowersinagun.com/wp-content/uploads/2018/01/DSC_0390.jpg,20190621231257,raw\assets\flowersinagun.com_wp-content_uploads_2018_01_DSC_0390.jpg__e8c57c9751.jpg,ok,2079200,
flowersinagun.com/wp-content/uploads/2018/01/DSC_0395.jpg,image,http://www.flowersinagun.com/wp-content/uploads/2018/01/DSC_0395.jpg,20190621231545,raw\assets\flowersinagun.com_wp-content_uploads_2018_01_DSC_0395.jpg__7ad2240c73.jpg,ok,2941069,
flowersinagun.com/wp-content/uploads/2018/01/DSC_0407.jpg,image,http://www.flowersinagun.com/wp-content/uploads/2018/01/DSC_0407.jpg,20190621225057,raw\assets\flowersinagun.com_wp-content_uploads_2018_01_DSC_0407.jpg__97afc9e025.jpg,ok,2685371,
flowersinagun.com/wp-content/uploads/2018/01/DSC_0418.jpg,image,http://www.flowersinagun.com/wp-content/uploads/2018/01/DSC_0418.jpg,20190621231352,raw\assets\flowersinagun.com_wp-content_uploads_2018_01_DSC_0418.jpg__9939cd1a33.jpg,ok,2894223,
flowersinagun.com/wp-content/uploads/2018/01/DSC_0474.jpg,image,http://www.flowersinagun.com/wp-content/uploads/2018/01/DSC_0474.jpg,20190621230407,raw\assets\flowersinagun.com_wp-content_uploads_2018_01_DSC_0474.jpg__de5acca32a.jpg,ok,2480464,
flowersinagun.com/wp-content/uploads/2018/01/DSC_0489.jpg,image,http://www.flowersinagun.com/wp-content/uploads/2018/01/DSC_0489.jpg,20190621231403,raw\assets\flowersinagun.com_wp-content_uploads_2018_01_DSC_0489.jpg__e3c60389e3.jpg,ok,3008821,
flowersinagun.com/wp-content/uploads/2018/01/DSC_0490.jpg,image,http://www.flowersinagun.com/wp-content/uploads/2018/01/DSC_0490.jpg,20190621224936,raw\assets\flowersinagun.com_wp-content_uploads_2018_01_DSC_0490.jpg__254c3ca8ec.jpg,ok,2810823,
flowersinagun.com/wp-content/uploads/2018/01/IMG_1484.jpg,image,http://www.flowersinagun.com/wp-content/uploads/2018/01/IMG_1484.jpg,20190621225216,raw\assets\flowersinagun.com_wp-content_uploads_2018_01_IMG_1484.jpg__4417df04e5.jpg,ok,6850610,
flowersinagun.com/wp-content/uploads/2018/01/IMG_1487.jpg,image,http://www.flowersinagun.com/wp-content/uploads/2018/01/IMG_1487.jpg,20190621231409,raw\assets\flowersinagun.com_wp-content_uploads_2018_01_IMG_1487.jpg__3bdadb4670.jpg,ok,6583991,
flowersinagun.com/wp-content/uploads/2018/01/IMG_1489.jpg,image,http://www.flowersinagun.com/wp-content/uploads/2018/01/IMG_1489.jpg,20190621231348,raw\assets\flowersinagun.com_wp-content_uploads_2018_01_IMG_1489.jpg__eb9f9c5519.jpg,ok,6831576,
flowersinagun.com/wp-content/uploads/2018/01/IMG_1494.jpg,image,http://www.flowersinagun.com/wp-content/uploads/2018/01/IMG_1494.jpg,20190621231214,raw\assets\flowersinagun.com_wp-content_uploads_2018_01_IMG_1494.jpg__0560fcf9a8.jpg,ok,6037100,
flowersinagun.com/wp-content/uploads/2018/01/IMG_1497.jpg,image,http://www.flowersinagun.com/wp-content/uploads/2018/01/IMG_1497.jpg,20190621231250,raw\assets\flowersinagun.com_wp-content_uploads_2018_01_IMG_1497.jpg__8c80c40204.jpg,ok,5633957,
flowersinagun.com/wp-content/uploads/2018/01/IMG_1499.jpg,image,http://www.flowersinagun.com/wp-content/uploads/2018/01/IMG_1499.jpg,20190621225437,raw\assets\flowersinagun.com_wp-content_uploads_2018_01_IMG_1499.jpg__65ee5697ea.jpg,ok,5574652,
flowersinagun.com/wp-content/uploads/2018/01/IMG_1500.jpg,image,http://www.flowersinagun.com/wp-content/uploads/2018/01/IMG_1500.jpg,20190621231102,raw\assets\flowersinagun.com_wp-content_uploads_2018_01_IMG_1500.jpg__ba1d30a427.jpg,ok,5408083,
flowersinagun.com/wp-content/uploads/2018/01/IMG_1501-150x150.jpg,image,https://www.flowersinagun.com/wp-content/uploads/2018/01/IMG_1501-150x150.jpg,20230605064555,raw\assets\flowersinagun.com_wp-content_uploads_2018_01_IMG_1501-150x150.jpg__bfd0337198.jpg,ok,31228,
flowersinagun.com/wp-content/uploads/2018/01/IMG_1501-160x107.jpg,image,http://www.flowersinagun.com/wp-content/uploads/2018/01/IMG_1501-160x107.jpg,20181122200541,raw\assets\flowersinagun.com_wp-content_uploads_2018_01_IMG_1501-160x107.jpg__bd5a3fbd2d.jpg,ok,30613,
flowersinagun.com/wp-content/uploads/2018/01/IMG_1501-560x373.jpg,image,http://www.flowersinagun.com/wp-content/uploads/2018/01/IMG_1501-560x373.jpg,20180221134557,raw\assets\flowersinagun.com_wp-content_uploads_2018_01_IMG_1501-560x373.jpg__14e4900356.jpg,ok,51531,
flowersinagun.com/wp-content/uploads/2018/01/IMG_1501.jpg,image,https://www.flowersinagun.com/wp-content/uploads/2018/01/IMG_1501.jpg,20190806041700,raw\assets\flowersinagun.com_wp-content_uploads_2018_01_IMG_1501.jpg__34fb58bb54.jpg,ok,5650151,
flowersinagun.com/wp-content/uploads/2018/01/IMG_1503.jpg,image,http://www.flowersinagun.com/wp-content/uploads/2018/01/IMG_1503.jpg,20190621231227,raw\assets\flowersinagun.com_wp-content_uploads_2018_01_IMG_1503.jpg__66785550ca.jpg,ok,5270368,
flowersinagun.com/wp-content/uploads/2018/01/IMG_1505.jpg,image,http://www.flowersinagun.com/wp-content/uploads/2018/01/IMG_1505.jpg,20190621225211,raw\assets\flowersinagun.com_wp-content_uploads_2018_01_IMG_1505.jpg__72e1a67bc2.jpg,ok,4932361,
flowersinagun.com/wp-content/uploads/2018/01/P1231097-1024x768.jpg,image,http://www.flowersinagun.com/wp-content/uploads/2018/01/P1231097-1024x768.jpg,20190621225049,raw\assets\flowersinagun.com_wp-content_uploads_2018_01_P1231097-1024x768.jpg__45e6c6a184.jpg,ok,137370,
flowersinagun.com/wp-content/uploads/2018/01/P1231100-1024x768.jpg,image,http://www.flowersinagun.com/wp-content/uploads/2018/01/P1231100-1024x768.jpg,20190621224814,raw\assets\flowersinagun.com_wp-content_uploads_2018_01_P1231100-1024x768.jpg__d597a7b42e.jpg,ok,143807,
flowersinagun.com/wp-content/uploads/2018/01/P1231104-1024x768.jpg,image,http://www.flowersinagun.com/wp-content/uploads/2018/01/P1231104-1024x768.jpg,20190621225441,raw\assets\flowersinagun.com_wp-content_uploads_2018_01_P1231104-1024x768.jpg__cd1d848fa0.jpg,ok,129921,
flowersinagun.com/wp-content/uploads/2018/01/P1231104-150x150.jpg,image,https://www.flowersinagun.com/wp-content/uploads/2018/01/P1231104-150x150.jpg,20230605064554,raw\assets\flowersinagun.com_wp-content_uploads_2018_01_P1231104-150x150.jpg__637473e0a6.jpg,ok,47463,
flowersinagun.com/wp-content/uploads/2018/01/P1231104-160x120.jpg,image,http://www.flowersinagun.com/wp-content/uploads/2018/01/P1231104-160x120.jpg,20181122192948,raw\assets\flowersinagun.com_wp-content_uploads_2018_01_P1231104-160x120.jpg__b898c33c02.jpg,ok,46669,
flowersinagun.com/wp-content/uploads/2018/01/P1231114-e1517285003774-768x1024.jpg,image,http://www.flowersinagun.com/wp-content/uploads/2018/01/P1231114-e1517285003774-768x1024.jpg,20190621225831,raw\assets\flowersinagun.com_wp-content_uploads_2018_01_P1231114-e1517285003774-768x1024.jpg__30794b94d5.jpg,ok,127864,
flowersinagun.com/wp-content/uploads/2018/01/P1231128-1024x768.jpg,image,http://www.flowersinagun.com/wp-content/uploads/2018/01/P1231128-1024x768.jpg,20190621231309,raw\assets\flowersinagun.com_wp-content_uploads_2018_01_P1231128-1024x768.jpg__582f3f2328.jpg,ok,159453,
flowersinagun.com/wp-content/uploads/2018/01/P1231145-1024x768.jpg,image,http://www.flowersinagun.com/wp-content/uploads/2018/01/P1231145-1024x768.jpg,20190621230747,raw\assets\flowersinagun.com_wp-content_uploads_2018_01_P1231145-1024x768.jpg__73d9b49037.jpg,ok,151574,
flowersinagun.com/wp-content/uploads/2018/01/P1231148-1024x768.jpg,image,http://www.flowersinagun.com/wp-content/uploads/2018/01/P1231148-1024x768.jpg,20190621230357,raw\assets\flowersinagun.com_wp-content_uploads_2018_01_P1231148-1024x768.jpg__8c01c675a4.jpg,ok,118592,
flowersinagun.com/wp-content/uploads/2018/01/P1231149-1024x768.jpg,image,http://www.flowersinagun.com/wp-content/uploads/2018/01/P1231149-1024x768.jpg,20190621231413,raw\assets\flowersinagun.com_wp-content_uploads_2018_01_P1231149-1024x768.jpg__457b85916c.jpg,ok,122718,
flowersinagun.com/wp-content/uploads/2018/02/DSC_0202.jpg,image,https://www.flowersinagun.com/wp-content/uploads/2018/02/DSC_0202.jpg,20190806042328,raw\assets\flowersinagun.com_wp-content_uploads_2018_02_DSC_0202.jpg__8fbd6395ae.jpg,ok,2381851,
flowersinagun.com/wp-content/uploads/2018/02/DSC_0214.jpg,image,https://www.flowersinagun.com/wp-content/uploads/2018/02/DSC_0214.jpg,20190806041423,raw\assets\flowersinagun.com_wp-content_uploads_2018_02_DSC_0214.jpg__b877723542.jpg,ok,2115310,
flowersinagun.com/wp-content/uploads/2018/02/DSC_0320.jpg,image,https://www.flowersinagun.com/wp-content/uploads/2018/02/DSC_0320.jpg,20190806040845,raw\assets\flowersinagun.com_wp-content_uploads_2018_02_DSC_0320.jpg__93b413c731.jpg,ok,2192396,
flowersinagun.com/wp-content/uploads/2018/05/andy-michaels-1-150x150.jpg,image,https://www.flowersinagun.com/wp-content/uploads/2018/05/andy-michaels-1-150x150.jpg,20230605064555,raw\assets\flowersinagun.com_wp-content_uploads_2018_05_andy-michaels-1-150x150.jpg__3c3b4d66b2.jpg,ok,8279,
flowersinagun.com/wp-content/uploads/2018/05/andy-michaels-1-160x139.jpg,image,https://www.flowersinagun.com/wp-content/uploads/2018/05/andy-michaels-1-160x139.jpg,20190809195016,raw\assets\flowersinagun.com_wp-content_uploads_2018_05_andy-michaels-1-160x139.jpg__a4724a8b3a.jpg,ok,7959,
flowersinagun.com/wp-content/uploads/2018/05/andy-michaels-1-260x226.jpg,image,http://www.flowersinagun.com/wp-content/uploads/2018/05/andy-michaels-1-260x226.jpg,20181122193530,raw\assets\flowersinagun.com_wp-content_uploads_2018_05_andy-michaels-1-260x226.jpg__07e5f70880.jpg,ok,19057,
flowersinagun.com/wp-content/uploads/2018/05/andy-michaels-1-300x261.jpg,image,http://www.flowersinagun.com/wp-content/uploads/2018/05/andy-michaels-1-300x261.jpg,20190621221543,raw\assets\flowersinagun.com_wp-content_uploads_2018_05_andy-michaels-1-300x261.jpg__f64be14b33.jpg,ok,24477,
flowersinagun.com/wp-content/uploads/2018/05/andy-michaels-2-294x300.jpg,image,http://www.flowersinagun.com/wp-content/uploads/2018/05/andy-michaels-2-294x300.jpg,20190621221556,raw\assets\flowersinagun.com_wp-content_uploads_2018_05_andy-michaels-2-294x300.jpg__f9e1dacaf9.jpg,ok,21011,
flowersinagun.com/wp-content/uploads/2018/08/kate1-300x300.jpg,image,http://www.flowersinagun.com/wp-content/uploads/2018/08/kate1-300x300.jpg,20190621224935,raw\assets\flowersinagun.com_wp-content_uploads_2018_08_kate1-300x300.jpg__d55af212c2.jpg,ok,11367,
flowersinagun.com/wp-content/uploads/2018/08/kate2-168x300.jpg,image,http://www.flowersinagun.com/wp-content/uploads/2018/08/kate2-168x300.jpg,20190621231433,raw\assets\flowersinagun.com_wp-content_uploads_2018_08_kate2-168x300.jpg__b174555404.jpg,ok,6831,
flowersinagun.com/wp-content/uploads/2018/08/kate3-225x300.jpg,image,http://www.flowersinagun.com/wp-content/uploads/2018/08/kate3-225x300.jpg,20190621225658,raw\assets\flowersinagun.com_wp-content_uploads_2018_08_kate3-225x300.jpg__35c7d8bd97.jpg,ok,11241,
flowersinagun.com/wp-content/uploads/2018/08/kate4-300x300.jpg,image,http://www.flowersinagun.com/wp-content/uploads/2018/08/kate4-300x300.jpg,20190621231241,raw\assets\flowersinagun.com_wp-content_uploads_2018_08_kate4-300x300.jpg__544ea1f38e.jpg,ok,17688,
flowersinagun.com/wp-content/uploads/2018/08/kate5-274x300.jpg,image,http://www.flowersinagun.com/wp-content/uploads/2018/08/kate5-274x300.jpg,20190621231246,raw\assets\flowersinagun.com_wp-content_uploads_2018_08_kate5-274x300.jpg__1c29e42d64.jpg,ok,16247,
flowersinagun.com/wp-content/uploads/2018/08/kate6-300x192.png,image,http://www.flowersinagun.com/wp-content/uploads/2018/08/kate6-300x192.png,20190621231306,raw\assets\flowersinagun.com_wp-content_uploads_2018_08_kate6-300x192.png__9791a89510.png,ok,53778,
flowersinagun.com/wp-content/uploads/2018/08/kate7-225x300.jpg,image,http://www.flowersinagun.com/wp-content/uploads/2018/08/kate7-225x300.jpg,20190621224805,raw\assets\flowersinagun.com_wp-content_uploads_2018_08_kate7-225x300.jpg__2d6b281e71.jpg,ok,16657,
flowersinagun.com/wp-content/uploads/2018/10/IMG_3075-150x150.jpg,image,https://www.flowersinagun.com/wp-content/uploads/2018/10/IMG_3075-150x150.jpg,20230605051153,raw\assets\flowersinagun.com_wp-content_uploads_2018_10_IMG_3075-150x150.jpg__9a5570d4c8.jpg,ok,8663,
flowersinagun.com/wp-content/uploads/2018/10/IMG_3075-160x107.jpg,image,https://www.flowersinagun.com/wp-content/uploads/2018/10/IMG_3075-160x107.jpg,20190809193554,raw\assets\flowersinagun.com_wp-content_uploads_2018_10_IMG_3075-160x107.jpg__0877962927.jpg,ok,7911,
flowersinagun.com/wp-content/uploads/2018/10/IMG_3075-560x373.jpg,image,http://www.flowersinagun.com/wp-content/uploads/2018/10/IMG_3075-560x373.jpg,20190207013855,raw\assets\flowersinagun.com_wp-content_uploads_2018_10_IMG_3075-560x373.jpg__6a6b8bd4fe.jpg,ok,28339,
flowersinagun.com/wp-content/uploads/2018/10/IMG_3075.jpg,image,https://www.flowersinagun.com/wp-content/uploads/2018/10/IMG_3075.jpg,20190803180216,raw\assets\flowersinagun.com_wp-content_uploads_2018_10_IMG_3075.jpg__fd245bb5de.jpg,ok,4281932,
flowersinagun.com/wp-content/uploads/2018/10/IMG_3076.jpg,image,https://www.flowersinagun.com/wp-content/uploads/2018/10/IMG_3076.jpg,20190803175227,raw\assets\flowersinagun.com_wp-content_uploads_2018_10_IMG_3076.jpg__bbcefa260c.jpg,ok,5303758,
flowersinagun.com/wp-content/uploads/2018/10/IMG_3077.jpg,image,https://www.flowersinagun.com/wp-content/uploads/2018/10/IMG_3077.jpg,20190803174318,raw\assets\flowersinagun.com_wp-content_uploads_2018_10_IMG_3077.jpg__1a1f1c4937.jpg,ok,5352505,
flowersinagun.com/wp-content/uploads/2018/10/IMG_3080.jpg,image,https://www.flowersinagun.com/wp-content/uploads/2018/10/IMG_3080.jpg,20190803174513,raw\assets\flowersinagun.com_wp-content_uploads_2018_10_IMG_3080.jpg__b64b932a93.jpg,ok,3961116,
flowersinagun.com/wp-content/uploads/2018/10/IMG_3083.jpg,image,https://www.flowersinagun.com/wp-content/uploads/2018/10/IMG_3083.jpg,20190803181027,raw\assets\flowersinagun.com_wp-content_uploads_2018_10_IMG_3083.jpg__0a39ab16cd.jpg,ok,5140848,
flowersinagun.com/wp-content/uploads/2018/10/IMG_3085.jpg,image,https://www.flowersinagun.com/wp-content/uploads/2018/10/IMG_3085.jpg,20190803180000,raw\assets\flowersinagun.com_wp-content_uploads_2018_10_IMG_3085.jpg__a8130e2dd4.jpg,ok,7323850,
flowersinagun.com/wp-content/uploads/2018/10/IMG_3087.jpg,image,https://www.flowersinagun.com/wp-content/uploads/2018/10/IMG_3087.jpg,20190803174902,raw\assets\flowersinagun.com_wp-content_uploads_2018_10_IMG_3087.jpg__7ac224431d.jpg,ok,4451528,
flowersinagun.com/wp-content/uploads/2018/10/IMG_3094.jpg,image,https://www.flowersinagun.com/wp-content/uploads/2018/10/IMG_3094.jpg,20190803175323,raw\assets\flowersinagun.com_wp-content_uploads_2018_10_IMG_3094.jpg__501ba97b0a.jpg,ok,6572895,
flowersinagun.com/wp-content/uploads/2018/10/IMG_3097.jpg,image,https://www.flowersinagun.com/wp-content/uploads/2018/10/IMG_3097.jpg,20190803180311,raw\assets\flowersinagun.com_wp-content_uploads_2018_10_IMG_3097.jpg__7c9f556278.jpg,ok,4770603,
flowersinagun.com/wp-content/uploads/2018/10/IMG_3098.jpg,image,https://www.flowersinagun.com/wp-content/uploads/2018/10/IMG_3098.jpg,20190803175848,raw\assets\flowersinagun.com_wp-content_uploads_2018_10_IMG_3098.jpg__dc15cd9526.jpg,ok,4063438,
flowersinagun.com/wp-content/uploads/2018/10/Screen-Shot-2018-10-13-at-7.44.10-AM.png,image,https://www.flowersinagun.com/wp-content/uploads/2018/10/Screen-Shot-2018-10-13-at-7.44.10-AM.png,20190803175737,raw\assets\flowersinagun.com_wp-content_uploads_2018_10_Screen-Shot-2018-10-13-at-7.44.10-AM.png__b3ae065b76.png,ok,736303,
flowersinagun.com/wp-content/uploads/2018/10/Screen-Shot-2018-10-13-at-8.05.34-AM.png,image,https://www.flowersinagun.com/wp-content/uploads/2018/10/Screen-Shot-2018-10-13-at-8.05.34-AM.png,20190803175851,raw\assets\flowersinagun.com_wp-content_uploads_2018_10_Screen-Shot-2018-10-13-at-8.05.34-AM.png__1f0d861ce4.png,ok,1108571,
flowersinagun.com/wp-content/uploads/2019/06/Screen-Shot-2019-06-23-at-5.21.17-AM-150x150.png,image,https://www.flowersinagun.com/wp-content/uploads/2019/06/Screen-Shot-2019-06-23-at-5.21.17-AM-150x150.png,20230606042939,raw\assets\flowersinagun.com_wp-content_uploads_2019_06_Screen-Shot-2019-06-23-at-5.21.17-AM-150x150.png__1d4501f401.png,ok,41308,
flowersinagun.com/wp-content/uploads/2019/06/Screen-Shot-2019-06-23-at-5.21.17-AM-160x163.png,image,https://www.flowersinagun.com/wp-content/uploads/2019/06/Screen-Shot-2019-06-23-at-5.21.17-AM-160x163.png,20230519230407,raw\assets\flowersinagun.com_wp-content_uploads_2019_06_Screen-Shot-2019-06-23-at-5.21.17-AM-160x163.png__a9244d0b58.png,ok,45502,
flowersinagun.com/wp-content/uploads/2019/06/Screen-Shot-2019-06-23-at-5.21.17-AM-260x265.png,image,https://www.flowersinagun.com/wp-content/uploads/2019/06/Screen-Shot-2019-06-23-at-5.21.17-AM-260x265.png,20230519024109,raw\assets\flowersinagun.com_wp-content_uploads_2019_06_Screen-Shot-2019-06-23-at-5.21.17-AM-260x265.png__1ed74ec08e.png,ok,99666,
flowersinagun.com/wp-content/uploads/2019/06/Screen-Shot-2019-06-23-at-5.21.17-AM-294x300.png,image,https://www.flowersinagun.com/wp-content/uploads/2019/06/Screen-Shot-2019-06-23-at-5.21.17-AM-294x300.png,20230519032915,raw\assets\flowersinagun.com_wp-content_uploads_2019_06_Screen-Shot-2019-06-23-at-5.21.17-AM-294x300.png__23f962fba5.png,ok,123848,
flowersinagun.com/wp-content/uploads/2019/06/Screen-Shot-2019-06-23-at-5.21.17-AM-560x572.png,image,https://www.flowersinagun.com/wp-content/uploads/2019/06/Screen-Shot-2019-06-23-at-5.21.17-AM-560x572.png,20230519031200,raw\assets\flowersinagun.com_wp-content_uploads_2019_06_Screen-Shot-2019-06-23-at-5.21.17-AM-560x572.png__22da64d181.png,ok,394945,
flowersinagun.com/wp-content/uploads/2019/06/Screen-Shot-2019-06-23-at-5.21.17-AM.png,image,https://www.flowersinagun.com/wp-content/uploads/2019/06/Screen-Shot-2019-06-23-at-5.21.17-AM.png,20230519030807,raw\assets\flowersinagun.com_wp-content_uploads_2019_06_Screen-Shot-2019-06-23-at-5.21.17-AM.png__8e24cba31a.png,ok,418335,
flowersinagun.com/wp-content/uploads/2019/06/Screen-Shot-2019-06-24-at-8.17.41-PM-150x150.png,image,https://www.flowersinagun.com/wp-content/uploads/2019/06/Screen-Shot-2019-06-24-at-8.17.41-PM-150x150.png,20230605060121,raw\assets\flowersinagun.com_wp-content_uploads_2019_06_Screen-Shot-2019-06-24-at-8.17.41-PM-150x150.png__520e4918fe.png,ok,57608,
flowersinagun.com/wp-content/uploads/2019/06/Screen-Shot-2019-06-24-at-8.17.41-PM-160x136.png,image,https://www.flowersinagun.com/wp-content/uploads/2019/06/Screen-Shot-2019-06-24-at-8.17.41-PM-160x136.png,20230519041133,raw\assets\flowersinagun.com_wp-content_uploads_2019_06_Screen-Shot-2019-06-24-at-8.17.41-PM-160x136.png__0d53d1f545.png,ok,54695,
flowersinagun.com/wp-content/uploads/2019/06/Screen-Shot-2019-06-24-at-8.17.41-PM-260x221.png,image,https://www.flowersinagun.com/wp-content/uploads/2019/06/Screen-Shot-2019-06-24-at-8.17.41-PM-260x221.png,20230519025403,raw\assets\flowersinagun.com_wp-content_uploads_2019_06_Screen-Shot-2019-06-24-at-8.17.41-PM-260x221.png__200ca1c6e3.png,ok,121721,
flowersinagun.com/wp-content/uploads/2019/06/Screen-Shot-2019-06-24-at-8.17.41-PM-300x255.png,image,https://www.flowersinagun.com/wp-content/uploads/2019/06/Screen-Shot-2019-06-24-at-8.17.41-PM-300x255.png,20230519034724,raw\assets\flowersinagun.com_wp-content_uploads_2019_06_Screen-Shot-2019-06-24-at-8.17.41-PM-300x255.png__83842a3618.png,ok,155361,
flowersinagun.com/wp-content/uploads/2019/06/Screen-Shot-2019-06-24-at-8.17.41-PM.png,image,https://www.flowersinagun.com/wp-content/uploads/2019/06/Screen-Shot-2019-06-24-at-8.17.41-PM.png,20230522053418,raw\assets\flowersinagun.com_wp-content_uploads_2019_06_Screen-Shot-2019-06-24-at-8.17.41-PM.png__58a5ceb31c.png,ok,317418,
flowersinagun.com/wp-content/uploads/2019/07/Screen-Shot-2019-07-16-at-8.19.12-PM-150x150.png,image,https://www.flowersinagun.com/wp-content/uploads/2019/07/Screen-Shot-2019-07-16-at-8.19.12-PM-150x150.png,20230519060010,raw\assets\flowersinagun.com_wp-content_uploads_2019_07_Screen-Shot-2019-07-16-at-8.19.12-PM-150x150.png__3bcd88a165.png,ok,34198,
flowersinagun.com/wp-content/uploads/2019/07/Screen-Shot-2019-07-16-at-8.19.12-PM-160x160.png,image,https://www.flowersinagun.com/wp-content/uploads/2019/07/Screen-Shot-2019-07-16-at-8.19.12-PM-160x160.png,20230523102018,raw\assets\flowersinagun.com_wp-content_uploads_2019_07_Screen-Shot-2019-07-16-at-8.19.12-PM-160x160.png__c9a1171be6.png,ok,37178,
flowersinagun.com/wp-content/uploads/2019/07/Screen-Shot-2019-07-16-at-8.19.12-PM-260x260.png,image,https://www.flowersinagun.com/wp-content/uploads/2019/07/Screen-Shot-2019-07-16-at-8.19.12-PM-260x260.png,20230519083120,raw\assets\flowersinagun.com_wp-content_uploads_2019_07_Screen-Shot-2019-07-16-at-8.19.12-PM-260x260.png__5805c04132.png,ok,79008,
flowersinagun.com/wp-content/uploads/2019/07/Screen-Shot-2019-07-16-at-8.19.12-PM-300x300.png,image,https://www.flowersinagun.com/wp-content/uploads/2019/07/Screen-Shot-2019-07-16-at-8.19.12-PM-300x300.png,20230519024404,raw\assets\flowersinagun.com_wp-content_uploads_2019_07_Screen-Shot-2019-07-16-at-8.19.12-PM-300x300.png__f013010460.png,ok,100679,
flowersinagun.com/wp-content/uploads/2019/07/Screen-Shot-2019-07-16-at-8.19.12-PM-560x560.png,image,https://www.flowersinagun.com/wp-content/uploads/2019/07/Screen-Shot-2019-07-16-at-8.19.12-PM-560x560.png,20230519063804,raw\assets\flowersinagun.com_wp-content_uploads_2019_07_Screen-Shot-2019-07-16-at-8.19.12-PM-560x560.png__b9ea1b3430.png,ok,307254,
flowersinagun.com/wp-content/uploads/2019/07/Screen-Shot-2019-07-16-at-8.19.12-PM.png,image,https://www.flowersinagun.com/wp-content/uploads/2019/07/Screen-Shot-2019-07-16-at-8.19.12-PM.png,20230522095259,raw\assets\flowersinagun.com_wp-content_uploads_2019_07_Screen-Shot-2019-07-16-at-8.19.12-PM.png__e1fad6db67.png,ok,445871,
flowersinagun.com/wp-content/uploads/2019/12/tongue-numbnss-01-1024x1024.png,image,https://www.flowersinagun.com/wp-content/uploads/2019/12/tongue-numbnss-01-1024x1024.png,,,failed:http_404,0,
flowersinagun.com/wp-content/uploads/2019/12/tongue-numbnss-01-150x150.png,image,https://www.flowersinagun.com/wp-content/uploads/2019/12/tongue-numbnss-01-150x150.png,20230519112031,raw\assets\flowersinagun.com_wp-content_uploads_2019_12_tongue-numbnss-01-150x150.png__ba299191ff.png,ok,45801,
flowersinagun.com/wp-content/uploads/2019/12/tongue-numbnss-01-160x160.png,image,https://www.flowersinagun.com/wp-content/uploads/2019/12/tongue-numbnss-01-160x160.png,20230519074719,raw\assets\flowersinagun.com_wp-content_uploads_2019_12_tongue-numbnss-01-160x160.png__bd8cefa7bf.png,ok,51185,
flowersinagun.com/wp-content/uploads/2019/12/tongue-numbnss-01-260x260.png,image,https://www.flowersinagun.com/wp-content/uploads/2019/12/tongue-numbnss-01-260x260.png,20230519033331,raw\assets\flowersinagun.com_wp-content_uploads_2019_12_tongue-numbnss-01-260x260.png__0fac205c34.png,ok,116958,
flowersinagun.com/wp-content/uploads/2019/12/tongue-numbnss-01-300x300.png,image,https://www.flowersinagun.com/wp-content/uploads/2019/12/tongue-numbnss-01-300x300.png,20230519034245,raw\assets\flowersinagun.com_wp-content_uploads_2019_12_tongue-numbnss-01-300x300.png__4f45aff602.png,ok,148748,
flowersinagun.com/wp-content/uploads/2019/12/tongue-numbnss-01-560x560.png,image,https://www.flowersinagun.com/wp-content/uploads/2019/12/tongue-numbnss-01-560x560.png,20230519073505,raw\assets\flowersinagun.com_wp-content_uploads_2019_12_tongue-numbnss-01-560x560.png__52b1f44211.png,ok,419723,
flowersinagun.com/wp-content/uploads/2019/12/tongue-numbnss-01-768x768.png,image,https://www.flowersinagun.com/wp-content/uploads/2019/12/tongue-numbnss-01-768x768.png,20230519024317,raw\assets\flowersinagun.com_wp-content_uploads_2019_12_tongue-numbnss-01-768x768.png__9fd11808c7.png,ok,709455,
flowersinagun.com/wp-content/uploads/2020/01/Mimi-Greed-150x150.jpg,image,https://www.flowersinagun.com/wp-content/uploads/2020/01/Mimi-Greed-150x150.jpg,20230519095647,raw\assets\flowersinagun.com_wp-content_uploads_2020_01_Mimi-Greed-150x150.jpg__2511f93888.jpg,ok,7650,
flowersinagun.com/wp-content/uploads/2020/01/Mimi-Greed-160x160.jpg,image,https://www.flowersinagun.com/wp-content/uploads/2020/01/Mimi-Greed-160x160.jpg,,,failed:http_404,0,
flowersinagun.com/wp-content/uploads/2020/01/Mimi-Greed-260x260.jpg,image,https://www.flowersinagun.com/wp-content/uploads/2020/01/Mimi-Greed-260x260.jpg,20230519033526,raw\assets\flowersinagun.com_wp-content_uploads_2020_01_Mimi-Greed-260x260.jpg__95cbedb64e.jpg,ok,14792,
flowersinagun.com/wp-content/uploads/2020/01/Mimi-Greed-300x300.jpg,image,https://www.flowersinagun.com/wp-content/uploads/2020/01/Mimi-Greed-300x300.jpg,20230519052729,raw\assets\flowersinagun.com_wp-content_uploads_2020_01_Mimi-Greed-300x300.jpg__4fa5116a5e.jpg,ok,17979,
flowersinagun.com/wp-content/uploads/2020/01/Mimi-Greed-560x561.jpg,image,https://www.flowersinagun.com/wp-content/uploads/2020/01/Mimi-Greed-560x561.jpg,20230519043736,raw\assets\flowersinagun.com_wp-content_uploads_2020_01_Mimi-Greed-560x561.jpg__a7753004c6.jpg,ok,51730,
flowersinagun.com/wp-content/uploads/2020/01/Mimi-Greed-768x769.jpg,image,https://www.flowersinagun.com/wp-content/uploads/2020/01/Mimi-Greed-768x769.jpg,20230524160233,raw\assets\flowersinagun.com_wp-content_uploads_2020_01_Mimi-Greed-768x769.jpg__85e59c2e57.jpg,ok,92036,
flowersinagun.com/wp-content/uploads/2020/01/Mimi-Greed.jpg,image,https://www.flowersinagun.com/wp-content/uploads/2020/01/Mimi-Greed.jpg,20230519044334,raw\assets\flowersinagun.com_wp-content_uploads_2020_01_Mimi-Greed.jpg__8f3ce0c298.jpg,ok,108777,
flowersinagun.com/wp-content/uploads/2020/01/mimi-press-1024x671.jpg,image,https://www.flowersinagun.com/wp-content/uploads/2020/01/mimi-press-1024x671.jpg,20240409213336,raw\assets\flowersinagun.com_wp-content_uploads_2020_01_mimi-press-1024x671.jpg__8ebcbb8bc2.jpg,ok,207181,
flowersinagun.com/wp-content/uploads/2020/01/mimi-press-160x105.jpg,image,https://www.flowersinagun.com/wp-content/uploads/2020/01/mimi-press-160x105.jpg,20240409182527,raw\assets\flowersinagun.com_wp-content_uploads_2020_01_mimi-press-160x105.jpg__0b72eb7888.jpg,ok,42485,
flowersinagun.com/wp-content/uploads/2020/01/mimi-press-260x170.jpg,image,https://www.flowersinagun.com/wp-content/uploads/2020/01/mimi-press-260x170.jpg,20240409200014,raw\assets\flowersinagun.com_wp-content_uploads_2020_01_mimi-press-260x170.jpg__d662239bd8.jpg,ok,52359,
flowersinagun.com/wp-content/uploads/2020/01/mimi-press-300x196.jpg,image,https://www.flowersinagun.com/wp-content/uploads/2020/01/mimi-press-300x196.jpg,20240409181250,raw\assets\flowersinagun.com_wp-content_uploads_2020_01_mimi-press-300x196.jpg__c5d4ffc19c.jpg,ok,56754,
flowersinagun.com/wp-content/uploads/2020/01/mimi-press-560x367.jpg,image,https://www.flowersinagun.com/wp-content/uploads/2020/01/mimi-press-560x367.jpg,20240409181223,raw\assets\flowersinagun.com_wp-content_uploads_2020_01_mimi-press-560x367.jpg__ba6a118de2.jpg,ok,96935,
flowersinagun.com/wp-content/uploads/2020/01/mimi-press-768x503.jpg,image,https://www.flowersinagun.com/wp-content/uploads/2020/01/mimi-press-768x503.jpg,20240412000909,raw\assets\flowersinagun.com_wp-content_uploads_2020_01_mimi-press-768x503.jpg__ae9294470b.jpg,ok,140839,
flowersinagun.com/wp-content/uploads/2020/01/mimi-press.jpg,image,https://www.flowersinagun.com/wp-content/uploads/2020/01/mimi-press.jpg,20240409183215,raw\assets\flowersinagun.com_wp-content_uploads_2020_01_mimi-press.jpg__1520ac8ebe.jpg,ok,14524933,
flowersinagun.com/wp-content/uploads/2021/10/IMG_4178-1024x768.jpg,image,https://www.flowersinagun.com/wp-content/uploads/2021/10/IMG_4178-1024x768.jpg,20230522042004,raw\assets\flowersinagun.com_wp-content_uploads_2021_10_IMG_4178-1024x768.jpg__1ad40a74ea.jpg,ok,241586,
flowersinagun.com/wp-content/uploads/2021/10/IMG_4178-150x150.jpg,image,https://www.flowersinagun.com/wp-content/uploads/2021/10/IMG_4178-150x150.jpg,20230607195505,raw\assets\flowersinagun.com_wp-content_uploads_2021_10_IMG_4178-150x150.jpg__19753bc268.jpg,ok,15399,
flowersinagun.com/wp-content/uploads/2021/10/IMG_4178-160x120.jpg,image,https://www.flowersinagun.com/wp-content/uploads/2021/10/IMG_4178-160x120.jpg,20230519054311,raw\assets\flowersinagun.com_wp-content_uploads_2021_10_IMG_4178-160x120.jpg__9bde23229e.jpg,ok,13970,
flowersinagun.com/wp-content/uploads/2021/10/IMG_4178-260x195.jpg,image,https://www.flowersinagun.com/wp-content/uploads/2021/10/IMG_4178-260x195.jpg,20230519060828,raw\assets\flowersinagun.com_wp-content_uploads_2021_10_IMG_4178-260x195.jpg__46d2e87644.jpg,ok,24787,
flowersinagun.com/wp-content/uploads/2021/10/IMG_4178-300x225.jpg,image,https://www.flowersinagun.com/wp-content/uploads/2021/10/IMG_4178-300x225.jpg,20230519032429,raw\assets\flowersinagun.com_wp-content_uploads_2021_10_IMG_4178-300x225.jpg__1eeec104c5.jpg,ok,30219,
flowersinagun.com/wp-content/uploads/2021/10/IMG_4178-560x420.jpg,image,https://www.flowersinagun.com/wp-content/uploads/2021/10/IMG_4178-560x420.jpg,20230519041147,raw\assets\flowersinagun.com_wp-content_uploads_2021_10_IMG_4178-560x420.jpg__381f35e02a.jpg,ok,81797,
flowersinagun.com/wp-content/uploads/2021/10/IMG_4178-768x576.jpg,image,https://www.flowersinagun.com/wp-content/uploads/2021/10/IMG_4178-768x576.jpg,20230519053559,raw\assets\flowersinagun.com_wp-content_uploads_2021_10_IMG_4178-768x576.jpg__601a0585b9.jpg,ok,143725,
flowersinagun.com/wp-includes/fonts/dashicons.svg,image,https://www.flowersinagun.com/wp-includes/fonts/dashicons.svg,20230524183041,raw\assets\flowersinagun.com_wp-includes_fonts_dashicons.svg__b96a0ef680.svg,ok,95916,
flowersinagun.com/wp-includes/images/smilies/frownie.png,image,http://www.flowersinagun.com/wp-includes/images/smilies/frownie.png,20160418071446,raw\assets\flowersinagun.com_wp-includes_images_smilies_frownie.png__17206a6358.png,ok,1007,
flowersinagun.com/wp-includes/images/smilies/icon_razz.gif,image,http://www.flowersinagun.com/wp-includes/images/smilies/icon_razz.gif,20150619070646,raw\assets\flowersinagun.com_wp-includes_images_smilies_icon_razz.gif__45acfe29e5.gif,ok,176,
flowersinagun.com/wp-includes/images/smilies/icon_sad.gif,image,http://www.flowersinagun.com/wp-includes/images/smilies/icon_sad.gif,20150619050114,raw\assets\flowersinagun.com_wp-includes_images_smilies_icon_sad.gif__8a2d5de5ca.gif,ok,171,
flowersinagun.com/wp-includes/images/smilies/icon_smile.gif,image,http://www.flowersinagun.com/wp-includes/images/smilies/icon_smile.gif,20150619064235,raw\assets\flowersinagun.com_wp-includes_images_smilies_icon_smile.gif__4086efd171.gif,ok,174,
flowersinagun.com/wp-includes/images/smilies/icon_wink.gif,image,http://www.flowersinagun.com/wp-includes/images/smilies/icon_wink.gif,20150619071451,raw\assets\flowersinagun.com_wp-includes_images_smilies_icon_wink.gif__0b1c7ed5d2.gif,ok,170,
flowersinagun.com/wp-includes/images/smilies/simple-smile.png,image,http://www.flowersinagun.com/wp-includes/images/smilies/simple-smile.png,20160418004705,raw\assets\flowersinagun.com_wp-includes_images_smilies_simple-smile.png__e28fd1f94b.png,ok,1008,
flowersinagun.com/wp-includes/js/thickbox/loadingAnimation.gif,image,http://www.flowersinagun.com/wp-includes/js/thickbox/loadingAnimation.gif,20210308002614,raw\assets\flowersinagun.com_wp-includes_js_thickbox_loadingAnimation.gif__44d825cea0.gif,ok,15238,
flowersinthebarrelofagun.com/favicon.ico,image,http://flowersinthebarrelofagun.com/favicon.ico,20141221072551,raw\assets\flowersinthebarrelofagun.com_favicon.ico__40b958eddd.ico,ok,822,
flowersinthebarrelofagun.com/wp-content/plugins/wp-polls/images/default/pollbg.gif,image,http://www.flowersinthebarrelofagun.com/wp-content/plugins/wp-polls/images/default/pollbg.gif,20131219133636,raw\assets\flowersinthebarrelofagun.com_wp-content_plugins_wp-polls_images_default_pollbg.gif__c2f6901de7.gif,ok,65,
flowersinthebarrelofagun.com/wp-content/uploads/2013/01/NICO_Stephin-Merritt_SBP1072-1.jpg,image,http://www.flowersinthebarrelofagun.com/wp-content/uploads/2013/01/NICO_Stephin-Merritt_SBP1072-1.jpg,,,failed:not_image(text/html; charset=UTF-8),0,
flowersinthebarrelofagun.com/wp-content/uploads/2013/01/NICO__Alison-Mosshart-BER4120-1.jpg,image,http://www.flowersinthebarrelofagun.com/wp-content/uploads/2013/01/NICO__Alison-Mosshart-BER4120-1.jpg,,,failed:not_image(text/html; charset=UTF-8),0,
flowersinthebarrelofagun.com/wp-content/uploads/2013/01/NICO__BER4310-1.jpg,image,http://www.flowersinthebarrelofagun.com/wp-content/uploads/2013/01/NICO__BER4310-1.jpg,,,failed:not_image(text/html; charset=UTF-8),0,
flowersinthebarrelofagun.com/wp-content/uploads/2013/01/NICO__Peaches-BER4177-1.jpg,image,http://www.flowersinthebarrelofagun.com/wp-content/uploads/2013/01/NICO__Peaches-BER4177-1.jpg,,,failed:not_image(text/html; charset=UTF-8),0,
flowersinthebarrelofagun.com/wp-content/uploads/2013/01/NICO__Sharon-Van-Etten-BER4133-1.jpg,image,http://www.flowersinthebarrelofagun.com/wp-content/uploads/2013/01/NICO__Sharon-Van-Etten-BER4133-1.jpg,,,failed:not_image(text/html; charset=UTF-8),0,
flowersinthebarrelofagun.com/wp-content/uploads/2013/01/phoca_thumb_l_1984_dougnicholson_1_large.jpg,image,http://www.flowersinthebarrelofagun.com/wp-content/uploads/2013/01/phoca_thumb_l_1984_dougnicholson_1_large.jpg,,,failed:not_image(text/html; charset=UTF-8),0,
flowersinthebarrelofagun.com/wp-content/uploads/2013/01/phoca_thumb_l_m.gira_of_swans_1.jpg,image,http://www.flowersinthebarrelofagun.com/wp-content/uploads/2013/01/phoca_thumb_l_m.gira_of_swans_1.jpg,,,failed:not_image(text/html; charset=UTF-8),0,
flowersinthebarrelofagun.com/wp-content/uploads/2013/01/phoca_thumb_l_mgira_lb_1.jpg,image,http://www.flowersinthebarrelofagun.com/wp-content/uploads/2013/01/phoca_thumb_l_mgira_lb_1.jpg,,,failed:not_image(text/html; charset=UTF-8),0,
flowersinthebarrelofagun.com/wp-content/uploads/2013/01/phoca_thumb_l_mgumma.jpg,image,http://www.flowersinthebarrelofagun.com/wp-content/uploads/2013/01/phoca_thumb_l_mgumma.jpg,,,failed:not_image(text/html; charset=UTF-8),0,
flowersinthebarrelofagun.com/wp-content/uploads/2013/01/phoca_thumb_l_swans_headshots_white_reduce_1small.jpg,image,http://www.flowersinthebarrelofagun.com/wp-content/uploads/2013/01/phoca_thumb_l_swans_headshots_white_reduce_1small.jpg,,,failed:not_image(text/html; charset=UTF-8),0,
flowersinthebarrelofagun.com/wp-content/uploads/2013/01/phoca_thumb_l_swans_pool_1.jpg,image,http://www.flowersinthebarrelofagun.com/wp-content/uploads/2013/01/phoca_thumb_l_swans_pool_1.jpg,,,failed:not_image(text/html; charset=UTF-8),0,
flowersinthebarrelofagun.com/wp-content/uploads/2013/06/adbcrop-1024x534.jpg,image,http://www.flowersinthebarrelofagun.com/wp-content/uploads/2013/06/adbcrop-1024x534.jpg,,,failed:not_image(text/html; charset=UTF-8),0,
flowersinthebarrelofagun.com/wp-content/uploads/2013/06/occupy3-1024x668.jpg,image,http://www.flowersinthebarrelofagun.com/wp-content/uploads/2013/06/occupy3-1024x668.jpg,,,failed:not_image(text/html; charset=UTF-8),0,
flowersinthebarrelofagun.com/wp-content/uploads/2013/06/tumblr_m0pdlnQJ4U1r93c7do1_500.jpg,image,http://www.flowersinthebarrelofagun.com/wp-content/uploads/2013/06/tumblr_m0pdlnQJ4U1r93c7do1_500.jpg,20131219135143,raw\assets\flowersinthebarrelofagun.com_wp-content_uploads_2013_06_tumblr_m0pdlnQJ4U1r93c7do1_500.jpg__2abf94733e.jpg,ok,92609,
flowersinthebarrelofagun.files.wordpress.com/2011/08/2360.jpg,image,https://flowersinthebarrelofagun.files.wordpress.com/2011/08/2360.jpg,20230204140405,raw\assets\flowersinthebarrelofagun.files.wordpress.com_2011_08_2360.jpg__6842fcc142.jpg,ok,64799,
flowersinthebarrelofagun.files.wordpress.com/2011/08/cropped-flower-power-luminous-inspirations11.jpg,image,https://flowersinthebarrelofagun.files.wordpress.com/2011/08/cropped-flower-power-luminous-inspirations11.jpg,20230204140909,raw\assets\flowersinthebarrelofagun.files.wordpress.com_2011_08_cropped-flower-power-luminous-inspirations11.jpg__34acf79b1a.jpg,ok,64256,
flowersinthebarrelofagun.files.wordpress.com/2011/12/aaron_med_boksehansker1.jpg,image,https://flowersinthebarrelofagun.files.wordpress.com/2011/12/aaron_med_boksehansker1.jpg,20180108024640,raw\assets\flowersinthebarrelofagun.files.wordpress.com_2011_12_aaron_med_boksehansker1.jpg__37b2f761e9.jpg,ok,171112,
flowersinthebarrelofagun.files.wordpress.com/2012/02/siam1.jpg?resize=500%2C502,image,https://flowersinthebarrelofagun.files.wordpress.com/2012/02/siam1.jpg?resize=500%2C502,20210909153106,raw\assets\flowersinthebarrelofagun.files.wordpress.com_2012_02_siam1.jpg_resize_500_2C502__43242de0f4.jpg,ok,194856,
flowersinthebarrelofagun.files.wordpress.com/2012/03/mhmm.jpg,image,https://flowersinthebarrelofagun.files.wordpress.com/2012/03/mhmm.jpg,20231212135838,raw\assets\flowersinthebarrelofagun.files.wordpress.com_2012_03_mhmm.jpg__58c19bf846.jpg,ok,254163,
flowersinthebarrelofagun.files.wordpress.com/2012/03/mhmm.jpg?fit=401%2C475&ssl=1,image,https://flowersinthebarrelofagun.files.wordpress.com/2012/03/mhmm.jpg?fit=401%2C475&ssl=1,20231213082314,raw\assets\flowersinthebarrelofagun.files.wordpress.com_2012_03_mhmm.jpg_fit_401_2C475_ssl_1__4d420650e1.jpg,ok,31590,
flowersinthebarrelofagun.files.wordpress.com/2012/04/5.png,image,https://flowersinthebarrelofagun.files.wordpress.com/2012/04/5.png,20171124144012,raw\assets\flowersinthebarrelofagun.files.wordpress.com_2012_04_5.png__0a22d1f722.png,ok,746363,
flowersinthebarrelofagun.files.wordpress.com/2012/04/m111.png,image,https://flowersinthebarrelofagun.files.wordpress.com/2012/04/m111.png,20171123235815,raw\assets\flowersinthebarrelofagun.files.wordpress.com_2012_04_m111.png__a6a89adf20.png,ok,1021039,
flowersinthebarrelofagun.files.wordpress.com/2012/05/baroness.jpg,image,https://flowersinthebarrelofagun.files.wordpress.com/2012/05/baroness.jpg,20230204140914,raw\assets\flowersinthebarrelofagun.files.wordpress.com_2012_05_baroness.jpg__e3ed6edf52.jpg,ok,53598,
flowersinthebarrelofagun.files.wordpress.com/2012/05/baroness.jpg?w=150&h=100,image,https://flowersinthebarrelofagun.files.wordpress.com/2012/05/baroness.jpg?w=150&h=100,20230204140834,raw\assets\flowersinthebarrelofagun.files.wordpress.com_2012_05_baroness.jpg_w_150_h_100__e2a73fc199.jpg,ok,2404,
flowersinthebarrelofagun.files.wordpress.com/2012/05/baroness.jpg?w=300&h=200,image,https://flowersinthebarrelofagun.files.wordpress.com/2012/05/baroness.jpg?w=300&h=200,20230204140856,raw\assets\flowersinthebarrelofagun.files.wordpress.com_2012_05_baroness.jpg_w_300_h_200__4cc7e867f1.jpg,ok,5738,
flowersinthebarrelofagun.files.wordpress.com/2012/05/baroness.jpg?w=490&h=326,image,https://flowersinthebarrelofagun.files.wordpress.com/2012/05/baroness.jpg?w=490&h=326,20230204140946,raw\assets\flowersinthebarrelofagun.files.wordpress.com_2012_05_baroness.jpg_w_490_h_326__d75786d04b.jpg,ok,11470,
flowersinthebarrelofagun.files.wordpress.com/2012/05/baroness.jpg?w=768&h=512,image,https://flowersinthebarrelofagun.files.wordpress.com/2012/05/baroness.jpg?w=768&h=512,20230204140908,raw\assets\flowersinthebarrelofagun.files.wordpress.com_2012_05_baroness.jpg_w_768_h_512__e853dbc9d4.jpg,ok,22276,
flowersinthebarrelofagun.files.wordpress.com/2012/05/baroness.jpg?w=978&h=652,image,https://flowersinthebarrelofagun.files.wordpress.com/2012/05/baroness.jpg?w=978&h=652,20230204140843,raw\assets\flowersinthebarrelofagun.files.wordpress.com_2012_05_baroness.jpg_w_978_h_652__a735b5052e.jpg,ok,31714,
flowersinthebarrelofagun.files.wordpress.com/2012/05/baroness2.jpg,image,https://flowersinthebarrelofagun.files.wordpress.com/2012/05/baroness2.jpg,20230204163157,raw\assets\flowersinthebarrelofagun.files.wordpress.com_2012_05_baroness2.jpg__9d2247cdd5.jpg,ok,92106,
flowersinthebarrelofagun.files.wordpress.com/2012/05/baroness2.jpg?w=150&h=100,image,https://flowersinthebarrelofagun.files.wordpress.com/2012/05/baroness2.jpg?w=150&h=100,20230204140941,raw\assets\flowersinthebarrelofagun.files.wordpress.com_2012_05_baroness2.jpg_w_150_h_100__c3072fb903.jpg,ok,3560,
flowersinthebarrelofagun.files.wordpress.com/2012/05/baroness2.jpg?w=300&h=200,image,https://flowersinthebarrelofagun.files.wordpress.com/2012/05/baroness2.jpg?w=300&h=200,20230204140919,raw\assets\flowersinthebarrelofagun.files.wordpress.com_2012_05_baroness2.jpg_w_300_h_200__7ea432b200.jpg,ok,9907,
flowersinthebarrelofagun.files.wordpress.com/2012/05/baroness2.jpg?w=490&h=326,image,https://flowersinthebarrelofagun.files.wordpress.com/2012/05/baroness2.jpg?w=490&h=326,20230204140952,raw\assets\flowersinthebarrelofagun.files.wordpress.com_2012_05_baroness2.jpg_w_490_h_326__a90d5bb6bc.jpg,ok,21097,
flowersinthebarrelofagun.files.wordpress.com/2012/05/baroness2.jpg?w=768&h=512,image,https://flowersinthebarrelofagun.files.wordpress.com/2012/05/baroness2.jpg?w=768&h=512,20230204150447,raw\assets\flowersinthebarrelofagun.files.wordpress.com_2012_05_baroness2.jpg_w_768_h_512__f256d8154b.jpg,ok,41827,
flowersinthebarrelofagun.files.wordpress.com/2012/05/baroness2.jpg?w=978&h=652,image,https://flowersinthebarrelofagun.files.wordpress.com/2012/05/baroness2.jpg?w=978&h=652,20230204140938,raw\assets\flowersinthebarrelofagun.files.wordpress.com_2012_05_baroness2.jpg_w_978_h_652__02d006cba8.jpg,ok,60032,
flowersinthebarrelofagun.files.wordpress.com/2012/05/decapitated.jpg,image,https://flowersinthebarrelofagun.files.wordpress.com/2012/05/decapitated.jpg,20230204140906,raw\assets\flowersinthebarrelofagun.files.wordpress.com_2012_05_decapitated.jpg__68f3e9ab18.jpg,ok,81463,
flowersinthebarrelofagun.files.wordpress.com/2012/05/decapitated.jpg?w=150&h=100,image,https://flowersinthebarrelofagun.files.wordpress.com/2012/05/decapitated.jpg?w=150&h=100,20230204140921,raw\assets\flowersinthebarrelofagun.files.wordpress.com_2012_05_decapitated.jpg_w_150_h_100__ef4046f7e9.jpg,ok,3707,
flowersinthebarrelofagun.files.wordpress.com/2012/05/decapitated.jpg?w=300&h=200,image,https://flowersinthebarrelofagun.files.wordpress.com/2012/05/decapitated.jpg?w=300&h=200,20230204140855,raw\assets\flowersinthebarrelofagun.files.wordpress.com_2012_05_decapitated.jpg_w_300_h_200__39522165f6.jpg,ok,9424,
flowersinthebarrelofagun.files.wordpress.com/2012/05/decapitated.jpg?w=490&h=326,image,https://flowersinthebarrelofagun.files.wordpress.com/2012/05/decapitated.jpg?w=490&h=326,20230204140838,raw\assets\flowersinthebarrelofagun.files.wordpress.com_2012_05_decapitated.jpg_w_490_h_326__6afc292374.jpg,ok,18763,
flowersinthebarrelofagun.files.wordpress.com/2012/05/decapitated.jpg?w=768&h=512,image,https://flowersinthebarrelofagun.files.wordpress.com/2012/05/decapitated.jpg?w=768&h=512,20230204140845,raw\assets\flowersinthebarrelofagun.files.wordpress.com_2012_05_decapitated.jpg_w_768_h_512__28fbbd9a6e.jpg,ok,35585,
flowersinthebarrelofagun.files.wordpress.com/2012/05/decapitated.jpg?w=978&h=652,image,https://flowersinthebarrelofagun.files.wordpress.com/2012/05/decapitated.jpg?w=978&h=652,20230204140908,raw\assets\flowersinthebarrelofagun.files.wordpress.com_2012_05_decapitated.jpg_w_978_h_652__f9af16b997.jpg,ok,50098,
flowersinthebarrelofagun.files.wordpress.com/2012/05/decapitated2.jpg,image,https://flowersinthebarrelofagun.files.wordpress.com/2012/05/decapitated2.jpg,20230204140837,raw\assets\flowersinthebarrelofagun.files.wordpress.com_2012_05_decapitated2.jpg__2f6962eb2b.jpg,ok,65684,
flowersinthebarrelofagun.files.wordpress.com/2012/05/decapitated2.jpg?w=150&h=100,image,https://flowersinthebarrelofagun.files.wordpress.com/2012/05/decapitated2.jpg?w=150&h=100,20230204140947,raw\assets\flowersinthebarrelofagun.files.wordpress.com_2012_05_decapitated2.jpg_w_150_h_100__f7e17f32db.jpg,ok,2951,
flowersinthebarrelofagun.files.wordpress.com/2012/05/decapitated2.jpg?w=300&h=200,image,https://flowersinthebarrelofagun.files.wordpress.com/2012/05/decapitated2.jpg?w=300&h=200,20230204140846,raw\assets\flowersinthebarrelofagun.files.wordpress.com_2012_05_decapitated2.jpg_w_300_h_200__9e424fdfb7.jpg,ok,7402,
flowersinthebarrelofagun.files.wordpress.com/2012/05/decapitated2.jpg?w=490&h=326,image,https://flowersinthebarrelofagun.files.wordpress.com/2012/05/decapitated2.jpg?w=490&h=326,20230204140845,raw\assets\flowersinthebarrelofagun.files.wordpress.com_2012_05_decapitated2.jpg_w_490_h_326__8c426146a3.jpg,ok,14971,
flowersinthebarrelofagun.files.wordpress.com/2012/05/decapitated2.jpg?w=768&h=512,image,https://flowersinthebarrelofagun.files.wordpress.com/2012/05/decapitated2.jpg?w=768&h=512,20230204140837,raw\assets\flowersinthebarrelofagun.files.wordpress.com_2012_05_decapitated2.jpg_w_768_h_512__b8e0823c1f.jpg,ok,28354,
flowersinthebarrelofagun.files.wordpress.com/2012/05/decapitated2.jpg?w=978&h=652,image,https://flowersinthebarrelofagun.files.wordpress.com/2012/05/decapitated2.jpg?w=978&h=652,20230204160838,raw\assets\flowersinthebarrelofagun.files.wordpress.com_2012_05_decapitated2.jpg_w_978_h_652__d9428c837d.jpg,ok,40637,
flowersinthebarrelofagun.files.wordpress.com/2012/05/editimg_0764.jpg,image,https://flowersinthebarrelofagun.files.wordpress.com/2012/05/editimg_0764.jpg,20230204140855,raw\assets\flowersinthebarrelofagun.files.wordpress.com_2012_05_editimg_0764.jpg__c8178fb4b6.jpg,ok,184907,
flowersinthebarrelofagun.files.wordpress.com/2012/05/editimg_0764.jpg?w=150&h=84,image,https://flowersinthebarrelofagun.files.wordpress.com/2012/05/editimg_0764.jpg?w=150&h=84,20230204165516,raw\assets\flowersinthebarrelofagun.files.wordpress.com_2012_05_editimg_0764.jpg_w_150_h_84__be5b2eefed.jpg,ok,5961,
flowersinthebarrelofagun.files.wordpress.com/2012/05/editimg_0764.jpg?w=300&h=168,image,https://flowersinthebarrelofagun.files.wordpress.com/2012/05/editimg_0764.jpg?w=300&h=168,20230204140940,raw\assets\flowersinthebarrelofagun.files.wordpress.com_2012_05_editimg_0764.jpg_w_300_h_168__4095b6ce4b.jpg,ok,17920,
flowersinthebarrelofagun.files.wordpress.com/2012/05/editimg_0764.jpg?w=490&h=275,image,https://flowersinthebarrelofagun.files.wordpress.com/2012/05/editimg_0764.jpg?w=490&h=275,20230204140918,raw\assets\flowersinthebarrelofagun.files.wordpress.com_2012_05_editimg_0764.jpg_w_490_h_275__6da7476fd1.jpg,ok,40722,
flowersinthebarrelofagun.files.wordpress.com/2012/05/editimg_0764.jpg?w=768&h=431,image,https://flowersinthebarrelofagun.files.wordpress.com/2012/05/editimg_0764.jpg?w=768&h=431,20230204140946,raw\assets\flowersinthebarrelofagun.files.wordpress.com_2012_05_editimg_0764.jpg_w_768_h_431__88a1b1c6aa.jpg,ok,84354,
flowersinthebarrelofagun.files.wordpress.com/2012/05/editimg_0764.jpg?w=980&h=550,image,https://flowersinthebarrelofagun.files.wordpress.com/2012/05/editimg_0764.jpg?w=980&h=550,20230204140911,raw\assets\flowersinthebarrelofagun.files.wordpress.com_2012_05_editimg_0764.jpg_w_980_h_550__2ce8dae4a1.jpg,ok,124293,
flowersinthebarrelofagun.files.wordpress.com/2012/05/editimg_0766.jpg,image,https://flowersinthebarrelofagun.files.wordpress.com/2012/05/editimg_0766.jpg,20230204140842,raw\assets\flowersinthebarrelofagun.files.wordpress.com_2012_05_editimg_0766.jpg__57c9b96981.jpg,ok,125463,
flowersinthebarrelofagun.files.wordpress.com/2012/05/editimg_0766.jpg?w=150&h=84,image,https://flowersinthebarrelofagun.files.wordpress.com/2012/05/editimg_0766.jpg?w=150&h=84,20230204141000,raw\assets\flowersinthebarrelofagun.files.wordpress.com_2012_05_editimg_0766.jpg_w_150_h_84__2997617a86.jpg,ok,5193,
flowersinthebarrelofagun.files.wordpress.com/2012/05/editimg_0766.jpg?w=300&h=168,image,https://flowersinthebarrelofagun.files.wordpress.com/2012/05/editimg_0766.jpg?w=300&h=168,20230204140845,raw\assets\flowersinthebarrelofagun.files.wordpress.com_2012_05_editimg_0766.jpg_w_300_h_168__469cf61d41.jpg,ok,14207,
flowersinthebarrelofagun.files.wordpress.com/2012/05/editimg_0766.jpg?w=490&h=275,image,https://flowersinthebarrelofagun.files.wordpress.com/2012/05/editimg_0766.jpg?w=490&h=275,20230204140912,raw\assets\flowersinthebarrelofagun.files.wordpress.com_2012_05_editimg_0766.jpg_w_490_h_275__5a9d3af8be.jpg,ok,29956,
flowersinthebarrelofagun.files.wordpress.com/2012/05/editimg_0766.jpg?w=768&h=431,image,https://flowersinthebarrelofagun.files.wordpress.com/2012/05/editimg_0766.jpg?w=768&h=431,20230204140900,raw\assets\flowersinthebarrelofagun.files.wordpress.com_2012_05_editimg_0766.jpg_w_768_h_431__a52ad09f4d.jpg,ok,58153,
flowersinthebarrelofagun.files.wordpress.com/2012/05/editimg_0766.jpg?w=980&h=550,image,https://flowersinthebarrelofagun.files.wordpress.com/2012/05/editimg_0766.jpg?w=980&h=550,20230204140953,raw\assets\flowersinthebarrelofagun.files.wordpress.com_2012_05_editimg_0766.jpg_w_980_h_550__df5e084b1c.jpg,ok,83629,
flowersinthebarrelofagun.files.wordpress.com/2012/05/editimg_0767.jpg,image,https://flowersinthebarrelofagun.files.wordpress.com/2012/05/editimg_0767.jpg,20230204140905,raw\assets\flowersinthebarrelofagun.files.wordpress.com_2012_05_editimg_0767.jpg__ffd3419224.jpg,ok,209842,
flowersinthebarrelofagun.files.wordpress.com/2012/05/editimg_0767.jpg?w=150&h=84,image,https://flowersinthebarrelofagun.files.wordpress.com/2012/05/editimg_0767.jpg?w=150&h=84,20230204141007,raw\assets\flowersinthebarrelofagun.files.wordpress.com_2012_05_editimg_0767.jpg_w_150_h_84__bf8f43903b.jpg,ok,6208,
flowersinthebarrelofagun.files.wordpress.com/2012/05/editimg_0767.jpg?w=300&h=168,image,https://flowersinthebarrelofagun.files.wordpress.com/2012/05/editimg_0767.jpg?w=300&h=168,20230204140855,raw\assets\flowersinthebarrelofagun.files.wordpress.com_2012_05_editimg_0767.jpg_w_300_h_168__239c2490bb.jpg,ok,19307,
flowersinthebarrelofagun.files.wordpress.com/2012/05/editimg_0767.jpg?w=490&h=275,image,https://flowersinthebarrelofagun.files.wordpress.com/2012/05/editimg_0767.jpg?w=490&h=275,20230204141018,raw\assets\flowersinthebarrelofagun.files.wordpress.com_2012_05_editimg_0767.jpg_w_490_h_275__0687a66281.jpg,ok,44841,
flowersinthebarrelofagun.files.wordpress.com/2012/05/editimg_0767.jpg?w=768&h=431,image,https://flowersinthebarrelofagun.files.wordpress.com/2012/05/editimg_0767.jpg?w=768&h=431,20230204140906,raw\assets\flowersinthebarrelofagun.files.wordpress.com_2012_05_editimg_0767.jpg_w_768_h_431__a34fa32007.jpg,ok,94015,
flowersinthebarrelofagun.files.wordpress.com/2012/05/editimg_0767.jpg?w=980&h=550,image,https://flowersinthebarrelofagun.files.wordpress.com/2012/05/editimg_0767.jpg?w=980&h=550,20230204140925,raw\assets\flowersinthebarrelofagun.files.wordpress.com_2012_05_editimg_0767.jpg_w_980_h_550__bc2ea4e594.jpg,ok,138999,
flowersinthebarrelofagun.files.wordpress.com/2012/05/editimg_0770.jpg,image,https://flowersinthebarrelofagun.files.wordpress.com/2012/05/editimg_0770.jpg,20230204140944,raw\assets\flowersinthebarrelofagun.files.wordpress.com_2012_05_editimg_0770.jpg__2937d230fc.jpg,ok,140395,
flowersinthebarrelofagun.files.wordpress.com/2012/05/editimg_0770.jpg?w=150&h=84,image,https://flowersinthebarrelofagun.files.wordpress.com/2012/05/editimg_0770.jpg?w=150&h=84,20230204140949,raw\assets\flowersinthebarrelofagun.files.wordpress.com_2012_05_editimg_0770.jpg_w_150_h_84__61ad91fe8c.jpg,ok,5471,
flowersinthebarrelofagun.files.wordpress.com/2012/05/editimg_0770.jpg?w=300&h=168,image,https://flowersinthebarrelofagun.files.wordpress.com/2012/05/editimg_0770.jpg?w=300&h=168,20230204140856,raw\assets\flowersinthebarrelofagun.files.wordpress.com_2012_05_editimg_0770.jpg_w_300_h_168__2c45b1455f.jpg,ok,16022,
flowersinthebarrelofagun.files.wordpress.com/2012/05/editimg_0770.jpg?w=490&h=275,image,https://flowersinthebarrelofagun.files.wordpress.com/2012/05/editimg_0770.jpg?w=490&h=275,20230204140857,raw\assets\flowersinthebarrelofagun.files.wordpress.com_2012_05_editimg_0770.jpg_w_490_h_275__6561d81fc3.jpg,ok,34956,
flowersinthebarrelofagun.files.wordpress.com/2012/05/editimg_0770.jpg?w=768&h=431,image,https://flowersinthebarrelofagun.files.wordpress.com/2012/05/editimg_0770.jpg?w=768&h=431,20230204140947,raw\assets\flowersinthebarrelofagun.files.wordpress.com_2012_05_editimg_0770.jpg_w_768_h_431__b6bf635980.jpg,ok,67532,
flowersinthebarrelofagun.files.wordpress.com/2012/05/editimg_0770.jpg?w=980&h=550,image,https://flowersinthebarrelofagun.files.wordpress.com/2012/05/editimg_0770.jpg?w=980&h=550,20230204140921,raw\assets\flowersinthebarrelofagun.files.wordpress.com_2012_05_editimg_0770.jpg_w_980_h_550__ac6d4f7d20.jpg,ok,96672,
flowersinthebarrelofagun.files.wordpress.com/2012/05/editimg_0775.jpg,image,https://flowersinthebarrelofagun.files.wordpress.com/2012/05/editimg_0775.jpg,20230204140933,raw\assets\flowersinthebarrelofagun.files.wordpress.com_2012_05_editimg_0775.jpg__5ec6cd0e40.jpg,ok,222800,
flowersinthebarrelofagun.files.wordpress.com/2012/05/editimg_0775.jpg?w=150&h=100,image,https://flowersinthebarrelofagun.files.wordpress.com/2012/05/editimg_0775.jpg?w=150&h=100,20230204140918,raw\assets\flowersinthebarrelofagun.files.wordpress.com_2012_05_editimg_0775.jpg_w_150_h_100__e609234e95.jpg,ok,6014,
flowersinthebarrelofagun.files.wordpress.com/2012/05/editimg_0775.jpg?w=300&h=200,image,https://flowersinthebarrelofagun.files.wordpress.com/2012/05/editimg_0775.jpg?w=300&h=200,20230204140956,raw\assets\flowersinthebarrelofagun.files.wordpress.com_2012_05_editimg_0775.jpg_w_300_h_200__7d3ac311a6.jpg,ok,19364,
flowersinthebarrelofagun.files.wordpress.com/2012/05/editimg_0775.jpg?w=490&h=326,image,https://flowersinthebarrelofagun.files.wordpress.com/2012/05/editimg_0775.jpg?w=490&h=326,20230204140913,raw\assets\flowersinthebarrelofagun.files.wordpress.com_2012_05_editimg_0775.jpg_w_490_h_326__f7568897fe.jpg,ok,45666,
flowersinthebarrelofagun.files.wordpress.com/2012/05/editimg_0775.jpg?w=768&h=512,image,https://flowersinthebarrelofagun.files.wordpress.com/2012/05/editimg_0775.jpg?w=768&h=512,20230204140846,raw\assets\flowersinthebarrelofagun.files.wordpress.com_2012_05_editimg_0775.jpg_w_768_h_512__4178469ac7.jpg,ok,98705,
flowersinthebarrelofagun.files.wordpress.com/2012/05/editimg_0775.jpg?w=978&h=652,image,https://flowersinthebarrelofagun.files.wordpress.com/2012/05/editimg_0775.jpg?w=978&h=652,20230204140929,raw\assets\flowersinthebarrelofagun.files.wordpress.com_2012_05_editimg_0775.jpg_w_978_h_652__b53dc8b3c2.jpg,ok,148379,
flowersinthebarrelofagun.files.wordpress.com/2012/05/editimg_0777.jpg,image,https://flowersinthebarrelofagun.files.wordpress.com/2012/05/editimg_0777.jpg,20230204140903,raw\assets\flowersinthebarrelofagun.files.wordpress.com_2012_05_editimg_0777.jpg__69cd8f740a.jpg,ok,216329,
flowersinthebarrelofagun.files.wordpress.com/2012/05/editimg_0777.jpg?w=150&h=100,image,https://flowersinthebarrelofagun.files.wordpress.com/2012/05/editimg_0777.jpg?w=150&h=100,20230204140836,raw\assets\flowersinthebarrelofagun.files.wordpress.com_2012_05_editimg_0777.jpg_w_150_h_100__10b41b5356.jpg,ok,5669,
flowersinthebarrelofagun.files.wordpress.com/2012/05/editimg_0777.jpg?w=300&h=200,image,https://flowersinthebarrelofagun.files.wordpress.com/2012/05/editimg_0777.jpg?w=300&h=200,20230204140917,raw\assets\flowersinthebarrelofagun.files.wordpress.com_2012_05_editimg_0777.jpg_w_300_h_200__a7dea76d6a.jpg,ok,18496,
flowersinthebarrelofagun.files.wordpress.com/2012/05/editimg_0777.jpg?w=490&h=326,image,https://flowersinthebarrelofagun.files.wordpress.com/2012/05/editimg_0777.jpg?w=490&h=326,20230204140906,raw\assets\flowersinthebarrelofagun.files.wordpress.com_2012_05_editimg_0777.jpg_w_490_h_326__85211995ee.jpg,ok,44486,
flowersinthebarrelofagun.files.wordpress.com/2012/05/editimg_0777.jpg?w=768&h=512,image,https://flowersinthebarrelofagun.files.wordpress.com/2012/05/editimg_0777.jpg?w=768&h=512,20230204140955,raw\assets\flowersinthebarrelofagun.files.wordpress.com_2012_05_editimg_0777.jpg_w_768_h_512__06c608c70a.jpg,ok,97160,
flowersinthebarrelofagun.files.wordpress.com/2012/05/editimg_0777.jpg?w=978&h=652,image,https://flowersinthebarrelofagun.files.wordpress.com/2012/05/editimg_0777.jpg?w=978&h=652,20230204141016,raw\assets\flowersinthebarrelofagun.files.wordpress.com_2012_05_editimg_0777.jpg_w_978_h_652__2c2167b9f8.jpg,ok,145692,
flowersinthebarrelofagun.files.wordpress.com/2012/05/editimg_0789.jpg,image,https://flowersinthebarrelofagun.files.wordpress.com/2012/05/editimg_0789.jpg,20230204140840,raw\assets\flowersinthebarrelofagun.files.wordpress.com_2012_05_editimg_0789.jpg__40f07504c2.jpg,ok,101623,
flowersinthebarrelofagun.files.wordpress.com/2012/05/editimg_0789.jpg?w=150&h=84,image,https://flowersinthebarrelofagun.files.wordpress.com/2012/05/editimg_0789.jpg?w=150&h=84,20230204140911,raw\assets\flowersinthebarrelofagun.files.wordpress.com_2012_05_editimg_0789.jpg_w_150_h_84__22bacdfc5e.jpg,ok,3919,
flowersinthebarrelofagun.files.wordpress.com/2012/05/editimg_0789.jpg?w=300&h=168,image,https://flowersinthebarrelofagun.files.wordpress.com/2012/05/editimg_0789.jpg?w=300&h=168,20230204140931,raw\assets\flowersinthebarrelofagun.files.wordpress.com_2012_05_editimg_0789.jpg_w_300_h_168__c9c5d605bb.jpg,ok,10858,
flowersinthebarrelofagun.files.wordpress.com/2012/05/editimg_0789.jpg?w=490&h=275,image,https://flowersinthebarrelofagun.files.wordpress.com/2012/05/editimg_0789.jpg?w=490&h=275,20230204140841,raw\assets\flowersinthebarrelofagun.files.wordpress.com_2012_05_editimg_0789.jpg_w_490_h_275__d58d417c80.jpg,ok,24036,
flowersinthebarrelofagun.files.wordpress.com/2012/05/editimg_0789.jpg?w=768&h=431,image,https://flowersinthebarrelofagun.files.wordpress.com/2012/05/editimg_0789.jpg?w=768&h=431,20230204141000,raw\assets\flowersinthebarrelofagun.files.wordpress.com_2012_05_editimg_0789.jpg_w_768_h_431__9f1ee4d3ac.jpg,ok,47242,
flowersinthebarrelofagun.files.wordpress.com/2012/05/editimg_0789.jpg?w=980&h=550,image,https://flowersinthebarrelofagun.files.wordpress.com/2012/05/editimg_0789.jpg?w=980&h=550,20230204141011,raw\assets\flowersinthebarrelofagun.files.wordpress.com_2012_05_editimg_0789.jpg_w_980_h_550__bfcf8726ae.jpg,ok,67829,
flowersinthebarrelofagun.files.wordpress.com/2012/05/editimg_0806.jpg,image,https://flowersinthebarrelofagun.files.wordpress.com/2012/05/editimg_0806.jpg,20230204140902,raw\assets\flowersinthebarrelofagun.files.wordpress.com_2012_05_editimg_0806.jpg__a5ec91825d.jpg,ok,290872,
flowersinthebarrelofagun.files.wordpress.com/2012/05/editimg_0806.jpg?w=169&h=300,image,https://flowersinthebarrelofagun.files.wordpress.com/2012/05/editimg_0806.jpg?w=169&h=300,20230204140841,raw\assets\flowersinthebarrelofagun.files.wordpress.com_2012_05_editimg_0806.jpg_w_169_h_300__967eb33d31.jpg,ok,14927,
flowersinthebarrelofagun.files.wordpress.com/2012/05/editimg_0806.jpg?w=490&h=872,image,https://flowersinthebarrelofagun.files.wordpress.com/2012/05/editimg_0806.jpg?w=490&h=872,20230204140902,raw\assets\flowersinthebarrelofagun.files.wordpress.com_2012_05_editimg_0806.jpg_w_490_h_872__ac2dac2598.jpg,ok,76391,
flowersinthebarrelofagun.files.wordpress.com/2012/05/editimg_0806.jpg?w=575&h=1024,image,https://flowersinthebarrelofagun.files.wordpress.com/2012/05/editimg_0806.jpg?w=575&h=1024,20230204162309,raw\assets\flowersinthebarrelofagun.files.wordpress.com_2012_05_editimg_0806.jpg_w_575_h_1024__11cd28ef28.jpg,ok,97442,
flowersinthebarrelofagun.files.wordpress.com/2012/05/editimg_0806.jpg?w=768&h=1367,image,https://flowersinthebarrelofagun.files.wordpress.com/2012/05/editimg_0806.jpg?w=768&h=1367,20230204140843,raw\assets\flowersinthebarrelofagun.files.wordpress.com_2012_05_editimg_0806.jpg_w_768_h_1367__e383143609.jpg,ok,152976,
flowersinthebarrelofagun.files.wordpress.com/2012/05/editimg_0806.jpg?w=84&h=150,image,https://flowersinthebarrelofagun.files.wordpress.com/2012/05/editimg_0806.jpg?w=84&h=150,20230204140839,raw\assets\flowersinthebarrelofagun.files.wordpress.com_2012_05_editimg_0806.jpg_w_84_h_150__0d73099ba6.jpg,ok,5347,
flowersinthebarrelofagun.files.wordpress.com/2012/05/editimg_0806.jpg?w=980&h=1744,image,https://flowersinthebarrelofagun.files.wordpress.com/2012/05/editimg_0806.jpg?w=980&h=1744,20230204140957,raw\assets\flowersinthebarrelofagun.files.wordpress.com_2012_05_editimg_0806.jpg_w_980_h_1744__3a9403dd3b.jpg,ok,221808,
flowersinthebarrelofagun.files.wordpress.com/2012/05/editimg_0807.jpg,image,https://flowersinthebarrelofagun.files.wordpress.com/2012/05/editimg_0807.jpg,20230204140836,raw\assets\flowersinthebarrelofagun.files.wordpress.com_2012_05_editimg_0807.jpg__f27db5af77.jpg,ok,263187,
flowersinthebarrelofagun.files.wordpress.com/2012/05/editimg_0807.jpg?w=169&h=300,image,https://flowersinthebarrelofagun.files.wordpress.com/2012/05/editimg_0807.jpg?w=169&h=300,20230204140957,raw\assets\flowersinthebarrelofagun.files.wordpress.com_2012_05_editimg_0807.jpg_w_169_h_300__68cbd1c2c2.jpg,ok,13938,
flowersinthebarrelofagun.files.wordpress.com/2012/05/editimg_0807.jpg?w=490&h=872,image,https://flowersinthebarrelofagun.files.wordpress.com/2012/05/editimg_0807.jpg?w=490&h=872,20230204140944,raw\assets\flowersinthebarrelofagun.files.wordpress.com_2012_05_editimg_0807.jpg_w_490_h_872__fb0a65520c.jpg,ok,69450,
flowersinthebarrelofagun.files.wordpress.com/2012/05/editimg_0807.jpg?w=575&h=1024,image,https://flowersinthebarrelofagun.files.wordpress.com/2012/05/editimg_0807.jpg?w=575&h=1024,20230204165607,raw\assets\flowersinthebarrelofagun.files.wordpress.com_2012_05_editimg_0807.jpg_w_575_h_1024__94dba1b62b.jpg,ok,88171,
flowersinthebarrelofagun.files.wordpress.com/2012/05/editimg_0807.jpg?w=768&h=1367,image,https://flowersinthebarrelofagun.files.wordpress.com/2012/05/editimg_0807.jpg?w=768&h=1367,20230204140903,raw\assets\flowersinthebarrelofagun.files.wordpress.com_2012_05_editimg_0807.jpg_w_768_h_1367__895ea663d1.jpg,ok,138149,
flowersinthebarrelofagun.files.wordpress.com/2012/05/editimg_0807.jpg?w=84&h=150,image,https://flowersinthebarrelofagun.files.wordpress.com/2012/05/editimg_0807.jpg?w=84&h=150,20230204140842,raw\assets\flowersinthebarrelofagun.files.wordpress.com_2012_05_editimg_0807.jpg_w_84_h_150__dac22a0c13.jpg,ok,5112,
flowersinthebarrelofagun.files.wordpress.com/2012/05/editimg_0807.jpg?w=980&h=1744,image,https://flowersinthebarrelofagun.files.wordpress.com/2012/05/editimg_0807.jpg?w=980&h=1744,20230204140856,raw\assets\flowersinthebarrelofagun.files.wordpress.com_2012_05_editimg_0807.jpg_w_980_h_1744__48ffdbd2e9.jpg,ok,200114,
flowersinthebarrelofagun.files.wordpress.com/2012/05/editimg_0825.jpg,image,https://flowersinthebarrelofagun.files.wordpress.com/2012/05/editimg_0825.jpg,20230204140901,raw\assets\flowersinthebarrelofagun.files.wordpress.com_2012_05_editimg_0825.jpg__4188ad1efd.jpg,ok,172423,
flowersinthebarrelofagun.files.wordpress.com/2012/05/editimg_0825.jpg?w=150&h=84,image,https://flowersinthebarrelofagun.files.wordpress.com/2012/05/editimg_0825.jpg?w=150&h=84,20230204140954,raw\assets\flowersinthebarrelofagun.files.wordpress.com_2012_05_editimg_0825.jpg_w_150_h_84__2807aad701.jpg,ok,5576,
flowersinthebarrelofagun.files.wordpress.com/2012/05/editimg_0825.jpg?w=300&h=168,image,https://flowersinthebarrelofagun.files.wordpress.com/2012/05/editimg_0825.jpg?w=300&h=168,20230204140939,raw\assets\flowersinthebarrelofagun.files.wordpress.com_2012_05_editimg_0825.jpg_w_300_h_168__b768092663.jpg,ok,16853,
flowersinthebarrelofagun.files.wordpress.com/2012/05/editimg_0825.jpg?w=490&h=275,image,https://flowersinthebarrelofagun.files.wordpress.com/2012/05/editimg_0825.jpg?w=490&h=275,20230204140852,raw\assets\flowersinthebarrelofagun.files.wordpress.com_2012_05_editimg_0825.jpg_w_490_h_275__12d6e94506.jpg,ok,38550,
flowersinthebarrelofagun.files.wordpress.com/2012/05/editimg_0825.jpg?w=768&h=431,image,https://flowersinthebarrelofagun.files.wordpress.com/2012/05/editimg_0825.jpg?w=768&h=431,20230204140842,raw\assets\flowersinthebarrelofagun.files.wordpress.com_2012_05_editimg_0825.jpg_w_768_h_431__4d059017b4.jpg,ok,78830,
flowersinthebarrelofagun.files.wordpress.com/2012/05/editimg_0825.jpg?w=980&h=550,image,https://flowersinthebarrelofagun.files.wordpress.com/2012/05/editimg_0825.jpg?w=980&h=550,20230204140939,raw\assets\flowersinthebarrelofagun.files.wordpress.com_2012_05_editimg_0825.jpg_w_980_h_550__5b83822eec.jpg,ok,115206,
flowersinthebarrelofagun.files.wordpress.com/2012/05/editmg_0820.jpg,image,https://flowersinthebarrelofagun.files.wordpress.com/2012/05/editmg_0820.jpg,20230204140922,raw\assets\flowersinthebarrelofagun.files.wordpress.com_2012_05_editmg_0820.jpg__127dbe064a.jpg,ok,176043,
flowersinthebarrelofagun.files.wordpress.com/2012/05/editmg_0820.jpg?w=150&h=84,image,https://flowersinthebarrelofagun.files.wordpress.com/2012/05/editmg_0820.jpg?w=150&h=84,20230204140833,raw\assets\flowersinthebarrelofagun.files.wordpress.com_2012_05_editmg_0820.jpg_w_150_h_84__f9c27faaa5.jpg,ok,5400,
flowersinthebarrelofagun.files.wordpress.com/2012/05/editmg_0820.jpg?w=300&h=168,image,https://flowersinthebarrelofagun.files.wordpress.com/2012/05/editmg_0820.jpg?w=300&h=168,20230204140905,raw\assets\flowersinthebarrelofagun.files.wordpress.com_2012_05_editmg_0820.jpg_w_300_h_168__2bcba987b3.jpg,ok,17020,
flowersinthebarrelofagun.files.wordpress.com/2012/05/editmg_0820.jpg?w=490&h=275,image,https://flowersinthebarrelofagun.files.wordpress.com/2012/05/editmg_0820.jpg?w=490&h=275,20230204140851,raw\assets\flowersinthebarrelofagun.files.wordpress.com_2012_05_editmg_0820.jpg_w_490_h_275__6d2b24f326.jpg,ok,39305,
flowersinthebarrelofagun.files.wordpress.com/2012/05/editmg_0820.jpg?w=768&h=431,image,https://flowersinthebarrelofagun.files.wordpress.com/2012/05/editmg_0820.jpg?w=768&h=431,20230204140953,raw\assets\flowersinthebarrelofagun.files.wordpress.com_2012_05_editmg_0820.jpg_w_768_h_431__986aa51b88.jpg,ok,80527,
flowersinthebarrelofagun.files.wordpress.com/2012/05/editmg_0820.jpg?w=980&h=550,image,https://flowersinthebarrelofagun.files.wordpress.com/2012/05/editmg_0820.jpg?w=980&h=550,20230204140911,raw\assets\flowersinthebarrelofagun.files.wordpress.com_2012_05_editmg_0820.jpg_w_980_h_550__2641c38dad.jpg,ok,118235,
flowersinthebarrelofagun.files.wordpress.com/2012/05/img_0802.jpg,image,https://flowersinthebarrelofagun.files.wordpress.com/2012/05/img_0802.jpg,20230204140837,raw\assets\flowersinthebarrelofagun.files.wordpress.com_2012_05_img_0802.jpg__b467d6ebda.jpg,ok,8423288,
flowersinthebarrelofagun.files.wordpress.com/2012/05/img_0802.jpg?w=150&h=84,image,https://flowersinthebarrelofagun.files.wordpress.com/2012/05/img_0802.jpg?w=150&h=84,20230204140835,raw\assets\flowersinthebarrelofagun.files.wordpress.com_2012_05_img_0802.jpg_w_150_h_84__cef2119848.jpg,ok,12076,
flowersinthebarrelofagun.files.wordpress.com/2012/05/img_0802.jpg?w=300&h=169,image,https://flowersinthebarrelofagun.files.wordpress.com/2012/05/img_0802.jpg?w=300&h=169,20230204140946,raw\assets\flowersinthebarrelofagun.files.wordpress.com_2012_05_img_0802.jpg_w_300_h_169__ad0fbc821b.jpg,ok,43645,
flowersinthebarrelofagun.files.wordpress.com/2012/05/img_0802.jpg?w=490&h=275,image,https://flowersinthebarrelofagun.files.wordpress.com/2012/05/img_0802.jpg?w=490&h=275,20230204140934,raw\assets\flowersinthebarrelofagun.files.wordpress.com_2012_05_img_0802.jpg_w_490_h_275__ff1b7d4397.jpg,ok,112202,
flowersinthebarrelofagun.files.wordpress.com/2012/05/img_0802.jpg?w=768&h=431,image,https://flowersinthebarrelofagun.files.wordpress.com/2012/05/img_0802.jpg?w=768&h=431,20230204140845,raw\assets\flowersinthebarrelofagun.files.wordpress.com_2012_05_img_0802.jpg_w_768_h_431__76ad17307a.jpg,ok,253059,
flowersinthebarrelofagun.files.wordpress.com/2012/05/img_0802.jpg?w=980&h=550,image,https://flowersinthebarrelofagun.files.wordpress.com/2012/05/img_0802.jpg?w=980&h=550,,,failed:http_404,0,
flowersinthebarrelofagun.files.wordpress.com/2012/05/img_0817.jpg,image,https://flowersinthebarrelofagun.files.wordpress.com/2012/05/img_0817.jpg,20230204140836,raw\assets\flowersinthebarrelofagun.files.wordpress.com_2012_05_img_0817.jpg__2510c2840b.jpg,ok,1325588,
flowersinthebarrelofagun.files.wordpress.com/2012/05/img_0817.jpg?w=150&h=84,image,https://flowersinthebarrelofagun.files.wordpress.com/2012/05/img_0817.jpg?w=150&h=84,20230204140841,raw\assets\flowersinthebarrelofagun.files.wordpress.com_2012_05_img_0817.jpg_w_150_h_84__7bbea8daff.jpg,ok,3870,
flowersinthebarrelofagun.files.wordpress.com/2012/05/img_0817.jpg?w=300&h=169,image,https://flowersinthebarrelofagun.files.wordpress.com/2012/05/img_0817.jpg?w=300&h=169,20230204140949,raw\assets\flowersinthebarrelofagun.files.wordpress.com_2012_05_img_0817.jpg_w_300_h_169__96069ab49c.jpg,ok,9153,
flowersinthebarrelofagun.files.wordpress.com/2012/05/img_0817.jpg?w=490&h=275,image,https://flowersinthebarrelofagun.files.wordpress.com/2012/05/img_0817.jpg?w=490&h=275,20230204140959,raw\assets\flowersinthebarrelofagun.files.wordpress.com_2012_05_img_0817.jpg_w_490_h_275__90d6cc713f.jpg,ok,19287,
flowersinthebarrelofagun.files.wordpress.com/2012/05/img_0817.jpg?w=768&h=431,image,https://flowersinthebarrelofagun.files.wordpress.com/2012/05/img_0817.jpg?w=768&h=431,20230204141009,raw\assets\flowersinthebarrelofagun.files.wordpress.com_2012_05_img_0817.jpg_w_768_h_431__ff503360a9.jpg,ok,37161,
flowersinthebarrelofagun.files.wordpress.com/2012/05/img_0817.jpg?w=980&h=550,image,https://flowersinthebarrelofagun.files.wordpress.com/2012/05/img_0817.jpg?w=980&h=550,20230204140956,raw\assets\flowersinthebarrelofagun.files.wordpress.com_2012_05_img_0817.jpg_w_980_h_550__69ff3b4ab5.jpg,ok,55198,
flowersinthebarrelofagun.files.wordpress.com/2012/05/img_0818.jpg,image,https://flowersinthebarrelofagun.files.wordpress.com/2012/05/img_0818.jpg,20230204140839,raw\assets\flowersinthebarrelofagun.files.wordpress.com_2012_05_img_0818.jpg__826e487105.jpg,ok,859959,
flowersinthebarrelofagun.files.wordpress.com/2012/05/img_0818.jpg?w=150&h=84,image,https://flowersinthebarrelofagun.files.wordpress.com/2012/05/img_0818.jpg?w=150&h=84,20230204140933,raw\assets\flowersinthebarrelofagun.files.wordpress.com_2012_05_img_0818.jpg_w_150_h_84__8ba9926663.jpg,ok,2786,
flowersinthebarrelofagun.files.wordpress.com/2012/05/img_0818.jpg?w=300&h=169,image,https://flowersinthebarrelofagun.files.wordpress.com/2012/05/img_0818.jpg?w=300&h=169,20230204140840,raw\assets\flowersinthebarrelofagun.files.wordpress.com_2012_05_img_0818.jpg_w_300_h_169__0e0ed5eb0d.jpg,ok,6492,
flowersinthebarrelofagun.files.wordpress.com/2012/05/img_0818.jpg?w=490&h=275,image,https://flowersinthebarrelofagun.files.wordpress.com/2012/05/img_0818.jpg?w=490&h=275,20230204140841,raw\assets\flowersinthebarrelofagun.files.wordpress.com_2012_05_img_0818.jpg_w_490_h_275__c7bd7e7185.jpg,ok,13356,
flowersinthebarrelofagun.files.wordpress.com/2012/05/img_0818.jpg?w=768&h=431,image,https://flowersinthebarrelofagun.files.wordpress.com/2012/05/img_0818.jpg?w=768&h=431,,,failed:http_404,0,
flowersinthebarrelofagun.files.wordpress.com/2012/05/img_0818.jpg?w=980&h=550,image,https://flowersinthebarrelofagun.files.wordpress.com/2012/05/img_0818.jpg?w=980&h=550,20230204141014,raw\assets\flowersinthebarrelofagun.files.wordpress.com_2012_05_img_0818.jpg_w_980_h_550__7f9af6c2a3.jpg,ok,38319,
flowersinthebarrelofagun.files.wordpress.com/2012/05/meshuggah.jpg,image,https://flowersinthebarrelofagun.files.wordpress.com/2012/05/meshuggah.jpg,20230204140838,raw\assets\flowersinthebarrelofagun.files.wordpress.com_2012_05_meshuggah.jpg__3f05c652c9.jpg,ok,112247,
flowersinthebarrelofagun.files.wordpress.com/2012/05/meshuggah.jpg?w=150&h=100,image,https://flowersinthebarrelofagun.files.wordpress.com/2012/05/meshuggah.jpg?w=150&h=100,20230204141000,raw\assets\flowersinthebarrelofagun.files.wordpress.com_2012_05_meshuggah.jpg_w_150_h_100__50169c99c6.jpg,ok,4520,
flowersinthebarrelofagun.files.wordpress.com/2012/05/meshuggah.jpg?w=300&h=200,image,https://flowersinthebarrelofagun.files.wordpress.com/2012/05/meshuggah.jpg?w=300&h=200,20230204140952,raw\assets\flowersinthebarrelofagun.files.wordpress.com_2012_05_meshuggah.jpg_w_300_h_200__6a260e68a1.jpg,ok,12573,
flowersinthebarrelofagun.files.wordpress.com/2012/05/meshuggah.jpg?w=490&h=326,image,https://flowersinthebarrelofagun.files.wordpress.com/2012/05/meshuggah.jpg?w=490&h=326,20230204140911,raw\assets\flowersinthebarrelofagun.files.wordpress.com_2012_05_meshuggah.jpg_w_490_h_326__535cf5b531.jpg,ok,26994,
flowersinthebarrelofagun.files.wordpress.com/2012/05/meshuggah.jpg?w=768&h=512,image,https://flowersinthebarrelofagun.files.wordpress.com/2012/05/meshuggah.jpg?w=768&h=512,20230204140840,raw\assets\flowersinthebarrelofagun.files.wordpress.com_2012_05_meshuggah.jpg_w_768_h_512__73960aaafc.jpg,ok,52873,
flowersinthebarrelofagun.files.wordpress.com/2012/05/meshuggah.jpg?w=978&h=652,image,https://flowersinthebarrelofagun.files.wordpress.com/2012/05/meshuggah.jpg?w=978&h=652,20230204140835,raw\assets\flowersinthebarrelofagun.files.wordpress.com_2012_05_meshuggah.jpg_w_978_h_652__05a6974cd3.jpg,ok,75607,
flowersinthebarrelofagun.files.wordpress.com/2012/05/meshuggah2.jpg,image,https://flowersinthebarrelofagun.files.wordpress.com/2012/05/meshuggah2.jpg,20230204140930,raw\assets\flowersinthebarrelofagun.files.wordpress.com_2012_05_meshuggah2.jpg__de49d6b6d7.jpg,ok,67554,
flowersinthebarrelofagun.files.wordpress.com/2012/05/meshuggah2.jpg?w=150&h=100,image,https://flowersinthebarrelofagun.files.wordpress.com/2012/05/meshuggah2.jpg?w=150&h=100,20230204140948,raw\assets\flowersinthebarrelofagun.files.wordpress.com_2012_05_meshuggah2.jpg_w_150_h_100__8951dab6a1.jpg,ok,2823,
flowersinthebarrelofagun.files.wordpress.com/2012/05/meshuggah2.jpg?w=300&h=200,image,https://flowersinthebarrelofagun.files.wordpress.com/2012/05/meshuggah2.jpg?w=300&h=200,20230204141000,raw\assets\flowersinthebarrelofagun.files.wordpress.com_2012_05_meshuggah2.jpg_w_300_h_200__a8ce953907.jpg,ok,7186,
flowersinthebarrelofagun.files.wordpress.com/2012/05/meshuggah2.jpg?w=490&h=326,image,https://flowersinthebarrelofagun.files.wordpress.com/2012/05/meshuggah2.jpg?w=490&h=326,20230204140953,raw\assets\flowersinthebarrelofagun.files.wordpress.com_2012_05_meshuggah2.jpg_w_490_h_326__7fc0e80768.jpg,ok,14889,
flowersinthebarrelofagun.files.wordpress.com/2012/05/meshuggah2.jpg?w=768&h=512,image,https://flowersinthebarrelofagun.files.wordpress.com/2012/05/meshuggah2.jpg?w=768&h=512,20230204140846,raw\assets\flowersinthebarrelofagun.files.wordpress.com_2012_05_meshuggah2.jpg_w_768_h_512__a33eeacc0c.jpg,ok,29539,
flowersinthebarrelofagun.files.wordpress.com/2012/05/meshuggah2.jpg?w=978&h=652,image,https://flowersinthebarrelofagun.files.wordpress.com/2012/05/meshuggah2.jpg?w=978&h=652,20230204141004,raw\assets\flowersinthebarrelofagun.files.wordpress.com_2012_05_meshuggah2.jpg_w_978_h_652__6b81160e53.jpg,ok,42611,
flowersinthebarrelofagun.files.wordpress.com/2012/05/meshuggah3.jpg,image,https://flowersinthebarrelofagun.files.wordpress.com/2012/05/meshuggah3.jpg,20230204140854,raw\assets\flowersinthebarrelofagun.files.wordpress.com_2012_05_meshuggah3.jpg__a32b76df45.jpg,ok,54111,
flowersinthebarrelofagun.files.wordpress.com/2012/05/meshuggah3.jpg?w=150&h=84,image,https://flowersinthebarrelofagun.files.wordpress.com/2012/05/meshuggah3.jpg?w=150&h=84,20230204140835,raw\assets\flowersinthebarrelofagun.files.wordpress.com_2012_05_meshuggah3.jpg_w_150_h_84__4018d783cd.jpg,ok,2544,
flowersinthebarrelofagun.files.wordpress.com/2012/05/meshuggah3.jpg?w=300&h=168,image,https://flowersinthebarrelofagun.files.wordpress.com/2012/05/meshuggah3.jpg?w=300&h=168,20230204140908,raw\assets\flowersinthebarrelofagun.files.wordpress.com_2012_05_meshuggah3.jpg_w_300_h_168__0bb46017e7.jpg,ok,6241,
flowersinthebarrelofagun.files.wordpress.com/2012/05/meshuggah3.jpg?w=490&h=275,image,https://flowersinthebarrelofagun.files.wordpress.com/2012/05/meshuggah3.jpg?w=490&h=275,20230204140848,raw\assets\flowersinthebarrelofagun.files.wordpress.com_2012_05_meshuggah3.jpg_w_490_h_275__842a6e4c04.jpg,ok,12157,
flowersinthebarrelofagun.files.wordpress.com/2012/05/meshuggah3.jpg?w=768&h=431,image,https://flowersinthebarrelofagun.files.wordpress.com/2012/05/meshuggah3.jpg?w=768&h=431,20230204140834,raw\assets\flowersinthebarrelofagun.files.wordpress.com_2012_05_meshuggah3.jpg_w_768_h_431__a74054d7a9.jpg,ok,22768,
flowersinthebarrelofagun.files.wordpress.com/2012/05/meshuggah3.jpg?w=980&h=550,image,https://flowersinthebarrelofagun.files.wordpress.com/2012/05/meshuggah3.jpg?w=980&h=550,20230204140951,raw\assets\flowersinthebarrelofagun.files.wordpress.com_2012_05_meshuggah3.jpg_w_980_h_550__8eb678abc9.jpg,ok,31987,
flowersinthebarrelofagun.files.wordpress.com/2012/05/meshuggah4.jpg,image,https://flowersinthebarrelofagun.files.wordpress.com/2012/05/meshuggah4.jpg,20230204140958,raw\assets\flowersinthebarrelofagun.files.wordpress.com_2012_05_meshuggah4.jpg__bf90dfe5d4.jpg,ok,71780,
flowersinthebarrelofagun.files.wordpress.com/2012/05/meshuggah4.jpg?w=150&h=100,image,https://flowersinthebarrelofagun.files.wordpress.com/2012/05/meshuggah4.jpg?w=150&h=100,20230204141009,raw\assets\flowersinthebarrelofagun.files.wordpress.com_2012_05_meshuggah4.jpg_w_150_h_100__1643e21f82.jpg,ok,3288,
flowersinthebarrelofagun.files.wordpress.com/2012/05/meshuggah4.jpg?w=300&h=200,image,https://flowersinthebarrelofagun.files.wordpress.com/2012/05/meshuggah4.jpg?w=300&h=200,20230204141007,raw\assets\flowersinthebarrelofagun.files.wordpress.com_2012_05_meshuggah4.jpg_w_300_h_200__738f5d8853.jpg,ok,8595,
flowersinthebarrelofagun.files.wordpress.com/2012/05/meshuggah4.jpg?w=490&h=326,image,https://flowersinthebarrelofagun.files.wordpress.com/2012/05/meshuggah4.jpg?w=490&h=326,20230204140910,raw\assets\flowersinthebarrelofagun.files.wordpress.com_2012_05_meshuggah4.jpg_w_490_h_326__7e85860f7f.jpg,ok,17477,
flowersinthebarrelofagun.files.wordpress.com/2012/05/meshuggah4.jpg?w=768&h=512,image,https://flowersinthebarrelofagun.files.wordpress.com/2012/05/meshuggah4.jpg?w=768&h=512,,,failed:http_404,0,
flowersinthebarrelofagun.files.wordpress.com/2012/05/meshuggah4.jpg?w=978&h=652,image,https://flowersinthebarrelofagun.files.wordpress.com/2012/05/meshuggah4.jpg?w=978&h=652,20230204140906,raw\assets\flowersinthebarrelofagun.files.wordpress.com_2012_05_meshuggah4.jpg_w_978_h_652__19694de7dd.jpg,ok,46421,
flowersinthebarrelofagun.files.wordpress.com/2012/05/meshuggah5.jpg,image,https://flowersinthebarrelofagun.files.wordpress.com/2012/05/meshuggah5.jpg,20230204140902,raw\assets\flowersinthebarrelofagun.files.wordpress.com_2012_05_meshuggah5.jpg__80fc910c63.jpg,ok,1124126,
flowersinthebarrelofagun.files.wordpress.com/2012/05/meshuggah5.jpg?w=150&h=100,image,https://flowersinthebarrelofagun.files.wordpress.com/2012/05/meshuggah5.jpg?w=150&h=100,20230204140903,raw\assets\flowersinthebarrelofagun.files.wordpress.com_2012_05_meshuggah5.jpg_w_150_h_100__469d463c8b.jpg,ok,3947,
flowersinthebarrelofagun.files.wordpress.com/2012/05/meshuggah5.jpg?w=300&h=200,image,https://flowersinthebarrelofagun.files.wordpress.com/2012/05/meshuggah5.jpg?w=300&h=200,20230204140836,raw\assets\flowersinthebarrelofagun.files.wordpress.com_2012_05_meshuggah5.jpg_w_300_h_200__70955817da.jpg,ok,10230,
flowersinthebarrelofagun.files.wordpress.com/2012/05/meshuggah5.jpg?w=490&h=326,image,https://flowersinthebarrelofagun.files.wordpress.com/2012/05/meshuggah5.jpg?w=490&h=326,20230204140908,raw\assets\flowersinthebarrelofagun.files.wordpress.com_2012_05_meshuggah5.jpg_w_490_h_326__c332b90fe1.jpg,ok,21488,
flowersinthebarrelofagun.files.wordpress.com/2012/05/meshuggah5.jpg?w=768&h=512,image,https://flowersinthebarrelofagun.files.wordpress.com/2012/05/meshuggah5.jpg?w=768&h=512,20230204140843,raw\assets\flowersinthebarrelofagun.files.wordpress.com_2012_05_meshuggah5.jpg_w_768_h_512__b2a32db578.jpg,ok,41658,
flowersinthebarrelofagun.files.wordpress.com/2012/05/meshuggah5.jpg?w=978&h=652,image,https://flowersinthebarrelofagun.files.wordpress.com/2012/05/meshuggah5.jpg?w=978&h=652,20230204140902,raw\assets\flowersinthebarrelofagun.files.wordpress.com_2012_05_meshuggah5.jpg_w_978_h_652__4c625987ff.jpg,ok,61106,
flowersinthebarrelofagun.files.wordpress.com/2012/05/thebalconies.jpg,image,https://flowersinthebarrelofagun.files.wordpress.com/2012/05/thebalconies.jpg,,,failed:http_404,0,
flowersinthebarrelofagun.files.wordpress.com/2012/05/thebalconies.jpg?w=150&h=84,image,https://flowersinthebarrelofagun.files.wordpress.com/2012/05/thebalconies.jpg?w=150&h=84,20230204140946,raw\assets\flowersinthebarrelofagun.files.wordpress.com_2012_05_thebalconies.jpg_w_150_h_84__b544aaa958.jpg,ok,2813,
flowersinthebarrelofagun.files.wordpress.com/2012/05/thebalconies.jpg?w=300&h=168,image,https://flowersinthebarrelofagun.files.wordpress.com/2012/05/thebalconies.jpg?w=300&h=168,20230204140840,raw\assets\flowersinthebarrelofagun.files.wordpress.com_2012_05_thebalconies.jpg_w_300_h_168__7b54854b05.jpg,ok,6948,
flowersinthebarrelofagun.files.wordpress.com/2012/05/thebalconies.jpg?w=490&h=275,image,https://flowersinthebarrelofagun.files.wordpress.com/2012/05/thebalconies.jpg?w=490&h=275,20230204140920,raw\assets\flowersinthebarrelofagun.files.wordpress.com_2012_05_thebalconies.jpg_w_490_h_275__658b367c26.jpg,ok,14293,
flowersinthebarrelofagun.files.wordpress.com/2012/05/thebalconies.jpg?w=768&h=431,image,https://flowersinthebarrelofagun.files.wordpress.com/2012/05/thebalconies.jpg?w=768&h=431,20230204140951,raw\assets\flowersinthebarrelofagun.files.wordpress.com_2012_05_thebalconies.jpg_w_768_h_431__b19fb4e0f6.jpg,ok,27571,
flowersinthebarrelofagun.files.wordpress.com/2012/05/thebalconies.jpg?w=980&h=550,image,https://flowersinthebarrelofagun.files.wordpress.com/2012/05/thebalconies.jpg?w=980&h=550,20230204140834,raw\assets\flowersinthebarrelofagun.files.wordpress.com_2012_05_thebalconies.jpg_w_980_h_550__a47239c623.jpg,ok,39705,
flowersinthebarrelofagun.files.wordpress.com/2012/06/bklove.jpg,image,https://flowersinthebarrelofagun.files.wordpress.com/2012/06/bklove.jpg,20230204141004,raw\assets\flowersinthebarrelofagun.files.wordpress.com_2012_06_bklove.jpg__bf9967da82.jpg,ok,74342,
flowersinthebarrelofagun.files.wordpress.com/2012/06/bklove.jpg?w=150&h=100,image,https://flowersinthebarrelofagun.files.wordpress.com/2012/06/bklove.jpg?w=150&h=100,20230204140844,raw\assets\flowersinthebarrelofagun.files.wordpress.com_2012_06_bklove.jpg_w_150_h_100__c079f918b0.jpg,ok,4650,
flowersinthebarrelofagun.files.wordpress.com/2012/06/bklove.jpg?w=300&h=200,image,https://flowersinthebarrelofagun.files.wordpress.com/2012/06/bklove.jpg?w=300&h=200,20230204140954,raw\assets\flowersinthebarrelofagun.files.wordpress.com_2012_06_bklove.jpg_w_300_h_200__0ad44d0191.jpg,ok,11335,
flowersinthebarrelofagun.files.wordpress.com/2012/06/bklove.jpg?w=490&h=326,image,https://flowersinthebarrelofagun.files.wordpress.com/2012/06/bklove.jpg?w=490&h=326,20230204140833,raw\assets\flowersinthebarrelofagun.files.wordpress.com_2012_06_bklove.jpg_w_490_h_326__b80a5d1b80.jpg,ok,22423,
flowersinthebarrelofagun.files.wordpress.com/2012/06/bklove.jpg?w=768&h=512,image,https://flowersinthebarrelofagun.files.wordpress.com/2012/06/bklove.jpg?w=768&h=512,20230204140837,raw\assets\flowersinthebarrelofagun.files.wordpress.com_2012_06_bklove.jpg_w_768_h_512__decb778c42.jpg,ok,41915,
flowersinthebarrelofagun.files.wordpress.com/2012/06/groupies.jpg,image,https://flowersinthebarrelofagun.files.wordpress.com/2012/06/groupies.jpg,20230204140916,raw\assets\flowersinthebarrelofagun.files.wordpress.com_2012_06_groupies.jpg__c2ea17ac9e.jpg,ok,1324231,
flowersinthebarrelofagun.files.wordpress.com/2012/06/groupies.jpg?w=150&h=100,image,https://flowersinthebarrelofagun.files.wordpress.com/2012/06/groupies.jpg?w=150&h=100,20230204141025,raw\assets\flowersinthebarrelofagun.files.wordpress.com_2012_06_groupies.jpg_w_150_h_100__33b5a563ab.jpg,ok,3049,
flowersinthebarrelofagun.files.wordpress.com/2012/06/groupies.jpg?w=300&h=200,image,https://flowersinthebarrelofagun.files.wordpress.com/2012/06/groupies.jpg?w=300&h=200,20230204140929,raw\assets\flowersinthebarrelofagun.files.wordpress.com_2012_06_groupies.jpg_w_300_h_200__9e1164419a.jpg,ok,8742,
flowersinthebarrelofagun.files.wordpress.com/2012/06/groupies.jpg?w=490&h=326,image,https://flowersinthebarrelofagun.files.wordpress.com/2012/06/groupies.jpg?w=490&h=326,20230204140851,raw\assets\flowersinthebarrelofagun.files.wordpress.com_2012_06_groupies.jpg_w_490_h_326__aae77887bc.jpg,ok,19613,
flowersinthebarrelofagun.files.wordpress.com/2012/06/groupies.jpg?w=768&h=512,image,https://flowersinthebarrelofagun.files.wordpress.com/2012/06/groupies.jpg?w=768&h=512,20230204140938,raw\assets\flowersinthebarrelofagun.files.wordpress.com_2012_06_groupies.jpg_w_768_h_512__0266f10958.jpg,ok,40905,
flowersinthebarrelofagun.files.wordpress.com/2012/06/groupies.jpg?w=978&h=652,image,https://flowersinthebarrelofagun.files.wordpress.com/2012/06/groupies.jpg?w=978&h=652,20230204164458,raw\assets\flowersinthebarrelofagun.files.wordpress.com_2012_06_groupies.jpg_w_978_h_652__c4a10b0d4d.jpg,ok,61598,
flowersinthebarrelofagun.files.wordpress.com/2012/06/img_0231.jpg,image,https://flowersinthebarrelofagun.files.wordpress.com/2012/06/img_0231.jpg,20230204140845,raw\assets\flowersinthebarrelofagun.files.wordpress.com_2012_06_img_0231.jpg__c51e5fe036.jpg,ok,6932419,
flowersinthebarrelofagun.files.wordpress.com/2012/06/img_0231.jpg?w=150&h=100,image,https://flowersinthebarrelofagun.files.wordpress.com/2012/06/img_0231.jpg?w=150&h=100,20230204140853,raw\assets\flowersinthebarrelofagun.files.wordpress.com_2012_06_img_0231.jpg_w_150_h_100__5ff86dafd5.jpg,ok,11386,
flowersinthebarrelofagun.files.wordpress.com/2012/06/img_0231.jpg?w=300&h=200,image,https://flowersinthebarrelofagun.files.wordpress.com/2012/06/img_0231.jpg?w=300&h=200,20230204140838,raw\assets\flowersinthebarrelofagun.files.wordpress.com_2012_06_img_0231.jpg_w_300_h_200__c455302af1.jpg,ok,36268,
flowersinthebarrelofagun.files.wordpress.com/2012/06/img_0231.jpg?w=490&h=326,image,https://flowersinthebarrelofagun.files.wordpress.com/2012/06/img_0231.jpg?w=490&h=326,20230204140837,raw\assets\flowersinthebarrelofagun.files.wordpress.com_2012_06_img_0231.jpg_w_490_h_326__99a7316b75.jpg,ok,86325,
flowersinthebarrelofagun.files.wordpress.com/2012/06/img_0231.jpg?w=768&h=512,image,https://flowersinthebarrelofagun.files.wordpress.com/2012/06/img_0231.jpg?w=768&h=512,20230204140844,raw\assets\flowersinthebarrelofagun.files.wordpress.com_2012_06_img_0231.jpg_w_768_h_512__9c45af0109.jpg,ok,193324,
flowersinthebarrelofagun.files.wordpress.com/2012/06/img_0231.jpg?w=978&h=652,image,https://flowersinthebarrelofagun.files.wordpress.com/2012/06/img_0231.jpg?w=978&h=652,20230204140842,raw\assets\flowersinthebarrelofagun.files.wordpress.com_2012_06_img_0231.jpg_w_978_h_652__468b4f4fa6.jpg,ok,303865,
flowersinthebarrelofagun.files.wordpress.com/2012/06/jeffbeam1.jpg,image,https://flowersinthebarrelofagun.files.wordpress.com/2012/06/jeffbeam1.jpg,20230204140939,raw\assets\flowersinthebarrelofagun.files.wordpress.com_2012_06_jeffbeam1.jpg__a3331da8ec.jpg,ok,100273,
flowersinthebarrelofagun.files.wordpress.com/2012/06/jeffbeam1.jpg?w=150&h=100,image,https://flowersinthebarrelofagun.files.wordpress.com/2012/06/jeffbeam1.jpg?w=150&h=100,20230204140845,raw\assets\flowersinthebarrelofagun.files.wordpress.com_2012_06_jeffbeam1.jpg_w_150_h_100__3356049a8d.jpg,ok,5598,
flowersinthebarrelofagun.files.wordpress.com/2012/06/jeffbeam1.jpg?w=300&h=200,image,https://flowersinthebarrelofagun.files.wordpress.com/2012/06/jeffbeam1.jpg?w=300&h=200,20230204140857,raw\assets\flowersinthebarrelofagun.files.wordpress.com_2012_06_jeffbeam1.jpg_w_300_h_200__3c07e7b2dc.jpg,ok,14978,
flowersinthebarrelofagun.files.wordpress.com/2012/06/jeffbeam1.jpg?w=490&h=326,image,https://flowersinthebarrelofagun.files.wordpress.com/2012/06/jeffbeam1.jpg?w=490&h=326,20230204140838,raw\assets\flowersinthebarrelofagun.files.wordpress.com_2012_06_jeffbeam1.jpg_w_490_h_326__4b4b5526ed.jpg,ok,30559,
flowersinthebarrelofagun.files.wordpress.com/2012/06/jeffbeam1.jpg?w=768&h=512,image,https://flowersinthebarrelofagun.files.wordpress.com/2012/06/jeffbeam1.jpg?w=768&h=512,20230204140935,raw\assets\flowersinthebarrelofagun.files.wordpress.com_2012_06_jeffbeam1.jpg_w_768_h_512__fb364837f7.jpg,ok,58255,
flowersinthebarrelofagun.files.wordpress.com/2012/06/jeffbeam2.jpg,image,https://flowersinthebarrelofagun.files.wordpress.com/2012/06/jeffbeam2.jpg,20230204140906,raw\assets\flowersinthebarrelofagun.files.wordpress.com_2012_06_jeffbeam2.jpg__4b0a51feee.jpg,ok,129666,
flowersinthebarrelofagun.files.wordpress.com/2012/06/jeffbeam2.jpg?w=150&h=100,image,https://flowersinthebarrelofagun.files.wordpress.com/2012/06/jeffbeam2.jpg?w=150&h=100,20230204140951,raw\assets\flowersinthebarrelofagun.files.wordpress.com_2012_06_jeffbeam2.jpg_w_150_h_100__8745fd7dcf.jpg,ok,6064,
flowersinthebarrelofagun.files.wordpress.com/2012/06/jeffbeam2.jpg?w=300&h=200,image,https://flowersinthebarrelofagun.files.wordpress.com/2012/06/jeffbeam2.jpg?w=300&h=200,20230204140917,raw\assets\flowersinthebarrelofagun.files.wordpress.com_2012_06_jeffbeam2.jpg_w_300_h_200__944f03807e.jpg,ok,17890,
flowersinthebarrelofagun.files.wordpress.com/2012/06/jeffbeam2.jpg?w=490&h=326,image,https://flowersinthebarrelofagun.files.wordpress.com/2012/06/jeffbeam2.jpg?w=490&h=326,20230204140854,raw\assets\flowersinthebarrelofagun.files.wordpress.com_2012_06_jeffbeam2.jpg_w_490_h_326__e8659a04cb.jpg,ok,38871,
flowersinthebarrelofagun.files.wordpress.com/2012/06/jeffbeam2.jpg?w=768&h=512,image,https://flowersinthebarrelofagun.files.wordpress.com/2012/06/jeffbeam2.jpg?w=768&h=512,20230204140944,raw\assets\flowersinthebarrelofagun.files.wordpress.com_2012_06_jeffbeam2.jpg_w_768_h_512__5b1ed18616.jpg,ok,76714,
flowersinthebarrelofagun.files.wordpress.com/2012/06/jeffbeam3.jpg,image,https://flowersinthebarrelofagun.files.wordpress.com/2012/06/jeffbeam3.jpg,20230204140838,raw\assets\flowersinthebarrelofagun.files.wordpress.com_2012_06_jeffbeam3.jpg__0a92672296.jpg,ok,70342,
flowersinthebarrelofagun.files.wordpress.com/2012/06/jeffbeam3.jpg?w=150&h=100,image,https://flowersinthebarrelofagun.files.wordpress.com/2012/06/jeffbeam3.jpg?w=150&h=100,20230204140900,raw\assets\flowersinthebarrelofagun.files.wordpress.com_2012_06_jeffbeam3.jpg_w_150_h_100__071d970b62.jpg,ok,3981,
flowersinthebarrelofagun.files.wordpress.com/2012/06/jeffbeam3.jpg?w=300&h=200,image,https://flowersinthebarrelofagun.files.wordpress.com/2012/06/jeffbeam3.jpg?w=300&h=200,20230204140910,raw\assets\flowersinthebarrelofagun.files.wordpress.com_2012_06_jeffbeam3.jpg_w_300_h_200__aaa8086227.jpg,ok,10173,
flowersinthebarrelofagun.files.wordpress.com/2012/06/jeffbeam3.jpg?w=490&h=326,image,https://flowersinthebarrelofagun.files.wordpress.com/2012/06/jeffbeam3.jpg?w=490&h=326,20230204140954,raw\assets\flowersinthebarrelofagun.files.wordpress.com_2012_06_jeffbeam3.jpg_w_490_h_326__86e4c6cdc1.jpg,ok,20341,
flowersinthebarrelofagun.files.wordpress.com/2012/06/jeffbeam3.jpg?w=768&h=512,image,https://flowersinthebarrelofagun.files.wordpress.com/2012/06/jeffbeam3.jpg?w=768&h=512,20230204140902,raw\assets\flowersinthebarrelofagun.files.wordpress.com_2012_06_jeffbeam3.jpg_w_768_h_512__3dd2522964.jpg,ok,37687,
flowersinthebarrelofagun.files.wordpress.com/2012/06/untitled.jpg,image,https://flowersinthebarrelofagun.files.wordpress.com/2012/06/untitled.jpg,20230204140837,raw\assets\flowersinthebarrelofagun.files.wordpress.com_2012_06_untitled.jpg__9e09515a32.jpg,ok,267266,
flowersinthebarrelofagun.files.wordpress.com/2012/06/untitled.jpg?w=150&h=84,image,https://flowersinthebarrelofagun.files.wordpress.com/2012/06/untitled.jpg?w=150&h=84,20230204160728,raw\assets\flowersinthebarrelofagun.files.wordpress.com_2012_06_untitled.jpg_w_150_h_84__8a2b664b38.jpg,ok,6314,
flowersinthebarrelofagun.files.wordpress.com/2012/06/untitled.jpg?w=300&h=169,image,https://flowersinthebarrelofagun.files.wordpress.com/2012/06/untitled.jpg?w=300&h=169,20230204140955,raw\assets\flowersinthebarrelofagun.files.wordpress.com_2012_06_untitled.jpg_w_300_h_169__c5a0138d02.jpg,ok,18472,
flowersinthebarrelofagun.files.wordpress.com/2012/06/untitled.jpg?w=490&h=275,image,https://flowersinthebarrelofagun.files.wordpress.com/2012/06/untitled.jpg?w=490&h=275,20230204140907,raw\assets\flowersinthebarrelofagun.files.wordpress.com_2012_06_untitled.jpg_w_490_h_275__ee1fc1d2aa.jpg,ok,42230,
flowersinthebarrelofagun.files.wordpress.com/2012/06/untitled.jpg?w=768&h=432,image,https://flowersinthebarrelofagun.files.wordpress.com/2012/06/untitled.jpg?w=768&h=432,20230204140858,raw\assets\flowersinthebarrelofagun.files.wordpress.com_2012_06_untitled.jpg_w_768_h_432__21b07f45a0.jpg,ok,88117,
flowersinthebarrelofagun.files.wordpress.com/2012/06/untitled.jpg?w=978&h=550,image,https://flowersinthebarrelofagun.files.wordpress.com/2012/06/untitled.jpg?w=978&h=550,20230204140944,raw\assets\flowersinthebarrelofagun.files.wordpress.com_2012_06_untitled.jpg_w_978_h_550__4fa5cfd128.jpg,ok,129525,
flowersinthebarrelofagun.files.wordpress.com/2012/06/untitled2.jpg,image,https://flowersinthebarrelofagun.files.wordpress.com/2012/06/untitled2.jpg,20230204172858,raw\assets\flowersinthebarrelofagun.files.wordpress.com_2012_06_untitled2.jpg__32dad7e778.jpg,ok,261647,
flowersinthebarrelofagun.files.wordpress.com/2012/06/untitled2.jpg?w=150&h=84,image,https://flowersinthebarrelofagun.files.wordpress.com/2012/06/untitled2.jpg?w=150&h=84,20230204140946,raw\assets\flowersinthebarrelofagun.files.wordpress.com_2012_06_untitled2.jpg_w_150_h_84__0d05f19952.jpg,ok,6151,
flowersinthebarrelofagun.files.wordpress.com/2012/06/untitled2.jpg?w=300&h=169,image,https://flowersinthebarrelofagun.files.wordpress.com/2012/06/untitled2.jpg?w=300&h=169,20230204140840,raw\assets\flowersinthebarrelofagun.files.wordpress.com_2012_06_untitled2.jpg_w_300_h_169__883973b5b0.jpg,ok,17882,
flowersinthebarrelofagun.files.wordpress.com/2012/06/untitled2.jpg?w=490&h=275,image,https://flowersinthebarrelofagun.files.wordpress.com/2012/06/untitled2.jpg?w=490&h=275,20230204140904,raw\assets\flowersinthebarrelofagun.files.wordpress.com_2012_06_untitled2.jpg_w_490_h_275__51d9c4b232.jpg,ok,40995,
flowersinthebarrelofagun.files.wordpress.com/2012/06/untitled2.jpg?w=768&h=432,image,https://flowersinthebarrelofagun.files.wordpress.com/2012/06/untitled2.jpg?w=768&h=432,20230204140844,raw\assets\flowersinthebarrelofagun.files.wordpress.com_2012_06_untitled2.jpg_w_768_h_432__4c94e7c5fc.jpg,ok,85947,
flowersinthebarrelofagun.files.wordpress.com/2012/06/untitled2.jpg?w=978&h=550,image,https://flowersinthebarrelofagun.files.wordpress.com/2012/06/untitled2.jpg?w=978&h=550,20230204140902,raw\assets\flowersinthebarrelofagun.files.wordpress.com_2012_06_untitled2.jpg_w_978_h_550__7b0804764b.jpg,ok,126465,
flowersinthebarrelofagun.files.wordpress.com/2012/06/untitled3.jpg,image,https://flowersinthebarrelofagun.files.wordpress.com/2012/06/untitled3.jpg,20230204140845,raw\assets\flowersinthebarrelofagun.files.wordpress.com_2012_06_untitled3.jpg__ed024a4de6.jpg,ok,230155,
flowersinthebarrelofagun.files.wordpress.com/2012/06/untitled3.jpg?w=150&h=84,image,https://flowersinthebarrelofagun.files.wordpress.com/2012/06/untitled3.jpg?w=150&h=84,20230204141001,raw\assets\flowersinthebarrelofagun.files.wordpress.com_2012_06_untitled3.jpg_w_150_h_84__260bf98e90.jpg,ok,6686,
flowersinthebarrelofagun.files.wordpress.com/2012/06/untitled3.jpg?w=300&h=169,image,https://flowersinthebarrelofagun.files.wordpress.com/2012/06/untitled3.jpg?w=300&h=169,20230204140832,raw\assets\flowersinthebarrelofagun.files.wordpress.com_2012_06_untitled3.jpg_w_300_h_169__c773aeb536.jpg,ok,19221,
flowersinthebarrelofagun.files.wordpress.com/2012/06/untitled3.jpg?w=490&h=275,image,https://flowersinthebarrelofagun.files.wordpress.com/2012/06/untitled3.jpg?w=490&h=275,20230204140832,raw\assets\flowersinthebarrelofagun.files.wordpress.com_2012_06_untitled3.jpg_w_490_h_275__926389a1f3.jpg,ok,41077,
flowersinthebarrelofagun.files.wordpress.com/2012/06/untitled3.jpg?w=768&h=432,image,https://flowersinthebarrelofagun.files.wordpress.com/2012/06/untitled3.jpg?w=768&h=432,20230204140832,raw\assets\flowersinthebarrelofagun.files.wordpress.com_2012_06_untitled3.jpg_w_768_h_432__8a32f11050.jpg,ok,81127,
flowersinthebarrelofagun.files.wordpress.com/2012/06/untitled3.jpg?w=978&h=550,image,https://flowersinthebarrelofagun.files.wordpress.com/2012/06/untitled3.jpg?w=978&h=550,20230204140851,raw\assets\flowersinthebarrelofagun.files.wordpress.com_2012_06_untitled3.jpg_w_978_h_550__a68f4d49b1.jpg,ok,114931,
flowersinthebarrelofagun.files.wordpress.com/2012/06/untitled4.jpg,image,https://flowersinthebarrelofagun.files.wordpress.com/2012/06/untitled4.jpg,20230204140946,raw\assets\flowersinthebarrelofagun.files.wordpress.com_2012_06_untitled4.jpg__30d4d1e7f5.jpg,ok,253773,
flowersinthebarrelofagun.files.wordpress.com/2012/06/untitled4.jpg?w=150&h=84,image,https://flowersinthebarrelofagun.files.wordpress.com/2012/06/untitled4.jpg?w=150&h=84,20230204140844,raw\assets\flowersinthebarrelofagun.files.wordpress.com_2012_06_untitled4.jpg_w_150_h_84__35176f1b1f.jpg,ok,6930,
flowersinthebarrelofagun.files.wordpress.com/2012/06/untitled4.jpg?w=300&h=169,image,https://flowersinthebarrelofagun.files.wordpress.com/2012/06/untitled4.jpg?w=300&h=169,20230204140954,raw\assets\flowersinthebarrelofagun.files.wordpress.com_2012_06_untitled4.jpg_w_300_h_169__bd4879a539.jpg,ok,20206,
flowersinthebarrelofagun.files.wordpress.com/2012/06/untitled4.jpg?w=490&h=275,image,https://flowersinthebarrelofagun.files.wordpress.com/2012/06/untitled4.jpg?w=490&h=275,20230204140958,raw\assets\flowersinthebarrelofagun.files.wordpress.com_2012_06_untitled4.jpg_w_490_h_275__aec70f9cbd.jpg,ok,44447,
flowersinthebarrelofagun.files.wordpress.com/2012/06/untitled4.jpg?w=768&h=432,image,https://flowersinthebarrelofagun.files.wordpress.com/2012/06/untitled4.jpg?w=768&h=432,20230204140912,raw\assets\flowersinthebarrelofagun.files.wordpress.com_2012_06_untitled4.jpg_w_768_h_432__61c593794c.jpg,ok,88419,
flowersinthebarrelofagun.files.wordpress.com/2012/06/untitled4.jpg?w=978&h=550,image,https://flowersinthebarrelofagun.files.wordpress.com/2012/06/untitled4.jpg?w=978&h=550,,,failed:http_404,0,
flowersinthebarrelofagun.files.wordpress.com/2012/06/untitled51.jpg,image,https://flowersinthebarrelofagun.files.wordpress.com/2012/06/untitled51.jpg,20230204140917,raw\assets\flowersinthebarrelofagun.files.wordpress.com_2012_06_untitled51.jpg__1467e05e80.jpg,ok,210433,
flowersinthebarrelofagun.files.wordpress.com/2012/06/untitled51.jpg?w=150&h=84,image,https://flowersinthebarrelofagun.files.wordpress.com/2012/06/untitled51.jpg?w=150&h=84,20230204164202,raw\assets\flowersinthebarrelofagun.files.wordpress.com_2012_06_untitled51.jpg_w_150_h_84__4a64f6d10a.jpg,ok,6561,
flowersinthebarrelofagun.files.wordpress.com/2012/06/untitled51.jpg?w=300&h=169,image,https://flowersinthebarrelofagun.files.wordpress.com/2012/06/untitled51.jpg?w=300&h=169,20230204140903,raw\assets\flowersinthebarrelofagun.files.wordpress.com_2012_06_untitled51.jpg_w_300_h_169__b5c37908e7.jpg,ok,18795,
flowersinthebarrelofagun.files.wordpress.com/2012/06/untitled51.jpg?w=490&h=275,image,https://flowersinthebarrelofagun.files.wordpress.com/2012/06/untitled51.jpg?w=490&h=275,20230204140835,raw\assets\flowersinthebarrelofagun.files.wordpress.com_2012_06_untitled51.jpg_w_490_h_275__28ed9ba506.jpg,ok,41561,
flowersinthebarrelofagun.files.wordpress.com/2012/06/untitled51.jpg?w=768&h=432,image,https://flowersinthebarrelofagun.files.wordpress.com/2012/06/untitled51.jpg?w=768&h=432,20230204140919,raw\assets\flowersinthebarrelofagun.files.wordpress.com_2012_06_untitled51.jpg_w_768_h_432__fd61b31f63.jpg,ok,83671,
flowersinthebarrelofagun.files.wordpress.com/2012/06/untitled51.jpg?w=978&h=550,image,https://flowersinthebarrelofagun.files.wordpress.com/2012/06/untitled51.jpg?w=978&h=550,20230204140906,raw\assets\flowersinthebarrelofagun.files.wordpress.com_2012_06_untitled51.jpg_w_978_h_550__0df0d989e2.jpg,ok,119256,
flowersinthebarrelofagun.files.wordpress.com/2012/06/wintersleep1.jpg,image,https://flowersinthebarrelofagun.files.wordpress.com/2012/06/wintersleep1.jpg,20230204140902,raw\assets\flowersinthebarrelofagun.files.wordpress.com_2012_06_wintersleep1.jpg__078ea2be0c.jpg,ok,55172,
flowersinthebarrelofagun.files.wordpress.com/2012/06/wintersleep1.jpg?w=150&h=84,image,https://flowersinthebarrelofagun.files.wordpress.com/2012/06/wintersleep1.jpg?w=150&h=84,20230204140908,raw\assets\flowersinthebarrelofagun.files.wordpress.com_2012_06_wintersleep1.jpg_w_150_h_84__602db0b756.jpg,ok,3099,
flowersinthebarrelofagun.files.wordpress.com/2012/06/wintersleep1.jpg?w=300&h=168,image,https://flowersinthebarrelofagun.files.wordpress.com/2012/06/wintersleep1.jpg?w=300&h=168,20230204140834,raw\assets\flowersinthebarrelofagun.files.wordpress.com_2012_06_wintersleep1.jpg_w_300_h_168__fcf2faba44.jpg,ok,7665,
flowersinthebarrelofagun.files.wordpress.com/2012/06/wintersleep1.jpg?w=490&h=275,image,https://flowersinthebarrelofagun.files.wordpress.com/2012/06/wintersleep1.jpg?w=490&h=275,20230204140856,raw\assets\flowersinthebarrelofagun.files.wordpress.com_2012_06_wintersleep1.jpg_w_490_h_275__f03a4f7419.jpg,ok,15232,
flowersinthebarrelofagun.files.wordpress.com/2012/06/wintersleep1.jpg?w=768&h=431,image,https://flowersinthebarrelofagun.files.wordpress.com/2012/06/wintersleep1.jpg?w=768&h=431,20230204140840,raw\assets\flowersinthebarrelofagun.files.wordpress.com_2012_06_wintersleep1.jpg_w_768_h_431__30f2b8eb97.jpg,ok,28444,
flowersinthebarrelofagun.files.wordpress.com/2012/06/wintersleep2.jpg,image,https://flowersinthebarrelofagun.files.wordpress.com/2012/06/wintersleep2.jpg,20230204140840,raw\assets\flowersinthebarrelofagun.files.wordpress.com_2012_06_wintersleep2.jpg__9c6d6c8de9.jpg,ok,69894,
flowersinthebarrelofagun.files.wordpress.com/2012/06/wintersleep2.jpg?w=150&h=100,image,https://flowersinthebarrelofagun.files.wordpress.com/2012/06/wintersleep2.jpg?w=150&h=100,20230204140849,raw\assets\flowersinthebarrelofagun.files.wordpress.com_2012_06_wintersleep2.jpg_w_150_h_100__9f4eb7bb03.jpg,ok,4245,
flowersinthebarrelofagun.files.wordpress.com/2012/06/wintersleep2.jpg?w=300&h=200,image,https://flowersinthebarrelofagun.files.wordpress.com/2012/06/wintersleep2.jpg?w=300&h=200,20230204140840,raw\assets\flowersinthebarrelofagun.files.wordpress.com_2012_06_wintersleep2.jpg_w_300_h_200__c94eb599d3.jpg,ok,10322,
flowersinthebarrelofagun.files.wordpress.com/2012/06/wintersleep2.jpg?w=490&h=326,image,https://flowersinthebarrelofagun.files.wordpress.com/2012/06/wintersleep2.jpg?w=490&h=326,20230204154702,raw\assets\flowersinthebarrelofagun.files.wordpress.com_2012_06_wintersleep2.jpg_w_490_h_326__06a68ab88f.jpg,ok,20302,
flowersinthebarrelofagun.files.wordpress.com/2012/06/wintersleep2.jpg?w=768&h=512,image,https://flowersinthebarrelofagun.files.wordpress.com/2012/06/wintersleep2.jpg?w=768&h=512,20230204140932,raw\assets\flowersinthebarrelofagun.files.wordpress.com_2012_06_wintersleep2.jpg_w_768_h_512__3a259ea549.jpg,ok,37217,
flowersinthebarrelofagun.files.wordpress.com/2012/06/wintersleep3.jpg,image,https://flowersinthebarrelofagun.files.wordpress.com/2012/06/wintersleep3.jpg,20230204140905,raw\assets\flowersinthebarrelofagun.files.wordpress.com_2012_06_wintersleep3.jpg__3feb322a42.jpg,ok,49923,
flowersinthebarrelofagun.files.wordpress.com/2012/06/wintersleep3.jpg?w=150&h=100,image,https://flowersinthebarrelofagun.files.wordpress.com/2012/06/wintersleep3.jpg?w=150&h=100,20230204140855,raw\assets\flowersinthebarrelofagun.files.wordpress.com_2012_06_wintersleep3.jpg_w_150_h_100__32546cf001.jpg,ok,2988,
flowersinthebarrelofagun.files.wordpress.com/2012/06/wintersleep3.jpg?w=300&h=200,image,https://flowersinthebarrelofagun.files.wordpress.com/2012/06/wintersleep3.jpg?w=300&h=200,20230204140855,raw\assets\flowersinthebarrelofagun.files.wordpress.com_2012_06_wintersleep3.jpg_w_300_h_200__598dd257ba.jpg,ok,6832,
flowersinthebarrelofagun.files.wordpress.com/2012/06/wintersleep3.jpg?w=490&h=326,image,https://flowersinthebarrelofagun.files.wordpress.com/2012/06/wintersleep3.jpg?w=490&h=326,20230204140859,raw\assets\flowersinthebarrelofagun.files.wordpress.com_2012_06_wintersleep3.jpg_w_490_h_326__dfaca10fc9.jpg,ok,13145,
flowersinthebarrelofagun.files.wordpress.com/2012/06/wintersleep3.jpg?w=768&h=512,image,https://flowersinthebarrelofagun.files.wordpress.com/2012/06/wintersleep3.jpg?w=768&h=512,20230204140837,raw\assets\flowersinthebarrelofagun.files.wordpress.com_2012_06_wintersleep3.jpg_w_768_h_512__44e9aff816.jpg,ok,23616,
webmail.flowersinagun.com/cPanel_magic_revision_1536951675/unprotected/cpanel/images/webmail-logo.svg,image,http://webmail.flowersinagun.com/cPanel_magic_revision_1536951675/unprotected/cpanel/images/webmail-logo.svg,,,failed:http_404,0,
webmail.flowersinagun.com/cPanel_magic_revision_1660251973/unprotected/cpanel/images/webmail-logo.svg,image,http://webmail.flowersinagun.com/cPanel_magic_revision_1660251973/unprotected/cpanel/images/webmail-logo.svg,20231225164202,raw\assets\webmail.flowersinagun.com_cPanel_magic_revision_1660251973_unprotected_cpanel_images_webmail-logo.svg__6a36622870.svg,ok,5360,
flowersinthebarrelofagun.files.wordpress.com/2012/02/20080912053830-lydia-lunch-queen-of-siam.jpg,image,http://flowersinthebarrelofagun.files.wordpress.com/2012/02/20080912053830-lydia-lunch-queen-of-siam.jpg,,,failed:http_404,0,
flowersinthebarrelofagun.files.wordpress.com/2012/02/425588_10151264095660346_405922250345_22348965_1111355078_n.jpg,image,http://flowersinthebarrelofagun.files.wordpress.com/2012/02/425588_10151264095660346_405922250345_22348965_1111355078_n.jpg,,,failed:http_404,0,
flowersinthebarrelofagun.files.wordpress.com/2012/02/lidyalunch_2.jpg,image,http://flowersinthebarrelofagun.files.wordpress.com/2012/02/lidyalunch_2.jpg,,,failed:http_404,0,
flowersinthebarrelofagun.files.wordpress.com/2012/02/siam1.jpg,image,http://flowersinthebarrelofagun.files.wordpress.com/2012/02/siam1.jpg,,,failed:http_404,0,
flowersinthebarrelofagun.files.wordpress.com/2012/04/10.png,image,http://flowersinthebarrelofagun.files.wordpress.com/2012/04/10.png,,,failed:http_404,0,
flowersinthebarrelofagun.files.wordpress.com/2012/04/11.png,image,http://flowersinthebarrelofagun.files.wordpress.com/2012/04/11.png,,,failed:http_404,0,
flowersinthebarrelofagun.files.wordpress.com/2012/04/2012-04-10-21-54-21.jpg,image,http://flowersinthebarrelofagun.files.wordpress.com/2012/04/2012-04-10-21-54-21.jpg,,,failed:http_404,0,
flowersinthebarrelofagun.files.wordpress.com/2012/04/2012-04-10-22-41-44.jpg,image,http://flowersinthebarrelofagun.files.wordpress.com/2012/04/2012-04-10-22-41-44.jpg,,,failed:http_404,0,
flowersinthebarrelofagun.files.wordpress.com/2012/04/beg.png,image,http://flowersinthebarrelofagun.files.wordpress.com/2012/04/beg.png,,,failed:http_404,0,
flowersinthebarrelofagun.files.wordpress.com/2012/04/f.png,image,http://flowersinthebarrelofagun.files.wordpress.com/2012/04/f.png,,,failed:http_404,0,
flowersinthebarrelofagun.files.wordpress.com/2012/04/untitled.png,image,http://flowersinthebarrelofagun.files.wordpress.com/2012/04/untitled.png,,,failed:http_404,0,
flowersinthebarrelofagun.files.wordpress.com/2012/05/d0bcd0b5.jpg,image,http://flowersinthebarrelofagun.files.wordpress.com/2012/05/d0bcd0b5.jpg,,,failed:http_404,0,
flowersinthebarrelofagun.files.wordpress.com/2012/05/nokia-c3-00.jpg,image,http://flowersinthebarrelofagun.files.wordpress.com/2012/05/nokia-c3-00.jpg,,,failed:http_404,0,
flowersinagun.com/wp-content/uploads/2013/09/304261_249600488506765_1150531986_n.jpg,image,http://www.flowersinagun.com/wp-content/uploads/2013/09/304261_249600488506765_1150531986_n.jpg,,,failed:http_404,0,
flowersinagun.com/wp-content/uploads/2013/10/1.jpg,image,http://www.flowersinagun.com/wp-content/uploads/2013/10/1.jpg,,,failed:http_404,0,
flowersinagun.com/wp-content/uploads/2013/10/10.jpg,image,http://www.flowersinagun.com/wp-content/uploads/2013/10/10.jpg,,,failed:http_404,0,
flowersinagun.com/wp-content/uploads/2013/10/182949765.jpg,image,http://www.flowersinagun.com/wp-content/uploads/2013/10/182949765.jpg,,,failed:http_404,0,
flowersinagun.com/wp-content/uploads/2013/10/182949859.jpg,image,http://www.flowersinagun.com/wp-content/uploads/2013/10/182949859.jpg,,,failed:http_404,0,
flowersinagun.com/wp-content/uploads/2013/10/3.jpg,image,http://www.flowersinagun.com/wp-content/uploads/2013/10/3.jpg,,,failed:http_404,0,
flowersinagun.com/wp-content/uploads/2013/10/4.jpg,image,http://www.flowersinagun.com/wp-content/uploads/2013/10/4.jpg,,,failed:http_404,0,
flowersinagun.com/wp-content/uploads/2013/10/6.jpg,image,http://www.flowersinagun.com/wp-content/uploads/2013/10/6.jpg,,,failed:http_404,0,
flowersinagun.com/wp-content/uploads/2013/10/7.jpg,image,http://www.flowersinagun.com/wp-content/uploads/2013/10/7.jpg,,,failed:http_404,0,
flowersinagun.com/wp-content/uploads/2013/10/8.jpg,image,http://www.flowersinagun.com/wp-content/uploads/2013/10/8.jpg,,,failed:http_404,0,
flowersinagun.com/wp-content/uploads/2013/10/9.jpg,image,http://www.flowersinagun.com/wp-content/uploads/2013/10/9.jpg,,,failed:http_404,0,
flowersinagun.com/wp-content/uploads/2013/10/970312_10200925247760766_132896392_n.jpg,image,http://www.flowersinagun.com/wp-content/uploads/2013/10/970312_10200925247760766_132896392_n.jpg,,,failed:http_404,0,
flowersinagun.com/wp-content/uploads/2013/10/Alzheimers_Association_New_York_Rita_Hayworth-Gala-05.jpg,image,http://www.flowersinagun.com/wp-content/uploads/2013/10/Alzheimers_Association_New_York_Rita_Hayworth-Gala-05.jpg,,,failed:http_404,0,
flowersinagun.com/wp-content/uploads/2013/10/Alzheimers_Association_New_York_Rita_Hayworth-Gala-08.jpg,image,http://www.flowersinagun.com/wp-content/uploads/2013/10/Alzheimers_Association_New_York_Rita_Hayworth-Gala-08.jpg,,,failed:http_404,0,
flowersinagun.com/wp-content/uploads/2013/10/Alzheimers_Association_New_York_Rita_Hayworth-Gala-09.jpg,image,http://www.flowersinagun.com/wp-content/uploads/2013/10/Alzheimers_Association_New_York_Rita_Hayworth-Gala-09.jpg,,,failed:http_404,0,
flowersinagun.com/wp-content/uploads/2013/10/Alzheimers_Association_New_York_Rita_Hayworth-Gala-10.jpg,image,http://www.flowersinagun.com/wp-content/uploads/2013/10/Alzheimers_Association_New_York_Rita_Hayworth-Gala-10.jpg,,,failed:http_404,0,
flowersinagun.com/wp-content/uploads/2013/10/Alzheimers_Association_New_York_Rita_Hayworth-Gala-11.jpg,image,http://www.flowersinagun.com/wp-content/uploads/2013/10/Alzheimers_Association_New_York_Rita_Hayworth-Gala-11.jpg,,,failed:http_404,0,
flowersinagun.com/wp-content/uploads/2013/10/Alzheimers_Association_New_York_Rita_Hayworth-Gala-13.jpg,image,http://www.flowersinagun.com/wp-content/uploads/2013/10/Alzheimers_Association_New_York_Rita_Hayworth-Gala-13.jpg,,,failed:http_404,0,
flowersinagun.com/wp-content/uploads/2013/10/Alzheimers_Association_New_York_Rita_Hayworth-Gala-14.jpg,image,http://www.flowersinagun.com/wp-content/uploads/2013/10/Alzheimers_Association_New_York_Rita_Hayworth-Gala-14.jpg,,,failed:http_404,0,
flowersinagun.com/wp-content/uploads/2013/10/Alzheimers_Association_New_York_Rita_Hayworth-Gala-141.jpg,image,http://www.flowersinagun.com/wp-content/uploads/2013/10/Alzheimers_Association_New_York_Rita_Hayworth-Gala-141.jpg,,,failed:http_404,0,
flowersinagun.com/wp-content/uploads/2013/10/Britney-Spears-Work-B-tch-04.jpg,image,http://www.flowersinagun.com/wp-content/uploads/2013/10/Britney-Spears-Work-B-tch-04.jpg,2016,raw\assets\flowersinagun.com_wp-content_uploads_2013_10_Britney-Spears-Work-B-tch-04.jpg__d0a1f97679.jpg,ok,4791,
flowersinagun.com/wp-content/uploads/2013/10/Franz_Ferdinand_HammersteinHall_New_York-04.jpg,image,http://www.flowersinagun.com/wp-content/uploads/2013/10/Franz_Ferdinand_HammersteinHall_New_York-04.jpg,,,failed:http_404,0,
flowersinagun.com/wp-content/uploads/2013/10/Franz_Ferdinand_HammersteinHall_New_York-09.jpg,image,http://www.flowersinagun.com/wp-content/uploads/2013/10/Franz_Ferdinand_HammersteinHall_New_York-09.jpg,,,failed:http_404,0,
flowersinagun.com/wp-content/uploads/2013/10/Franz_Ferdinand_HammersteinHall_New_York-13.jpg,image,http://www.flowersinagun.com/wp-content/uploads/2013/10/Franz_Ferdinand_HammersteinHall_New_York-13.jpg,,,failed:http_404,0,
flowersinagun.com/wp-content/uploads/2013/10/maxresdefault-1024x576.jpg,image,http://www.flowersinagun.com/wp-content/uploads/2013/10/maxresdefault-1024x576.jpg,,,failed:http_404,0,
flowersinagun.com/wp-content/uploads/2013/10/viewer-791x1024.png,image,http://www.flowersinagun.com/wp-content/uploads/2013/10/viewer-791x1024.png,,,failed:http_404,0,
flowersinagun.com/wp-content/uploads/2013/11/Midler-Hulaween-Gala-0004-682x1024.jpg,image,http://www.flowersinagun.com/wp-content/uploads/2013/11/Midler-Hulaween-Gala-0004-682x1024.jpg,,,failed:http_404,0,
flowersinagun.com/wp-content/uploads/2013/11/Midler-Hulaween-Gala-0058-682x1024.jpg,image,http://www.flowersinagun.com/wp-content/uploads/2013/11/Midler-Hulaween-Gala-0058-682x1024.jpg,,,failed:http_404,0,
flowersinagun.com/wp-content/uploads/2013/11/Midler-Hulaween-Gala-0123.jpg,image,http://www.flowersinagun.com/wp-content/uploads/2013/11/Midler-Hulaween-Gala-0123.jpg,,,failed:http_404,0,
flowersinagun.com/wp-content/uploads/2013/11/Midler-Hulaween-Gala-0154-682x1024.jpg,image,http://www.flowersinagun.com/wp-content/uploads/2013/11/Midler-Hulaween-Gala-0154-682x1024.jpg,,,failed:http_404,0,
flowersinagun.com/wp-content/uploads/2013/11/Midler-Hulaween-Gala-0202-682x1024.jpg,image,http://www.flowersinagun.com/wp-content/uploads/2013/11/Midler-Hulaween-Gala-0202-682x1024.jpg,,,failed:http_404,0,
flowersinagun.com/wp-content/uploads/2013/11/Midler-Hulaween-Gala-0395-682x1024.jpg,image,http://www.flowersinagun.com/wp-content/uploads/2013/11/Midler-Hulaween-Gala-0395-682x1024.jpg,,,failed:http_404,0,
flowersinagun.com/wp-content/uploads/2013/11/khromozomes+ruvane+schwartz++kristin+mainh.jpg,image,http://www.flowersinagun.com/wp-content/uploads/2013/11/khromozomes+ruvane+schwartz++kristin+mainh.jpg,,,failed:http_404,0,
flowersinagun.com/wp-content/uploads/2014/01/Braxton-e1390535046878-707x1024.jpg,image,http://www.flowersinagun.com/wp-content/uploads/2014/01/Braxton-e1390535046878-707x1024.jpg,,,failed:http_404,0,
flowersinagun.com/wp-content/uploads/2014/01/CS1-668x1024.jpg,image,http://www.flowersinagun.com/wp-content/uploads/2014/01/CS1-668x1024.jpg,,,failed:http_404,0,
flowersinagun.com/wp-content/uploads/2014/01/CS3.jpg,image,http://www.flowersinagun.com/wp-content/uploads/2014/01/CS3.jpg,,,failed:http_404,0,
flowersinagun.com/wp-content/uploads/2014/01/CStrumpet.jpg,image,http://www.flowersinagun.com/wp-content/uploads/2014/01/CStrumpet.jpg,,,failed:http_404,0,
flowersinagun.com/wp-content/uploads/2014/01/IMG_1336-1024x682.jpg,image,http://www.flowersinagun.com/wp-content/uploads/2014/01/IMG_1336-1024x682.jpg,,,failed:http_404,0,
flowersinagun.com/wp-content/uploads/2014/01/bandofthweek.jpg,image,http://www.flowersinagun.com/wp-content/uploads/2014/01/bandofthweek.jpg,,,failed:http_404,0,
flowersinagun.com/wp-content/uploads/2014/01/bassplayer-682x1024.jpg,image,http://www.flowersinagun.com/wp-content/uploads/2014/01/bassplayer-682x1024.jpg,,,failed:http_404,0,
flowersinagun.com/wp-content/uploads/2014/01/isadora-682x1024.jpg,image,http://www.flowersinagun.com/wp-content/uploads/2014/01/isadora-682x1024.jpg,,,failed:http_404,0,
flowersinagun.com/wp-content/uploads/2014/01/traffic.jpg,image,http://www.flowersinagun.com/wp-content/uploads/2014/01/traffic.jpg,,,failed:http_404,0,
flowersinagun.com/wp-content/uploads/2014/02/391829_10150418687732647_1473247562_n.jpg,image,http://www.flowersinagun.com/wp-content/uploads/2014/02/391829_10150418687732647_1473247562_n.jpg,,,failed:http_404,0,
flowersinagun.com/wp-content/uploads/2014/02/IMG_2282.jpg,image,http://www.flowersinagun.com/wp-content/uploads/2014/02/IMG_2282.jpg,,,failed:http_404,0,
flowersinagun.com/wp-content/uploads/2014/02/IMG_2286.jpg,image,http://www.flowersinagun.com/wp-content/uploads/2014/02/IMG_2286.jpg,,,failed:http_404,0,
flowersinagun.com/wp-content/uploads/2014/02/IMG_2292.jpg,image,http://www.flowersinagun.com/wp-content/uploads/2014/02/IMG_2292.jpg,,,failed:http_404,0,
flowersinagun.com/wp-content/uploads/2014/02/IMG_2299.jpg,image,http://www.flowersinagun.com/wp-content/uploads/2014/02/IMG_2299.jpg,,,failed:http_404,0,
flowersinagun.com/wp-content/uploads/2014/02/IMG_2300.jpg,image,http://www.flowersinagun.com/wp-content/uploads/2014/02/IMG_2300.jpg,,,failed:http_404,0,
flowersinagun.com/wp-content/uploads/2014/02/IMG_2304.jpg,image,http://www.flowersinagun.com/wp-content/uploads/2014/02/IMG_2304.jpg,,,failed:http_404,0,
flowersinagun.com/wp-content/uploads/2014/02/IMG_2306.jpg,image,http://www.flowersinagun.com/wp-content/uploads/2014/02/IMG_2306.jpg,,,failed:http_404,0,
flowersinagun.com/wp-content/uploads/2014/02/IMG_2308.jpg,image,http://www.flowersinagun.com/wp-content/uploads/2014/02/IMG_2308.jpg,,,failed:http_404,0,
flowersinagun.com/wp-content/uploads/2014/02/IMG_2313.jpg,image,http://www.flowersinagun.com/wp-content/uploads/2014/02/IMG_2313.jpg,,,failed:http_404,0,
flowersinagun.com/wp-content/uploads/2014/02/IMG_2316.jpg,image,http://www.flowersinagun.com/wp-content/uploads/2014/02/IMG_2316.jpg,,,failed:http_404,0,
flowersinagun.com/wp-content/uploads/2014/02/IMG_2317.jpg,image,http://www.flowersinagun.com/wp-content/uploads/2014/02/IMG_2317.jpg,,,failed:http_404,0,
flowersinagun.com/wp-content/uploads/2014/02/IMG_2324.jpg,image,http://www.flowersinagun.com/wp-content/uploads/2014/02/IMG_2324.jpg,,,failed:http_404,0,
flowersinagun.com/wp-content/uploads/2014/02/IMG_2334.jpg,image,http://www.flowersinagun.com/wp-content/uploads/2014/02/IMG_2334.jpg,,,failed:http_404,0,
flowersinagun.com/wp-content/uploads/2014/02/IMG_2344.jpg,image,http://www.flowersinagun.com/wp-content/uploads/2014/02/IMG_2344.jpg,,,failed:http_404,0,
flowersinagun.com/wp-content/uploads/2014/02/anna1.jpg,image,http://www.flowersinagun.com/wp-content/uploads/2014/02/anna1.jpg,,,failed:http_404,0,
flowersinagun.com/wp-content/uploads/2014/02/anna2.jpg,image,http://www.flowersinagun.com/wp-content/uploads/2014/02/anna2.jpg,,,failed:http_404,0,
flowersinagun.com/wp-content/uploads/2014/02/anna3.jpg,image,http://www.flowersinagun.com/wp-content/uploads/2014/02/anna3.jpg,,,failed:http_404,0,
flowersinagun.com/wp-content/uploads/2014/02/anna4.jpg,image,http://www.flowersinagun.com/wp-content/uploads/2014/02/anna4.jpg,,,failed:http_404,0,
flowersinagun.com/wp-content/uploads/2014/02/http-makeagif.com-media-2-21-2014-TBrEuH-1.gif,image,http://www.flowersinagun.com/wp-content/uploads/2014/02/http-makeagif.com-media-2-21-2014-TBrEuH-1.gif,,,failed:http_404,0,
flowersinagun.com/wp-content/uploads/2014/03/1.jpg,image,http://www.flowersinagun.com/wp-content/uploads/2014/03/1.jpg,,,failed:http_404,0,
flowersinagun.com/wp-content/uploads/2014/03/10.jpg,image,http://www.flowersinagun.com/wp-content/uploads/2014/03/10.jpg,,,failed:http_404,0,
flowersinagun.com/wp-content/uploads/2014/03/12.jpg,image,http://www.flowersinagun.com/wp-content/uploads/2014/03/12.jpg,,,failed:http_404,0,
flowersinagun.com/wp-content/uploads/2014/03/13.jpg,image,http://www.flowersinagun.com/wp-content/uploads/2014/03/13.jpg,,,failed:http_404,0,
flowersinagun.com/wp-content/uploads/2014/03/14.jpg,image,http://www.flowersinagun.com/wp-content/uploads/2014/03/14.jpg,,,failed:http_404,0,
flowersinagun.com/wp-content/uploads/2014/03/3.jpg,image,http://www.flowersinagun.com/wp-content/uploads/2014/03/3.jpg,,,failed:http_404,0,
flowersinagun.com/wp-content/uploads/2014/03/41.jpg,image,http://www.flowersinagun.com/wp-content/uploads/2014/03/41.jpg,,,failed:http_404,0,
flowersinagun.com/wp-content/uploads/2014/03/7.jpg,image,http://www.flowersinagun.com/wp-content/uploads/2014/03/7.jpg,,,failed:http_404,0,
flowersinagun.com/wp-content/uploads/2014/03/995634_550667261696669_1550879911_n-300x200.jpg,image,http://www.flowersinagun.com/wp-content/uploads/2014/03/995634_550667261696669_1550879911_n-300x200.jpg,,,failed:http_404,0,
flowersinagun.com/wp-content/uploads/2014/03/insurance.jpg,image,http://www.flowersinagun.com/wp-content/uploads/2014/03/insurance.jpg,,,failed:http_404,0,
flowersinagun.com/wp-content/uploads/2014/03/nocarrier_2014_Confession_1_CMYK_300dpi.jpg,image,http://www.flowersinagun.com/wp-content/uploads/2014/03/nocarrier_2014_Confession_1_CMYK_300dpi.jpg,,,failed:http_404,0,
flowersinagun.com/wp-content/uploads/2014/03/tumblr_m3mmvmsAAt1r3a6jho1_500.jpg,image,http://www.flowersinagun.com/wp-content/uploads/2014/03/tumblr_m3mmvmsAAt1r3a6jho1_500.jpg,,,failed:http_404,0,
flowersinagun.com/wp-content/uploads/2014/03/unnamed-2.jpg,image,http://www.flowersinagun.com/wp-content/uploads/2014/03/unnamed-2.jpg,,,failed:http_404,0,
flowersinagun.com/wp-content/uploads/2014/04/Farrah-Burns-1-682x1024.jpg,image,http://www.flowersinagun.com/wp-content/uploads/2014/04/Farrah-Burns-1-682x1024.jpg,,,failed:http_404,0,
flowersinagun.com/wp-content/uploads/2014/04/Farrah-Burns-3-1024x682.jpg,image,http://www.flowersinagun.com/wp-content/uploads/2014/04/Farrah-Burns-3-1024x682.jpg,,,failed:http_404,0,
flowersinagun.com/wp-content/uploads/2014/04/Farrah-Burns-4-1024x682.jpg,image,http://www.flowersinagun.com/wp-content/uploads/2014/04/Farrah-Burns-4-1024x682.jpg,,,failed:http_404,0,
flowersinagun.com/wp-content/uploads/2014/04/Jeremy-Pelt-Show-1.jpg,image,http://www.flowersinagun.com/wp-content/uploads/2014/04/Jeremy-Pelt-Show-1.jpg,,,failed:http_404,0,
flowersinagun.com/wp-content/uploads/2014/04/Jeremy-Pelt-Show-11.jpg,image,http://www.flowersinagun.com/wp-content/uploads/2014/04/Jeremy-Pelt-Show-11.jpg,,,failed:http_404,0,
flowersinagun.com/wp-content/uploads/2014/04/Jeremy-Pelt-Show-23.jpg,image,http://www.flowersinagun.com/wp-content/uploads/2014/04/Jeremy-Pelt-Show-23.jpg,,,failed:http_404,0,
flowersinagun.com/wp-content/uploads/2014/04/Jeremy-Pelt-Show-3.jpg,image,http://www.flowersinagun.com/wp-content/uploads/2014/04/Jeremy-Pelt-Show-3.jpg,,,failed:http_404,0,
flowersinagun.com/wp-content/uploads/2014/04/The-Bad-Plus-10.jpg,image,http://www.flowersinagun.com/wp-content/uploads/2014/04/The-Bad-Plus-10.jpg,,,failed:http_404,0,
flowersinagun.com/wp-content/uploads/2014/04/The-Bad-Plus-11.jpg,image,http://www.flowersinagun.com/wp-content/uploads/2014/04/The-Bad-Plus-11.jpg,,,failed:http_404,0,
flowersinagun.com/wp-content/uploads/2014/04/The-Bad-Plus-6.jpg,image,http://www.flowersinagun.com/wp-content/uploads/2014/04/The-Bad-Plus-6.jpg,,,failed:http_404,0,
flowersinagun.com/wp-content/uploads/2014/04/The-Bad-Plus-8.jpg,image,http://www.flowersinagun.com/wp-content/uploads/2014/04/The-Bad-Plus-8.jpg,,,failed:http_404,0,
flowersinagun.com/wp-content/uploads/2014/04/fortress.jpg,image,http://www.flowersinagun.com/wp-content/uploads/2014/04/fortress.jpg,,,failed:http_404,0,
flowersinagun.com/wp-content/uploads/2014/04/fortress2.jpg,image,http://www.flowersinagun.com/wp-content/uploads/2014/04/fortress2.jpg,,,failed:http_404,0,
flowersinagun.com/wp-content/uploads/2014/04/urban-gret.jpg,image,http://www.flowersinagun.com/wp-content/uploads/2014/04/urban-gret.jpg,,,failed:http_404,0,
flowersinagun.com/wp-content/uploads/2014/05/Iphone-59.jpg,image,http://www.flowersinagun.com/wp-content/uploads/2014/05/Iphone-59.jpg,,,failed:http_404,0,
flowersinagun.com/wp-content/uploads/2014/05/Marla-Mase-by-Hisao-Kishimoto.jpg,image,http://www.flowersinagun.com/wp-content/uploads/2014/05/Marla-Mase-by-Hisao-Kishimoto.jpg,,,failed:http_404,0,
flowersinagun.com/wp-content/uploads/2014/05/NY-Hot-Jazz-Festival-2014-10-1024x682.jpg,image,http://www.flowersinagun.com/wp-content/uploads/2014/05/NY-Hot-Jazz-Festival-2014-10-1024x682.jpg,,,failed:http_404,0,
flowersinagun.com/wp-content/uploads/2014/05/NY-Hot-Jazz-Festival-2014-12-1024x682.jpg,image,http://www.flowersinagun.com/wp-content/uploads/2014/05/NY-Hot-Jazz-Festival-2014-12-1024x682.jpg,,,failed:http_404,0,
flowersinagun.com/wp-content/uploads/2014/05/NY-Hot-Jazz-Festival-2014-13-1024x682.jpg,image,http://www.flowersinagun.com/wp-content/uploads/2014/05/NY-Hot-Jazz-Festival-2014-13-1024x682.jpg,,,failed:http_404,0,
flowersinagun.com/wp-content/uploads/2014/05/NY-Hot-Jazz-Festival-2014-141-1024x682.jpg,image,http://www.flowersinagun.com/wp-content/uploads/2014/05/NY-Hot-Jazz-Festival-2014-141-1024x682.jpg,,,failed:http_404,0,
flowersinagun.com/wp-content/uploads/2014/05/NY-Hot-Jazz-Festival-2014-15-1024x682.jpg,image,http://www.flowersinagun.com/wp-content/uploads/2014/05/NY-Hot-Jazz-Festival-2014-15-1024x682.jpg,,,failed:http_404,0,
flowersinagun.com/wp-content/uploads/2014/05/NY-Hot-Jazz-Festival-2014-17-1024x682.jpg,image,http://www.flowersinagun.com/wp-content/uploads/2014/05/NY-Hot-Jazz-Festival-2014-17-1024x682.jpg,,,failed:http_404,0,
flowersinagun.com/wp-content/uploads/2014/05/NY-Hot-Jazz-Festival-2014-20-1024x682.jpg,image,http://www.flowersinagun.com/wp-content/uploads/2014/05/NY-Hot-Jazz-Festival-2014-20-1024x682.jpg,,,failed:http_404,0,
flowersinagun.com/wp-content/uploads/2014/05/NY-Hot-Jazz-Festival-2014-28-1024x682.jpg,image,http://www.flowersinagun.com/wp-content/uploads/2014/05/NY-Hot-Jazz-Festival-2014-28-1024x682.jpg,,,failed:http_404,0,
flowersinagun.com/wp-content/uploads/2014/05/NY-Hot-Jazz-Festival-2014-29-1024x682.jpg,image,http://www.flowersinagun.com/wp-content/uploads/2014/05/NY-Hot-Jazz-Festival-2014-29-1024x682.jpg,,,failed:http_404,0,
flowersinagun.com/wp-content/uploads/2014/05/NY-Hot-Jazz-Festival-2014-31-1024x682.jpg,image,http://www.flowersinagun.com/wp-content/uploads/2014/05/NY-Hot-Jazz-Festival-2014-31-1024x682.jpg,,,failed:http_404,0,
flowersinagun.com/wp-content/uploads/2014/05/NY-Hot-Jazz-Festival-2014-34-1024x682.jpg,image,http://www.flowersinagun.com/wp-content/uploads/2014/05/NY-Hot-Jazz-Festival-2014-34-1024x682.jpg,,,failed:http_404,0,
flowersinagun.com/wp-content/uploads/2014/05/NY-Hot-Jazz-Festival-2014-35-1024x682.jpg,image,http://www.flowersinagun.com/wp-content/uploads/2014/05/NY-Hot-Jazz-Festival-2014-35-1024x682.jpg,,,failed:http_404,0,
flowersinagun.com/wp-content/uploads/2014/05/NY-Hot-Jazz-Festival-2014-36-1024x682.jpg,image,http://www.flowersinagun.com/wp-content/uploads/2014/05/NY-Hot-Jazz-Festival-2014-36-1024x682.jpg,,,failed:http_404,0,
flowersinagun.com/wp-content/uploads/2014/05/NY-Hot-Jazz-Festival-2014-37-1024x682.jpg,image,http://www.flowersinagun.com/wp-content/uploads/2014/05/NY-Hot-Jazz-Festival-2014-37-1024x682.jpg,,,failed:http_404,0,
flowersinagun.com/wp-content/uploads/2014/05/NY-Hot-Jazz-Festival-2014-38-1024x682.jpg,image,http://www.flowersinagun.com/wp-content/uploads/2014/05/NY-Hot-Jazz-Festival-2014-38-1024x682.jpg,,,failed:http_404,0,
flowersinagun.com/wp-content/uploads/2014/05/NY-Hot-Jazz-Festival-2014-40-1024x682.jpg,image,http://www.flowersinagun.com/wp-content/uploads/2014/05/NY-Hot-Jazz-Festival-2014-40-1024x682.jpg,,,failed:http_404,0,
flowersinagun.com/wp-content/uploads/2014/05/NY-Hot-Jazz-Festival-2014-43-1024x682.jpg,image,http://www.flowersinagun.com/wp-content/uploads/2014/05/NY-Hot-Jazz-Festival-2014-43-1024x682.jpg,,,failed:http_404,0,
flowersinagun.com/wp-content/uploads/2014/05/NY-Hot-Jazz-Festival-2014-46-1024x682.jpg,image,http://www.flowersinagun.com/wp-content/uploads/2014/05/NY-Hot-Jazz-Festival-2014-46-1024x682.jpg,,,failed:http_404,0,
flowersinagun.com/wp-content/uploads/2014/05/NY-Hot-Jazz-Festival-2014-47-1024x682.jpg,image,http://www.flowersinagun.com/wp-content/uploads/2014/05/NY-Hot-Jazz-Festival-2014-47-1024x682.jpg,,,failed:http_404,0,
flowersinagun.com/wp-content/uploads/2014/05/NY-Hot-Jazz-Festival-2014-8-1024x682.jpg,image,http://www.flowersinagun.com/wp-content/uploads/2014/05/NY-Hot-Jazz-Festival-2014-8-1024x682.jpg,,,failed:http_404,0,
flowersinagun.com/wp-content/uploads/2014/05/NY-Hot-Jazz-Festival-2014-9-1024x682.jpg,image,http://www.flowersinagun.com/wp-content/uploads/2014/05/NY-Hot-Jazz-Festival-2014-9-1024x682.jpg,,,failed:http_404,0,
flowersinagun.com/wp-content/uploads/2014/05/Scott-Tixier-3.jpg,image,http://www.flowersinagun.com/wp-content/uploads/2014/05/Scott-Tixier-3.jpg,,,failed:http_404,0,
flowersinagun.com/wp-content/uploads/2014/05/Scott-Tixier-4.jpg,image,http://www.flowersinagun.com/wp-content/uploads/2014/05/Scott-Tixier-4.jpg,,,failed:http_404,0,
flowersinagun.com/wp-content/uploads/2014/05/Scott-Tixier-6.jpg,image,http://www.flowersinagun.com/wp-content/uploads/2014/05/Scott-Tixier-6.jpg,,,failed:http_404,0,
flowersinagun.com/wp-content/uploads/2014/05/Smalls-04-29-11-1024x682.jpg,image,http://www.flowersinagun.com/wp-content/uploads/2014/05/Smalls-04-29-11-1024x682.jpg,,,failed:http_404,0,
flowersinagun.com/wp-content/uploads/2014/05/Smalls-04-29-12-1024x682.jpg,image,http://www.flowersinagun.com/wp-content/uploads/2014/05/Smalls-04-29-12-1024x682.jpg,,,failed:http_404,0,
flowersinagun.com/wp-content/uploads/2014/05/Smalls-04-29-16.jpg,image,http://www.flowersinagun.com/wp-content/uploads/2014/05/Smalls-04-29-16.jpg,,,failed:http_404,0,
flowersinagun.com/wp-content/uploads/2014/05/Smalls-04-29-17.jpg,image,http://www.flowersinagun.com/wp-content/uploads/2014/05/Smalls-04-29-17.jpg,,,failed:http_404,0,
flowersinagun.com/wp-content/uploads/2014/05/Smalls-04-29-5-682x1024.jpg,image,http://www.flowersinagun.com/wp-content/uploads/2014/05/Smalls-04-29-5-682x1024.jpg,,,failed:http_404,0,
flowersinagun.com/wp-content/uploads/2014/05/Smalls-04-29-7.jpg,image,http://www.flowersinagun.com/wp-content/uploads/2014/05/Smalls-04-29-7.jpg,,,failed:http_404,0,
flowersinagun.com/wp-content/uploads/2014/06/Yann-Tiersen-3-1024x682.jpg,image,http://www.flowersinagun.com/wp-content/uploads/2014/06/Yann-Tiersen-3-1024x682.jpg,,,failed:http_404,0,
flowersinagun.com/wp-content/uploads/2014/06/Yann-Tiersen-7-1024x682.jpg,image,http://www.flowersinagun.com/wp-content/uploads/2014/06/Yann-Tiersen-7-1024x682.jpg,,,failed:http_404,0,
flowersinagun.com/wp-content/uploads/2014/06/alt-j.jpg,image,http://www.flowersinagun.com/wp-content/uploads/2014/06/alt-j.jpg,,,failed:http_404,0,
flowersinagun.com/wp-content/uploads/2014/07/IMG_0153.jpg,image,http://www.flowersinagun.com/wp-content/uploads/2014/07/IMG_0153.jpg,,,failed:http_404,0,
flowersinagun.com/wp-content/uploads/2014/07/IMG_0154.jpg,image,http://www.flowersinagun.com/wp-content/uploads/2014/07/IMG_0154.jpg,,,failed:http_404,0,
flowersinagun.com/wp-content/uploads/2014/07/IMG_0155.jpg,image,http://www.flowersinagun.com/wp-content/uploads/2014/07/IMG_0155.jpg,,,failed:http_404,0,
flowersinagun.com/wp-content/uploads/2014/07/IMG_0161.jpg,image,http://www.flowersinagun.com/wp-content/uploads/2014/07/IMG_0161.jpg,,,failed:http_404,0,
flowersinagun.com/wp-content/uploads/2014/07/IMG_0163.jpg,image,http://www.flowersinagun.com/wp-content/uploads/2014/07/IMG_0163.jpg,,,failed:http_404,0,
flowersinagun.com/wp-content/uploads/2014/07/IMG_0165.jpg,image,http://www.flowersinagun.com/wp-content/uploads/2014/07/IMG_0165.jpg,,,failed:http_404,0,
flowersinagun.com/wp-content/uploads/2014/07/IMG_0166.jpg,image,http://www.flowersinagun.com/wp-content/uploads/2014/07/IMG_0166.jpg,,,failed:http_404,0,
flowersinagun.com/wp-content/uploads/2014/07/IMG_01681.jpg,image,http://www.flowersinagun.com/wp-content/uploads/2014/07/IMG_01681.jpg,,,failed:http_404,0,
flowersinagun.com/wp-content/uploads/2014/07/IMG_0174.jpg,image,http://www.flowersinagun.com/wp-content/uploads/2014/07/IMG_0174.jpg,,,failed:http_404,0,
flowersinagun.com/wp-content/uploads/2014/07/IMG_0176.jpg,image,http://www.flowersinagun.com/wp-content/uploads/2014/07/IMG_0176.jpg,,,failed:http_404,0,
flowersinagun.com/wp-content/uploads/2014/07/IMG_0178.jpg,image,http://www.flowersinagun.com/wp-content/uploads/2014/07/IMG_0178.jpg,,,failed:http_404,0,
flowersinagun.com/wp-content/uploads/2014/07/IMG_0185.jpg,image,http://www.flowersinagun.com/wp-content/uploads/2014/07/IMG_0185.jpg,,,failed:http_404,0,
flowersinagun.com/wp-content/uploads/2014/07/IMG_0192.jpg,image,http://www.flowersinagun.com/wp-content/uploads/2014/07/IMG_0192.jpg,,,failed:http_404,0,
flowersinagun.com/wp-content/uploads/2014/07/IMG_0193.jpg,image,http://www.flowersinagun.com/wp-content/uploads/2014/07/IMG_0193.jpg,,,failed:http_404,0,
flowersinagun.com/wp-content/uploads/2014/07/IMG_0195.jpg,image,http://www.flowersinagun.com/wp-content/uploads/2014/07/IMG_0195.jpg,,,failed:http_404,0,
flowersinagun.com/wp-content/uploads/2014/07/IMG_0196.jpg,image,http://www.flowersinagun.com/wp-content/uploads/2014/07/IMG_0196.jpg,,,failed:http_404,0,
flowersinagun.com/wp-content/uploads/2014/07/IMG_0197.jpg,image,http://www.flowersinagun.com/wp-content/uploads/2014/07/IMG_0197.jpg,,,failed:http_404,0,
flowersinagun.com/wp-content/uploads/2014/07/IMG_0201.jpg,image,http://www.flowersinagun.com/wp-content/uploads/2014/07/IMG_0201.jpg,,,failed:http_404,0,
flowersinagun.com/wp-content/uploads/2014/07/IMG_0202.jpg,image,http://www.flowersinagun.com/wp-content/uploads/2014/07/IMG_0202.jpg,,,failed:http_404,0,
flowersinagun.com/wp-content/uploads/2014/07/IMG_0203.jpg,image,http://www.flowersinagun.com/wp-content/uploads/2014/07/IMG_0203.jpg,,,failed:http_404,0,
flowersinagun.com/wp-content/uploads/2014/07/IMG_0205.jpg,image,http://www.flowersinagun.com/wp-content/uploads/2014/07/IMG_0205.jpg,,,failed:http_404,0,
flowersinagun.com/wp-content/uploads/2014/07/IMG_0206.jpg,image,http://www.flowersinagun.com/wp-content/uploads/2014/07/IMG_0206.jpg,,,failed:http_404,0,
flowersinagun.com/wp-content/uploads/2014/07/IMG_0209.jpg,image,http://www.flowersinagun.com/wp-content/uploads/2014/07/IMG_0209.jpg,,,failed:http_404,0,
flowersinagun.com/wp-content/uploads/2014/07/IMG_0211.jpg,image,http://www.flowersinagun.com/wp-content/uploads/2014/07/IMG_0211.jpg,,,failed:http_404,0,
flowersinagun.com/wp-content/uploads/2014/07/IMG_0213.jpg,image,http://www.flowersinagun.com/wp-content/uploads/2014/07/IMG_0213.jpg,,,failed:http_404,0,
flowersinagun.com/wp-content/uploads/2014/07/IMG_0214.jpg,image,http://www.flowersinagun.com/wp-content/uploads/2014/07/IMG_0214.jpg,,,failed:http_404,0,
flowersinagun.com/wp-content/uploads/2014/07/IMG_0215.jpg,image,http://www.flowersinagun.com/wp-content/uploads/2014/07/IMG_0215.jpg,,,failed:http_404,0,
flowersinagun.com/wp-content/uploads/2014/07/IMG_0216.jpg,image,http://www.flowersinagun.com/wp-content/uploads/2014/07/IMG_0216.jpg,,,failed:http_404,0,
flowersinagun.com/wp-content/uploads/2014/07/IMG_0217.jpg,image,http://www.flowersinagun.com/wp-content/uploads/2014/07/IMG_0217.jpg,,,failed:http_404,0,
flowersinagun.com/wp-content/uploads/2014/07/IMG_0222.jpg,image,http://www.flowersinagun.com/wp-content/uploads/2014/07/IMG_0222.jpg,,,failed:http_404,0,
flowersinagun.com/wp-content/uploads/2014/07/IMG_0223.jpg,image,http://www.flowersinagun.com/wp-content/uploads/2014/07/IMG_0223.jpg,,,failed:http_404,0,
flowersinagun.com/wp-content/uploads/2014/07/IMG_0228.jpg,image,http://www.flowersinagun.com/wp-content/uploads/2014/07/IMG_0228.jpg,,,failed:http_404,0,
flowersinagun.com/wp-content/uploads/2014/07/IMG_0232.jpg,image,http://www.flowersinagun.com/wp-content/uploads/2014/07/IMG_0232.jpg,,,failed:http_404,0,
flowersinagun.com/wp-content/uploads/2014/07/IMG_0239.jpg,image,http://www.flowersinagun.com/wp-content/uploads/2014/07/IMG_0239.jpg,,,failed:http_404,0,
flowersinagun.com/wp-content/uploads/2014/07/IMG_0243.jpg,image,http://www.flowersinagun.com/wp-content/uploads/2014/07/IMG_0243.jpg,,,failed:http_404,0,
flowersinagun.com/wp-content/uploads/2014/07/IMG_0249.jpg,image,http://www.flowersinagun.com/wp-content/uploads/2014/07/IMG_0249.jpg,,,failed:http_404,0,
flowersinagun.com/wp-content/uploads/2014/07/IMG_0253.jpg,image,http://www.flowersinagun.com/wp-content/uploads/2014/07/IMG_0253.jpg,,,failed:http_404,0,
flowersinagun.com/wp-content/uploads/2014/07/IMG_0257.jpg,image,http://www.flowersinagun.com/wp-content/uploads/2014/07/IMG_0257.jpg,,,failed:http_404,0,
flowersinagun.com/wp-content/uploads/2014/07/IMG_0263.jpg,image,http://www.flowersinagun.com/wp-content/uploads/2014/07/IMG_0263.jpg,,,failed:http_404,0,
flowersinagun.com/wp-content/uploads/2014/07/IMG_0345.jpg,image,http://www.flowersinagun.com/wp-content/uploads/2014/07/IMG_0345.jpg,,,failed:http_404,0,
flowersinagun.com/wp-content/uploads/2014/07/IMG_0347.jpg,image,http://www.flowersinagun.com/wp-content/uploads/2014/07/IMG_0347.jpg,,,failed:http_404,0,
flowersinagun.com/wp-content/uploads/2014/07/IMG_0350.jpg,image,http://www.flowersinagun.com/wp-content/uploads/2014/07/IMG_0350.jpg,,,failed:http_404,0,
flowersinagun.com/wp-content/uploads/2014/07/IMG_0353.jpg,image,http://www.flowersinagun.com/wp-content/uploads/2014/07/IMG_0353.jpg,,,failed:http_404,0,
flowersinagun.com/wp-content/uploads/2014/07/IMG_0354.jpg,image,http://www.flowersinagun.com/wp-content/uploads/2014/07/IMG_0354.jpg,,,failed:http_404,0,
flowersinagun.com/wp-content/uploads/2014/07/IMG_0355.jpg,image,http://www.flowersinagun.com/wp-content/uploads/2014/07/IMG_0355.jpg,,,failed:http_404,0,
flowersinagun.com/wp-content/uploads/2014/07/IMG_0358.jpg,image,http://www.flowersinagun.com/wp-content/uploads/2014/07/IMG_0358.jpg,,,failed:http_404,0,
flowersinagun.com/wp-content/uploads/2014/07/IMG_0359.jpg,image,http://www.flowersinagun.com/wp-content/uploads/2014/07/IMG_0359.jpg,,,failed:http_404,0,
flowersinagun.com/wp-content/uploads/2014/07/IMG_0365.jpg,image,http://www.flowersinagun.com/wp-content/uploads/2014/07/IMG_0365.jpg,,,failed:http_404,0,
flowersinagun.com/wp-content/uploads/2014/07/IMG_0380.jpg,image,http://www.flowersinagun.com/wp-content/uploads/2014/07/IMG_0380.jpg,,,failed:http_404,0,
flowersinagun.com/wp-content/uploads/2014/07/IMG_0381.jpg,image,http://www.flowersinagun.com/wp-content/uploads/2014/07/IMG_0381.jpg,,,failed:http_404,0,
flowersinagun.com/wp-content/uploads/2014/07/IMG_0386.jpg,image,http://www.flowersinagun.com/wp-content/uploads/2014/07/IMG_0386.jpg,,,failed:http_404,0,
flowersinagun.com/wp-content/uploads/2014/07/IMG_0389.jpg,image,http://www.flowersinagun.com/wp-content/uploads/2014/07/IMG_0389.jpg,,,failed:http_404,0,
flowersinagun.com/wp-content/uploads/2014/07/IMG_0390.jpg,image,http://www.flowersinagun.com/wp-content/uploads/2014/07/IMG_0390.jpg,,,failed:http_404,0,
flowersinagun.com/wp-content/uploads/2014/07/IMG_0396.jpg,image,http://www.flowersinagun.com/wp-content/uploads/2014/07/IMG_0396.jpg,,,failed:http_404,0,
flowersinagun.com/wp-content/uploads/2014/07/IMG_0406.jpg,image,http://www.flowersinagun.com/wp-content/uploads/2014/07/IMG_0406.jpg,,,failed:http_404,0,
flowersinagun.com/wp-content/uploads/2014/07/IMG_0410.jpg,image,http://www.flowersinagun.com/wp-content/uploads/2014/07/IMG_0410.jpg,,,failed:http_404,0,
flowersinagun.com/wp-content/uploads/2014/07/IMG_0412.jpg,image,http://www.flowersinagun.com/wp-content/uploads/2014/07/IMG_0412.jpg,,,failed:http_404,0,
flowersinagun.com/wp-content/uploads/2014/07/IMG_0413.jpg,image,http://www.flowersinagun.com/wp-content/uploads/2014/07/IMG_0413.jpg,,,failed:http_404,0,
flowersinagun.com/wp-content/uploads/2014/07/IMG_0448.jpg,image,http://www.flowersinagun.com/wp-content/uploads/2014/07/IMG_0448.jpg,,,failed:http_404,0,
flowersinagun.com/wp-content/uploads/2014/07/IMG_0449.jpg,image,http://www.flowersinagun.com/wp-content/uploads/2014/07/IMG_0449.jpg,,,failed:http_404,0,
flowersinagun.com/wp-content/uploads/2014/07/IMG_0450.jpg,image,http://www.flowersinagun.com/wp-content/uploads/2014/07/IMG_0450.jpg,,,failed:http_404,0,
flowersinagun.com/wp-content/uploads/2014/07/IMG_0455.jpg,image,http://www.flowersinagun.com/wp-content/uploads/2014/07/IMG_0455.jpg,,,failed:http_404,0,
flowersinagun.com/wp-content/uploads/2014/07/IMG_0457.jpg,image,http://www.flowersinagun.com/wp-content/uploads/2014/07/IMG_0457.jpg,,,failed:http_404,0,
flowersinagun.com/wp-content/uploads/2014/07/IMG_0459.jpg,image,http://www.flowersinagun.com/wp-content/uploads/2014/07/IMG_0459.jpg,,,failed:http_404,0,
flowersinagun.com/wp-content/uploads/2014/07/IMG_0465.jpg,image,http://www.flowersinagun.com/wp-content/uploads/2014/07/IMG_0465.jpg,,,failed:http_404,0,
flowersinagun.com/wp-content/uploads/2014/07/IMG_0466.jpg,image,http://www.flowersinagun.com/wp-content/uploads/2014/07/IMG_0466.jpg,,,failed:http_404,0,
flowersinagun.com/wp-content/uploads/2014/07/IMG_0469.jpg,image,http://www.flowersinagun.com/wp-content/uploads/2014/07/IMG_0469.jpg,,,failed:http_404,0,
flowersinagun.com/wp-content/uploads/2014/07/IMG_0475.jpg,image,http://www.flowersinagun.com/wp-content/uploads/2014/07/IMG_0475.jpg,,,failed:http_404,0,
flowersinagun.com/wp-content/uploads/2014/07/IMG_0490.jpg,image,http://www.flowersinagun.com/wp-content/uploads/2014/07/IMG_0490.jpg,,,failed:http_404,0,
flowersinagun.com/wp-content/uploads/2014/07/IMG_0491.jpg,image,http://www.flowersinagun.com/wp-content/uploads/2014/07/IMG_0491.jpg,,,failed:http_404,0,
flowersinagun.com/wp-content/uploads/2014/07/IMG_0492.jpg,image,http://www.flowersinagun.com/wp-content/uploads/2014/07/IMG_0492.jpg,,,failed:http_404,0,
flowersinagun.com/wp-content/uploads/2014/07/IMG_0499.jpg,image,http://www.flowersinagun.com/wp-content/uploads/2014/07/IMG_0499.jpg,,,failed:http_404,0,
flowersinagun.com/wp-content/uploads/2014/07/IMG_0502.jpg,image,http://www.flowersinagun.com/wp-content/uploads/2014/07/IMG_0502.jpg,,,failed:http_404,0,
flowersinagun.com/wp-content/uploads/2014/07/IMG_0506.jpg,image,http://www.flowersinagun.com/wp-content/uploads/2014/07/IMG_0506.jpg,,,failed:http_404,0,
flowersinagun.com/wp-content/uploads/2014/07/IMG_0508.jpg,image,http://www.flowersinagun.com/wp-content/uploads/2014/07/IMG_0508.jpg,,,failed:http_404,0,
flowersinagun.com/wp-content/uploads/2014/07/Nebulae-CD-Cover.jpg,image,http://www.flowersinagun.com/wp-content/uploads/2014/07/Nebulae-CD-Cover.jpg,,,failed:http_404,0,
flowersinagun.com/wp-content/uploads/2014/09/Ben-Wolfe-1-1024x682.jpg,image,http://www.flowersinagun.com/wp-content/uploads/2014/09/Ben-Wolfe-1-1024x682.jpg,,,failed:http_404,0,
flowersinagun.com/wp-content/uploads/2014/09/Ben-Wolfe-2-1024x682.jpg,image,http://www.flowersinagun.com/wp-content/uploads/2014/09/Ben-Wolfe-2-1024x682.jpg,,,failed:http_404,0,
flowersinagun.com/wp-content/uploads/2014/09/Ben-Wolfe-4-1024x682.jpg,image,http://www.flowersinagun.com/wp-content/uploads/2014/09/Ben-Wolfe-4-1024x682.jpg,,,failed:http_404,0,
flowersinagun.com/wp-content/uploads/2014/09/Ben-Wolfe-5-682x1024.jpg,image,http://www.flowersinagun.com/wp-content/uploads/2014/09/Ben-Wolfe-5-682x1024.jpg,,,failed:http_404,0,
flowersinagun.com/wp-content/uploads/2014/09/Ben-Wolfe-6-682x1024.jpg,image,http://www.flowersinagun.com/wp-content/uploads/2014/09/Ben-Wolfe-6-682x1024.jpg,,,failed:http_404,0,
flowersinagun.com/wp-content/uploads/2014/09/Brooklyn-Bowl-09-18-1.jpg,image,http://www.flowersinagun.com/wp-content/uploads/2014/09/Brooklyn-Bowl-09-18-1.jpg,,,failed:http_404,0,
flowersinagun.com/wp-content/uploads/2014/09/Brooklyn-Bowl-09-18-10.jpg,image,http://www.flowersinagun.com/wp-content/uploads/2014/09/Brooklyn-Bowl-09-18-10.jpg,,,failed:http_404,0,
flowersinagun.com/wp-content/uploads/2014/09/Brooklyn-Bowl-09-18-11.jpg,image,http://www.flowersinagun.com/wp-content/uploads/2014/09/Brooklyn-Bowl-09-18-11.jpg,,,failed:http_404,0,
flowersinagun.com/wp-content/uploads/2014/09/Brooklyn-Bowl-09-18-12.jpg,image,http://www.flowersinagun.com/wp-content/uploads/2014/09/Brooklyn-Bowl-09-18-12.jpg,,,failed:http_404,0,
flowersinagun.com/wp-content/uploads/2014/09/Brooklyn-Bowl-09-18-16.jpg,image,http://www.flowersinagun.com/wp-content/uploads/2014/09/Brooklyn-Bowl-09-18-16.jpg,,,failed:http_404,0,
flowersinagun.com/wp-content/uploads/2014/09/Brooklyn-Bowl-09-18-18.jpg,image,http://www.flowersinagun.com/wp-content/uploads/2014/09/Brooklyn-Bowl-09-18-18.jpg,,,failed:http_404,0,
flowersinagun.com/wp-content/uploads/2014/09/Brooklyn-Bowl-09-18-19.jpg,image,http://www.flowersinagun.com/wp-content/uploads/2014/09/Brooklyn-Bowl-09-18-19.jpg,,,failed:http_404,0,
flowersinagun.com/wp-content/uploads/2014/09/Brooklyn-Bowl-09-18-20.jpg,image,http://www.flowersinagun.com/wp-content/uploads/2014/09/Brooklyn-Bowl-09-18-20.jpg,,,failed:http_404,0,
flowersinagun.com/wp-content/uploads/2014/09/Brooklyn-Bowl-09-18-21.jpg,image,http://www.flowersinagun.com/wp-content/uploads/2014/09/Brooklyn-Bowl-09-18-21.jpg,,,failed:http_404,0,
flowersinagun.com/wp-content/uploads/2014/09/Brooklyn-Bowl-09-18-22.jpg,image,http://www.flowersinagun.com/wp-content/uploads/2014/09/Brooklyn-Bowl-09-18-22.jpg,,,failed:http_404,0,
flowersinagun.com/wp-content/uploads/2014/09/Brooklyn-Bowl-09-18-25.jpg,image,http://www.flowersinagun.com/wp-content/uploads/2014/09/Brooklyn-Bowl-09-18-25.jpg,,,failed:http_404,0,
flowersinagun.com/wp-content/uploads/2014/09/Brooklyn-Bowl-09-18-26.jpg,image,http://www.flowersinagun.com/wp-content/uploads/2014/09/Brooklyn-Bowl-09-18-26.jpg,,,failed:http_404,0,
flowersinagun.com/wp-content/uploads/2014/09/Brooklyn-Bowl-09-18-27.jpg,image,http://www.flowersinagun.com/wp-content/uploads/2014/09/Brooklyn-Bowl-09-18-27.jpg,,,failed:http_404,0,
flowersinagun.com/wp-content/uploads/2014/09/Brooklyn-Bowl-09-18-5.jpg,image,http://www.flowersinagun.com/wp-content/uploads/2014/09/Brooklyn-Bowl-09-18-5.jpg,,,failed:http_404,0,
flowersinagun.com/wp-content/uploads/2014/09/Brooklyn-Bowl-09-18-6.jpg,image,http://www.flowersinagun.com/wp-content/uploads/2014/09/Brooklyn-Bowl-09-18-6.jpg,,,failed:http_404,0,
flowersinagun.com/wp-content/uploads/2014/09/Brooklyn-Bowl-09-18-9.jpg,image,http://www.flowersinagun.com/wp-content/uploads/2014/09/Brooklyn-Bowl-09-18-9.jpg,,,failed:http_404,0,
flowersinagun.com/wp-content/uploads/2014/09/CP-fest-2014-13-1024x682.jpg,image,http://www.flowersinagun.com/wp-content/uploads/2014/09/CP-fest-2014-13-1024x682.jpg,,,failed:http_404,0,
flowersinagun.com/wp-content/uploads/2014/09/CP-fest-2014-17-682x1024.jpg,image,http://www.flowersinagun.com/wp-content/uploads/2014/09/CP-fest-2014-17-682x1024.jpg,,,failed:http_404,0,
flowersinagun.com/wp-content/uploads/2014/09/CP-fest-2014-18-1024x682.jpg,image,http://www.flowersinagun.com/wp-content/uploads/2014/09/CP-fest-2014-18-1024x682.jpg,,,failed:http_404,0,
flowersinagun.com/wp-content/uploads/2014/09/CP-fest-2014-21-1024x682.jpg,image,http://www.flowersinagun.com/wp-content/uploads/2014/09/CP-fest-2014-21-1024x682.jpg,,,failed:http_404,0,
flowersinagun.com/wp-content/uploads/2014/09/CP-fest-2014-23-1024x682.jpg,image,http://www.flowersinagun.com/wp-content/uploads/2014/09/CP-fest-2014-23-1024x682.jpg,,,failed:http_404,0,
flowersinagun.com/wp-content/uploads/2014/09/CP-fest-2014-24-1024x682.jpg,image,http://www.flowersinagun.com/wp-content/uploads/2014/09/CP-fest-2014-24-1024x682.jpg,,,failed:http_404,0,
flowersinagun.com/wp-content/uploads/2014/09/CP-fest-2014-25-1024x682.jpg,image,http://www.flowersinagun.com/wp-content/uploads/2014/09/CP-fest-2014-25-1024x682.jpg,,,failed:http_404,0,
flowersinagun.com/wp-content/uploads/2014/09/CP-fest-2014-26-1024x682.jpg,image,http://www.flowersinagun.com/wp-content/uploads/2014/09/CP-fest-2014-26-1024x682.jpg,,,failed:http_404,0,
flowersinagun.com/wp-content/uploads/2014/09/CP-fest-2014-28-1024x682.jpg,image,http://www.flowersinagun.com/wp-content/uploads/2014/09/CP-fest-2014-28-1024x682.jpg,,,failed:http_404,0,
flowersinagun.com/wp-content/uploads/2014/09/CP-fest-2014-3-1024x682.jpg,image,http://www.flowersinagun.com/wp-content/uploads/2014/09/CP-fest-2014-3-1024x682.jpg,,,failed:http_404,0,
flowersinagun.com/wp-content/uploads/2014/09/CP-fest-2014-30-1024x682.jpg,image,http://www.flowersinagun.com/wp-content/uploads/2014/09/CP-fest-2014-30-1024x682.jpg,,,failed:http_404,0,
flowersinagun.com/wp-content/uploads/2014/09/CP-fest-2014-31-1024x682.jpg,image,http://www.flowersinagun.com/wp-content/uploads/2014/09/CP-fest-2014-31-1024x682.jpg,,,failed:http_404,0,
flowersinagun.com/wp-content/uploads/2014/09/CP-fest-2014-32-1024x682.jpg,image,http://www.flowersinagun.com/wp-content/uploads/2014/09/CP-fest-2014-32-1024x682.jpg,,,failed:http_404,0,
flowersinagun.com/wp-content/uploads/2014/09/CP-fest-2014-35-682x1024.jpg,image,http://www.flowersinagun.com/wp-content/uploads/2014/09/CP-fest-2014-35-682x1024.jpg,,,failed:http_404,0,
flowersinagun.com/wp-content/uploads/2014/09/CP-fest-2014-36-1024x682.jpg,image,http://www.flowersinagun.com/wp-content/uploads/2014/09/CP-fest-2014-36-1024x682.jpg,,,failed:http_404,0,
flowersinagun.com/wp-content/uploads/2014/09/CP-fest-2014-9-1024x682.jpg,image,http://www.flowersinagun.com/wp-content/uploads/2014/09/CP-fest-2014-9-1024x682.jpg,,,failed:http_404,0,
flowersinagun.com/wp-content/uploads/2014/09/Rachel-Weiss-Rockwood-1-1024x682.jpg,image,http://www.flowersinagun.com/wp-content/uploads/2014/09/Rachel-Weiss-Rockwood-1-1024x682.jpg,,,failed:http_404,0,
flowersinagun.com/wp-content/uploads/2014/09/Rachel-Weiss-Rockwood-5-1024x682.jpg,image,http://www.flowersinagun.com/wp-content/uploads/2014/09/Rachel-Weiss-Rockwood-5-1024x682.jpg,,,failed:http_404,0,
flowersinagun.com/wp-content/uploads/2014/09/Rachel-Weiss-Rockwood-6-1024x682.jpg,image,http://www.flowersinagun.com/wp-content/uploads/2014/09/Rachel-Weiss-Rockwood-6-1024x682.jpg,,,failed:http_404,0,
flowersinagun.com/wp-content/uploads/2014/09/Rachel-Weiss-Rockwood-7-1024x682.jpg,image,http://www.flowersinagun.com/wp-content/uploads/2014/09/Rachel-Weiss-Rockwood-7-1024x682.jpg,,,failed:http_404,0,
flowersinagun.com/wp-content/uploads/2014/09/Warren-Wolf-1-682x1024.jpg,image,http://www.flowersinagun.com/wp-content/uploads/2014/09/Warren-Wolf-1-682x1024.jpg,,,failed:http_404,0,
flowersinagun.com/wp-content/uploads/2014/09/Warren-Wolf-2-1024x682.jpg,image,http://www.flowersinagun.com/wp-content/uploads/2014/09/Warren-Wolf-2-1024x682.jpg,,,failed:http_404,0,
flowersinagun.com/wp-content/uploads/2014/09/Warren-Wolf-3-1024x682.jpg,image,http://www.flowersinagun.com/wp-content/uploads/2014/09/Warren-Wolf-3-1024x682.jpg,,,failed:http_404,0,
flowersinagun.com/wp-content/uploads/2014/09/Warren-Wolf-5-682x1024.jpg,image,http://www.flowersinagun.com/wp-content/uploads/2014/09/Warren-Wolf-5-682x1024.jpg,,,failed:http_404,0,
flowersinagun.com/wp-content/uploads/2014/09/Warren-Wolf-8-1024x682.jpg,image,http://www.flowersinagun.com/wp-content/uploads/2014/09/Warren-Wolf-8-1024x682.jpg,,,failed:http_404,0,
flowersinagun.com/wp-content/uploads/2014/10/0000764524_10.jpg,image,http://www.flowersinagun.com/wp-content/uploads/2014/10/0000764524_10.jpg,,,failed:http_404,0,
flowersinagun.com/wp-content/uploads/2014/10/0002059866_10.jpg,image,http://www.flowersinagun.com/wp-content/uploads/2014/10/0002059866_10.jpg,,,failed:http_404,0,
flowersinagun.com/wp-content/uploads/2014/10/361E2D373C2CC816F896266826B7CBCA201417785756525.jpeg,image,http://www.flowersinagun.com/wp-content/uploads/2014/10/361E2D373C2CC816F896266826B7CBCA201417785756525.jpeg,,,failed:http_404,0,
flowersinagun.com/wp-content/uploads/2014/10/Ben-Frost-1-1024x682.jpg,image,http://www.flowersinagun.com/wp-content/uploads/2014/10/Ben-Frost-1-1024x682.jpg,,,failed:http_404,0,
flowersinagun.com/wp-content/uploads/2014/10/Ben-Frost-11-1024x682.jpg,image,http://www.flowersinagun.com/wp-content/uploads/2014/10/Ben-Frost-11-1024x682.jpg,,,failed:http_404,0,
flowersinagun.com/wp-content/uploads/2014/10/Ben-Frost-2-1024x682.jpg,image,http://www.flowersinagun.com/wp-content/uploads/2014/10/Ben-Frost-2-1024x682.jpg,,,failed:http_404,0,
flowersinagun.com/wp-content/uploads/2014/10/Ben-Frost-3-1024x682.jpg,image,http://www.flowersinagun.com/wp-content/uploads/2014/10/Ben-Frost-3-1024x682.jpg,,,failed:http_404,0,
flowersinagun.com/wp-content/uploads/2014/10/Ben-Frost-5-1024x682.jpg,image,http://www.flowersinagun.com/wp-content/uploads/2014/10/Ben-Frost-5-1024x682.jpg,,,failed:http_404,0,
flowersinagun.com/wp-content/uploads/2014/10/Ben-Frost-6-1024x682.jpg,image,http://www.flowersinagun.com/wp-content/uploads/2014/10/Ben-Frost-6-1024x682.jpg,,,failed:http_404,0,
flowersinagun.com/wp-content/uploads/2014/10/Ben-Frost-7-1024x682.jpg,image,http://www.flowersinagun.com/wp-content/uploads/2014/10/Ben-Frost-7-1024x682.jpg,,,failed:http_404,0,
flowersinagun.com/wp-content/uploads/2014/10/Ben-Frost-9-1024x682.jpg,image,http://www.flowersinagun.com/wp-content/uploads/2014/10/Ben-Frost-9-1024x682.jpg,,,failed:http_404,0,
flowersinagun.com/wp-content/uploads/2014/10/Ches-Smith-10-1024x682.jpg,image,http://www.flowersinagun.com/wp-content/uploads/2014/10/Ches-Smith-10-1024x682.jpg,,,failed:http_404,0,
flowersinagun.com/wp-content/uploads/2014/10/Ches-Smith-11-1024x682.jpg,image,http://www.flowersinagun.com/wp-content/uploads/2014/10/Ches-Smith-11-1024x682.jpg,,,failed:http_404,0,
flowersinagun.com/wp-content/uploads/2014/10/Ches-Smith-12-1024x682.jpg,image,http://www.flowersinagun.com/wp-content/uploads/2014/10/Ches-Smith-12-1024x682.jpg,,,failed:http_404,0,
flowersinagun.com/wp-content/uploads/2014/10/Ches-Smith-4-1024x682.jpg,image,http://www.flowersinagun.com/wp-content/uploads/2014/10/Ches-Smith-4-1024x682.jpg,,,failed:http_404,0,
flowersinagun.com/wp-content/uploads/2014/10/Ches-Smith-5-1024x682.jpg,image,http://www.flowersinagun.com/wp-content/uploads/2014/10/Ches-Smith-5-1024x682.jpg,,,failed:http_404,0,
flowersinagun.com/wp-content/uploads/2014/10/Ches-Smith-8-682x1024.jpg,image,http://www.flowersinagun.com/wp-content/uploads/2014/10/Ches-Smith-8-682x1024.jpg,,,failed:http_404,0,
flowersinagun.com/wp-content/uploads/2014/10/David-Homan-09-30-1-1024x682.jpg,image,http://www.flowersinagun.com/wp-content/uploads/2014/10/David-Homan-09-30-1-1024x682.jpg,,,failed:http_404,0,
flowersinagun.com/wp-content/uploads/2014/10/David-Homan-09-30-3-1024x682.jpg,image,http://www.flowersinagun.com/wp-content/uploads/2014/10/David-Homan-09-30-3-1024x682.jpg,,,failed:http_404,0,
flowersinagun.com/wp-content/uploads/2014/10/David-Homan-09-30-4-1024x682.jpg,image,http://www.flowersinagun.com/wp-content/uploads/2014/10/David-Homan-09-30-4-1024x682.jpg,,,failed:http_404,0,
flowersinagun.com/wp-content/uploads/2014/10/David-Homan-09-30-5-1024x682.jpg,image,http://www.flowersinagun.com/wp-content/uploads/2014/10/David-Homan-09-30-5-1024x682.jpg,,,failed:http_404,0,
flowersinagun.com/wp-content/uploads/2014/10/David-Homan-09-30-9-1024x682.jpg,image,http://www.flowersinagun.com/wp-content/uploads/2014/10/David-Homan-09-30-9-1024x682.jpg,,,failed:http_404,0,
flowersinagun.com/wp-content/uploads/2014/11/0002075821_10-300x225.jpg,image,http://www.flowersinagun.com/wp-content/uploads/2014/11/0002075821_10-300x225.jpg,,,failed:http_404,0,
flowersinagun.com/wp-content/uploads/2014/11/Five-Robins-1-300x194.jpg,image,http://www.flowersinagun.com/wp-content/uploads/2014/11/Five-Robins-1-300x194.jpg,,,failed:http_404,0,
flowersinagun.com/wp-content/uploads/2014/11/Group-shot-1-300x200.png,image,http://www.flowersinagun.com/wp-content/uploads/2014/11/Group-shot-1-300x200.png,,,failed:http_404,0,
flowersinagun.com/wp-content/uploads/2014/11/Lucsious-Jackson-1.jpg,image,http://www.flowersinagun.com/wp-content/uploads/2014/11/Lucsious-Jackson-1.jpg,,,failed:http_404,0,
flowersinagun.com/wp-content/uploads/2014/11/Lucsious-Jackson-10.jpg,image,http://www.flowersinagun.com/wp-content/uploads/2014/11/Lucsious-Jackson-10.jpg,,,failed:http_404,0,
flowersinagun.com/wp-content/uploads/2014/11/Lucsious-Jackson-11.jpg,image,http://www.flowersinagun.com/wp-content/uploads/2014/11/Lucsious-Jackson-11.jpg,,,failed:http_404,0,
flowersinagun.com/wp-content/uploads/2014/11/Lucsious-Jackson-12.jpg,image,http://www.flowersinagun.com/wp-content/uploads/2014/11/Lucsious-Jackson-12.jpg,,,failed:http_404,0,
flowersinagun.com/wp-content/uploads/2014/11/Lucsious-Jackson-2.jpg,image,http://www.flowersinagun.com/wp-content/uploads/2014/11/Lucsious-Jackson-2.jpg,,,failed:http_404,0,
flowersinagun.com/wp-content/uploads/2014/11/Lucsious-Jackson-4.jpg,image,http://www.flowersinagun.com/wp-content/uploads/2014/11/Lucsious-Jackson-4.jpg,,,failed:http_404,0,
flowersinagun.com/wp-content/uploads/2014/11/Lucsious-Jackson-5.jpg,image,http://www.flowersinagun.com/wp-content/uploads/2014/11/Lucsious-Jackson-5.jpg,,,failed:http_404,0,
flowersinagun.com/wp-content/uploads/2014/11/Lucsious-Jackson-6.jpg,image,http://www.flowersinagun.com/wp-content/uploads/2014/11/Lucsious-Jackson-6.jpg,,,failed:http_404,0,
flowersinagun.com/wp-content/uploads/2014/11/Lucsious-Jackson-7.jpg,image,http://www.flowersinagun.com/wp-content/uploads/2014/11/Lucsious-Jackson-7.jpg,,,failed:http_404,0,
flowersinagun.com/wp-content/uploads/2014/11/Lucsious-Jackson-8.jpg,image,http://www.flowersinagun.com/wp-content/uploads/2014/11/Lucsious-Jackson-8.jpg,,,failed:http_404,0,
flowersinagun.com/wp-content/uploads/2014/11/Lucsious-Jackson-9.jpg,image,http://www.flowersinagun.com/wp-content/uploads/2014/11/Lucsious-Jackson-9.jpg,,,failed:http_404,0,
flowersinagun.com/wp-content/uploads/2014/11/SWEET-FIX-NJ-1-300x300.jpg,image,http://www.flowersinagun.com/wp-content/uploads/2014/11/SWEET-FIX-NJ-1-300x300.jpg,,,failed:http_404,0,
flowersinagun.com/wp-content/uploads/2014/11/SWEET-FIX-at-Mercury-Lounge-III-1-300x200.jpg,image,http://www.flowersinagun.com/wp-content/uploads/2014/11/SWEET-FIX-at-Mercury-Lounge-III-1-300x200.jpg,,,failed:http_404,0,
flowersinagun.com/wp-content/uploads/2014/11/SWEET-FIX-logo-1-275x300.jpg,image,http://www.flowersinagun.com/wp-content/uploads/2014/11/SWEET-FIX-logo-1-275x300.jpg,,,failed:http_404,0,
flowersinagun.com/wp-content/uploads/2014/11/That-Time-Again-copy-1-300x199.jpg,image,http://www.flowersinagun.com/wp-content/uploads/2014/11/That-Time-Again-copy-1-300x199.jpg,,,failed:http_404,0,
flowersinagun.com/wp-content/uploads/2014/11/The-Society-Islands-CD-Cover.jpg,image,http://www.flowersinagun.com/wp-content/uploads/2014/11/The-Society-Islands-CD-Cover.jpg,,,failed:http_404,0,
flowersinagun.com/wp-content/uploads/2014/11/mirror.jpg,image,http://www.flowersinagun.com/wp-content/uploads/2014/11/mirror.jpg,,,failed:http_404,0,
flowersinagun.com/wp-content/uploads/2014/11/styro.jpg,image,http://www.flowersinagun.com/wp-content/uploads/2014/11/styro.jpg,,,failed:http_404,0,
flowersinagun.com/wp-content/uploads/2014/11/timhecker-1024x683.jpeg,image,http://www.flowersinagun.com/wp-content/uploads/2014/11/timhecker-1024x683.jpeg,,,failed:http_404,0,
flowersinagun.com/wp-content/uploads/2014/11/untitled-1.jpg,image,http://www.flowersinagun.com/wp-content/uploads/2014/11/untitled-1.jpg,,,failed:http_404,0,
flowersinagun.com/wp-content/uploads/2014/11/untitled-2.jpg,image,http://www.flowersinagun.com/wp-content/uploads/2014/11/untitled-2.jpg,,,failed:http_404,0,
flowersinagun.com/wp-content/uploads/2014/11/untitled-3.jpg,image,http://www.flowersinagun.com/wp-content/uploads/2014/11/untitled-3.jpg,,,failed:http_404,0,
flowersinagun.com/wp-content/uploads/2014/11/untitled-4.jpg,image,http://www.flowersinagun.com/wp-content/uploads/2014/11/untitled-4.jpg,,,failed:http_404,0,
flowersinagun.com/wp-content/uploads/2014/11/untitled-5.jpg,image,http://www.flowersinagun.com/wp-content/uploads/2014/11/untitled-5.jpg,,,failed:http_404,0,
flowersinagun.com/wp-content/uploads/2014/11/untitled-6.jpg,image,http://www.flowersinagun.com/wp-content/uploads/2014/11/untitled-6.jpg,,,failed:http_404,0,
flowersinagun.com/wp-content/uploads/2014/11/untitled-7.jpg,image,http://www.flowersinagun.com/wp-content/uploads/2014/11/untitled-7.jpg,,,failed:http_404,0,
flowersinagun.com/wp-content/uploads/2014/11/untitled-8.jpg,image,http://www.flowersinagun.com/wp-content/uploads/2014/11/untitled-8.jpg,,,failed:http_404,0,
flowersinagun.com/wp-content/uploads/2014/11/untitled-9.jpg,image,http://www.flowersinagun.com/wp-content/uploads/2014/11/untitled-9.jpg,,,failed:http_404,0,
flowersinagun.com/wp-content/uploads/2014/11/yumiko-tanaka-1-1024x682.jpg,image,http://www.flowersinagun.com/wp-content/uploads/2014/11/yumiko-tanaka-1-1024x682.jpg,,,failed:http_404,0,
flowersinagun.com/wp-content/uploads/2014/11/yumiko-tanaka-2-1-1024x682.jpg,image,http://www.flowersinagun.com/wp-content/uploads/2014/11/yumiko-tanaka-2-1-1024x682.jpg,,,failed:http_404,0,
flowersinagun.com/wp-content/uploads/2014/12/DSC_0076.jpg,image,http://www.flowersinagun.com/wp-content/uploads/2014/12/DSC_0076.jpg,,,failed:http_404,0,
flowersinagun.com/wp-content/uploads/2014/12/Gravity-Single-CD-Cover.jpg,image,http://www.flowersinagun.com/wp-content/uploads/2014/12/Gravity-Single-CD-Cover.jpg,,,failed:http_404,0,
flowersinagun.com/wp-content/uploads/2014/12/amy-alex-bg.jpg,image,http://www.flowersinagun.com/wp-content/uploads/2014/12/amy-alex-bg.jpg,,,failed:http_404,0,
flowersinagun.com/wp-content/uploads/2014/12/audience-edit-1.jpg,image,http://www.flowersinagun.com/wp-content/uploads/2014/12/audience-edit-1.jpg,,,failed:http_404,0,
flowersinagun.com/wp-content/uploads/2014/12/audience-edit-4.jpg,image,http://www.flowersinagun.com/wp-content/uploads/2014/12/audience-edit-4.jpg,,,failed:http_404,0,
flowersinagun.com/wp-content/uploads/2014/12/dev-1.jpg,image,http://www.flowersinagun.com/wp-content/uploads/2014/12/dev-1.jpg,,,failed:http_404,0,
flowersinagun.com/wp-content/uploads/2014/12/holiday-swing-1-1024x682.jpg,image,http://www.flowersinagun.com/wp-content/uploads/2014/12/holiday-swing-1-1024x682.jpg,,,failed:http_404,0,
flowersinagun.com/wp-content/uploads/2014/12/holiday-swing-10-1024x682.jpg,image,http://www.flowersinagun.com/wp-content/uploads/2014/12/holiday-swing-10-1024x682.jpg,,,failed:http_404,0,
flowersinagun.com/wp-content/uploads/2014/12/holiday-swing-13-1024x682.jpg,image,http://www.flowersinagun.com/wp-content/uploads/2014/12/holiday-swing-13-1024x682.jpg,,,failed:http_404,0,
flowersinagun.com/wp-content/uploads/2014/12/holiday-swing-17-1024x682.jpg,image,http://www.flowersinagun.com/wp-content/uploads/2014/12/holiday-swing-17-1024x682.jpg,,,failed:http_404,0,
flowersinagun.com/wp-content/uploads/2014/12/holiday-swing-18-1024x682.jpg,image,http://www.flowersinagun.com/wp-content/uploads/2014/12/holiday-swing-18-1024x682.jpg,,,failed:http_404,0,
flowersinagun.com/wp-content/uploads/2014/12/holiday-swing-2-1024x682.jpg,image,http://www.flowersinagun.com/wp-content/uploads/2014/12/holiday-swing-2-1024x682.jpg,,,failed:http_404,0,
flowersinagun.com/wp-content/uploads/2014/12/holiday-swing-3-1024x682.jpg,image,http://www.flowersinagun.com/wp-content/uploads/2014/12/holiday-swing-3-1024x682.jpg,,,failed:http_404,0,
flowersinagun.com/wp-content/uploads/2014/12/holiday-swing-4-1024x682.jpg,image,http://www.flowersinagun.com/wp-content/uploads/2014/12/holiday-swing-4-1024x682.jpg,,,failed:http_404,0,
flowersinagun.com/wp-content/uploads/2014/12/holiday-swing-5-1024x682.jpg,image,http://www.flowersinagun.com/wp-content/uploads/2014/12/holiday-swing-5-1024x682.jpg,,,failed:http_404,0,
flowersinagun.com/wp-content/uploads/2014/12/holiday-swing-6-1024x682.jpg,image,http://www.flowersinagun.com/wp-content/uploads/2014/12/holiday-swing-6-1024x682.jpg,,,failed:http_404,0,
flowersinagun.com/wp-content/uploads/2014/12/holiday-swing-8-1024x682.jpg,image,http://www.flowersinagun.com/wp-content/uploads/2014/12/holiday-swing-8-1024x682.jpg,,,failed:http_404,0,
flowersinagun.com/wp-content/uploads/2014/12/untitled-12.jpg,image,http://www.flowersinagun.com/wp-content/uploads/2014/12/untitled-12.jpg,,,failed:http_404,0,
flowersinagun.com/wp-content/uploads/2014/12/untitled-2-682x1024.jpg,image,http://www.flowersinagun.com/wp-content/uploads/2014/12/untitled-2-682x1024.jpg,,,failed:http_404,0,
flowersinagun.com/wp-content/uploads/2014/12/untitled-4.jpg,image,http://www.flowersinagun.com/wp-content/uploads/2014/12/untitled-4.jpg,,,failed:http_404,0,
flowersinagun.com/wp-content/uploads/2014/12/untitled-6.jpg,image,http://www.flowersinagun.com/wp-content/uploads/2014/12/untitled-6.jpg,,,failed:http_404,0,
flowersinagun.com/wp-content/uploads/2014/12/untitled-8.jpg,image,http://www.flowersinagun.com/wp-content/uploads/2014/12/untitled-8.jpg,,,failed:http_404,0,
flowersinagun.com/wp-content/uploads/2014/12/varia0027.jpg,image,http://www.flowersinagun.com/wp-content/uploads/2014/12/varia0027.jpg,,,failed:http_404,0,
flowersinagun.com/wp-content/uploads/2014/12/varia0030.jpg,image,http://www.flowersinagun.com/wp-content/uploads/2014/12/varia0030.jpg,,,failed:http_404,0,
flowersinagun.com/wp-content/uploads/2015/01/NYCWJF-1.jpg,image,http://www.flowersinagun.com/wp-content/uploads/2015/01/NYCWJF-1.jpg,,,failed:http_404,0,
flowersinagun.com/wp-content/uploads/2015/01/NYCWJF-12-2.jpg,image,http://www.flowersinagun.com/wp-content/uploads/2015/01/NYCWJF-12-2.jpg,,,failed:http_404,0,
flowersinagun.com/wp-content/uploads/2015/01/NYCWJF-13.jpg,image,http://www.flowersinagun.com/wp-content/uploads/2015/01/NYCWJF-13.jpg,,,failed:http_404,0,
flowersinagun.com/wp-content/uploads/2015/01/NYCWJF-14.jpg,image,http://www.flowersinagun.com/wp-content/uploads/2015/01/NYCWJF-14.jpg,,,failed:http_404,0,
flowersinagun.com/wp-content/uploads/2015/01/NYCWJF-15.jpg,image,http://www.flowersinagun.com/wp-content/uploads/2015/01/NYCWJF-15.jpg,,,failed:http_404,0,
flowersinagun.com/wp-content/uploads/2015/01/NYCWJF-17-2.jpg,image,http://www.flowersinagun.com/wp-content/uploads/2015/01/NYCWJF-17-2.jpg,,,failed:http_404,0,
flowersinagun.com/wp-content/uploads/2015/01/NYCWJF-17.jpg,image,http://www.flowersinagun.com/wp-content/uploads/2015/01/NYCWJF-17.jpg,,,failed:http_404,0,
flowersinagun.com/wp-content/uploads/2015/01/NYCWJF-18.jpg,image,http://www.flowersinagun.com/wp-content/uploads/2015/01/NYCWJF-18.jpg,,,failed:http_404,0,
flowersinagun.com/wp-content/uploads/2015/01/NYCWJF-19-2.jpg,image,http://www.flowersinagun.com/wp-content/uploads/2015/01/NYCWJF-19-2.jpg,,,failed:http_404,0,
flowersinagun.com/wp-content/uploads/2015/01/NYCWJF-19.jpg,image,http://www.flowersinagun.com/wp-content/uploads/2015/01/NYCWJF-19.jpg,,,failed:http_404,0,
flowersinagun.com/wp-content/uploads/2015/01/NYCWJF-20-2.jpg,image,http://www.flowersinagun.com/wp-content/uploads/2015/01/NYCWJF-20-2.jpg,,,failed:http_404,0,
flowersinagun.com/wp-content/uploads/2015/01/NYCWJF-20.jpg,image,http://www.flowersinagun.com/wp-content/uploads/2015/01/NYCWJF-20.jpg,,,failed:http_404,0,
flowersinagun.com/wp-content/uploads/2015/01/NYCWJF-21.jpg,image,http://www.flowersinagun.com/wp-content/uploads/2015/01/NYCWJF-21.jpg,,,failed:http_404,0,
flowersinagun.com/wp-content/uploads/2015/01/NYCWJF-23-2.jpg,image,http://www.flowersinagun.com/wp-content/uploads/2015/01/NYCWJF-23-2.jpg,,,failed:http_404,0,
flowersinagun.com/wp-content/uploads/2015/01/NYCWJF-23.jpg,image,http://www.flowersinagun.com/wp-content/uploads/2015/01/NYCWJF-23.jpg,,,failed:http_404,0,
flowersinagun.com/wp-content/uploads/2015/01/NYCWJF-24-2.jpg,image,http://www.flowersinagun.com/wp-content/uploads/2015/01/NYCWJF-24-2.jpg,,,failed:http_404,0,
flowersinagun.com/wp-content/uploads/2015/01/NYCWJF-25-2.jpg,image,http://www.flowersinagun.com/wp-content/uploads/2015/01/NYCWJF-25-2.jpg,,,failed:http_404,0,
flowersinagun.com/wp-content/uploads/2015/01/NYCWJF-25.jpg,image,http://www.flowersinagun.com/wp-content/uploads/2015/01/NYCWJF-25.jpg,,,failed:http_404,0,
flowersinagun.com/wp-content/uploads/2015/01/NYCWJF-26.jpg,image,http://www.flowersinagun.com/wp-content/uploads/2015/01/NYCWJF-26.jpg,,,failed:http_404,0,
flowersinagun.com/wp-content/uploads/2015/01/NYCWJF-27-2.jpg,image,http://www.flowersinagun.com/wp-content/uploads/2015/01/NYCWJF-27-2.jpg,,,failed:http_404,0,
flowersinagun.com/wp-content/uploads/2015/01/NYCWJF-27.jpg,image,http://www.flowersinagun.com/wp-content/uploads/2015/01/NYCWJF-27.jpg,,,failed:http_404,0,
flowersinagun.com/wp-content/uploads/2015/01/NYCWJF-28.jpg,image,http://www.flowersinagun.com/wp-content/uploads/2015/01/NYCWJF-28.jpg,,,failed:http_404,0,
flowersinagun.com/wp-content/uploads/2015/01/NYCWJF-33.jpg,image,http://www.flowersinagun.com/wp-content/uploads/2015/01/NYCWJF-33.jpg,,,failed:http_404,0,
flowersinagun.com/wp-content/uploads/2015/01/NYCWJF-38.jpg,image,http://www.flowersinagun.com/wp-content/uploads/2015/01/NYCWJF-38.jpg,,,failed:http_404,0,
flowersinagun.com/wp-content/uploads/2015/01/NYCWJF-42.jpg,image,http://www.flowersinagun.com/wp-content/uploads/2015/01/NYCWJF-42.jpg,,,failed:http_404,0,
flowersinagun.com/wp-content/uploads/2015/01/NYCWJF-47.jpg,image,http://www.flowersinagun.com/wp-content/uploads/2015/01/NYCWJF-47.jpg,,,failed:http_404,0,
flowersinagun.com/wp-content/uploads/2015/01/NYCWJF-49.jpg,image,http://www.flowersinagun.com/wp-content/uploads/2015/01/NYCWJF-49.jpg,,,failed:http_404,0,
flowersinagun.com/wp-content/uploads/2015/01/NYCWJF-8-2.jpg,image,http://www.flowersinagun.com/wp-content/uploads/2015/01/NYCWJF-8-2.jpg,,,failed:http_404,0,
flowersinagun.com/wp-content/uploads/2015/01/NYCWJF-8.jpg,image,http://www.flowersinagun.com/wp-content/uploads/2015/01/NYCWJF-8.jpg,,,failed:http_404,0,
flowersinagun.com/wp-content/uploads/2015/01/NYCWJF-9-2.jpg,image,http://www.flowersinagun.com/wp-content/uploads/2015/01/NYCWJF-9-2.jpg,,,failed:http_404,0,
flowersinagun.com/wp-content/uploads/2015/01/untitled-1.jpg,image,http://www.flowersinagun.com/wp-content/uploads/2015/01/untitled-1.jpg,,,failed:http_404,0,
flowersinagun.com/wp-content/uploads/2015/01/untitled-2.jpg,image,http://www.flowersinagun.com/wp-content/uploads/2015/01/untitled-2.jpg,,,failed:http_404,0,
flowersinagun.com/wp-content/uploads/2015/01/untitled-3.jpg,image,http://www.flowersinagun.com/wp-content/uploads/2015/01/untitled-3.jpg,,,failed:http_404,0,
flowersinagun.com/wp-content/uploads/2015/05/Vijay-Iyer-4-1024x682.jpg,image,http://www.flowersinagun.com/wp-content/uploads/2015/05/Vijay-Iyer-4-1024x682.jpg,,,failed:http_404,0,
flowersinagun.com/wp-content/uploads/2015/06/IMG_0008.jpg,image,http://www.flowersinagun.com/wp-content/uploads/2015/06/IMG_0008.jpg,,,failed:http_404,0,
flowersinagun.com/wp-content/uploads/2015/06/IMG_0012.jpg,image,http://www.flowersinagun.com/wp-content/uploads/2015/06/IMG_0012.jpg,,,failed:http_404,0,
flowersinagun.com/wp-content/uploads/2015/06/IMG_0018.jpg,image,http://www.flowersinagun.com/wp-content/uploads/2015/06/IMG_0018.jpg,,,failed:http_404,0,
flowersinagun.com/wp-content/uploads/2015/06/IMG_0023.jpg,image,http://www.flowersinagun.com/wp-content/uploads/2015/06/IMG_0023.jpg,,,failed:http_404,0,
flowersinagun.com/wp-content/uploads/2015/06/IMG_0024.jpg,image,http://www.flowersinagun.com/wp-content/uploads/2015/06/IMG_0024.jpg,,,failed:http_404,0,
flowersinagun.com/wp-content/uploads/2015/06/IMG_0027.jpg,image,http://www.flowersinagun.com/wp-content/uploads/2015/06/IMG_0027.jpg,,,failed:http_404,0,
flowersinagun.com/wp-content/uploads/2015/06/IMG_0063.jpg,image,http://www.flowersinagun.com/wp-content/uploads/2015/06/IMG_0063.jpg,,,failed:http_404,0,
flowersinagun.com/wp-content/uploads/2015/06/IMG_0064.jpg,image,http://www.flowersinagun.com/wp-content/uploads/2015/06/IMG_0064.jpg,,,failed:http_404,0,
flowersinagun.com/wp-content/uploads/2015/06/IMG_0075.jpg,image,http://www.flowersinagun.com/wp-content/uploads/2015/06/IMG_0075.jpg,,,failed:http_404,0,
flowersinagun.com/wp-content/uploads/2015/06/IMG_0083.jpg,image,http://www.flowersinagun.com/wp-content/uploads/2015/06/IMG_0083.jpg,,,failed:http_404,0,
flowersinagun.com/wp-content/uploads/2015/06/IMG_0084.jpg,image,http://www.flowersinagun.com/wp-content/uploads/2015/06/IMG_0084.jpg,,,failed:http_404,0,
flowersinagun.com/wp-content/uploads/2015/06/IMG_0089.jpg,image,http://www.flowersinagun.com/wp-content/uploads/2015/06/IMG_0089.jpg,,,failed:http_404,0,
flowersinagun.com/wp-content/uploads/2015/06/IMG_0090.jpg,image,http://www.flowersinagun.com/wp-content/uploads/2015/06/IMG_0090.jpg,,,failed:http_404,0,
flowersinagun.com/wp-content/uploads/2015/06/IMG_0096.jpg,image,http://www.flowersinagun.com/wp-content/uploads/2015/06/IMG_0096.jpg,,,failed:http_404,0,
flowersinagun.com/wp-content/uploads/2015/06/IMG_0101.jpg,image,http://www.flowersinagun.com/wp-content/uploads/2015/06/IMG_0101.jpg,,,failed:http_404,0,
flowersinagun.com/wp-content/uploads/2015/06/IMG_0102.jpg,image,http://www.flowersinagun.com/wp-content/uploads/2015/06/IMG_0102.jpg,,,failed:http_404,0,
flowersinagun.com/wp-content/uploads/2015/06/IMG_0104.jpg,image,http://www.flowersinagun.com/wp-content/uploads/2015/06/IMG_0104.jpg,,,failed:http_404,0,
flowersinagun.com/wp-content/uploads/2015/06/untitled-1-1024x682.jpg,image,http://www.flowersinagun.com/wp-content/uploads/2015/06/untitled-1-1024x682.jpg,,,failed:http_404,0,
flowersinagun.com/wp-content/uploads/2015/06/untitled-2-1024x682.jpg,image,http://www.flowersinagun.com/wp-content/uploads/2015/06/untitled-2-1024x682.jpg,,,failed:http_404,0,
flowersinagun.com/wp-content/uploads/2015/06/untitled-3-1024x682.jpg,image,http://www.flowersinagun.com/wp-content/uploads/2015/06/untitled-3-1024x682.jpg,,,failed:http_404,0,
flowersinagun.com/wp-content/uploads/2015/06/untitled-4-682x1024.jpg,image,http://www.flowersinagun.com/wp-content/uploads/2015/06/untitled-4-682x1024.jpg,,,failed:http_404,0,
flowersinagun.com/wp-content/uploads/2015/06/untitled-7-1024x682.jpg,image,http://www.flowersinagun.com/wp-content/uploads/2015/06/untitled-7-1024x682.jpg,,,failed:http_404,0,
flowersinagun.com/wp-content/uploads/2015/06/untitled-9-682x1024.jpg,image,http://www.flowersinagun.com/wp-content/uploads/2015/06/untitled-9-682x1024.jpg,,,failed:http_404,0,
flowersinagun.com/wp-content/uploads/2015/08/11010517_1591045451181527_7927379709005872434_n.jpg,image,http://www.flowersinagun.com/wp-content/uploads/2015/08/11010517_1591045451181527_7927379709005872434_n.jpg,,,failed:http_404,0,
flowersinagun.com/wp-content/uploads/2015/08/11391272_1618011628484909_6068226273398775242_n.jpg,image,http://www.flowersinagun.com/wp-content/uploads/2015/08/11391272_1618011628484909_6068226273398775242_n.jpg,,,failed:http_404,0,
flowersinagun.com/wp-content/uploads/2015/08/Sister-2-300x199.jpg,image,http://www.flowersinagun.com/wp-content/uploads/2015/08/Sister-2-300x199.jpg,,,failed:http_404,0,
flowersinagun.com/wp-content/uploads/2015/08/Sister-3-300x199.jpg,image,http://www.flowersinagun.com/wp-content/uploads/2015/08/Sister-3-300x199.jpg,,,failed:http_404,0,
flowersinagun.com/wp-content/uploads/2015/08/Sister-6-300x199.jpg,image,http://www.flowersinagun.com/wp-content/uploads/2015/08/Sister-6-300x199.jpg,,,failed:http_404,0,
flowersinagun.com/wp-content/uploads/2015/08/Vowws-1.jpg,image,http://www.flowersinagun.com/wp-content/uploads/2015/08/Vowws-1.jpg,,,failed:http_404,0,
flowersinagun.com/wp-content/uploads/2015/08/Vowws-10.jpg,image,http://www.flowersinagun.com/wp-content/uploads/2015/08/Vowws-10.jpg,,,failed:http_404,0,
flowersinagun.com/wp-content/uploads/2015/08/Vowws-11.jpg,image,http://www.flowersinagun.com/wp-content/uploads/2015/08/Vowws-11.jpg,,,failed:http_404,0,
flowersinagun.com/wp-content/uploads/2015/08/Vowws-2.jpg,image,http://www.flowersinagun.com/wp-content/uploads/2015/08/Vowws-2.jpg,,,failed:http_404,0,
flowersinagun.com/wp-content/uploads/2015/08/Vowws-3.jpg,image,http://www.flowersinagun.com/wp-content/uploads/2015/08/Vowws-3.jpg,,,failed:http_404,0,
flowersinagun.com/wp-content/uploads/2015/08/Vowws-4.jpg,image,http://www.flowersinagun.com/wp-content/uploads/2015/08/Vowws-4.jpg,,,failed:http_404,0,
flowersinagun.com/wp-content/uploads/2015/08/Vowws-5.jpg,image,http://www.flowersinagun.com/wp-content/uploads/2015/08/Vowws-5.jpg,,,failed:http_404,0,
flowersinagun.com/wp-content/uploads/2015/08/Vowws-7.jpg,image,http://www.flowersinagun.com/wp-content/uploads/2015/08/Vowws-7.jpg,,,failed:http_404,0,
flowersinagun.com/wp-content/uploads/2015/08/Vowws-8.jpg,image,http://www.flowersinagun.com/wp-content/uploads/2015/08/Vowws-8.jpg,,,failed:http_404,0,
flowersinagun.com/wp-content/uploads/2015/08/Vowws-9.jpg,image,http://www.flowersinagun.com/wp-content/uploads/2015/08/Vowws-9.jpg,,,failed:http_404,0,
flowersinagun.com/wp-content/uploads/2015/12/Jazz-Standard-1.jpg,image,http://www.flowersinagun.com/wp-content/uploads/2015/12/Jazz-Standard-1.jpg,,,failed:http_404,0,
flowersinagun.com/wp-content/uploads/2015/12/Jazz-Standard-11.jpg,image,http://www.flowersinagun.com/wp-content/uploads/2015/12/Jazz-Standard-11.jpg,,,failed:http_404,0,
flowersinagun.com/wp-content/uploads/2015/12/Jazz-Standard-12.jpg,image,http://www.flowersinagun.com/wp-content/uploads/2015/12/Jazz-Standard-12.jpg,,,failed:http_404,0,
flowersinagun.com/wp-content/uploads/2015/12/Jazz-Standard-13.jpg,image,http://www.flowersinagun.com/wp-content/uploads/2015/12/Jazz-Standard-13.jpg,,,failed:http_404,0,
flowersinagun.com/wp-content/uploads/2015/12/Jazz-Standard-14.jpg,image,http://www.flowersinagun.com/wp-content/uploads/2015/12/Jazz-Standard-14.jpg,,,failed:http_404,0,
flowersinagun.com/wp-content/uploads/2015/12/Jazz-Standard-15.jpg,image,http://www.flowersinagun.com/wp-content/uploads/2015/12/Jazz-Standard-15.jpg,,,failed:http_404,0,
flowersinagun.com/wp-content/uploads/2015/12/Jazz-Standard-17.jpg,image,http://www.flowersinagun.com/wp-content/uploads/2015/12/Jazz-Standard-17.jpg,,,failed:http_404,0,
flowersinagun.com/wp-content/uploads/2015/12/Jazz-Standard-18.jpg,image,http://www.flowersinagun.com/wp-content/uploads/2015/12/Jazz-Standard-18.jpg,,,failed:http_404,0,
flowersinagun.com/wp-content/uploads/2015/12/Jazz-Standard-19.jpg,image,http://www.flowersinagun.com/wp-content/uploads/2015/12/Jazz-Standard-19.jpg,,,failed:http_404,0,
flowersinagun.com/wp-content/uploads/2015/12/Jazz-Standard-20.jpg,image,http://www.flowersinagun.com/wp-content/uploads/2015/12/Jazz-Standard-20.jpg,,,failed:http_404,0,
flowersinagun.com/wp-content/uploads/2015/12/Jazz-Standard-21.jpg,image,http://www.flowersinagun.com/wp-content/uploads/2015/12/Jazz-Standard-21.jpg,,,failed:http_404,0,
flowersinagun.com/wp-content/uploads/2015/12/Jazz-Standard-23.jpg,image,http://www.flowersinagun.com/wp-content/uploads/2015/12/Jazz-Standard-23.jpg,,,failed:http_404,0,
flowersinagun.com/wp-content/uploads/2015/12/Jazz-Standard-3.jpg,image,http://www.flowersinagun.com/wp-content/uploads/2015/12/Jazz-Standard-3.jpg,,,failed:http_404,0,
flowersinagun.com/wp-content/uploads/2015/12/Jazz-Standard-6.jpg,image,http://www.flowersinagun.com/wp-content/uploads/2015/12/Jazz-Standard-6.jpg,,,failed:http_404,0,
flowersinagun.com/wp-content/uploads/2015/12/Jazz-Standard-7.jpg,image,http://www.flowersinagun.com/wp-content/uploads/2015/12/Jazz-Standard-7.jpg,,,failed:http_404,0,
flowersinagun.com/wp-content/uploads/2015/12/Jazz-Standard-8.jpg,image,http://www.flowersinagun.com/wp-content/uploads/2015/12/Jazz-Standard-8.jpg,,,failed:http_404,0,
flowersinagun.com/wp-content/uploads/2015/12/Jazz-Standard-9.jpg,image,http://www.flowersinagun.com/wp-content/uploads/2015/12/Jazz-Standard-9.jpg,,,failed:http_404,0,
flowersinagun.com/wp-content/uploads/2016/01/0301c440-e545-4c78-bb19-ad26605bf125.jpg,image,http://www.flowersinagun.com/wp-content/uploads/2016/01/0301c440-e545-4c78-bb19-ad26605bf125.jpg,,,failed:http_404,0,
flowersinagun.com/wp-content/uploads/2016/01/1401x788-GettyImages-71087851.jpg,image,http://www.flowersinagun.com/wp-content/uploads/2016/01/1401x788-GettyImages-71087851.jpg,,,failed:http_404,0,
flowersinagun.com/wp-content/uploads/2016/01/160111-bowie-performance-jpo-525a_ee370ad8ea1477f061dcfb578d643dbf.nbcnews-ux-2880-1000.jpg,image,http://www.flowersinagun.com/wp-content/uploads/2016/01/160111-bowie-performance-jpo-525a_ee370ad8ea1477f061dcfb578d643dbf.nbcnews-ux-2880-1000.jpg,,,failed:http_404,0,
flowersinagun.com/wp-content/uploads/2016/01/199467_10150137262359983_1622953_n.jpg,image,http://www.flowersinagun.com/wp-content/uploads/2016/01/199467_10150137262359983_1622953_n.jpg,,,failed:http_404,0,
flowersinagun.com/wp-content/uploads/2016/01/233eba66-e74a-48aa-a9ad-eec197734061.jpg,image,http://www.flowersinagun.com/wp-content/uploads/2016/01/233eba66-e74a-48aa-a9ad-eec197734061.jpg,,,failed:http_404,0,
flowersinagun.com/wp-content/uploads/2016/01/3676d3b5-9a00-462b-9924-c663af94a75f.png,image,http://www.flowersinagun.com/wp-content/uploads/2016/01/3676d3b5-9a00-462b-9924-c663af94a75f.png,,,failed:http_404,0,
flowersinagun.com/wp-content/uploads/2016/01/88846a54-3313-4aa1-b86f-fe92124d744b.jpg,image,http://www.flowersinagun.com/wp-content/uploads/2016/01/88846a54-3313-4aa1-b86f-fe92124d744b.jpg,,,failed:http_404,0,
flowersinagun.com/wp-content/uploads/2016/01/8a5e24c3-8735-44f8-bc48-827137c579f9.png,image,http://www.flowersinagun.com/wp-content/uploads/2016/01/8a5e24c3-8735-44f8-bc48-827137c579f9.png,,,failed:http_404,0,
flowersinagun.com/wp-content/uploads/2016/01/Screen-Shot-2013-02-06-at-5.02.47-PM.png,image,http://www.flowersinagun.com/wp-content/uploads/2016/01/Screen-Shot-2013-02-06-at-5.02.47-PM.png,,,failed:http_404,0,
flowersinagun.com/wp-content/uploads/2016/01/bowiestardust.jpg,image,http://www.flowersinagun.com/wp-content/uploads/2016/01/bowiestardust.jpg,,,failed:http_404,0,
flowersinagun.com/wp-content/uploads/2016/01/d9bc1880-b6c5-4611-9756-38dadc7465c7.jpg,image,http://www.flowersinagun.com/wp-content/uploads/2016/01/d9bc1880-b6c5-4611-9756-38dadc7465c7.jpg,,,failed:http_404,0,
flowersinagun.com/wp-content/uploads/2016/02/Balcony-Singers.jpg,image,http://www.flowersinagun.com/wp-content/uploads/2016/02/Balcony-Singers.jpg,,,failed:http_404,0,
flowersinagun.com/wp-content/uploads/2016/02/DSCF0144-1024x683.jpg,image,http://www.flowersinagun.com/wp-content/uploads/2016/02/DSCF0144-1024x683.jpg,,,failed:http_404,0,
flowersinagun.com/wp-content/uploads/2016/02/DSCF0558-300x200.jpg,image,http://www.flowersinagun.com/wp-content/uploads/2016/02/DSCF0558-300x200.jpg,,,failed:http_404,0,
flowersinagun.com/wp-content/uploads/2016/02/DSCF0583-300x200.jpg,image,http://www.flowersinagun.com/wp-content/uploads/2016/02/DSCF0583-300x200.jpg,,,failed:http_404,0,
flowersinagun.com/wp-content/uploads/2016/02/DSCF0622-300x200.jpg,image,http://www.flowersinagun.com/wp-content/uploads/2016/02/DSCF0622-300x200.jpg,,,failed:http_404,0,
flowersinagun.com/wp-content/uploads/2016/02/IMG_0541-1024x768.jpg,image,http://www.flowersinagun.com/wp-content/uploads/2016/02/IMG_0541-1024x768.jpg,,,failed:http_404,0,
flowersinagun.com/wp-content/uploads/2016/02/Legal-Aid-Society-Benefit-1.jpg,image,http://www.flowersinagun.com/wp-content/uploads/2016/02/Legal-Aid-Society-Benefit-1.jpg,,,failed:http_404,0,
flowersinagun.com/wp-content/uploads/2016/02/Legal-Aid-Society-Benefit-10.jpg,image,http://www.flowersinagun.com/wp-content/uploads/2016/02/Legal-Aid-Society-Benefit-10.jpg,,,failed:http_404,0,
flowersinagun.com/wp-content/uploads/2016/02/Legal-Aid-Society-Benefit-11.jpg,image,http://www.flowersinagun.com/wp-content/uploads/2016/02/Legal-Aid-Society-Benefit-11.jpg,,,failed:http_404,0,
flowersinagun.com/wp-content/uploads/2016/02/Legal-Aid-Society-Benefit-12.jpg,image,http://www.flowersinagun.com/wp-content/uploads/2016/02/Legal-Aid-Society-Benefit-12.jpg,,,failed:http_404,0,
flowersinagun.com/wp-content/uploads/2016/02/Legal-Aid-Society-Benefit-13.jpg,image,http://www.flowersinagun.com/wp-content/uploads/2016/02/Legal-Aid-Society-Benefit-13.jpg,,,failed:http_404,0,
flowersinagun.com/wp-content/uploads/2016/02/Legal-Aid-Society-Benefit-14.jpg,image,http://www.flowersinagun.com/wp-content/uploads/2016/02/Legal-Aid-Society-Benefit-14.jpg,,,failed:http_404,0,
flowersinagun.com/wp-content/uploads/2016/02/Legal-Aid-Society-Benefit-15.jpg,image,http://www.flowersinagun.com/wp-content/uploads/2016/02/Legal-Aid-Society-Benefit-15.jpg,,,failed:http_404,0,
flowersinagun.com/wp-content/uploads/2016/02/Legal-Aid-Society-Benefit-16.jpg,image,http://www.flowersinagun.com/wp-content/uploads/2016/02/Legal-Aid-Society-Benefit-16.jpg,,,failed:http_404,0,
flowersinagun.com/wp-content/uploads/2016/02/Legal-Aid-Society-Benefit-18.jpg,image,http://www.flowersinagun.com/wp-content/uploads/2016/02/Legal-Aid-Society-Benefit-18.jpg,,,failed:http_404,0,
flowersinagun.com/wp-content/uploads/2016/02/Legal-Aid-Society-Benefit-2.jpg,image,http://www.flowersinagun.com/wp-content/uploads/2016/02/Legal-Aid-Society-Benefit-2.jpg,,,failed:http_404,0,
flowersinagun.com/wp-content/uploads/2016/02/Legal-Aid-Society-Benefit-3.jpg,image,http://www.flowersinagun.com/wp-content/uploads/2016/02/Legal-Aid-Society-Benefit-3.jpg,,,failed:http_404,0,
flowersinagun.com/wp-content/uploads/2016/02/Legal-Aid-Society-Benefit-4.jpg,image,http://www.flowersinagun.com/wp-content/uploads/2016/02/Legal-Aid-Society-Benefit-4.jpg,,,failed:http_404,0,
flowersinagun.com/wp-content/uploads/2016/02/Legal-Aid-Society-Benefit-5.jpg,image,http://www.flowersinagun.com/wp-content/uploads/2016/02/Legal-Aid-Society-Benefit-5.jpg,,,failed:http_404,0,
flowersinagun.com/wp-content/uploads/2016/02/Legal-Aid-Society-Benefit-6.jpg,image,http://www.flowersinagun.com/wp-content/uploads/2016/02/Legal-Aid-Society-Benefit-6.jpg,,,failed:http_404,0,
flowersinagun.com/wp-content/uploads/2016/02/Legal-Aid-Society-Benefit-7.jpg,image,http://www.flowersinagun.com/wp-content/uploads/2016/02/Legal-Aid-Society-Benefit-7.jpg,,,failed:http_404,0,
flowersinagun.com/wp-content/uploads/2016/02/Legal-Aid-Society-Benefit-8.jpg,image,http://www.flowersinagun.com/wp-content/uploads/2016/02/Legal-Aid-Society-Benefit-8.jpg,,,failed:http_404,0,
flowersinagun.com/wp-content/uploads/2016/02/Legal-Aid-Society-Benefit-9.jpg,image,http://www.flowersinagun.com/wp-content/uploads/2016/02/Legal-Aid-Society-Benefit-9.jpg,,,failed:http_404,0,
flowersinagun.com/wp-content/uploads/2016/02/thumb_DSCF0596_1024.jpg,image,http://www.flowersinagun.com/wp-content/uploads/2016/02/thumb_DSCF0596_1024.jpg,,,failed:http_404,0,
flowersinagun.com/wp-content/uploads/2016/03/IMG_9667.jpg,image,http://www.flowersinagun.com/wp-content/uploads/2016/03/IMG_9667.jpg,,,failed:http_404,0,
flowersinagun.com/wp-content/uploads/2016/03/IMG_9670.jpg,image,http://www.flowersinagun.com/wp-content/uploads/2016/03/IMG_9670.jpg,,,failed:http_404,0,
flowersinagun.com/wp-content/uploads/2016/03/IMG_9672.jpg,image,http://www.flowersinagun.com/wp-content/uploads/2016/03/IMG_9672.jpg,,,failed:http_404,0,
flowersinagun.com/wp-content/uploads/2016/03/IMG_9679.jpg,image,http://www.flowersinagun.com/wp-content/uploads/2016/03/IMG_9679.jpg,,,failed:http_404,0,
flowersinagun.com/wp-content/uploads/2016/03/IMG_9687.jpg,image,http://www.flowersinagun.com/wp-content/uploads/2016/03/IMG_9687.jpg,,,failed:http_404,0,
flowersinagun.com/wp-content/uploads/2016/03/IMG_9689.jpg,image,http://www.flowersinagun.com/wp-content/uploads/2016/03/IMG_9689.jpg,,,failed:http_404,0,
flowersinagun.com/wp-content/uploads/2016/03/IMG_9690.jpg,image,http://www.flowersinagun.com/wp-content/uploads/2016/03/IMG_9690.jpg,,,failed:http_404,0,
flowersinagun.com/wp-content/uploads/2016/03/IMG_9693.jpg,image,http://www.flowersinagun.com/wp-content/uploads/2016/03/IMG_9693.jpg,,,failed:http_404,0,
flowersinagun.com/wp-content/uploads/2016/03/IMG_9696.jpg,image,http://www.flowersinagun.com/wp-content/uploads/2016/03/IMG_9696.jpg,,,failed:http_404,0,
flowersinagun.com/wp-content/uploads/2016/03/IMG_9698.jpg,image,http://www.flowersinagun.com/wp-content/uploads/2016/03/IMG_9698.jpg,,,failed:http_404,0,
flowersinagun.com/wp-content/uploads/2016/03/IMG_9703.jpg,image,http://www.flowersinagun.com/wp-content/uploads/2016/03/IMG_9703.jpg,,,failed:http_404,0,
flowersinagun.com/wp-content/uploads/2016/03/IMG_9704.jpg,image,http://www.flowersinagun.com/wp-content/uploads/2016/03/IMG_9704.jpg,,,failed:http_404,0,
flowersinagun.com/wp-content/uploads/2016/03/IMG_9706.jpg,image,http://www.flowersinagun.com/wp-content/uploads/2016/03/IMG_9706.jpg,,,failed:http_404,0,
flowersinagun.com/wp-content/uploads/2016/03/IMG_9708.jpg,image,http://www.flowersinagun.com/wp-content/uploads/2016/03/IMG_9708.jpg,,,failed:http_404,0,
flowersinagun.com/wp-content/uploads/2016/03/IMG_9712.jpg,image,http://www.flowersinagun.com/wp-content/uploads/2016/03/IMG_9712.jpg,,,failed:http_404,0,
flowersinagun.com/wp-content/uploads/2016/03/IMG_9720.jpg,image,http://www.flowersinagun.com/wp-content/uploads/2016/03/IMG_9720.jpg,,,failed:http_404,0,
flowersinagun.com/wp-content/uploads/2016/03/IMG_9721.jpg,image,http://www.flowersinagun.com/wp-content/uploads/2016/03/IMG_9721.jpg,,,failed:http_404,0,
flowersinagun.com/wp-content/uploads/2016/03/IMG_9723.jpg,image,http://www.flowersinagun.com/wp-content/uploads/2016/03/IMG_9723.jpg,,,failed:http_404,0,
flowersinagun.com/wp-content/uploads/2016/03/IMG_9725.jpg,image,http://www.flowersinagun.com/wp-content/uploads/2016/03/IMG_9725.jpg,,,failed:http_404,0,
flowersinagun.com/wp-content/uploads/2016/03/IMG_9728.jpg,image,http://www.flowersinagun.com/wp-content/uploads/2016/03/IMG_9728.jpg,,,failed:http_404,0,
flowersinagun.com/wp-content/uploads/2016/03/IMG_9731.jpg,image,http://www.flowersinagun.com/wp-content/uploads/2016/03/IMG_9731.jpg,,,failed:http_404,0,
flowersinagun.com/wp-content/uploads/2016/03/IMG_9737.jpg,image,http://www.flowersinagun.com/wp-content/uploads/2016/03/IMG_9737.jpg,,,failed:http_404,0,
flowersinagun.com/wp-content/uploads/2016/03/IMG_9741.jpg,image,http://www.flowersinagun.com/wp-content/uploads/2016/03/IMG_9741.jpg,,,failed:http_404,0,
flowersinagun.com/wp-content/uploads/2016/03/IMG_9745.jpg,image,http://www.flowersinagun.com/wp-content/uploads/2016/03/IMG_9745.jpg,,,failed:http_404,0,
flowersinagun.com/wp-content/uploads/2016/03/IMG_9747.jpg,image,http://www.flowersinagun.com/wp-content/uploads/2016/03/IMG_9747.jpg,,,failed:http_404,0,
flowersinagun.com/wp-content/uploads/2016/03/IMG_9750.jpg,image,http://www.flowersinagun.com/wp-content/uploads/2016/03/IMG_9750.jpg,,,failed:http_404,0,
flowersinagun.com/wp-content/uploads/2016/03/IMG_9759.jpg,image,http://www.flowersinagun.com/wp-content/uploads/2016/03/IMG_9759.jpg,,,failed:http_404,0,
flowersinagun.com/wp-content/uploads/2016/03/IMG_9760.jpg,image,http://www.flowersinagun.com/wp-content/uploads/2016/03/IMG_9760.jpg,,,failed:http_404,0,
flowersinagun.com/wp-content/uploads/2016/03/IMG_9761.jpg,image,http://www.flowersinagun.com/wp-content/uploads/2016/03/IMG_9761.jpg,,,failed:http_404,0,
flowersinagun.com/wp-content/uploads/2016/03/IMG_9766.jpg,image,http://www.flowersinagun.com/wp-content/uploads/2016/03/IMG_9766.jpg,,,failed:http_404,0,
flowersinagun.com/wp-content/uploads/2016/03/IMG_9767.jpg,image,http://www.flowersinagun.com/wp-content/uploads/2016/03/IMG_9767.jpg,,,failed:http_404,0,
flowersinagun.com/wp-content/uploads/2016/06/13416829_1738236396419178_948049646895559105_o.jpg,image,http://www.flowersinagun.com/wp-content/uploads/2016/06/13416829_1738236396419178_948049646895559105_o.jpg,,,failed:http_404,0,
flowersinagun.com/wp-content/uploads/2016/07/10628751_776449622460190_1242433077053073485_o.jpg,image,http://www.flowersinagun.com/wp-content/uploads/2016/07/10628751_776449622460190_1242433077053073485_o.jpg,,,failed:http_404,0,
flowersinagun.com/wp-content/uploads/2016/07/12377638_776450079126811_5421134697667537252_o-1.jpg,image,http://www.flowersinagun.com/wp-content/uploads/2016/07/12377638_776450079126811_5421134697667537252_o-1.jpg,,,failed:http_404,0,
flowersinagun.com/wp-content/uploads/2016/07/12593739_793964970708655_108408866774034511_o-1.jpg,image,http://www.flowersinagun.com/wp-content/uploads/2016/07/12593739_793964970708655_108408866774034511_o-1.jpg,,,failed:http_404,0,
flowersinagun.com/wp-content/uploads/2016/09/Group1-300x271.jpg,image,http://www.flowersinagun.com/wp-content/uploads/2016/09/Group1-300x271.jpg,,,failed:http_404,0,
flowersinagun.com/wp-content/uploads/2016/09/Group2-300x218.jpg,image,http://www.flowersinagun.com/wp-content/uploads/2016/09/Group2-300x218.jpg,,,failed:http_404,0,
flowersinagun.com/wp-content/uploads/2016/09/Jack-300x300.jpg,image,http://www.flowersinagun.com/wp-content/uploads/2016/09/Jack-300x300.jpg,,,failed:http_404,0,
flowersinagun.com/wp-content/uploads/2016/09/Stef-300x300.jpg,image,http://www.flowersinagun.com/wp-content/uploads/2016/09/Stef-300x300.jpg,,,failed:http_404,0,
flowersinagun.com/wp-content/uploads/2016/09/Steph-300x300.jpg,image,http://www.flowersinagun.com/wp-content/uploads/2016/09/Steph-300x300.jpg,,,failed:http_404,0,
flowersinagun.com/wp-content/uploads/2016/09/TsC_Sqr_Blck_Text-300x300.jpg,image,http://www.flowersinagun.com/wp-content/uploads/2016/09/TsC_Sqr_Blck_Text-300x300.jpg,,,failed:http_404,0,
flowersinagun.com/wp-content/uploads/2016/09/TsC_Wide_Wht-300x120.jpg,image,http://www.flowersinagun.com/wp-content/uploads/2016/09/TsC_Wide_Wht-300x120.jpg,,,failed:http_404,0,
flowersinagun.com/wp-content/uploads/2016/10/DSC_3921.jpg,image,http://www.flowersinagun.com/wp-content/uploads/2016/10/DSC_3921.jpg,,,failed:http_404,0,
flowersinagun.com/wp-content/uploads/2016/10/DSC_4211.jpg,image,http://www.flowersinagun.com/wp-content/uploads/2016/10/DSC_4211.jpg,,,failed:http_404,0,
flowersinagun.com/wp-content/uploads/2016/10/IMG_8837.jpg,image,http://www.flowersinagun.com/wp-content/uploads/2016/10/IMG_8837.jpg,,,failed:http_404,0,
flowersinagun.com/wp-content/uploads/2016/10/IMG_8838.jpg,image,http://www.flowersinagun.com/wp-content/uploads/2016/10/IMG_8838.jpg,,,failed:http_404,0,
flowersinagun.com/wp-content/uploads/2016/11/DSC_0017.jpg,image,http://www.flowersinagun.com/wp-content/uploads/2016/11/DSC_0017.jpg,,,failed:http_404,0,
flowersinagun.com/wp-content/uploads/2016/11/DSC_0044.jpg,image,http://www.flowersinagun.com/wp-content/uploads/2016/11/DSC_0044.jpg,,,failed:http_404,0,
flowersinagun.com/wp-content/uploads/2016/11/DSC_0075.jpg,image,http://www.flowersinagun.com/wp-content/uploads/2016/11/DSC_0075.jpg,,,failed:http_404,0,
flowersinagun.com/wp-content/uploads/2016/11/DSC_0084.jpg,image,http://www.flowersinagun.com/wp-content/uploads/2016/11/DSC_0084.jpg,,,failed:http_404,0,
flowersinagun.com/wp-content/uploads/2016/11/DSC_0087.jpg,image,http://www.flowersinagun.com/wp-content/uploads/2016/11/DSC_0087.jpg,,,failed:http_404,0,
flowersinagun.com/wp-content/uploads/2016/11/DSC_0099.jpg,image,http://www.flowersinagun.com/wp-content/uploads/2016/11/DSC_0099.jpg,,,failed:http_404,0,
flowersinagun.com/wp-content/uploads/2016/11/DSC_9982.jpg,image,http://www.flowersinagun.com/wp-content/uploads/2016/11/DSC_9982.jpg,,,failed:http_404,0,
flowersinagun.com/wp-content/uploads/2016/11/DSC_9985.jpg,image,http://www.flowersinagun.com/wp-content/uploads/2016/11/DSC_9985.jpg,,,failed:http_404,0,
flowersinagun.com/wp-content/uploads/2016/11/DSC_9987.jpg,image,http://www.flowersinagun.com/wp-content/uploads/2016/11/DSC_9987.jpg,,,failed:http_404,0,
flowersinagun.com/wp-content/uploads/2017/02/IMG_0124-1.jpg,image,http://www.flowersinagun.com/wp-content/uploads/2017/02/IMG_0124-1.jpg,,,failed:http_404,0,
flowersinagun.com/wp-content/uploads/2017/02/IMG_0126-1.jpg,image,http://www.flowersinagun.com/wp-content/uploads/2017/02/IMG_0126-1.jpg,,,failed:http_404,0,
flowersinagun.com/wp-content/uploads/2017/02/IMG_0132-1.jpg,image,http://www.flowersinagun.com/wp-content/uploads/2017/02/IMG_0132-1.jpg,,,failed:http_404,0,
flowersinagun.com/wp-content/uploads/2017/02/IMG_0134-1.jpg,image,http://www.flowersinagun.com/wp-content/uploads/2017/02/IMG_0134-1.jpg,,,failed:http_404,0,
flowersinagun.com/wp-content/uploads/2017/02/IMG_0135.jpg,image,http://www.flowersinagun.com/wp-content/uploads/2017/02/IMG_0135.jpg,,,failed:http_404,0,
flowersinagun.com/wp-content/uploads/2017/02/IMG_0137-1.jpg,image,http://www.flowersinagun.com/wp-content/uploads/2017/02/IMG_0137-1.jpg,,,failed:http_404,0,
flowersinagun.com/wp-content/uploads/2017/02/IMG_0141.jpg,image,http://www.flowersinagun.com/wp-content/uploads/2017/02/IMG_0141.jpg,,,failed:http_404,0,
flowersinagun.com/wp-content/uploads/2017/02/IMG_0143.jpg,image,http://www.flowersinagun.com/wp-content/uploads/2017/02/IMG_0143.jpg,,,failed:http_404,0,
flowersinagun.com/wp-content/uploads/2017/02/IMG_0146.jpg,image,http://www.flowersinagun.com/wp-content/uploads/2017/02/IMG_0146.jpg,,,failed:http_404,0,
flowersinagun.com/wp-content/uploads/2017/02/IMG_0149.jpg,image,http://www.flowersinagun.com/wp-content/uploads/2017/02/IMG_0149.jpg,,,failed:http_404,0,
flowersinagun.com/wp-content/uploads/2017/10/unnamed-1.jpg,image,http://www.flowersinagun.com/wp-content/uploads/2017/10/unnamed-1.jpg,,,failed:http_404,0,
flowersinthebarrelofagun.com/wp-content/uploads/2012/07/versus-hand.jpg,image,http://www.flowersinthebarrelofagun.com/wp-content/uploads/2012/07/versus-hand.jpg,,,failed:http_404,0,
flowersinthebarrelofagun.com/wp-content/uploads/2012/09/http-__makeagif.com_media_9-01-2012_Ag9TJM.gif,image,http://www.flowersinthebarrelofagun.com/wp-content/uploads/2012/09/http-__makeagif.com_media_9-01-2012_Ag9TJM.gif,,,failed:http_404,0,
flowersinthebarrelofagun.com/wp-content/uploads/2012/11/10-168x300.jpg,image,http://www.flowersinthebarrelofagun.com/wp-content/uploads/2012/11/10-168x300.jpg,,,failed:http_404,0,
flowersinthebarrelofagun.com/wp-content/uploads/2012/11/11.jpg,image,http://www.flowersinthebarrelofagun.com/wp-content/uploads/2012/11/11.jpg,,,failed:http_404,0,
flowersinthebarrelofagun.com/wp-content/uploads/2012/11/12-168x300.jpg,image,http://www.flowersinthebarrelofagun.com/wp-content/uploads/2012/11/12-168x300.jpg,,,failed:http_404,0,
flowersinthebarrelofagun.com/wp-content/uploads/2012/11/13-168x300.jpg,image,http://www.flowersinthebarrelofagun.com/wp-content/uploads/2012/11/13-168x300.jpg,,,failed:http_404,0,
flowersinthebarrelofagun.com/wp-content/uploads/2012/11/14.jpg,image,http://www.flowersinthebarrelofagun.com/wp-content/uploads/2012/11/14.jpg,,,failed:http_404,0,
flowersinthebarrelofagun.com/wp-content/uploads/2012/11/15.jpg,image,http://www.flowersinthebarrelofagun.com/wp-content/uploads/2012/11/15.jpg,,,failed:http_404,0,
flowersinthebarrelofagun.com/wp-content/uploads/2012/11/16.jpg,image,http://www.flowersinthebarrelofagun.com/wp-content/uploads/2012/11/16.jpg,,,failed:http_404,0,
flowersinthebarrelofagun.com/wp-content/uploads/2012/11/17.jpg,image,http://www.flowersinthebarrelofagun.com/wp-content/uploads/2012/11/17.jpg,,,failed:http_404,0,
flowersinthebarrelofagun.com/wp-content/uploads/2012/11/19-168x300.jpg,image,http://www.flowersinthebarrelofagun.com/wp-content/uploads/2012/11/19-168x300.jpg,,,failed:http_404,0,
flowersinthebarrelofagun.com/wp-content/uploads/2012/11/2-168x300.jpg,image,http://www.flowersinthebarrelofagun.com/wp-content/uploads/2012/11/2-168x300.jpg,,,failed:http_404,0,
flowersinthebarrelofagun.com/wp-content/uploads/2012/11/20.jpg,image,http://www.flowersinthebarrelofagun.com/wp-content/uploads/2012/11/20.jpg,,,failed:http_404,0,
flowersinthebarrelofagun.com/wp-content/uploads/2012/11/21.jpg,image,http://www.flowersinthebarrelofagun.com/wp-content/uploads/2012/11/21.jpg,,,failed:http_404,0,
flowersinthebarrelofagun.com/wp-content/uploads/2012/11/22.jpg,image,http://www.flowersinthebarrelofagun.com/wp-content/uploads/2012/11/22.jpg,,,failed:http_404,0,
flowersinthebarrelofagun.com/wp-content/uploads/2012/11/23-682x1024.jpg,image,http://www.flowersinthebarrelofagun.com/wp-content/uploads/2012/11/23-682x1024.jpg,,,failed:http_404,0,
flowersinthebarrelofagun.com/wp-content/uploads/2012/11/231170_374857112605087_1047934489_n-180x300.jpg,image,http://www.flowersinthebarrelofagun.com/wp-content/uploads/2012/11/231170_374857112605087_1047934489_n-180x300.jpg,,,failed:http_404,0,
flowersinthebarrelofagun.com/wp-content/uploads/2012/11/24-part-168x300.jpg,image,http://www.flowersinthebarrelofagun.com/wp-content/uploads/2012/11/24-part-168x300.jpg,,,failed:http_404,0,
flowersinthebarrelofagun.com/wp-content/uploads/2012/11/31-168x300.jpg,image,http://www.flowersinthebarrelofagun.com/wp-content/uploads/2012/11/31-168x300.jpg,,,failed:http_404,0,
flowersinthebarrelofagun.com/wp-content/uploads/2012/11/3549_361693427254789_1535507300_n-180x300.jpg,image,http://www.flowersinthebarrelofagun.com/wp-content/uploads/2012/11/3549_361693427254789_1535507300_n-180x300.jpg,,,failed:http_404,0,
flowersinthebarrelofagun.com/wp-content/uploads/2012/11/383490_361693440588121_507476671_n-180x300.jpg,image,http://www.flowersinthebarrelofagun.com/wp-content/uploads/2012/11/383490_361693440588121_507476671_n-180x300.jpg,,,failed:http_404,0,
flowersinthebarrelofagun.com/wp-content/uploads/2012/11/4-168x300.jpg,image,http://www.flowersinthebarrelofagun.com/wp-content/uploads/2012/11/4-168x300.jpg,,,failed:http_404,0,
flowersinthebarrelofagun.com/wp-content/uploads/2012/11/403654_361693220588143_762583475_n-180x300.jpg,image,http://www.flowersinthebarrelofagun.com/wp-content/uploads/2012/11/403654_361693220588143_762583475_n-180x300.jpg,,,failed:http_404,0,
flowersinthebarrelofagun.com/wp-content/uploads/2012/11/420928_361693270588138_1603383700_n-180x300.jpg,image,http://www.flowersinthebarrelofagun.com/wp-content/uploads/2012/11/420928_361693270588138_1603383700_n-180x300.jpg,,,failed:http_404,0,
flowersinthebarrelofagun.com/wp-content/uploads/2012/11/421072_361692847254847_708299083_n-180x300.jpg,image,http://www.flowersinthebarrelofagun.com/wp-content/uploads/2012/11/421072_361692847254847_708299083_n-180x300.jpg,,,failed:http_404,0,
flowersinthebarrelofagun.com/wp-content/uploads/2012/11/5-168x300.jpg,image,http://www.flowersinthebarrelofagun.com/wp-content/uploads/2012/11/5-168x300.jpg,,,failed:http_404,0,
flowersinthebarrelofagun.com/wp-content/uploads/2012/11/557637_361693587254773_154350012_n-180x300.jpg,image,http://www.flowersinthebarrelofagun.com/wp-content/uploads/2012/11/557637_361693587254773_154350012_n-180x300.jpg,,,failed:http_404,0,
flowersinthebarrelofagun.com/wp-content/uploads/2012/11/579083_361698003920998_1015104850_n-180x300.jpg,image,http://www.flowersinthebarrelofagun.com/wp-content/uploads/2012/11/579083_361698003920998_1015104850_n-180x300.jpg,,,failed:http_404,0,
flowersinthebarrelofagun.com/wp-content/uploads/2012/11/581556_361693200588145_180284650_n-180x300.jpg,image,http://www.flowersinthebarrelofagun.com/wp-content/uploads/2012/11/581556_361693200588145_180284650_n-180x300.jpg,,,failed:http_404,0,
flowersinthebarrelofagun.com/wp-content/uploads/2012/11/7-168x300.jpg,image,http://www.flowersinthebarrelofagun.com/wp-content/uploads/2012/11/7-168x300.jpg,,,failed:http_404,0,
flowersinthebarrelofagun.com/wp-content/uploads/2012/11/8-168x300.jpg,image,http://www.flowersinthebarrelofagun.com/wp-content/uploads/2012/11/8-168x300.jpg,,,failed:http_404,0,
flowersinthebarrelofagun.com/wp-content/uploads/2012/11/9-1024x575.jpg,image,http://www.flowersinthebarrelofagun.com/wp-content/uploads/2012/11/9-1024x575.jpg,,,failed:http_404,0,
flowersinthebarrelofagun.com/wp-content/uploads/2012/11/IMG_2979-682x1024.jpg,image,http://www.flowersinthebarrelofagun.com/wp-content/uploads/2012/11/IMG_2979-682x1024.jpg,,,failed:http_404,0,
flowersinthebarrelofagun.com/wp-content/uploads/2012/11/IMG_2980-682x1024.jpg,image,http://www.flowersinthebarrelofagun.com/wp-content/uploads/2012/11/IMG_2980-682x1024.jpg,,,failed:http_404,0,
flowersinthebarrelofagun.com/wp-content/uploads/2012/11/IMG_2981.jpg,image,http://www.flowersinthebarrelofagun.com/wp-content/uploads/2012/11/IMG_2981.jpg,,,failed:http_404,0,
flowersinthebarrelofagun.com/wp-content/uploads/2012/11/IMG_2988.jpg,image,http://www.flowersinthebarrelofagun.com/wp-content/uploads/2012/11/IMG_2988.jpg,,,failed:http_404,0,
flowersinthebarrelofagun.com/wp-content/uploads/2012/11/IMG_2990.jpg,image,http://www.flowersinthebarrelofagun.com/wp-content/uploads/2012/11/IMG_2990.jpg,,,failed:http_404,0,
flowersinthebarrelofagun.com/wp-content/uploads/2012/11/IMG_2995.jpg,image,http://www.flowersinthebarrelofagun.com/wp-content/uploads/2012/11/IMG_2995.jpg,,,failed:http_404,0,
flowersinthebarrelofagun.com/wp-content/uploads/2012/11/IMG_3005.jpg,image,http://www.flowersinthebarrelofagun.com/wp-content/uploads/2012/11/IMG_3005.jpg,,,failed:http_404,0,
flowersinthebarrelofagun.com/wp-content/uploads/2012/11/IMG_3007.jpg,image,http://www.flowersinthebarrelofagun.com/wp-content/uploads/2012/11/IMG_3007.jpg,,,failed:http_404,0,
flowersinthebarrelofagun.com/wp-content/uploads/2012/11/IMG_3012.jpg,image,http://www.flowersinthebarrelofagun.com/wp-content/uploads/2012/11/IMG_3012.jpg,,,failed:http_404,0,
flowersinthebarrelofagun.com/wp-content/uploads/2012/11/IMG_3014.jpg,image,http://www.flowersinthebarrelofagun.com/wp-content/uploads/2012/11/IMG_3014.jpg,,,failed:http_404,0,
flowersinthebarrelofagun.com/wp-content/uploads/2012/11/IMG_3015.jpg,image,http://www.flowersinthebarrelofagun.com/wp-content/uploads/2012/11/IMG_3015.jpg,,,failed:http_404,0,
flowersinthebarrelofagun.com/wp-content/uploads/2012/11/IMG_3027-682x1024.jpg,image,http://www.flowersinthebarrelofagun.com/wp-content/uploads/2012/11/IMG_3027-682x1024.jpg,,,failed:http_404,0,
flowersinthebarrelofagun.com/wp-content/uploads/2012/11/IMG_3028.jpg,image,http://www.flowersinthebarrelofagun.com/wp-content/uploads/2012/11/IMG_3028.jpg,,,failed:http_404,0,
flowersinthebarrelofagun.com/wp-content/uploads/2012/11/IMG_3030.jpg,image,http://www.flowersinthebarrelofagun.com/wp-content/uploads/2012/11/IMG_3030.jpg,,,failed:http_404,0,
flowersinthebarrelofagun.com/wp-content/uploads/2012/11/IMG_3032-682x1024.jpg,image,http://www.flowersinthebarrelofagun.com/wp-content/uploads/2012/11/IMG_3032-682x1024.jpg,,,failed:http_404,0,
flowersinthebarrelofagun.com/wp-content/uploads/2012/11/IMG_3033.jpg,image,http://www.flowersinthebarrelofagun.com/wp-content/uploads/2012/11/IMG_3033.jpg,,,failed:http_404,0,
flowersinthebarrelofagun.com/wp-content/uploads/2012/11/IMG_3034-682x1024.jpg,image,http://www.flowersinthebarrelofagun.com/wp-content/uploads/2012/11/IMG_3034-682x1024.jpg,,,failed:http_404,0,
flowersinthebarrelofagun.com/wp-content/uploads/2012/11/IMG_3037.jpg,image,http://www.flowersinthebarrelofagun.com/wp-content/uploads/2012/11/IMG_3037.jpg,,,failed:http_404,0,
flowersinthebarrelofagun.com/wp-content/uploads/2012/11/IMG_3056.jpg,image,http://www.flowersinthebarrelofagun.com/wp-content/uploads/2012/11/IMG_3056.jpg,,,failed:http_404,0,
flowersinthebarrelofagun.com/wp-content/uploads/2012/11/autumn.jpg,image,http://www.flowersinthebarrelofagun.com/wp-content/uploads/2012/11/autumn.jpg,,,failed:http_404,0,
flowersinthebarrelofagun.com/wp-content/uploads/2012/11/meow.jpg,image,http://www.flowersinthebarrelofagun.com/wp-content/uploads/2012/11/meow.jpg,,,failed:http_404,0,
flowersinthebarrelofagun.com/wp-content/uploads/2012/11/world-trade-center1-168x300.jpg,image,http://www.flowersinthebarrelofagun.com/wp-content/uploads/2012/11/world-trade-center1-168x300.jpg,,,failed:http_404,0,
flowersinthebarrelofagun.com/wp-content/uploads/2013/03/st1-1024x682.jpg,image,http://www.flowersinthebarrelofagun.com/wp-content/uploads/2013/03/st1-1024x682.jpg,,,failed:http_404,0,
flowersinthebarrelofagun.com/wp-content/uploads/2013/03/st10-1024x682.jpg,image,http://www.flowersinthebarrelofagun.com/wp-content/uploads/2013/03/st10-1024x682.jpg,,,failed:http_404,0,
flowersinthebarrelofagun.com/wp-content/uploads/2013/03/st11-1024x682.jpg,image,http://www.flowersinthebarrelofagun.com/wp-content/uploads/2013/03/st11-1024x682.jpg,,,failed:http_404,0,
flowersinthebarrelofagun.com/wp-content/uploads/2013/03/st12-1024x682.jpg,image,http://www.flowersinthebarrelofagun.com/wp-content/uploads/2013/03/st12-1024x682.jpg,,,failed:http_404,0,
flowersinthebarrelofagun.com/wp-content/uploads/2013/03/st13-1024x682.jpg,image,http://www.flowersinthebarrelofagun.com/wp-content/uploads/2013/03/st13-1024x682.jpg,,,failed:http_404,0,
flowersinthebarrelofagun.com/wp-content/uploads/2013/03/st14-1024x682.jpg,image,http://www.flowersinthebarrelofagun.com/wp-content/uploads/2013/03/st14-1024x682.jpg,,,failed:http_404,0,
flowersinthebarrelofagun.com/wp-content/uploads/2013/03/st15-1024x682.jpg,image,http://www.flowersinthebarrelofagun.com/wp-content/uploads/2013/03/st15-1024x682.jpg,,,failed:http_404,0,
flowersinthebarrelofagun.com/wp-content/uploads/2013/03/st16-1024x682.jpg,image,http://www.flowersinthebarrelofagun.com/wp-content/uploads/2013/03/st16-1024x682.jpg,,,failed:http_404,0,
flowersinthebarrelofagun.com/wp-content/uploads/2013/03/st17-1024x682.jpg,image,http://www.flowersinthebarrelofagun.com/wp-content/uploads/2013/03/st17-1024x682.jpg,,,failed:http_404,0,
flowersinthebarrelofagun.com/wp-content/uploads/2013/03/st18-1024x682.jpg,image,http://www.flowersinthebarrelofagun.com/wp-content/uploads/2013/03/st18-1024x682.jpg,,,failed:http_404,0,
flowersinthebarrelofagun.com/wp-content/uploads/2013/03/st19-1024x682.jpg,image,http://www.flowersinthebarrelofagun.com/wp-content/uploads/2013/03/st19-1024x682.jpg,,,failed:http_404,0,
flowersinthebarrelofagun.com/wp-content/uploads/2013/03/st2-1024x682.jpg,image,http://www.flowersinthebarrelofagun.com/wp-content/uploads/2013/03/st2-1024x682.jpg,,,failed:http_404,0,
flowersinthebarrelofagun.com/wp-content/uploads/2013/03/st20-1024x682.jpg,image,http://www.flowersinthebarrelofagun.com/wp-content/uploads/2013/03/st20-1024x682.jpg,,,failed:http_404,0,
flowersinthebarrelofagun.com/wp-content/uploads/2013/03/st21-1024x682.jpg,image,http://www.flowersinthebarrelofagun.com/wp-content/uploads/2013/03/st21-1024x682.jpg,,,failed:http_404,0,
flowersinthebarrelofagun.com/wp-content/uploads/2013/03/st22-1024x682.jpg,image,http://www.flowersinthebarrelofagun.com/wp-content/uploads/2013/03/st22-1024x682.jpg,,,failed:http_404,0,
flowersinthebarrelofagun.com/wp-content/uploads/2013/03/st23-1024x682.jpg,image,http://www.flowersinthebarrelofagun.com/wp-content/uploads/2013/03/st23-1024x682.jpg,,,failed:http_404,0,
flowersinthebarrelofagun.com/wp-content/uploads/2013/03/st3-1024x682.jpg,image,http://www.flowersinthebarrelofagun.com/wp-content/uploads/2013/03/st3-1024x682.jpg,,,failed:http_404,0,
flowersinthebarrelofagun.com/wp-content/uploads/2013/03/st4-1024x682.jpg,image,http://www.flowersinthebarrelofagun.com/wp-content/uploads/2013/03/st4-1024x682.jpg,,,failed:http_404,0,
flowersinthebarrelofagun.com/wp-content/uploads/2013/03/st5-1024x682.jpg,image,http://www.flowersinthebarrelofagun.com/wp-content/uploads/2013/03/st5-1024x682.jpg,,,failed:http_404,0,
flowersinthebarrelofagun.com/wp-content/uploads/2013/03/st6-1024x682.jpg,image,http://www.flowersinthebarrelofagun.com/wp-content/uploads/2013/03/st6-1024x682.jpg,,,failed:http_404,0,
flowersinthebarrelofagun.com/wp-content/uploads/2013/03/st7-1024x682.jpg,image,http://www.flowersinthebarrelofagun.com/wp-content/uploads/2013/03/st7-1024x682.jpg,,,failed:http_404,0,
flowersinthebarrelofagun.com/wp-content/uploads/2013/03/st8-1024x682.jpg,image,http://www.flowersinthebarrelofagun.com/wp-content/uploads/2013/03/st8-1024x682.jpg,,,failed:http_404,0,
flowersinthebarrelofagun.com/wp-content/uploads/2013/03/st9-1024x682.jpg,image,http://www.flowersinthebarrelofagun.com/wp-content/uploads/2013/03/st9-1024x682.jpg,,,failed:http_404,0,
flowersinthebarrelofagun.com/wp-content/uploads/2013/06/SAM_1578-1024x682.jpg,image,http://www.flowersinthebarrelofagun.com/wp-content/uploads/2013/06/SAM_1578-1024x682.jpg,,,failed:http_404,0,
flowersinthebarrelofagun.com/wp-content/uploads/2013/06/SAM_1599-1024x682.jpg,image,http://www.flowersinthebarrelofagun.com/wp-content/uploads/2013/06/SAM_1599-1024x682.jpg,,,failed:http_404,0,
flowersinthebarrelofagun.com/wp-content/uploads/2013/06/ailqk-1024x682.jpg,image,http://www.flowersinthebarrelofagun.com/wp-content/uploads/2013/06/ailqk-1024x682.jpg,,,failed:http_404,0,
flowersinthebarrelofagun.com/wp-content/uploads/2013/06/ailqk2-1024x682.jpg,image,http://www.flowersinthebarrelofagun.com/wp-content/uploads/2013/06/ailqk2-1024x682.jpg,,,failed:http_404,0,
flowersinthebarrelofagun.com/wp-content/uploads/2013/06/flag-1024x682.jpg,image,http://www.flowersinthebarrelofagun.com/wp-content/uploads/2013/06/flag-1024x682.jpg,,,failed:http_404,0,
flowersinthebarrelofagun.com/wp-content/uploads/2013/06/gypsy-1024x682.jpg,image,http://www.flowersinthebarrelofagun.com/wp-content/uploads/2013/06/gypsy-1024x682.jpg,,,failed:http_404,0,
flowersinthebarrelofagun.com/wp-content/uploads/2013/06/hh.jpg,image,http://www.flowersinthebarrelofagun.com/wp-content/uploads/2013/06/hh.jpg,,,failed:http_404,0,
flowersinthebarrelofagun.com/wp-content/uploads/2013/06/kid-1024x682.jpg,image,http://www.flowersinthebarrelofagun.com/wp-content/uploads/2013/06/kid-1024x682.jpg,,,failed:http_404,0,
flowersinthebarrelofagun.com/wp-content/uploads/2013/06/lovers-1024x682.jpg,image,http://www.flowersinthebarrelofagun.com/wp-content/uploads/2013/06/lovers-1024x682.jpg,,,failed:http_404,0,
flowersinthebarrelofagun.com/wp-content/uploads/2013/06/narodno-1024x682.jpg,image,http://www.flowersinthebarrelofagun.com/wp-content/uploads/2013/06/narodno-1024x682.jpg,,,failed:http_404,0,
flowersinthebarrelofagun.com/wp-content/uploads/2013/06/pes-1024x682.jpg,image,http://www.flowersinthebarrelofagun.com/wp-content/uploads/2013/06/pes-1024x682.jpg,,,failed:http_404,0,
flowersinthebarrelofagun.com/wp-content/uploads/2013/06/piano-1024x682.jpg,image,http://www.flowersinthebarrelofagun.com/wp-content/uploads/2013/06/piano-1024x682.jpg,,,failed:http_404,0,
flowersinthebarrelofagun.com/wp-content/uploads/2013/06/rihanna-1024x682.jpg,image,http://www.flowersinthebarrelofagun.com/wp-content/uploads/2013/06/rihanna-1024x682.jpg,,,failed:http_404,0,
flowersinthebarrelofagun.com/wp-content/uploads/2013/06/shtastie-1024x682.jpg,image,http://www.flowersinthebarrelofagun.com/wp-content/uploads/2013/06/shtastie-1024x682.jpg,,,failed:http_404,0,
flowersinthebarrelofagun.com/wp-content/uploads/2013/06/sky-1024x682.jpg,image,http://www.flowersinthebarrelofagun.com/wp-content/uploads/2013/06/sky-1024x682.jpg,,,failed:http_404,0,
flowersinthebarrelofagun.com/wp-content/uploads/2013/06/smokebw-1024x682.jpg,image,http://www.flowersinthebarrelofagun.com/wp-content/uploads/2013/06/smokebw-1024x682.jpg,,,failed:http_404,0,
flowersinagun.com/wp-content/uploads/2013/11/Bathhouse-236x300.jpg,image,https://www.flowersinagun.com/wp-content/uploads/2013/11/Bathhouse-236x300.jpg,,,failed:http_404,0,
flowersinagun.com/wp-content/uploads/2013/11/IMG_8151-300x200.jpg,image,https://www.flowersinagun.com/wp-content/uploads/2013/11/IMG_8151-300x200.jpg,,,failed:http_404,0,
flowersinagun.com/wp-content/uploads/2013/11/IMG_8153-300x200.jpg,image,https://www.flowersinagun.com/wp-content/uploads/2013/11/IMG_8153-300x200.jpg,,,failed:http_404,0,
flowersinagun.com/wp-content/uploads/2013/11/IMG_8180-300x200.jpg,image,https://www.flowersinagun.com/wp-content/uploads/2013/11/IMG_8180-300x200.jpg,,,failed:http_404,0,
flowersinagun.com/wp-content/uploads/2013/11/IMG_8195-200x300.jpg,image,https://www.flowersinagun.com/wp-content/uploads/2013/11/IMG_8195-200x300.jpg,,,failed:http_404,0,
flowersinagun.com/wp-content/uploads/2013/11/IMG_8209-200x300.jpg,image,https://www.flowersinagun.com/wp-content/uploads/2013/11/IMG_8209-200x300.jpg,,,failed:http_404,0,
flowersinagun.com/wp-content/uploads/2013/11/IMG_8283-200x300.jpg,image,https://www.flowersinagun.com/wp-content/uploads/2013/11/IMG_8283-200x300.jpg,,,failed:http_404,0,
flowersinagun.com/wp-content/uploads/2013/11/IMG_8322-200x300.jpg,image,https://www.flowersinagun.com/wp-content/uploads/2013/11/IMG_8322-200x300.jpg,,,failed:http_404,0,
flowersinagun.com/wp-content/uploads/2013/11/IMG_8388-200x300.jpg,image,https://www.flowersinagun.com/wp-content/uploads/2013/11/IMG_8388-200x300.jpg,,,failed:http_404,0,
flowersinagun.com/wp-content/uploads/2013/11/IMG_8421-200x300.jpg,image,https://www.flowersinagun.com/wp-content/uploads/2013/11/IMG_8421-200x300.jpg,,,failed:http_404,0,
flowersinagun.com/wp-content/uploads/2013/11/IMG_8447-300x200.jpg,image,https://www.flowersinagun.com/wp-content/uploads/2013/11/IMG_8447-300x200.jpg,,,failed:http_404,0,
flowersinagun.com/wp-content/uploads/2014/02/GB-and-LS.jpg,image,https://www.flowersinagun.com/wp-content/uploads/2014/02/GB-and-LS.jpg,,,failed:http_404,0,
flowersinagun.com/wp-content/uploads/2014/02/JC2.jpg,image,https://www.flowersinagun.com/wp-content/uploads/2014/02/JC2.jpg,,,failed:http_404,0,
flowersinagun.com/wp-content/uploads/2014/02/JC4.jpg,image,https://www.flowersinagun.com/wp-content/uploads/2014/02/JC4.jpg,,,failed:http_404,0,
flowersinagun.com/wp-content/uploads/2014/02/JCQ11.jpg,image,https://www.flowersinagun.com/wp-content/uploads/2014/02/JCQ11.jpg,,,failed:http_404,0,
flowersinagun.com/wp-content/uploads/2014/02/JCQ6.jpg,image,https://www.flowersinagun.com/wp-content/uploads/2014/02/JCQ6.jpg,,,failed:http_404,0,
flowersinagun.com/wp-content/uploads/2014/04/Caravan-Palace-1-2-1024x682.jpg,image,https://www.flowersinagun.com/wp-content/uploads/2014/04/Caravan-Palace-1-2-1024x682.jpg,,,failed:http_404,0,
flowersinagun.com/wp-content/uploads/2014/04/Caravan-Palace-1-3-1024x682.jpg,image,https://www.flowersinagun.com/wp-content/uploads/2014/04/Caravan-Palace-1-3-1024x682.jpg,,,failed:http_404,0,
flowersinagun.com/wp-content/uploads/2014/04/Caravan-Palace-11-2-1024x682.jpg,image,https://www.flowersinagun.com/wp-content/uploads/2014/04/Caravan-Palace-11-2-1024x682.jpg,,,failed:http_404,0,
flowersinagun.com/wp-content/uploads/2014/04/Caravan-Palace-2-2.jpg,image,https://www.flowersinagun.com/wp-content/uploads/2014/04/Caravan-Palace-2-2.jpg,,,failed:http_404,0,
flowersinagun.com/wp-content/uploads/2014/04/Caravan-Palace-3-2-1024x682.jpg,image,https://www.flowersinagun.com/wp-content/uploads/2014/04/Caravan-Palace-3-2-1024x682.jpg,,,failed:http_404,0,
flowersinagun.com/wp-content/uploads/2014/04/Caravan-Palace-7-2-1024x682.jpg,image,https://www.flowersinagun.com/wp-content/uploads/2014/04/Caravan-Palace-7-2-1024x682.jpg,,,failed:http_404,0,
flowersinagun.com/wp-content/uploads/2014/08/10488913_10202586348799240_1377219624_n.jpg,image,https://www.flowersinagun.com/wp-content/uploads/2014/08/10488913_10202586348799240_1377219624_n.jpg,,,failed:http_404,0,
flowersinagun.com/wp-content/uploads/2014/08/10578876_10202586613445856_1376524988_n.jpg,image,https://www.flowersinagun.com/wp-content/uploads/2014/08/10578876_10202586613445856_1376524988_n.jpg,,,failed:http_404,0,
flowersinagun.com/wp-content/uploads/2014/08/10581780_10202586391560309_197727038_n.jpg,image,https://www.flowersinagun.com/wp-content/uploads/2014/08/10581780_10202586391560309_197727038_n.jpg,,,failed:http_404,0,
flowersinagun.com/wp-content/uploads/2014/08/10613869_10202586470402280_95837085_n.jpg,image,https://www.flowersinagun.com/wp-content/uploads/2014/08/10613869_10202586470402280_95837085_n.jpg,,,failed:http_404,0,
flowersinagun.com/wp-content/uploads/2014/08/10621104_10202586229516258_1139782172_n.jpg,image,https://www.flowersinagun.com/wp-content/uploads/2014/08/10621104_10202586229516258_1139782172_n.jpg,,,failed:http_404,0,
flowersinagun.com/wp-content/uploads/2014/08/10638060_10202586540444031_1004745066_n.jpg,image,https://www.flowersinagun.com/wp-content/uploads/2014/08/10638060_10202586540444031_1004745066_n.jpg,,,failed:http_404,0,
flowersinagun.com/wp-content/uploads/2014/08/untitled-10-200x300.jpg,image,https://www.flowersinagun.com/wp-content/uploads/2014/08/untitled-10-200x300.jpg,,,failed:http_404,0,
flowersinagun.com/wp-content/uploads/2014/08/untitled-34-300x200.jpg,image,https://www.flowersinagun.com/wp-content/uploads/2014/08/untitled-34-300x200.jpg,,,failed:http_404,0,
flowersinagun.com/wp-content/uploads/2014/08/untitled-38-300x200.jpg,image,https://www.flowersinagun.com/wp-content/uploads/2014/08/untitled-38-300x200.jpg,,,failed:http_404,0,
flowersinagun.com/wp-content/uploads/2014/08/untitled-39-300x200.jpg,image,https://www.flowersinagun.com/wp-content/uploads/2014/08/untitled-39-300x200.jpg,,,failed:http_404,0,
flowersinagun.com/wp-content/uploads/2014/08/untitled-63-300x200.jpg,image,https://www.flowersinagun.com/wp-content/uploads/2014/08/untitled-63-300x200.jpg,,,failed:http_404,0,
flowersinagun.com/wp-content/uploads/2014/08/untitled-77-300x200.jpg,image,https://www.flowersinagun.com/wp-content/uploads/2014/08/untitled-77-300x200.jpg,,,failed:http_404,0,
flowersinagun.com/wp-content/uploads/2015/01/William-Parker-1-1024x682.jpg,image,https://www.flowersinagun.com/wp-content/uploads/2015/01/William-Parker-1-1024x682.jpg,,,failed:http_404,0,
flowersinagun.com/wp-content/uploads/2015/01/William-Parker-11-682x1024.jpg,image,https://www.flowersinagun.com/wp-content/uploads/2015/01/William-Parker-11-682x1024.jpg,,,failed:http_404,0,
flowersinagun.com/wp-content/uploads/2015/01/William-Parker-12-1024x682.jpg,image,https://www.flowersinagun.com/wp-content/uploads/2015/01/William-Parker-12-1024x682.jpg,,,failed:http_404,0,
flowersinagun.com/wp-content/uploads/2015/01/William-Parker-15-1024x682.jpg,image,https://www.flowersinagun.com/wp-content/uploads/2015/01/William-Parker-15-1024x682.jpg,,,failed:http_404,0,
flowersinagun.com/wp-content/uploads/2015/01/William-Parker-18-1024x682.jpg,image,https://www.flowersinagun.com/wp-content/uploads/2015/01/William-Parker-18-1024x682.jpg,,,failed:http_404,0,
flowersinagun.com/wp-content/uploads/2015/01/William-Parker-19-1024x682.jpg,image,https://www.flowersinagun.com/wp-content/uploads/2015/01/William-Parker-19-1024x682.jpg,,,failed:http_404,0,
flowersinagun.com/wp-content/uploads/2015/01/William-Parker-6-1024x682.jpg,image,https://www.flowersinagun.com/wp-content/uploads/2015/01/William-Parker-6-1024x682.jpg,,,failed:http_404,0,
flowersinagun.com/wp-content/uploads/2015/01/William-Parker-9-1024x682.jpg,image,https://www.flowersinagun.com/wp-content/uploads/2015/01/William-Parker-9-1024x682.jpg,,,failed:http_404,0,
